clean_file,title,provider,source,spec_version,n_operations,n_body_eligible,n_description,n_summary,n_operation_id,n_parameters,n_request_schema,n_request_schema_body_eligible,n_response_schema,n_any_schema,rate_description,rate_summary,rate_operation_id,rate_parameters,rate_request_schema_all_ops,rate_request_schema_body_eligible,rate_response_schema,rate_any_schema
S1__6-dot-authentiqio.appspot.com-6-swagger.yaml,Authentiq,6-dot-authentiqio.appspot.com,S1,3.x,12,7,12,0,11,11,5,5,12,12,1.000000,0.000000,0.916667,0.916667,0.416667,0.714286,1.000000,1.000000
S1__ably.io-1.1.0-openapi.yaml,Ably,ably.io,S1,3.x,22,7,22,22,22,22,7,7,22,22,1.000000,1.000000,1.000000,1.000000,0.318182,1.000000,1.000000,1.000000
S1__adafruit.com-2.0.0-swagger.yaml,Adafruit IO,adafruit.com,S1,3.x,71,33,21,71,71,68,30,30,69,69,0.295775,1.000000,1.000000,0.957746,0.422535,0.909091,0.971831,0.971831
S1__adobe.com-aem-2.5.0-pre-swagger.yaml,Adobe Experience Manager (AEM),adobe.com,S1,3.x,44,26,0,0,44,36,5,5,24,25,0.000000,0.000000,1.000000,0.818182,0.113636,0.192308,0.545455,0.568182
S1__adyen.com-AccountService-5-openapi.yaml,Adyen MarketPay Account Service,adyen.com,S1,3.x,16,16,16,16,0,0,16,16,16,16,1.000000,1.000000,0.000000,0.000000,1.000000,1.000000,1.000000,1.000000
S1__adyen.com-CheckoutService-46-openapi.yaml,Adyen Checkout Service,adyen.com,S1,3.x,5,5,5,5,0,0,5,5,5,5,1.000000,1.000000,0.000000,0.000000,1.000000,1.000000,1.000000,1.000000
S1__adyen.com-FundService-5-openapi.yaml,Adyen MarketPay Fund Service,adyen.com,S1,3.x,6,6,6,6,0,0,6,6,6,6,1.000000,1.000000,0.000000,0.000000,1.000000,1.000000,1.000000,1.000000
S1__adyen.com-MarketPayNotificationService-5-openapi.yaml,Adyen Notification Service,adyen.com,S1,3.x,14,14,14,14,0,0,14,14,14,14,1.000000,1.000000,0.000000,0.000000,1.000000,1.000000,1.000000,1.000000
S1__adyen.com-NotificationConfigurationService-1-openapi.yaml,Adyen MarketPay Notification Configuration Service,adyen.com,S1,3.x,6,6,6,6,0,0,6,6,6,6,1.000000,1.000000,0.000000,0.000000,1.000000,1.000000,1.000000,1.000000
S1__adyen.com-PaymentService-46-openapi.yaml,Adyen Payment Service,adyen.com,S1,3.x,11,11,11,11,0,0,11,11,11,11,1.000000,1.000000,0.000000,0.000000,1.000000,1.000000,1.000000,1.000000
S1__adyen.com-PayoutService-30-openapi.yaml,Adyen Payout Service,adyen.com,S1,3.x,6,6,6,6,0,0,6,6,6,6,1.000000,1.000000,0.000000,0.000000,1.000000,1.000000,1.000000,1.000000
S1__afterbanks.com-3.0.0-swagger.yaml,Afterbanks,afterbanks.com,S1,3.x,3,2,3,3,0,3,0,0,3,3,1.000000,1.000000,0.000000,1.000000,0.000000,0.000000,1.000000,1.000000
S1__agco-ats.com-v1-swagger.yaml,AGCO API,agco-ats.com,S1,3.x,191,73,191,191,169,150,71,71,177,186,1.000000,1.000000,0.884817,0.785340,0.371728,0.972603,0.926702,0.973822
S1__aiception.com-1.0.0-swagger.yaml,AIception Interactive,aiception.com,S1,3.x,10,5,10,10,0,5,5,5,10,10,1.000000,1.000000,0.000000,0.500000,0.500000,1.000000,1.000000,1.000000
S1__akeneo.com-1.0.0-swagger.yaml,Akeneo PIM,akeneo.com,S1,3.x,103,49,103,103,103,81,47,47,103,103,1.000000,1.000000,1.000000,0.786408,0.456311,0.959184,1.000000,1.000000
S1__amazonaws.com-AWSMigrationHub-2017-05-31-swagger.yaml,AWS Migration Hub,amazonaws.com,S1,3.x,16,16,16,0,16,16,16,16,16,16,1.000000,0.000000,1.000000,1.000000,1.000000,1.000000,1.000000,1.000000
S1__amazonaws.com-acm-2015-12-08-swagger.yaml,AWS Certificate Manager,amazonaws.com,S1,3.x,13,13,13,0,13,13,13,13,13,13,1.000000,0.000000,1.000000,1.000000,1.000000,1.000000,1.000000,1.000000
S1__amazonaws.com-acm-pca-2017-08-22-swagger.yaml,AWS Certificate Manager Private Certificate Authority,amazonaws.com,S1,3.x,20,20,20,0,20,20,20,20,20,20,1.000000,0.000000,1.000000,1.000000,1.000000,1.000000,1.000000,1.000000
S1__amazonaws.com-alexaforbusiness-2017-11-09-swagger.yaml,Alexa For Business,amazonaws.com,S1,3.x,93,93,93,0,93,93,93,93,93,93,1.000000,0.000000,1.000000,1.000000,1.000000,1.000000,1.000000,1.000000
S1__amazonaws.com-amplify-2017-07-25-swagger.yaml,AWS Amplify,amazonaws.com,S1,3.x,33,13,33,0,33,33,14,13,33,33,1.000000,0.000000,1.000000,1.000000,0.424242,1.000000,1.000000,1.000000
S1__amazonaws.com-apigateway-2015-07-09-swagger.yaml,Amazon API Gateway,amazonaws.com,S1,3.x,120,50,107,0,120,120,50,50,120,120,0.891667,0.000000,1.000000,1.000000,0.416667,1.000000,1.000000,1.000000
S1__amazonaws.com-apigatewaymanagementapi-2018-11-29-swagger.yaml,AmazonApiGatewayManagementApi,amazonaws.com,S1,3.x,3,1,3,0,3,3,1,1,3,3,1.000000,0.000000,1.000000,1.000000,0.333333,1.000000,1.000000,1.000000
S1__amazonaws.com-apigatewayv2-2018-11-29-swagger.yaml,AmazonApiGatewayV2,amazonaws.com,S1,3.x,59,23,59,0,59,59,23,23,59,59,1.000000,0.000000,1.000000,1.000000,0.389831,1.000000,1.000000,1.000000
S1__amazonaws.com-application-autoscaling-2016-02-06-swagger.yaml,Application Auto Scaling,amazonaws.com,S1,3.x,10,10,10,0,10,10,10,10,10,10,1.000000,0.000000,1.000000,1.000000,1.000000,1.000000,1.000000,1.000000
S1__amazonaws.com-application-insights-2018-11-25-swagger.yaml,Amazon CloudWatch Application Insights,amazonaws.com,S1,3.x,17,17,17,0,17,17,17,17,17,17,1.000000,0.000000,1.000000,1.000000,1.000000,1.000000,1.000000,1.000000
S1__amazonaws.com-appmesh-2019-01-25-swagger.yaml,AWS App Mesh,amazonaws.com,S1,3.x,28,12,28,0,28,28,12,12,28,28,1.000000,0.000000,1.000000,1.000000,0.428571,1.000000,1.000000,1.000000
S1__amazonaws.com-appstream-2016-12-01-swagger.yaml,Amazon AppStream,amazonaws.com,S1,3.x,47,47,47,0,47,47,47,47,47,47,1.000000,0.000000,1.000000,1.000000,1.000000,1.000000,1.000000,1.000000
S1__amazonaws.com-appsync-2017-07-25-swagger.yaml,AWS AppSync,amazonaws.com,S1,3.x,36,14,36,0,36,36,14,14,36,36,1.000000,0.000000,1.000000,1.000000,0.388889,1.000000,1.000000,1.000000
S1__amazonaws.com-athena-2017-05-18-swagger.yaml,Amazon Athena,amazonaws.com,S1,3.x,19,19,19,0,19,19,19,19,19,19,1.000000,0.000000,1.000000,1.000000,1.000000,1.000000,1.000000,1.000000
S1__amazonaws.com-autoscaling-2011-01-01-swagger.yaml,Auto Scaling,amazonaws.com,S1,3.x,108,54,108,0,108,108,47,47,108,108,1.000000,0.000000,1.000000,1.000000,0.435185,0.870370,1.000000,1.000000
S1__amazonaws.com-autoscaling-plans-2018-01-06-swagger.yaml,AWS Auto Scaling Plans,amazonaws.com,S1,3.x,6,6,6,0,6,6,6,6,6,6,1.000000,0.000000,1.000000,1.000000,1.000000,1.000000,1.000000,1.000000
S1__amazonaws.com-backup-2018-11-15-swagger.yaml,AWS Backup,amazonaws.com,S1,3.x,43,13,43,0,43,43,12,12,43,43,1.000000,0.000000,1.000000,1.000000,0.279070,0.923077,1.000000,1.000000
S1__amazonaws.com-batch-2016-08-10-swagger.yaml,AWS Batch,amazonaws.com,S1,3.x,16,16,16,0,16,16,16,16,16,16,1.000000,0.000000,1.000000,1.000000,1.000000,1.000000,1.000000,1.000000
S1__amazonaws.com-budgets-2016-10-20-swagger.yaml,AWS Budgets,amazonaws.com,S1,3.x,14,14,14,0,14,14,14,14,14,14,1.000000,0.000000,1.000000,1.000000,1.000000,1.000000,1.000000,1.000000
S1__amazonaws.com-ce-2017-10-25-swagger.yaml,AWS Cost Explorer Service,amazonaws.com,S1,3.x,9,9,9,0,9,9,9,9,9,9,1.000000,0.000000,1.000000,1.000000,1.000000,1.000000,1.000000,1.000000
S1__amazonaws.com-chime-2018-05-01-swagger.yaml,Amazon Chime,amazonaws.com,S1,3.x,58,31,58,0,58,58,26,26,58,58,1.000000,0.000000,1.000000,1.000000,0.448276,0.838710,1.000000,1.000000
S1__amazonaws.com-cloud9-2017-09-23-swagger.yaml,AWS Cloud9,amazonaws.com,S1,3.x,10,10,10,0,10,10,10,10,10,10,1.000000,0.000000,1.000000,1.000000,1.000000,1.000000,1.000000,1.000000
S1__amazonaws.com-clouddirectory-2017-01-11-swagger.yaml,Amazon CloudDirectory,amazonaws.com,S1,3.x,66,66,66,0,66,66,60,60,66,66,1.000000,0.000000,1.000000,1.000000,0.909091,0.909091,1.000000,1.000000
S1__amazonaws.com-cloudformation-2010-05-15-swagger.yaml,AWS CloudFormation,amazonaws.com,S1,3.x,90,45,90,0,90,90,45,45,86,88,1.000000,0.000000,1.000000,1.000000,0.500000,1.000000,0.955556,0.977778
S1__amazonaws.com-cloudfront-2019-03-26-swagger.yaml,Amazon CloudFront,amazonaws.com,S1,3.x,45,17,45,0,45,45,17,17,45,45,1.000000,0.000000,1.000000,1.000000,0.377778,1.000000,1.000000,1.000000
S1__amazonaws.com-cloudhsm-2014-05-30-swagger.yaml,Amazon CloudHSM,amazonaws.com,S1,3.x,20,20,20,0,20,20,20,20,20,20,1.000000,0.000000,1.000000,1.000000,1.000000,1.000000,1.000000,1.000000
S1__amazonaws.com-cloudhsmv2-2017-04-28-swagger.yaml,AWS CloudHSM V2,amazonaws.com,S1,3.x,13,13,13,0,13,13,13,13,13,13,1.000000,0.000000,1.000000,1.000000,1.000000,1.000000,1.000000,1.000000
S1__amazonaws.com-cloudsearch-2013-01-01-swagger.yaml,Amazon CloudSearch,amazonaws.com,S1,3.x,48,24,48,0,48,48,23,23,48,48,1.000000,0.000000,1.000000,1.000000,0.479167,0.958333,1.000000,1.000000
S1__amazonaws.com-cloudsearchdomain-2013-01-01-swagger.yaml,Amazon CloudSearch Domain,amazonaws.com,S1,3.x,3,1,3,0,3,3,1,1,3,3,1.000000,0.000000,1.000000,1.000000,0.333333,1.000000,1.000000,1.000000
S1__amazonaws.com-cloudtrail-2013-11-01-swagger.yaml,AWS CloudTrail,amazonaws.com,S1,3.x,14,14,14,0,14,14,14,14,14,14,1.000000,0.000000,1.000000,1.000000,1.000000,1.000000,1.000000,1.000000
S1__amazonaws.com-codebuild-2016-10-06-swagger.yaml,AWS CodeBuild,amazonaws.com,S1,3.x,19,19,19,0,19,19,19,19,19,19,1.000000,0.000000,1.000000,1.000000,1.000000,1.000000,1.000000,1.000000
S1__amazonaws.com-codecommit-2015-04-13-swagger.yaml,AWS CodeCommit,amazonaws.com,S1,3.x,54,54,54,0,54,54,54,54,54,54,1.000000,0.000000,1.000000,1.000000,1.000000,1.000000,1.000000,1.000000
S1__amazonaws.com-codedeploy-2014-10-06-swagger.yaml,AWS CodeDeploy,amazonaws.com,S1,3.x,46,46,46,0,46,46,46,46,46,46,1.000000,0.000000,1.000000,1.000000,1.000000,1.000000,1.000000,1.000000
S1__amazonaws.com-codepipeline-2015-07-09-swagger.yaml,AWS CodePipeline,amazonaws.com,S1,3.x,36,36,36,0,36,36,36,36,36,36,1.000000,0.000000,1.000000,1.000000,1.000000,1.000000,1.000000,1.000000
S1__amazonaws.com-codestar-2017-04-19-swagger.yaml,AWS CodeStar,amazonaws.com,S1,3.x,18,18,18,0,18,18,18,18,18,18,1.000000,0.000000,1.000000,1.000000,1.000000,1.000000,1.000000,1.000000
S1__amazonaws.com-cognito-identity-2014-06-30-swagger.yaml,Amazon Cognito Identity,amazonaws.com,S1,3.x,21,21,21,0,21,21,21,21,21,21,1.000000,0.000000,1.000000,1.000000,1.000000,1.000000,1.000000,1.000000
S1__amazonaws.com-cognito-idp-2016-04-18-swagger.yaml,Amazon Cognito Identity Provider,amazonaws.com,S1,3.x,100,100,100,0,100,100,100,100,100,100,1.000000,0.000000,1.000000,1.000000,1.000000,1.000000,1.000000,1.000000
S1__amazonaws.com-cognito-sync-2014-06-30-swagger.yaml,Amazon Cognito Sync,amazonaws.com,S1,3.x,17,7,17,0,17,17,4,4,17,17,1.000000,0.000000,1.000000,1.000000,0.235294,0.571429,1.000000,1.000000
S1__amazonaws.com-comprehend-2017-11-27-swagger.yaml,Amazon Comprehend,amazonaws.com,S1,3.x,45,45,45,0,45,45,45,45,45,45,1.000000,0.000000,1.000000,1.000000,1.000000,1.000000,1.000000,1.000000
S1__amazonaws.com-comprehendmedical-2018-10-30-swagger.yaml,AWS Comprehend Medical,amazonaws.com,S1,3.x,11,11,11,0,11,11,11,11,11,11,1.000000,0.000000,1.000000,1.000000,1.000000,1.000000,1.000000,1.000000
S1__amazonaws.com-config-2014-11-12-swagger.yaml,AWS Config,amazonaws.com,S1,3.x,64,64,64,0,64,64,63,63,64,64,1.000000,0.000000,1.000000,1.000000,0.984375,0.984375,1.000000,1.000000
S1__amazonaws.com-connect-2017-08-08-swagger.yaml,Amazon Connect Service,amazonaws.com,S1,3.x,21,11,21,0,21,21,11,11,21,21,1.000000,0.000000,1.000000,1.000000,0.523810,1.000000,1.000000,1.000000
S1__amazonaws.com-cur-2017-01-06-swagger.yaml,AWS Cost and Usage Report Service,amazonaws.com,S1,3.x,4,4,4,0,4,4,4,4,4,4,1.000000,0.000000,1.000000,1.000000,1.000000,1.000000,1.000000,1.000000
S1__amazonaws.com-datapipeline-2012-10-29-swagger.yaml,AWS Data Pipeline,amazonaws.com,S1,3.x,19,19,19,0,19,19,19,19,19,19,1.000000,0.000000,1.000000,1.000000,1.000000,1.000000,1.000000,1.000000
S1__amazonaws.com-datasync-2018-11-09-swagger.yaml,AWS DataSync,amazonaws.com,S1,3.x,27,27,27,0,27,27,27,27,27,27,1.000000,0.000000,1.000000,1.000000,1.000000,1.000000,1.000000,1.000000
S1__amazonaws.com-dax-2017-04-19-swagger.yaml,Amazon DynamoDB Accelerator (DAX),amazonaws.com,S1,3.x,21,21,21,0,21,21,21,21,21,21,1.000000,0.000000,1.000000,1.000000,1.000000,1.000000,1.000000,1.000000
S1__amazonaws.com-devicefarm-2015-06-23-swagger.yaml,AWS Device Farm,amazonaws.com,S1,3.x,67,67,67,0,67,67,67,67,67,67,1.000000,0.000000,1.000000,1.000000,1.000000,1.000000,1.000000,1.000000
S1__amazonaws.com-directconnect-2012-10-25-swagger.yaml,AWS Direct Connect,amazonaws.com,S1,3.x,53,53,53,0,53,53,51,51,53,53,1.000000,0.000000,1.000000,1.000000,0.962264,0.962264,1.000000,1.000000
S1__amazonaws.com-discovery-2015-11-01-swagger.yaml,AWS Application Discovery Service,amazonaws.com,S1,3.x,25,25,25,0,25,25,24,24,25,25,1.000000,0.000000,1.000000,1.000000,0.960000,0.960000,1.000000,1.000000
S1__amazonaws.com-dlm-2018-01-12-swagger.yaml,Amazon Data Lifecycle Manager,amazonaws.com,S1,3.x,5,2,5,0,5,5,2,2,5,5,1.000000,0.000000,1.000000,1.000000,0.400000,1.000000,1.000000,1.000000
S1__amazonaws.com-dms-2016-01-01-swagger.yaml,AWS Database Migration Service,amazonaws.com,S1,3.x,47,47,47,0,47,47,47,47,47,47,1.000000,0.000000,1.000000,1.000000,1.000000,1.000000,1.000000,1.000000
S1__amazonaws.com-docdb-2014-10-31-swagger.yaml,Amazon DocumentDB with MongoDB compatibility,amazonaws.com,S1,3.x,84,42,84,0,84,84,42,42,84,84,1.000000,0.000000,1.000000,1.000000,0.500000,1.000000,1.000000,1.000000
S1__amazonaws.com-ds-2015-04-16-swagger.yaml,AWS Directory Service,amazonaws.com,S1,3.x,50,50,50,0,50,50,50,50,50,50,1.000000,0.000000,1.000000,1.000000,1.000000,1.000000,1.000000,1.000000
S1__amazonaws.com-dynamodb-2012-08-10-swagger.yaml,Amazon DynamoDB,amazonaws.com,S1,3.x,36,36,36,0,36,36,36,36,36,36,1.000000,0.000000,1.000000,1.000000,1.000000,1.000000,1.000000,1.000000
S1__amazonaws.com-ec2-2016-11-15-swagger.yaml,Amazon Elastic Compute Cloud,amazonaws.com,S1,3.x,718,359,718,0,718,718,359,359,596,657,1.000000,0.000000,1.000000,1.000000,0.500000,1.000000,0.830084,0.915042
S1__amazonaws.com-ecr-2015-09-21-swagger.yaml,Amazon EC2 Container Registry,amazonaws.com,S1,3.x,26,26,26,0,26,26,26,26,26,26,1.000000,0.000000,1.000000,1.000000,1.000000,1.000000,1.000000,1.000000
S1__amazonaws.com-ecs-2014-11-13-swagger.yaml,Amazon EC2 Container Service,amazonaws.com,S1,3.x,45,45,45,0,45,45,45,45,45,45,1.000000,0.000000,1.000000,1.000000,1.000000,1.000000,1.000000,1.000000
S1__amazonaws.com-eks-2017-11-01-swagger.yaml,Amazon Elastic Kubernetes Service,amazonaws.com,S1,3.x,11,4,11,0,11,11,4,4,11,11,1.000000,0.000000,1.000000,1.000000,0.363636,1.000000,1.000000,1.000000
S1__amazonaws.com-elasticache-2015-02-02-swagger.yaml,Amazon ElastiCache,amazonaws.com,S1,3.x,92,46,92,0,92,92,46,46,92,92,1.000000,0.000000,1.000000,1.000000,0.500000,1.000000,1.000000,1.000000
S1__amazonaws.com-elasticbeanstalk-2010-12-01-swagger.yaml,AWS Elastic Beanstalk,amazonaws.com,S1,3.x,88,44,88,0,88,88,41,41,80,84,1.000000,0.000000,1.000000,1.000000,0.465909,0.931818,0.909091,0.954545
S1__amazonaws.com-elasticfilesystem-2015-02-01-swagger.yaml,Amazon Elastic File System,amazonaws.com,S1,3.x,14,7,14,0,14,14,7,7,14,14,1.000000,0.000000,1.000000,1.000000,0.500000,1.000000,1.000000,1.000000
S1__amazonaws.com-elasticloadbalancingv2-2015-12-01-swagger.yaml,Elastic Load Balancing,amazonaws.com,S1,3.x,68,34,68,0,68,68,34,34,68,68,1.000000,0.000000,1.000000,1.000000,0.500000,1.000000,1.000000,1.000000
S1__amazonaws.com-elasticmapreduce-2009-03-31-swagger.yaml,Amazon Elastic MapReduce,amazonaws.com,S1,3.x,29,29,29,0,29,29,29,29,29,29,1.000000,0.000000,1.000000,1.000000,1.000000,1.000000,1.000000,1.000000
S1__amazonaws.com-elastictranscoder-2012-09-25-swagger.yaml,Amazon Elastic Transcoder,amazonaws.com,S1,3.x,17,7,17,0,17,17,7,7,17,17,1.000000,0.000000,1.000000,1.000000,0.411765,1.000000,1.000000,1.000000
S1__amazonaws.com-email-2010-12-01-swagger.yaml,Amazon Simple Email Service,amazonaws.com,S1,3.x,142,71,142,0,142,142,65,65,134,138,1.000000,0.000000,1.000000,1.000000,0.457746,0.915493,0.943662,0.971831
S1__amazonaws.com-es-2015-01-01-swagger.yaml,Amazon Elasticsearch Service,amazonaws.com,S1,3.x,23,9,23,0,23,23,9,9,23,23,1.000000,0.000000,1.000000,1.000000,0.391304,1.000000,1.000000,1.000000
S1__amazonaws.com-eventbridge-2015-10-07-swagger.yaml,Amazon EventBridge,amazonaws.com,S1,3.x,31,31,31,0,31,31,31,31,31,31,1.000000,0.000000,1.000000,1.000000,1.000000,1.000000,1.000000,1.000000
S1__amazonaws.com-events-2015-10-07-swagger.yaml,Amazon CloudWatch Events,amazonaws.com,S1,3.x,31,31,31,0,31,31,31,31,31,31,1.000000,0.000000,1.000000,1.000000,1.000000,1.000000,1.000000,1.000000
S1__amazonaws.com-firehose-2015-08-04-swagger.yaml,Amazon Kinesis Firehose,amazonaws.com,S1,3.x,12,12,12,0,12,12,12,12,12,12,1.000000,0.000000,1.000000,1.000000,1.000000,1.000000,1.000000,1.000000
S1__amazonaws.com-fms-2018-01-01-swagger.yaml,Firewall Management Service,amazonaws.com,S1,3.x,14,14,14,0,14,14,14,14,14,14,1.000000,0.000000,1.000000,1.000000,1.000000,1.000000,1.000000,1.000000
S1__amazonaws.com-forecast-2018-06-26-swagger.yaml,Amazon Forecast Service,amazonaws.com,S1,3.x,26,26,26,0,26,26,26,26,26,26,1.000000,0.000000,1.000000,1.000000,1.000000,1.000000,1.000000,1.000000
S1__amazonaws.com-fsx-2018-03-01-swagger.yaml,Amazon FSx,amazonaws.com,S1,3.x,11,11,11,0,11,11,11,11,11,11,1.000000,0.000000,1.000000,1.000000,1.000000,1.000000,1.000000,1.000000
S1__amazonaws.com-gamelift-2015-10-01-swagger.yaml,Amazon GameLift,amazonaws.com,S1,3.x,73,73,73,0,73,73,73,73,73,73,1.000000,0.000000,1.000000,1.000000,1.000000,1.000000,1.000000,1.000000
S1__amazonaws.com-glacier-2012-06-01-swagger.yaml,Amazon Glacier,amazonaws.com,S1,3.x,33,14,33,0,33,33,9,9,33,33,1.000000,0.000000,1.000000,1.000000,0.272727,0.642857,1.000000,1.000000
S1__amazonaws.com-globalaccelerator-2018-08-08-swagger.yaml,AWS Global Accelerator,amazonaws.com,S1,3.x,17,17,17,0,17,17,17,17,17,17,1.000000,0.000000,1.000000,1.000000,1.000000,1.000000,1.000000,1.000000
S1__amazonaws.com-glue-2017-03-31-swagger.yaml,AWS Glue,amazonaws.com,S1,3.x,123,123,123,0,123,123,123,123,123,123,1.000000,0.000000,1.000000,1.000000,1.000000,1.000000,1.000000,1.000000
S1__amazonaws.com-greengrass-2017-06-07-swagger.yaml,AWS Greengrass,amazonaws.com,S1,3.x,90,35,90,0,90,90,33,33,90,90,1.000000,0.000000,1.000000,1.000000,0.366667,0.942857,1.000000,1.000000
S1__amazonaws.com-groundstation-2019-05-23-swagger.yaml,AWS Ground Station,amazonaws.com,S1,3.x,25,9,25,0,25,25,9,9,25,25,1.000000,0.000000,1.000000,1.000000,0.360000,1.000000,1.000000,1.000000
S1__amazonaws.com-guardduty-2017-11-28-swagger.yaml,Amazon GuardDuty,amazonaws.com,S1,3.x,45,27,45,0,45,45,26,26,45,45,1.000000,0.000000,1.000000,1.000000,0.577778,0.962963,1.000000,1.000000
S1__amazonaws.com-health-2016-08-04-swagger.yaml,AWS Health APIs and Notifications,amazonaws.com,S1,3.x,6,6,6,0,6,6,6,6,6,6,1.000000,0.000000,1.000000,1.000000,1.000000,1.000000,1.000000,1.000000
S1__amazonaws.com-iam-2010-05-08-swagger.yaml,AWS Identity and Access Management,amazonaws.com,S1,3.x,280,140,280,0,280,280,133,133,280,280,1.000000,0.000000,1.000000,1.000000,0.475000,0.950000,1.000000,1.000000
S1__amazonaws.com-importexport-2010-06-01-swagger.yaml,AWS Import/Export,amazonaws.com,S1,3.x,12,6,12,0,12,12,6,6,12,12,1.000000,0.000000,1.000000,1.000000,0.500000,1.000000,1.000000,1.000000
S1__amazonaws.com-inspector-2016-02-16-swagger.yaml,Amazon Inspector,amazonaws.com,S1,3.x,37,37,37,0,37,37,36,36,37,37,1.000000,0.000000,1.000000,1.000000,0.972973,0.972973,1.000000,1.000000
S1__amazonaws.com-iot-2015-05-28-swagger.yaml,AWS IoT,amazonaws.com,S1,3.x,178,80,178,0,178,178,65,65,178,178,1.000000,0.000000,1.000000,1.000000,0.365169,0.812500,1.000000,1.000000
S1__amazonaws.com-iot-data-2015-05-28-swagger.yaml,AWS IoT Data Plane,amazonaws.com,S1,3.x,4,2,4,0,4,4,2,2,4,4,1.000000,0.000000,1.000000,1.000000,0.500000,1.000000,1.000000,1.000000
S1__amazonaws.com-iot-jobs-data-2017-09-29-swagger.yaml,AWS IoT Jobs Data Plane,amazonaws.com,S1,3.x,4,2,4,0,4,4,2,2,4,4,1.000000,0.000000,1.000000,1.000000,0.500000,1.000000,1.000000,1.000000
S1__amazonaws.com-iot1click-devices-2018-05-14-swagger.yaml,AWS IoT 1-Click Devices Service,amazonaws.com,S1,3.x,13,7,13,0,13,13,4,4,13,13,1.000000,0.000000,1.000000,1.000000,0.307692,0.571429,1.000000,1.000000
S1__amazonaws.com-iot1click-projects-2018-05-14-swagger.yaml,AWS IoT 1-Click Projects Service,amazonaws.com,S1,3.x,16,6,16,0,16,16,6,6,16,16,1.000000,0.000000,1.000000,1.000000,0.375000,1.000000,1.000000,1.000000
S1__amazonaws.com-iotanalytics-2017-11-27-swagger.yaml,AWS IoT Analytics,amazonaws.com,S1,3.x,34,14,34,0,34,34,13,13,34,34,1.000000,0.000000,1.000000,1.000000,0.382353,0.928571,1.000000,1.000000
S1__amazonaws.com-iotevents-2018-07-27-swagger.yaml,AWS IoT Events,amazonaws.com,S1,3.x,16,6,16,0,16,16,6,6,16,16,1.000000,0.000000,1.000000,1.000000,0.375000,1.000000,1.000000,1.000000
S1__amazonaws.com-iotevents-data-2018-10-23-swagger.yaml,AWS IoT Events Data,amazonaws.com,S1,3.x,4,2,4,0,4,4,2,2,4,4,1.000000,0.000000,1.000000,1.000000,0.500000,1.000000,1.000000,1.000000
S1__amazonaws.com-iotthingsgraph-2018-09-06-swagger.yaml,AWS IoT Things Graph,amazonaws.com,S1,3.x,35,35,35,0,35,35,35,35,35,35,1.000000,0.000000,1.000000,1.000000,1.000000,1.000000,1.000000,1.000000
S1__amazonaws.com-kafka-2018-11-14-swagger.yaml,Managed Streaming for Kafka,amazonaws.com,S1,3.x,18,5,18,0,18,18,5,5,18,18,1.000000,0.000000,1.000000,1.000000,0.277778,1.000000,1.000000,1.000000
S1__amazonaws.com-kinesis-2013-12-02-swagger.yaml,Amazon Kinesis,amazonaws.com,S1,3.x,27,27,27,0,27,27,27,27,27,27,1.000000,0.000000,1.000000,1.000000,1.000000,1.000000,1.000000,1.000000
S1__amazonaws.com-kinesisanalyticsv2-2018-05-23-swagger.yaml,Amazon Kinesis Analytics,amazonaws.com,S1,3.x,24,24,24,0,24,24,24,24,24,24,1.000000,0.000000,1.000000,1.000000,1.000000,1.000000,1.000000,1.000000
S1__amazonaws.com-kinesisvideo-2017-09-30-swagger.yaml,Amazon Kinesis Video Streams,amazonaws.com,S1,3.x,10,10,10,0,10,10,10,10,10,10,1.000000,0.000000,1.000000,1.000000,1.000000,1.000000,1.000000,1.000000
S1__amazonaws.com-kms-2014-11-01-swagger.yaml,AWS Key Management Service,amazonaws.com,S1,3.x,41,41,41,0,41,41,41,41,41,41,1.000000,0.000000,1.000000,1.000000,1.000000,1.000000,1.000000,1.000000
S1__amazonaws.com-lakeformation-2017-03-31-swagger.yaml,AWS Lake Formation,amazonaws.com,S1,3.x,13,13,13,0,13,13,13,13,13,13,1.000000,0.000000,1.000000,1.000000,1.000000,1.000000,1.000000,1.000000
S1__amazonaws.com-lambda-2015-03-31-swagger.yaml,AWS Lambda,amazonaws.com,S1,3.x,39,15,39,0,39,39,15,15,39,39,1.000000,0.000000,1.000000,1.000000,0.384615,1.000000,1.000000,1.000000
S1__amazonaws.com-lex-models-2017-04-19-swagger.yaml,Amazon Lex Model Building Service,amazonaws.com,S1,3.x,36,8,36,0,36,36,8,8,36,36,1.000000,0.000000,1.000000,1.000000,0.222222,1.000000,1.000000,1.000000
S1__amazonaws.com-license-manager-2018-08-01-swagger.yaml,AWS License Manager,amazonaws.com,S1,3.x,15,15,15,0,15,15,15,15,15,15,1.000000,0.000000,1.000000,1.000000,1.000000,1.000000,1.000000,1.000000
S1__amazonaws.com-lightsail-2016-11-28-swagger.yaml,Amazon Lightsail,amazonaws.com,S1,3.x,105,105,105,0,105,105,105,105,105,105,1.000000,0.000000,1.000000,1.000000,1.000000,1.000000,1.000000,1.000000
S1__amazonaws.com-logs-2014-03-28-swagger.yaml,Amazon CloudWatch Logs,amazonaws.com,S1,3.x,39,39,39,0,39,39,39,39,39,39,1.000000,0.000000,1.000000,1.000000,1.000000,1.000000,1.000000,1.000000
S1__amazonaws.com-machinelearning-2014-12-12-swagger.yaml,Amazon Machine Learning,amazonaws.com,S1,3.x,28,28,28,0,28,28,28,28,28,28,1.000000,0.000000,1.000000,1.000000,1.000000,1.000000,1.000000,1.000000
S1__amazonaws.com-macie-2017-12-19-swagger.yaml,Amazon Macie,amazonaws.com,S1,3.x,7,7,7,0,7,7,7,7,7,7,1.000000,0.000000,1.000000,1.000000,1.000000,1.000000,1.000000,1.000000
S1__amazonaws.com-managedblockchain-2018-09-24-swagger.yaml,Amazon Managed Blockchain,amazonaws.com,S1,3.x,18,5,18,0,18,18,5,5,18,18,1.000000,0.000000,1.000000,1.000000,0.277778,1.000000,1.000000,1.000000
S1__amazonaws.com-mediaconnect-2018-11-14-swagger.yaml,AWS MediaConnect,amazonaws.com,S1,3.x,17,9,17,0,17,17,7,7,17,17,1.000000,0.000000,1.000000,1.000000,0.411765,0.777778,1.000000,1.000000
S1__amazonaws.com-mediaconvert-2017-08-29-swagger.yaml,AWS Elemental MediaConvert,amazonaws.com,S1,3.x,25,11,25,0,25,25,11,11,25,25,1.000000,0.000000,1.000000,1.000000,0.440000,1.000000,1.000000,1.000000
S1__amazonaws.com-medialive-2017-10-14-swagger.yaml,AWS Elemental MediaLive,amazonaws.com,S1,3.x,31,13,31,0,31,31,11,11,31,31,1.000000,0.000000,1.000000,1.000000,0.354839,0.846154,1.000000,1.000000
S1__amazonaws.com-mediapackage-2017-10-12-swagger.yaml,AWS Elemental MediaPackage,amazonaws.com,S1,3.x,18,8,15,0,18,18,6,6,16,17,0.833333,0.000000,1.000000,1.000000,0.333333,0.750000,0.888889,0.944444
S1__amazonaws.com-mediapackage-vod-2018-11-07-swagger.yaml,AWS Elemental MediaPackage VOD,amazonaws.com,S1,3.x,12,3,12,0,12,12,3,3,12,12,1.000000,0.000000,1.000000,1.000000,0.250000,1.000000,1.000000,1.000000
S1__amazonaws.com-mediastore-2017-09-01-swagger.yaml,AWS Elemental MediaStore,amazonaws.com,S1,3.x,18,18,18,0,18,18,18,18,18,18,1.000000,0.000000,1.000000,1.000000,1.000000,1.000000,1.000000,1.000000
S1__amazonaws.com-mediastore-data-2017-09-01-swagger.yaml,AWS Elemental MediaStore Data Plane,amazonaws.com,S1,3.x,4,1,4,0,4,4,1,1,4,4,1.000000,0.000000,1.000000,1.000000,0.250000,1.000000,1.000000,1.000000
S1__amazonaws.com-mediatailor-2018-04-23-swagger.yaml,AWS MediaTailor,amazonaws.com,S1,3.x,7,2,7,0,7,7,2,2,7,7,1.000000,0.000000,1.000000,1.000000,0.285714,1.000000,1.000000,1.000000
S1__amazonaws.com-meteringmarketplace-2016-01-14-swagger.yaml,AWSMarketplace Metering,amazonaws.com,S1,3.x,4,4,4,0,4,4,4,4,4,4,1.000000,0.000000,1.000000,1.000000,1.000000,1.000000,1.000000,1.000000
S1__amazonaws.com-mobile-2017-07-01-swagger.yaml,AWS Mobile,amazonaws.com,S1,3.x,9,4,9,0,9,9,2,2,9,9,1.000000,0.000000,1.000000,1.000000,0.222222,0.500000,1.000000,1.000000
S1__amazonaws.com-monitoring-2010-08-01-swagger.yaml,Amazon CloudWatch,amazonaws.com,S1,3.x,46,23,46,0,46,46,23,23,42,44,1.000000,0.000000,1.000000,1.000000,0.500000,1.000000,0.913043,0.956522
S1__amazonaws.com-mq-2017-11-27-swagger.yaml,AmazonMQ,amazonaws.com,S1,3.x,22,8,22,0,22,22,7,7,22,22,1.000000,0.000000,1.000000,1.000000,0.318182,0.875000,1.000000,1.000000
S1__amazonaws.com-mturk-requester-2017-01-17-swagger.yaml,Amazon Mechanical Turk,amazonaws.com,S1,3.x,39,39,39,0,39,39,39,39,39,39,1.000000,0.000000,1.000000,1.000000,1.000000,1.000000,1.000000,1.000000
S1__amazonaws.com-neptune-2014-10-31-swagger.yaml,Amazon Neptune,amazonaws.com,S1,3.x,114,57,114,0,114,114,57,57,114,114,1.000000,0.000000,1.000000,1.000000,0.500000,1.000000,1.000000,1.000000
S1__amazonaws.com-opsworks-2013-02-18-swagger.yaml,AWS OpsWorks,amazonaws.com,S1,3.x,74,74,74,0,74,74,72,72,74,74,1.000000,0.000000,1.000000,1.000000,0.972973,0.972973,1.000000,1.000000
S1__amazonaws.com-opsworkscm-2016-11-01-swagger.yaml,AWS OpsWorks CM,amazonaws.com,S1,3.x,16,16,16,0,16,16,16,16,16,16,1.000000,0.000000,1.000000,1.000000,1.000000,1.000000,1.000000,1.000000
S1__amazonaws.com-organizations-2016-11-28-swagger.yaml,AWS Organizations,amazonaws.com,S1,3.x,46,46,46,0,46,46,43,43,46,46,1.000000,0.000000,1.000000,1.000000,0.934783,0.934783,1.000000,1.000000
S1__amazonaws.com-personalize-2018-05-22-swagger.yaml,Amazon Personalize,amazonaws.com,S1,3.x,36,36,36,0,36,36,36,36,36,36,1.000000,0.000000,1.000000,1.000000,1.000000,1.000000,1.000000,1.000000
S1__amazonaws.com-pinpoint-2016-12-01-swagger.yaml,Amazon Pinpoint,amazonaws.com,S1,3.x,79,27,79,0,79,79,27,27,77,78,1.000000,0.000000,1.000000,1.000000,0.341772,1.000000,0.974684,0.987342
S1__amazonaws.com-pinpoint-email-2018-07-26-swagger.yaml,Amazon Pinpoint Email Service,amazonaws.com,S1,3.x,42,20,42,0,42,42,20,20,42,42,1.000000,0.000000,1.000000,1.000000,0.476190,1.000000,1.000000,1.000000
S1__amazonaws.com-polly-2016-06-10-swagger.yaml,Amazon Polly,amazonaws.com,S1,3.x,9,3,9,0,9,9,3,3,9,9,1.000000,0.000000,1.000000,1.000000,0.333333,1.000000,1.000000,1.000000
S1__amazonaws.com-pricing-2017-10-15-swagger.yaml,AWS Price List Service,amazonaws.com,S1,3.x,3,3,3,0,3,3,3,3,3,3,1.000000,0.000000,1.000000,1.000000,1.000000,1.000000,1.000000,1.000000
S1__amazonaws.com-qldb-2019-01-02-swagger.yaml,Amazon QLDB,amazonaws.com,S1,3.x,15,7,15,0,15,15,6,6,15,15,1.000000,0.000000,1.000000,1.000000,0.400000,0.857143,1.000000,1.000000
S1__amazonaws.com-quicksight-2018-04-01-swagger.yaml,Amazon QuickSight,amazonaws.com,S1,3.x,16,5,16,0,16,16,4,4,16,16,1.000000,0.000000,1.000000,1.000000,0.250000,0.800000,1.000000,1.000000
S1__amazonaws.com-ram-2018-01-04-swagger.yaml,AWS Resource Access Manager,amazonaws.com,S1,3.x,17,16,17,0,17,17,15,15,17,17,1.000000,0.000000,1.000000,1.000000,0.882353,0.937500,1.000000,1.000000
S1__amazonaws.com-rds-2014-10-31-swagger.yaml,Amazon Relational Database Service,amazonaws.com,S1,3.x,222,111,222,0,222,222,110,110,222,222,1.000000,0.000000,1.000000,1.000000,0.495495,0.990991,1.000000,1.000000
S1__amazonaws.com-rds-data-2018-08-01-swagger.yaml,AWS RDS DataService,amazonaws.com,S1,3.x,6,6,6,0,6,6,6,6,6,6,1.000000,0.000000,1.000000,1.000000,1.000000,1.000000,1.000000,1.000000
S1__amazonaws.com-redshift-2012-12-01-swagger.yaml,Amazon Redshift,amazonaws.com,S1,3.x,164,82,164,0,164,164,81,81,164,164,1.000000,0.000000,1.000000,1.000000,0.493902,0.987805,1.000000,1.000000
S1__amazonaws.com-rekognition-2016-06-27-swagger.yaml,Amazon Rekognition,amazonaws.com,S1,3.x,34,34,34,0,34,34,34,34,34,34,1.000000,0.000000,1.000000,1.000000,1.000000,1.000000,1.000000,1.000000
S1__amazonaws.com-resource-groups-2017-11-27-swagger.yaml,AWS Resource Groups,amazonaws.com,S1,3.x,12,8,12,0,12,12,8,8,12,12,1.000000,0.000000,1.000000,1.000000,0.666667,1.000000,1.000000,1.000000
S1__amazonaws.com-resourcegroupstaggingapi-2017-01-26-swagger.yaml,AWS Resource Groups Tagging API,amazonaws.com,S1,3.x,5,5,5,0,5,5,5,5,5,5,1.000000,0.000000,1.000000,1.000000,1.000000,1.000000,1.000000,1.000000
S1__amazonaws.com-robomaker-2018-06-29-swagger.yaml,AWS RoboMaker,amazonaws.com,S1,3.x,36,34,36,0,36,36,34,34,36,36,1.000000,0.000000,1.000000,1.000000,0.944444,1.000000,1.000000,1.000000
S1__amazonaws.com-route53-2013-04-01-swagger.yaml,Amazon Route 53,amazonaws.com,S1,3.x,56,18,56,0,56,56,18,18,56,56,1.000000,0.000000,1.000000,1.000000,0.321429,1.000000,1.000000,1.000000
S1__amazonaws.com-route53domains-2014-05-15-swagger.yaml,Amazon Route 53 Domains,amazonaws.com,S1,3.x,24,24,24,0,24,24,24,24,24,24,1.000000,0.000000,1.000000,1.000000,1.000000,1.000000,1.000000,1.000000
S1__amazonaws.com-route53resolver-2018-04-01-swagger.yaml,Amazon Route 53 Resolver,amazonaws.com,S1,3.x,22,22,22,0,22,22,22,22,22,22,1.000000,0.000000,1.000000,1.000000,1.000000,1.000000,1.000000,1.000000
S1__amazonaws.com-runtime.lex-2016-11-28-swagger.yaml,Amazon Lex Runtime Service,amazonaws.com,S1,3.x,5,3,5,0,5,5,3,3,5,5,1.000000,0.000000,1.000000,1.000000,0.600000,1.000000,1.000000,1.000000
S1__amazonaws.com-s3-2006-03-01-swagger.yaml,Amazon Simple Storage Service,amazonaws.com,S1,3.x,86,34,86,0,86,86,33,33,55,74,1.000000,0.000000,1.000000,1.000000,0.383721,0.970588,0.639535,0.860465
S1__amazonaws.com-s3control-2018-08-20-swagger.yaml,AWS S3 Control,amazonaws.com,S1,3.x,8,4,8,0,8,8,2,2,6,7,1.000000,0.000000,1.000000,1.000000,0.250000,0.500000,0.750000,0.875000
S1__amazonaws.com-sagemaker-2017-07-24-swagger.yaml,Amazon SageMaker Service,amazonaws.com,S1,3.x,75,75,75,0,75,75,75,75,66,75,1.000000,0.000000,1.000000,1.000000,1.000000,1.000000,0.880000,1.000000
S1__amazonaws.com-sdb-2009-04-15-swagger.yaml,Amazon SimpleDB,amazonaws.com,S1,3.x,20,10,20,0,20,20,10,10,18,19,1.000000,0.000000,1.000000,1.000000,0.500000,1.000000,0.900000,0.950000
S1__amazonaws.com-secretsmanager-2017-10-17-swagger.yaml,AWS Secrets Manager,amazonaws.com,S1,3.x,18,18,18,0,18,18,18,18,18,18,1.000000,0.000000,1.000000,1.000000,1.000000,1.000000,1.000000,1.000000
S1__amazonaws.com-securityhub-2018-10-26-swagger.yaml,AWS SecurityHub,amazonaws.com,S1,3.x,38,24,38,0,38,38,23,23,38,38,1.000000,0.000000,1.000000,1.000000,0.605263,0.958333,1.000000,1.000000
S1__amazonaws.com-serverlessrepo-2017-09-08-swagger.yaml,AWSServerlessApplicationRepository,amazonaws.com,S1,3.x,13,6,13,0,13,13,6,6,13,13,1.000000,0.000000,1.000000,1.000000,0.461538,1.000000,1.000000,1.000000
S1__amazonaws.com-service-quotas-2019-06-24-swagger.yaml,Service Quotas,amazonaws.com,S1,3.x,16,16,16,0,16,16,16,16,16,16,1.000000,0.000000,1.000000,1.000000,1.000000,1.000000,1.000000,1.000000
S1__amazonaws.com-servicecatalog-2015-12-10-swagger.yaml,AWS Service Catalog,amazonaws.com,S1,3.x,83,83,82,0,83,83,83,83,83,83,0.987952,0.000000,1.000000,1.000000,1.000000,1.000000,1.000000,1.000000
S1__amazonaws.com-servicediscovery-2017-03-14-swagger.yaml,AWS Cloud Map,amazonaws.com,S1,3.x,20,20,20,0,20,20,20,20,20,20,1.000000,0.000000,1.000000,1.000000,1.000000,1.000000,1.000000,1.000000
S1__amazonaws.com-shield-2016-06-02-swagger.yaml,AWS Shield,amazonaws.com,S1,3.x,18,18,18,0,18,18,18,18,18,18,1.000000,0.000000,1.000000,1.000000,1.000000,1.000000,1.000000,1.000000
S1__amazonaws.com-signer-2017-08-25-swagger.yaml,AWS Signer,amazonaws.com,S1,3.x,9,2,9,0,9,9,2,2,9,9,1.000000,0.000000,1.000000,1.000000,0.222222,1.000000,1.000000,1.000000
S1__amazonaws.com-sms-2016-10-24-swagger.yaml,AWS Server Migration Service,amazonaws.com,S1,3.x,28,28,28,0,28,28,28,28,28,28,1.000000,0.000000,1.000000,1.000000,1.000000,1.000000,1.000000,1.000000
S1__amazonaws.com-sms-voice-2018-09-05-swagger.yaml,Amazon Pinpoint SMS and Voice Service,amazonaws.com,S1,3.x,8,4,8,0,8,8,4,4,8,8,1.000000,0.000000,1.000000,1.000000,0.500000,1.000000,1.000000,1.000000
S1__amazonaws.com-snowball-2016-06-30-swagger.yaml,Amazon Import/Export Snowball,amazonaws.com,S1,3.x,18,18,18,0,18,18,18,18,18,18,1.000000,0.000000,1.000000,1.000000,1.000000,1.000000,1.000000,1.000000
S1__amazonaws.com-sns-2010-03-31-swagger.yaml,Amazon Simple Notification Service,amazonaws.com,S1,3.x,66,33,66,0,66,66,33,33,66,66,1.000000,0.000000,1.000000,1.000000,0.500000,1.000000,1.000000,1.000000
S1__amazonaws.com-sqs-2012-11-05-swagger.yaml,Amazon Simple Queue Service,amazonaws.com,S1,3.x,40,20,40,0,40,40,16,16,32,35,1.000000,0.000000,1.000000,1.000000,0.400000,0.800000,0.800000,0.875000
S1__amazonaws.com-ssm-2014-11-06-swagger.yaml,Amazon Simple Systems Manager (SSM),amazonaws.com,S1,3.x,120,120,120,0,120,120,120,120,120,120,1.000000,0.000000,1.000000,1.000000,1.000000,1.000000,1.000000,1.000000
S1__amazonaws.com-states-2016-11-23-swagger.yaml,AWS Step Functions,amazonaws.com,S1,3.x,22,22,22,0,22,22,22,22,22,22,1.000000,0.000000,1.000000,1.000000,1.000000,1.000000,1.000000,1.000000
S1__amazonaws.com-storagegateway-2013-06-30-swagger.yaml,AWS Storage Gateway,amazonaws.com,S1,3.x,73,73,73,0,73,73,73,73,73,73,1.000000,0.000000,1.000000,1.000000,1.000000,1.000000,1.000000,1.000000
S1__amazonaws.com-streams.dynamodb-2012-08-10-swagger.yaml,Amazon DynamoDB Streams,amazonaws.com,S1,3.x,4,4,4,0,4,4,4,4,4,4,1.000000,0.000000,1.000000,1.000000,1.000000,1.000000,1.000000,1.000000
S1__amazonaws.com-sts-2011-06-15-swagger.yaml,AWS Security Token Service,amazonaws.com,S1,3.x,16,8,16,0,16,16,7,7,16,16,1.000000,0.000000,1.000000,1.000000,0.437500,0.875000,1.000000,1.000000
S1__amazonaws.com-support-2013-04-15-swagger.yaml,AWS Support,amazonaws.com,S1,3.x,14,14,14,0,14,14,14,14,14,14,1.000000,0.000000,1.000000,1.000000,1.000000,1.000000,1.000000,1.000000
S1__amazonaws.com-swf-2012-01-25-swagger.yaml,Amazon Simple Workflow Service,amazonaws.com,S1,3.x,37,37,37,0,37,37,37,37,37,37,1.000000,0.000000,1.000000,1.000000,1.000000,1.000000,1.000000,1.000000
S1__amazonaws.com-textract-2018-06-27-swagger.yaml,Amazon Textract,amazonaws.com,S1,3.x,6,6,6,0,6,6,6,6,6,6,1.000000,0.000000,1.000000,1.000000,1.000000,1.000000,1.000000,1.000000
S1__amazonaws.com-transcribe-2017-10-26-swagger.yaml,Amazon Transcribe Service,amazonaws.com,S1,3.x,9,9,9,0,9,9,9,9,9,9,1.000000,0.000000,1.000000,1.000000,1.000000,1.000000,1.000000,1.000000
S1__amazonaws.com-transfer-2018-11-05-swagger.yaml,AWS Transfer for SFTP,amazonaws.com,S1,3.x,18,18,18,0,18,18,18,18,18,18,1.000000,0.000000,1.000000,1.000000,1.000000,1.000000,1.000000,1.000000
S1__amazonaws.com-translate-2017-07-01-swagger.yaml,Amazon Translate,amazonaws.com,S1,3.x,5,5,5,0,5,5,5,5,5,5,1.000000,0.000000,1.000000,1.000000,1.000000,1.000000,1.000000,1.000000
S1__amazonaws.com-waf-2015-08-24-swagger.yaml,AWS WAF,amazonaws.com,S1,3.x,76,76,73,0,76,76,76,76,76,76,0.960526,0.000000,1.000000,1.000000,1.000000,1.000000,1.000000,1.000000
S1__amazonaws.com-waf-regional-2016-11-28-swagger.yaml,AWS WAF Regional,amazonaws.com,S1,3.x,80,80,77,0,80,80,80,80,80,80,0.962500,0.000000,1.000000,1.000000,1.000000,1.000000,1.000000,1.000000
S1__amazonaws.com-workdocs-2016-05-01-swagger.yaml,Amazon WorkDocs,amazonaws.com,S1,3.x,41,13,41,0,41,41,12,12,41,41,1.000000,0.000000,1.000000,1.000000,0.292683,0.923077,1.000000,1.000000
S1__amazonaws.com-worklink-2018-09-25-swagger.yaml,Amazon WorkLink,amazonaws.com,S1,3.x,30,30,30,0,30,30,30,30,30,30,1.000000,0.000000,1.000000,1.000000,1.000000,1.000000,1.000000,1.000000
S1__amazonaws.com-workmail-2017-10-01-swagger.yaml,Amazon WorkMail,amazonaws.com,S1,3.x,33,33,33,0,33,33,33,33,33,33,1.000000,0.000000,1.000000,1.000000,1.000000,1.000000,1.000000,1.000000
S1__amazonaws.com-workspaces-2015-04-08-swagger.yaml,Amazon WorkSpaces,amazonaws.com,S1,3.x,35,35,35,0,35,35,35,35,35,35,1.000000,0.000000,1.000000,1.000000,1.000000,1.000000,1.000000,1.000000
S1__amazonaws.com-xray-2016-04-12-swagger.yaml,AWS X-Ray,amazonaws.com,S1,3.x,20,20,20,0,20,20,19,19,20,20,1.000000,0.000000,1.000000,1.000000,0.950000,0.950000,1.000000,1.000000
S1__anchore.io-0.1.12-swagger.yaml,Anchore Engine API Server,anchore.io,S1,3.x,83,18,30,72,83,66,16,15,81,81,0.361446,0.867470,1.000000,0.795181,0.192771,0.833333,0.975904,0.975904
S1__apache.org-qakka-v1-swagger.yaml,Qakka,apache.org,S1,3.x,9,3,0,9,9,7,1,1,9,9,0.000000,1.000000,1.000000,0.777778,0.111111,0.333333,1.000000,1.000000
S1__apacta.com-0.0.1-swagger.yaml,Apacta,apacta.com,S1,3.x,137,42,9,137,0,110,26,26,135,135,0.065693,1.000000,0.000000,0.802920,0.189781,0.619048,0.985401,0.985401
S1__api2cart.com-1.0.0-swagger.yaml,Swagger API2Cart,api2cart.com,S1,3.x,128,52,128,0,128,101,15,15,128,128,1.000000,0.000000,1.000000,0.789062,0.117188,0.288462,1.000000,1.000000
S1__api2pdf.com-1.0.0-openapi.yaml,"Api2Pdf - PDF Generation, Powered by AWS Lambda",api2pdf.com,S1,3.x,9,6,9,9,9,3,6,6,9,9,1.000000,1.000000,1.000000,0.333333,0.666667,1.000000,1.000000,1.000000
S1__apigee.net-marketcheck-cars-1.6-swagger.yaml,Marketcheck APIs,apigee.net,S1,3.x,19,0,19,19,16,19,0,0,19,19,1.000000,1.000000,0.842105,1.000000,0.000000,,1.000000,1.000000
S1__appveyor.com-1.0.0-swagger.yaml,AppVeyor,appveyor.com,S1,3.x,51,17,2,51,51,31,18,17,51,51,0.039216,1.000000,1.000000,0.607843,0.352941,1.000000,1.000000,1.000000
S1__archive.org-search-1.0.0-swagger.yaml,Search Services,archive.org,S1,3.x,3,0,3,0,0,3,0,0,3,3,1.000000,0.000000,0.000000,1.000000,0.000000,,1.000000,1.000000
S1__art19.com-1.0.0-swagger.yaml,ART19 Content,art19.com,S1,3.x,22,0,0,22,0,22,0,0,22,22,0.000000,1.000000,0.000000,1.000000,0.000000,,1.000000,1.000000
S1__atlassian.com-jira-v3-swagger.yaml,Jira,atlassian.com,S1,3.x,315,99,314,0,0,270,74,73,217,238,0.996825,0.000000,0.000000,0.857143,0.234921,0.737374,0.688889,0.755556
S1__ato.gov.au-0.0.6-swagger.yaml,Business Registries,ato.gov.au,S1,3.x,74,24,52,74,0,74,24,24,74,74,0.702703,1.000000,0.000000,1.000000,0.324324,1.000000,1.000000,1.000000
S1__aucklandmuseum.com-2.0.0-swagger.yaml,Auckland Museum,aucklandmuseum.com,S1,3.x,6,2,6,6,6,5,2,2,1,3,1.000000,1.000000,1.000000,0.833333,0.333333,1.000000,0.166667,0.500000
S1__authentiq.io-1.0-swagger.yaml,Authentiq Connect,authentiq.io,S1,3.x,9,3,9,9,9,6,3,3,7,7,1.000000,1.000000,1.000000,0.666667,0.333333,1.000000,0.777778,0.777778
S1__avaza.com-v1-swagger.yaml,Avaza,avaza.com,S1,3.x,53,15,11,53,53,34,13,13,50,50,0.207547,1.000000,1.000000,0.641509,0.245283,0.866667,0.943396,0.943396
S1__aviationdata.systems-v1-swagger.yaml,AviationData.Systems Airports API V1,aviationdata.systems,S1,3.x,6,0,5,6,6,5,0,0,6,6,0.833333,1.000000,1.000000,0.833333,0.000000,,1.000000,1.000000
S1__axesso.de-1.0.0-swagger.yaml,Axesso Api,axesso.de,S1,3.x,4,0,0,4,4,3,0,0,4,4,0.000000,1.000000,1.000000,0.750000,0.000000,,1.000000,1.000000
S1__azure.com-EnterpriseKnowledgeGraph-EnterpriseKnowledgeGraphSwagger-2018-12-03-swagger.yaml,Azure Enterprise Knowledge Graph Service,azure.com,S1,3.x,7,2,7,0,7,7,2,2,7,7,1.000000,0.000000,1.000000,1.000000,0.285714,1.000000,1.000000,1.000000
S1__azure.com-addons-addons-swagger-2018-03-01-swagger.yaml,Azure Addons Resource Provider,azure.com,S1,3.x,5,2,5,0,5,5,0,0,5,5,1.000000,0.000000,1.000000,1.000000,0.000000,0.000000,1.000000,1.000000
S1__azure.com-adhybridhealthservice-ADHybridHealthService-2014-01-01-swagger.yaml,ADHybridHealthService,azure.com,S1,3.x,74,12,74,0,74,74,10,10,66,68,1.000000,0.000000,1.000000,1.000000,0.135135,0.833333,0.891892,0.918919
S1__azure.com-advisor-2017-04-19-swagger.yaml,AdvisorManagementClient,azure.com,S1,3.x,15,4,11,6,15,15,3,3,12,12,0.733333,0.400000,1.000000,1.000000,0.200000,0.750000,0.800000,0.800000
S1__azure.com-alertsmanagement-SmartDetectorAlertRulesApi-2019-06-01-swagger.yaml,Azure Alerts Management Service Resource Provider,azure.com,S1,3.x,6,2,6,0,6,6,2,2,6,6,1.000000,0.000000,1.000000,1.000000,0.333333,1.000000,1.000000,1.000000
S1__azure.com-analysisservices-2017-08-01-swagger.yaml,AzureAnalysisServices,azure.com,S1,3.x,16,7,16,0,16,16,3,3,11,11,1.000000,0.000000,1.000000,1.000000,0.187500,0.428571,0.687500,0.687500
S1__azure.com-apimanagement-2017-03-01-swagger.yaml,ApiManagementClient,azure.com,S1,3.x,6,1,6,0,6,6,1,1,6,6,1.000000,0.000000,1.000000,1.000000,0.166667,1.000000,1.000000,1.000000
S1__azure.com-apimanagement-apimapis-2019-01-01-swagger.yaml,ApiManagementClient,azure.com,S1,3.x,60,18,60,0,60,60,16,16,60,60,1.000000,0.000000,1.000000,1.000000,0.266667,0.888889,1.000000,1.000000
S1__azure.com-appconfiguration-2019-02-01-preview-swagger.yaml,AppConfigurationManagementClient,azure.com,S1,3.x,11,6,11,0,11,11,5,5,11,11,1.000000,0.000000,1.000000,1.000000,0.454545,0.833333,1.000000,1.000000
S1__azure.com-applicationinsights-QueryPackQueries_API-2019-09-01-preview-swagger.yaml,Azure Log Analytics Query Packs,azure.com,S1,3.x,5,2,5,0,5,5,2,2,5,5,1.000000,0.000000,1.000000,1.000000,0.400000,1.000000,1.000000,1.000000
S1__azure.com-applicationinsights-componentProactiveDetection_API-2018-05-01-preview-swagger.yaml,ApplicationInsightsManagementClient,azure.com,S1,3.x,3,1,3,0,3,3,1,1,3,3,1.000000,0.000000,1.000000,1.000000,0.333333,1.000000,1.000000,1.000000
S1__azure.com-applicationinsights-swagger-2018-04-20-swagger.yaml,Application Insights Data Plane,azure.com,S1,3.x,7,1,7,7,7,7,1,1,7,7,1.000000,1.000000,1.000000,1.000000,0.142857,1.000000,1.000000,1.000000
S1__azure.com-attestation-2018-09-01-preview-swagger.yaml,AttestationManagementClient,azure.com,S1,3.x,6,1,6,0,6,6,1,1,6,6,1.000000,0.000000,1.000000,1.000000,0.166667,1.000000,1.000000,1.000000
S1__azure.com-authorization-authorization-RoleAssignmentsCalls-2018-09-01-preview-swagger.yaml,AuthorizationManagementClient,azure.com,S1,3.x,10,2,10,0,10,10,2,2,10,10,1.000000,0.000000,1.000000,1.000000,0.200000,1.000000,1.000000,1.000000
S1__azure.com-automation-python2package-2018-06-30-swagger.yaml,AutomationManagement,azure.com,S1,3.x,5,2,5,0,5,5,2,2,5,5,1.000000,0.000000,1.000000,1.000000,0.400000,1.000000,1.000000,1.000000
S1__azure.com-automation-softwareUpdateConfiguration-2017-05-15-preview-swagger.yaml,Update Management,azure.com,S1,3.x,4,1,4,0,4,4,1,1,4,4,1.000000,0.000000,1.000000,1.000000,0.250000,1.000000,1.000000,1.000000
S1__azure.com-automation-webhook-2015-10-31-swagger.yaml,AutomationManagementClient,azure.com,S1,3.x,6,3,6,0,6,6,2,2,6,6,1.000000,0.000000,1.000000,1.000000,0.333333,0.666667,1.000000,1.000000
S1__azure.com-azsadmin-AcquiredPlan-2015-11-01-swagger.yaml,SubscriptionsManagementClient,azure.com,S1,3.x,4,1,4,0,4,4,1,1,3,3,1.000000,0.000000,1.000000,1.000000,0.250000,1.000000,0.750000,0.750000
S1__azure.com-azsadmin-Activation-2016-01-01-swagger.yaml,AzureBridgeAdminClient,azure.com,S1,3.x,4,1,4,0,4,4,1,1,4,4,1.000000,0.000000,1.000000,1.000000,0.250000,1.000000,1.000000,1.000000
S1__azure.com-azsadmin-Alert-2016-05-01-swagger.yaml,InfrastructureInsightsManagementClient,azure.com,S1,3.x,4,2,4,0,4,4,1,1,3,3,1.000000,0.000000,1.000000,1.000000,0.250000,0.500000,0.750000,0.750000
S1__azure.com-azsadmin-BackupLocations-2018-09-01-swagger.yaml,BackupManagementClient,azure.com,S1,3.x,4,2,4,0,4,4,1,1,4,4,1.000000,0.000000,1.000000,1.000000,0.250000,0.500000,1.000000,1.000000
S1__azure.com-azsadmin-Commerce-2015-06-01-preview-swagger.yaml,CommerceManagementClient,azure.com,S1,3.x,3,1,3,0,3,3,0,0,2,2,1.000000,0.000000,1.000000,1.000000,0.000000,0.000000,0.666667,0.666667
S1__azure.com-azsadmin-DiskMigrationJobs-2018-07-30-preview-swagger.yaml,ComputeDiskAdminManagementClient,azure.com,S1,3.x,4,2,4,0,4,4,1,1,4,4,1.000000,0.000000,1.000000,1.000000,0.250000,0.500000,1.000000,1.000000
S1__azure.com-azsadmin-GalleryItem-2015-04-01-swagger.yaml,GalleryManagementClient,azure.com,S1,3.x,4,1,0,4,4,4,1,1,3,3,0.000000,1.000000,1.000000,1.000000,0.250000,1.000000,0.750000,0.750000
S1__azure.com-azsadmin-InfraRole-2016-05-01-swagger.yaml,FabricAdminClient,azure.com,S1,3.x,3,1,3,0,3,3,0,0,2,2,1.000000,0.000000,1.000000,1.000000,0.000000,0.000000,0.666667,0.666667
S1__azure.com-azsadmin-Network-2015-06-15-swagger.yaml,NetworkAdminManagementClient,azure.com,S1,3.x,5,0,5,0,5,5,0,0,5,5,1.000000,0.000000,1.000000,1.000000,0.000000,,1.000000,1.000000
S1__azure.com-azsadmin-Quotas-2018-02-09-swagger.yaml,Compute Admin Client,azure.com,S1,3.x,4,1,4,4,4,4,1,1,3,3,1.000000,1.000000,1.000000,1.000000,0.250000,1.000000,0.750000,0.750000
S1__azure.com-azsadmin-Quotas-2019-08-08-preview-swagger.yaml,StorageManagementClient,azure.com,S1,3.x,4,1,4,0,4,4,1,1,4,4,1.000000,0.000000,1.000000,1.000000,0.250000,1.000000,1.000000,1.000000
S1__azure.com-azsadmin-UpdateRuns-2016-05-01-swagger.yaml,UpdateAdminClient,azure.com,S1,3.x,5,1,5,0,5,5,0,0,4,4,1.000000,0.000000,1.000000,1.000000,0.000000,0.000000,0.800000,0.800000
S1__azure.com-azure-kusto-2019-09-07-swagger.yaml,KustoManagementClient,azure.com,S1,3.x,34,18,34,0,34,34,14,14,34,34,1.000000,0.000000,1.000000,1.000000,0.411765,0.777778,1.000000,1.000000
S1__azure.com-azureactivedirectory-2017-04-01-swagger.yaml,azureactivedirectory,azure.com,S1,3.x,6,1,6,0,6,6,1,1,6,6,1.000000,0.000000,1.000000,1.000000,0.166667,1.000000,1.000000,1.000000
S1__azure.com-azuredata-2017-03-01-preview-swagger.yaml,AzureDataManagementClient,azure.com,S1,3.x,11,3,11,0,11,11,3,3,9,9,1.000000,0.000000,1.000000,1.000000,0.272727,1.000000,0.818182,0.818182
S1__azure.com-azurestack-CustomerSubscription-2017-06-01-swagger.yaml,AzureStack Azure Bridge Client,azure.com,S1,3.x,4,1,4,0,4,4,1,1,3,3,1.000000,0.000000,1.000000,1.000000,0.250000,1.000000,0.750000,0.750000
S1__azure.com-azurestack-Registration-2017-06-01-swagger.yaml,Azure Stack Azure Bridge Client,azure.com,S1,3.x,6,3,6,0,6,6,2,2,6,6,1.000000,0.000000,1.000000,1.000000,0.333333,0.666667,1.000000,1.000000
S1__azure.com-batch-BatchManagement-2019-08-01-swagger.yaml,BatchManagement,azure.com,S1,3.x,35,17,35,3,35,35,12,12,35,35,1.000000,0.085714,1.000000,1.000000,0.342857,0.705882,1.000000,1.000000
S1__azure.com-batch-BatchService-2019-08-01.10.0-swagger.yaml,BatchService,azure.com,S1,3.x,72,35,54,65,72,72,25,25,72,72,0.750000,0.902778,1.000000,1.000000,0.347222,0.714286,1.000000,1.000000
S1__azure.com-batchai-BatchAI-2018-05-01-swagger.yaml,BatchAI,azure.com,S1,3.x,29,11,29,0,29,29,6,6,29,29,1.000000,0.000000,1.000000,1.000000,0.206897,0.545455,1.000000,1.000000
S1__azure.com-billing-2017-02-27-preview-swagger.yaml,BillingClient,azure.com,S1,3.x,4,0,4,0,4,4,0,0,4,4,1.000000,0.000000,1.000000,1.000000,0.000000,,1.000000,1.000000
S1__azure.com-billing-2019-10-01-preview-swagger.yaml,BillingManagementClient,azure.com,S1,3.x,95,26,90,5,95,94,21,21,95,95,0.947368,0.052632,1.000000,0.989474,0.221053,0.807692,1.000000,1.000000
S1__azure.com-blockchain-2018-06-01-preview-swagger.yaml,BlockchainManagementClient,azure.com,S1,3.x,21,10,21,0,21,21,7,7,19,19,1.000000,0.000000,1.000000,1.000000,0.333333,0.700000,0.904762,0.904762
S1__azure.com-blueprint-blueprintAssignment-2018-11-01-preview-swagger.yaml,BlueprintClient,azure.com,S1,3.x,5,2,5,0,5,5,1,1,5,5,1.000000,0.000000,1.000000,1.000000,0.200000,0.500000,1.000000,1.000000
S1__azure.com-botservice-2018-07-12-swagger.yaml,Azure Bot Service,azure.com,S1,3.x,27,13,27,0,27,27,10,10,27,27,1.000000,0.000000,1.000000,1.000000,0.370370,0.769231,1.000000,1.000000
S1__azure.com-cdn-2019-06-15-preview-swagger.yaml,CdnManagementClient,azure.com,S1,3.x,35,21,35,0,35,35,13,13,35,35,1.000000,0.000000,1.000000,1.000000,0.371429,0.619048,1.000000,1.000000
S1__azure.com-cdn-cdnwebapplicationfirewall-2019-06-15-preview-swagger.yaml,Azure CDN WebApplicationFirewallManagement,azure.com,S1,3.x,6,2,6,0,6,6,2,2,5,5,1.000000,0.000000,1.000000,1.000000,0.333333,1.000000,0.833333,0.833333
S1__azure.com-cognitiveservices-2017-04-18-swagger.yaml,CognitiveServicesManagementClient,azure.com,S1,3.x,14,6,14,0,14,14,5,5,14,14,1.000000,0.000000,1.000000,1.000000,0.357143,0.833333,1.000000,1.000000
S1__azure.com-cognitiveservices-ComputerVision-1.0-swagger.yaml,Computer Vision,azure.com,S1,3.x,9,7,9,0,9,8,7,7,9,9,1.000000,0.000000,1.000000,0.888889,0.777778,1.000000,1.000000,1.000000
S1__azure.com-cognitiveservices-ContentModerator-1.0-swagger.yaml,Content Moderator Client,azure.com,S1,3.x,35,20,35,1,35,33,10,10,35,35,1.000000,0.028571,1.000000,0.942857,0.285714,0.500000,1.000000,1.000000
S1__azure.com-cognitiveservices-Face-1.0-swagger.yaml,Face Client,azure.com,S1,3.x,63,30,63,0,63,58,27,27,63,63,1.000000,0.000000,1.000000,0.920635,0.428571,0.900000,1.000000,1.000000
S1__azure.com-cognitiveservices-FormRecognizer-1.0-preview-swagger.yaml,Form Recognizer Client,azure.com,S1,3.x,6,2,6,6,6,4,2,2,6,6,1.000000,1.000000,1.000000,0.666667,0.333333,1.000000,1.000000,1.000000
S1__azure.com-cognitiveservices-LUIS-Runtime-3.0-preview-swagger.yaml,LUIS Runtime Client,azure.com,S1,3.x,4,2,4,0,4,4,2,2,4,4,1.000000,0.000000,1.000000,1.000000,0.500000,1.000000,1.000000,1.000000
S1__azure.com-cognitiveservices-Personalizer-v1.0-swagger.yaml,Personalizer Client,azure.com,S1,3.x,3,3,0,3,3,2,2,2,3,3,0.000000,1.000000,1.000000,0.666667,0.666667,0.666667,1.000000,1.000000
S1__azure.com-cognitiveservices-QnAMaker-4.0-swagger.yaml,QnAMaker Client,azure.com,S1,3.x,15,7,0,15,15,8,5,5,15,15,0.000000,1.000000,1.000000,0.533333,0.333333,0.714286,1.000000,1.000000
S1__azure.com-cognitiveservices-TextAnalytics-v2.1-swagger.yaml,Text Analytics Client,azure.com,S1,3.x,4,4,4,4,4,4,4,4,4,4,1.000000,1.000000,1.000000,1.000000,1.000000,1.000000,1.000000,1.000000
S1__azure.com-compute-2019-03-01-swagger.yaml,ComputeManagementClient,azure.com,S1,3.x,109,53,109,0,109,109,34,34,68,81,1.000000,0.000000,1.000000,1.000000,0.311927,0.641509,0.623853,0.743119
S1__azure.com-compute-disk-2019-03-01-swagger.yaml,DiskResourceProviderClient,azure.com,S1,3.x,16,8,16,0,16,16,6,6,12,12,1.000000,0.000000,1.000000,1.000000,0.375000,0.750000,0.750000,0.750000
S1__azure.com-compute-gallery-2019-07-01-swagger.yaml,SharedImageGalleryServiceClient,azure.com,S1,3.x,21,5,21,0,21,21,5,5,21,21,1.000000,0.000000,1.000000,1.000000,0.238095,1.000000,1.000000,1.000000
S1__azure.com-compute-runCommands-2019-03-01-swagger.yaml,RunCommandsClient,azure.com,S1,3.x,4,2,4,0,4,4,2,2,4,4,1.000000,0.000000,1.000000,1.000000,0.500000,1.000000,1.000000,1.000000
S1__azure.com-consumption-2019-06-01-swagger.yaml,ConsumptionManagementClient,azure.com,S1,3.x,25,1,25,0,25,25,1,1,25,25,1.000000,0.000000,1.000000,1.000000,0.040000,1.000000,1.000000,1.000000
S1__azure.com-containerinstance-containerInstance-2018-10-01-swagger.yaml,ContainerInstanceManagementClient,azure.com,S1,3.x,16,6,16,14,16,16,3,3,16,16,1.000000,0.875000,1.000000,1.000000,0.187500,0.500000,1.000000,1.000000
S1__azure.com-containerregistry-2019-08-15-preview-swagger.yaml,Azure Container Registry,azure.com,S1,3.x,25,9,25,0,25,22,8,8,25,25,1.000000,0.000000,1.000000,0.880000,0.320000,0.888889,1.000000,1.000000
S1__azure.com-containerregistry-containerregistry_build-2019-06-01-preview-swagger.yaml,ContainerRegistryManagementClient,azure.com,S1,3.x,13,8,13,0,13,13,4,4,11,11,1.000000,0.000000,1.000000,1.000000,0.307692,0.500000,0.846154,0.846154
S1__azure.com-containerservice-managedClusters-2019-08-01-swagger.yaml,ContainerServiceClient,azure.com,S1,3.x,19,8,19,18,19,19,5,5,19,19,1.000000,0.947368,1.000000,1.000000,0.263158,0.625000,1.000000,1.000000
S1__azure.com-cosmos-db-2019-08-01-swagger.yaml,Cosmos DB,azure.com,S1,3.x,100,30,100,0,100,100,27,27,85,87,1.000000,0.000000,1.000000,1.000000,0.270000,0.900000,0.850000,0.870000
S1__azure.com-cost-management-costmanagement-2019-04-01-preview-swagger.yaml,CostManagementClient,azure.com,S1,3.x,13,3,13,0,13,13,3,3,13,13,1.000000,0.000000,1.000000,1.000000,0.230769,1.000000,1.000000,1.000000
S1__azure.com-customer-insights-2017-04-26-swagger.yaml,CustomerInsightsManagementClient,azure.com,S1,3.x,66,24,66,0,66,66,17,17,53,54,1.000000,0.000000,1.000000,1.000000,0.257576,0.708333,0.803030,0.818182
S1__azure.com-customproviders-2018-09-01-preview-swagger.yaml,customproviders,azure.com,S1,3.x,11,3,11,0,11,11,3,3,11,11,1.000000,0.000000,1.000000,1.000000,0.272727,1.000000,1.000000,1.000000
S1__azure.com-databox-2019-09-01-swagger.yaml,DataBoxManagementClient,azure.com,S1,3.x,16,11,16,0,16,16,10,10,16,16,1.000000,0.000000,1.000000,1.000000,0.625000,0.909091,1.000000,1.000000
S1__azure.com-databoxedge-2019-07-01-swagger.yaml,DataBoxEdgeManagementClient,azure.com,S1,3.x,49,16,32,17,49,49,11,11,49,49,0.653061,0.346939,1.000000,1.000000,0.224490,0.687500,1.000000,1.000000
S1__azure.com-databricks-2018-04-01-swagger.yaml,DatabricksClient,azure.com,S1,3.x,7,2,7,0,7,7,2,2,7,7,1.000000,0.000000,1.000000,1.000000,0.285714,1.000000,1.000000,1.000000
S1__azure.com-datacatalog-2016-03-30-swagger.yaml,Azure Data Catalog Resource Provider,azure.com,S1,3.x,6,2,6,5,6,6,2,2,5,5,1.000000,0.833333,1.000000,1.000000,0.333333,1.000000,0.833333,0.833333
S1__azure.com-datafactory-2018-06-01-swagger.yaml,DataFactoryManagementClient,azure.com,S1,3.x,76,49,76,0,76,76,28,28,76,76,1.000000,0.000000,1.000000,1.000000,0.368421,0.571429,1.000000,1.000000
S1__azure.com-datalake-analytics-account-2016-11-01-swagger.yaml,DataLakeAnalyticsAccountManagementClient,azure.com,S1,3.x,31,11,31,0,31,31,10,10,23,26,1.000000,0.000000,1.000000,1.000000,0.322581,0.909091,0.741935,0.838710
S1__azure.com-datalake-analytics-catalog-2016-11-01-swagger.yaml,DataLakeAnalyticsCatalogManagementClient,azure.com,S1,3.x,45,5,45,0,45,45,5,5,38,43,1.000000,0.000000,1.000000,1.000000,0.111111,1.000000,0.844444,0.955556
S1__azure.com-datalake-analytics-job-2017-09-01-preview-swagger.yaml,DataLakeAnalyticsJobManagementClient,azure.com,S1,3.x,13,5,13,0,13,13,3,3,11,11,1.000000,0.000000,1.000000,1.000000,0.230769,0.600000,0.846154,0.846154
S1__azure.com-datalake-store-account-2016-11-01-swagger.yaml,DataLakeStoreAccountManagementClient,azure.com,S1,3.x,26,10,26,0,26,26,9,9,21,21,1.000000,0.000000,1.000000,1.000000,0.346154,0.900000,0.807692,0.807692
S1__azure.com-datalake-store-filesystem-2016-11-01-swagger.yaml,DataLakeStoreFileSystemManagementClient,azure.com,S1,3.x,3,2,3,0,3,3,1,1,3,3,1.000000,0.000000,1.000000,1.000000,0.333333,0.500000,1.000000,1.000000
S1__azure.com-datamigration-2018-03-15-preview-swagger.yaml,Azure Data Migration Service Resource Provider,azure.com,S1,3.x,26,12,26,26,26,26,8,8,26,26,1.000000,1.000000,1.000000,1.000000,0.307692,0.666667,1.000000,1.000000
S1__azure.com-datashare-DataShare-2018-11-01-preview-swagger.yaml,DataShareManagementClient,azure.com,S1,3.x,50,19,50,50,50,50,14,14,50,50,1.000000,1.000000,1.000000,1.000000,0.280000,0.736842,1.000000,1.000000
S1__azure.com-deploymentmanager-2018-09-01-preview-swagger.yaml,AzureDeploymentManager,azure.com,S1,3.x,21,8,9,21,21,21,6,6,21,21,0.428571,1.000000,1.000000,1.000000,0.285714,0.750000,1.000000,1.000000
S1__azure.com-deviceprovisioningservices-iotdps-2018-01-22-swagger.yaml,iotDpsClient,azure.com,S1,3.x,18,8,18,12,18,18,5,5,18,18,1.000000,0.666667,1.000000,1.000000,0.277778,0.625000,1.000000,1.000000
S1__azure.com-devops-2019-07-01-preview-swagger.yaml,Azure DevOps,azure.com,S1,3.x,8,2,8,0,8,8,2,2,8,8,1.000000,0.000000,1.000000,1.000000,0.250000,1.000000,1.000000,1.000000
S1__azure.com-devspaces-2019-04-01-swagger.yaml,DevSpacesManagement,azure.com,S1,3.x,9,4,8,9,9,9,4,4,9,9,0.888889,1.000000,1.000000,1.000000,0.444444,1.000000,1.000000,1.000000
S1__azure.com-devtestlabs-DTL-2018-09-15-swagger.yaml,DevTestLabsClient,azure.com,S1,3.x,132,69,132,0,132,132,50,50,132,132,1.000000,0.000000,1.000000,1.000000,0.378788,0.724638,1.000000,1.000000
S1__azure.com-dns-2018-05-01-swagger.yaml,DnsManagementClient,azure.com,S1,3.x,14,5,14,0,14,14,5,5,14,14,1.000000,0.000000,1.000000,1.000000,0.357143,1.000000,1.000000,1.000000
S1__azure.com-domainservices-2017-06-01-swagger.yaml,Domain Services Resource Provider,azure.com,S1,3.x,12,4,12,11,12,12,4,4,12,12,1.000000,0.916667,1.000000,1.000000,0.333333,1.000000,1.000000,1.000000
S1__azure.com-engagementfabric-EngagementFabric-2018-09-01-preview-swagger.yaml,EngagementFabric,azure.com,S1,3.x,16,7,0,16,16,16,5,5,16,16,0.000000,1.000000,1.000000,1.000000,0.312500,0.714286,1.000000,1.000000
S1__azure.com-eventgrid-EventGrid-2019-06-01-swagger.yaml,EventGridManagementClient,azure.com,S1,3.x,40,12,40,40,40,40,8,8,36,36,1.000000,1.000000,1.000000,1.000000,0.200000,0.666667,0.900000,0.900000
S1__azure.com-eventhub-EventHub-2017-04-01-swagger.yaml,EventHubManagementClient,azure.com,S1,3.x,43,17,43,0,43,43,12,12,43,43,1.000000,0.000000,1.000000,1.000000,0.279070,0.705882,1.000000,1.000000
S1__azure.com-eventhub-EventHub-preview-2018-01-01-preview-swagger.yaml,EventHub2018PreviewManagementClient,azure.com,S1,3.x,26,8,26,0,26,26,7,7,26,26,1.000000,0.000000,1.000000,1.000000,0.269231,0.875000,1.000000,1.000000
S1__azure.com-frontdoor-2019-05-01-swagger.yaml,FrontDoorManagementClient,azure.com,S1,3.x,13,7,13,0,13,13,6,6,13,13,1.000000,0.000000,1.000000,1.000000,0.461538,0.857143,1.000000,1.000000
S1__azure.com-frontdoor-webapplicationfirewall-2019-03-01-swagger.yaml,WebApplicationFirewallManagement,azure.com,S1,3.x,5,1,5,0,5,5,1,1,4,4,1.000000,0.000000,1.000000,1.000000,0.200000,1.000000,0.800000,0.800000
S1__azure.com-guestconfiguration-2018-11-20-swagger.yaml,GuestConfiguration,azure.com,S1,3.x,7,1,7,0,7,7,1,1,7,7,1.000000,0.000000,1.000000,1.000000,0.142857,1.000000,1.000000,1.000000
S1__azure.com-hanaonazure-2017-11-03-preview-swagger.yaml,HanaManagementClient,azure.com,S1,3.x,15,7,15,11,15,15,4,4,15,15,1.000000,0.733333,1.000000,1.000000,0.266667,0.571429,1.000000,1.000000
S1__azure.com-hardwaresecuritymodules-dedicatedhsm-2018-10-31-preview-swagger.yaml,Azure Dedicated HSM Resource Provider,azure.com,S1,3.x,6,2,6,0,6,6,2,2,6,6,1.000000,0.000000,1.000000,1.000000,0.333333,1.000000,1.000000,1.000000
S1__azure.com-hdinsight-applications-2018-06-01-preview-swagger.yaml,HDInsightManagementClient,azure.com,S1,3.x,4,1,4,0,4,4,1,1,4,4,1.000000,0.000000,1.000000,1.000000,0.250000,1.000000,1.000000,1.000000
S1__azure.com-hdinsight-job-2018-11-01-preview-swagger.yaml,HDInsightJobManagementClient,azure.com,S1,3.x,10,5,10,0,10,10,5,5,10,10,1.000000,0.000000,1.000000,1.000000,0.500000,1.000000,1.000000,1.000000
S1__azure.com-healthcareapis-healthcare-apis-2019-09-16-swagger.yaml,HealthcareApisClient,azure.com,S1,3.x,9,3,9,0,9,9,3,3,9,9,1.000000,0.000000,1.000000,1.000000,0.333333,1.000000,1.000000,1.000000
S1__azure.com-hybriddatamanager-hybriddata-2016-06-01-swagger.yaml,HybridDataManagementClient,azure.com,S1,3.x,29,7,28,1,29,29,5,5,23,24,0.965517,0.034483,1.000000,1.000000,0.172414,0.714286,0.793103,0.827586
S1__azure.com-imagebuilder-2019-05-01-preview-swagger.yaml,VirtualMachineImageTemplate,azure.com,S1,3.x,10,3,10,0,10,10,2,2,10,10,1.000000,0.000000,1.000000,1.000000,0.200000,0.666667,1.000000,1.000000
S1__azure.com-imds-2019-08-15-swagger.yaml,InstanceMetadataClient,azure.com,S1,3.x,4,0,4,0,4,4,0,0,4,4,1.000000,0.000000,1.000000,1.000000,0.000000,,1.000000,1.000000
S1__azure.com-intune-2015-01-14-preview-swagger.yaml,IntuneResourceManagementClient,azure.com,S1,3.x,33,9,33,0,33,33,8,8,33,33,1.000000,0.000000,1.000000,1.000000,0.242424,0.888889,1.000000,1.000000
S1__azure.com-iotcentral-2018-09-01-swagger.yaml,IotCentralClient,azure.com,S1,3.x,10,5,10,0,10,10,4,4,10,10,1.000000,0.000000,1.000000,1.000000,0.400000,0.800000,1.000000,1.000000
S1__azure.com-iothub-2019-07-01-preview-swagger.yaml,iotHubClient,azure.com,S1,3.x,32,14,32,31,32,32,10,10,32,32,1.000000,0.968750,1.000000,1.000000,0.312500,0.714286,1.000000,1.000000
S1__azure.com-iotspaces-2017-10-01-preview-swagger.yaml,IoTSpacesClient,azure.com,S1,3.x,8,3,8,0,8,8,3,3,8,8,1.000000,0.000000,1.000000,1.000000,0.375000,1.000000,1.000000,1.000000
S1__azure.com-keyvault-2016-10-01-swagger.yaml,KeyVaultClient,azure.com,S1,3.x,67,32,67,56,67,67,27,27,67,67,1.000000,0.835821,1.000000,1.000000,0.402985,0.843750,1.000000,1.000000
S1__azure.com-keyvault-2018-02-14-swagger.yaml,KeyVaultManagementClient,azure.com,S1,3.x,12,5,12,0,12,12,4,4,10,10,1.000000,0.000000,1.000000,1.000000,0.333333,0.800000,0.833333,0.833333
S1__azure.com-labservices-ML-2018-10-15-swagger.yaml,ManagedLabsClient,azure.com,S1,3.x,55,34,55,0,55,55,25,25,55,55,1.000000,0.000000,1.000000,1.000000,0.454545,0.735294,1.000000,1.000000
S1__azure.com-locationbasedservices-2017-01-01-preview-swagger.yaml,Azure Location Based Services Resource Provider,azure.com,S1,3.x,10,5,10,0,10,10,4,4,10,10,1.000000,0.000000,1.000000,1.000000,0.400000,0.800000,1.000000,1.000000
S1__azure.com-logic-2019-05-01-swagger.yaml,LogicManagementClient,azure.com,S1,3.x,106,43,106,0,106,106,29,29,106,106,1.000000,0.000000,1.000000,1.000000,0.273585,0.674419,1.000000,1.000000
S1__azure.com-machinelearning-commitmentPlans-2016-05-01-preview-swagger.yaml,Azure ML Commitment Plans Management Client,azure.com,S1,3.x,12,3,12,0,12,12,3,3,11,11,1.000000,0.000000,1.000000,1.000000,0.250000,1.000000,0.916667,0.916667
S1__azure.com-machinelearning-webservices-2017-01-01-swagger.yaml,Azure ML Web Services Management Client,azure.com,S1,3.x,9,3,9,0,9,9,2,2,8,8,1.000000,0.000000,1.000000,1.000000,0.222222,0.666667,0.888889,0.888889
S1__azure.com-machinelearning-workspaces-2016-04-01-swagger.yaml,Machine Learning Workspaces Management Client,azure.com,S1,3.x,9,4,9,0,9,9,2,2,9,9,1.000000,0.000000,1.000000,1.000000,0.222222,0.500000,1.000000,1.000000
S1__azure.com-machinelearningcompute-machineLearningCompute-2017-06-01-preview-swagger.yaml,Azure Machine Learning Compute Management Client,azure.com,S1,3.x,10,5,10,0,10,10,2,2,10,10,1.000000,0.000000,1.000000,1.000000,0.200000,0.400000,1.000000,1.000000
S1__azure.com-machinelearningcompute-machineLearningCompute-2017-08-01-preview-swagger.yaml,Machine Learning Compute Management Client,azure.com,S1,3.x,10,5,10,0,10,10,2,2,10,10,1.000000,0.000000,1.000000,1.000000,0.200000,0.400000,1.000000,1.000000
S1__azure.com-machinelearningexperimentation-machineLearningExperimentation-2017-05-01-preview-swagger.yaml,ML Team Account Management Client,azure.com,S1,3.x,17,6,17,0,17,17,6,6,17,17,1.000000,0.000000,1.000000,1.000000,0.352941,1.000000,1.000000,1.000000
S1__azure.com-machinelearningservices-artifact-2019-08-01-swagger.yaml,Artifact,azure.com,S1,3.x,18,8,18,18,18,18,8,8,18,18,1.000000,1.000000,1.000000,1.000000,0.444444,1.000000,1.000000,1.000000
S1__azure.com-machinelearningservices-datastore-2019-08-01-swagger.yaml,Azure Machine Learning Datastore Management Client,azure.com,S1,3.x,8,3,8,8,8,8,2,2,8,8,1.000000,1.000000,1.000000,1.000000,0.250000,0.666667,1.000000,1.000000
S1__azure.com-machinelearningservices-execution-2019-08-01-swagger.yaml,Execution Service,azure.com,S1,3.x,4,4,4,4,4,4,3,3,4,4,1.000000,1.000000,1.000000,1.000000,0.750000,0.750000,1.000000,1.000000
S1__azure.com-machinelearningservices-machineLearningServices-2019-06-01-swagger.yaml,Azure Machine Learning Workspaces,azure.com,S1,3.x,20,9,20,0,20,20,5,5,20,20,1.000000,0.000000,1.000000,1.000000,0.250000,0.555556,1.000000,1.000000
S1__azure.com-machinelearningservices-modelManagement-2019-08-01-swagger.yaml,Azure Machine Learning Model Management Service,azure.com,S1,3.x,23,10,23,23,23,23,8,8,23,23,1.000000,1.000000,1.000000,1.000000,0.347826,0.800000,1.000000,1.000000
S1__azure.com-machinelearningservices-runHistory-2019-08-01-swagger.yaml,Run History APIs,azure.com,S1,3.x,26,12,26,26,26,26,13,11,26,26,1.000000,1.000000,1.000000,1.000000,0.500000,0.916667,1.000000,1.000000
S1__azure.com-maintenance-Maintenance-2018-06-01-preview-swagger.yaml,MaintenanceManagementClient,azure.com,S1,3.x,18,6,13,18,18,18,4,4,18,18,0.722222,1.000000,1.000000,1.000000,0.222222,0.666667,1.000000,1.000000
S1__azure.com-managednetwork-managedNetwork-2019-06-01-preview-swagger.yaml,ManagedNetworkManagementClient,azure.com,S1,3.x,19,5,19,0,19,19,5,5,18,18,1.000000,0.000000,1.000000,1.000000,0.263158,1.000000,0.947368,0.947368
S1__azure.com-managedservices-2019-06-01-swagger.yaml,ManagedServicesClient,azure.com,S1,3.x,9,2,9,0,9,9,2,2,9,9,1.000000,0.000000,1.000000,1.000000,0.222222,1.000000,1.000000,1.000000
S1__azure.com-managementgroups-management-2018-03-01-preview-swagger.yaml,Management Groups,azure.com,S1,3.x,13,8,13,0,13,13,3,3,13,13,1.000000,0.000000,1.000000,1.000000,0.230769,0.375000,1.000000,1.000000
S1__azure.com-managementpartner-ManagementPartner-2018-02-01-swagger.yaml,ACE Provisioning ManagementPartner,azure.com,S1,3.x,6,2,6,6,6,6,0,0,6,6,1.000000,1.000000,1.000000,1.000000,0.000000,0.000000,1.000000,1.000000
S1__azure.com-maps-maps-management-2018-05-01-swagger.yaml,Azure Maps Resource Provider,azure.com,S1,3.x,10,5,10,0,10,10,4,4,10,10,1.000000,0.000000,1.000000,1.000000,0.400000,0.800000,1.000000,1.000000
S1__azure.com-mariadb-2018-06-01-swagger.yaml,MariaDBManagementClient,azure.com,S1,3.x,29,9,29,0,29,29,8,8,25,25,1.000000,0.000000,1.000000,1.000000,0.275862,0.888889,0.862069,0.862069
S1__azure.com-marketplaceordering-Agreements-2015-06-01-swagger.yaml,MarketplaceOrdering.Agreements,azure.com,S1,3.x,7,3,7,0,7,7,1,1,7,7,1.000000,0.000000,1.000000,1.000000,0.142857,0.333333,1.000000,1.000000
S1__azure.com-mediaservices-Accounts-2018-03-30-preview-swagger.yaml,Azure Media Services,azure.com,S1,3.x,10,4,10,10,10,10,4,4,10,10,1.000000,1.000000,1.000000,1.000000,0.400000,1.000000,1.000000,1.000000
S1__azure.com-mediaservices-MediaGraphs-2019-09-01-preview-swagger.yaml,Azure Media Services,azure.com,S1,3.x,8,3,8,8,8,8,1,1,8,8,1.000000,1.000000,1.000000,1.000000,0.125000,0.333333,1.000000,1.000000
S1__azure.com-mediaservices-media-2015-10-01-swagger.yaml,MediaServicesManagementClient,azure.com,S1,3.x,10,6,10,0,10,10,5,5,10,10,1.000000,0.000000,1.000000,1.000000,0.500000,0.833333,1.000000,1.000000
S1__azure.com-migrate-2018-02-02-swagger.yaml,Azure Migrate,azure.com,S1,3.x,24,7,24,23,24,23,5,5,24,24,1.000000,0.958333,1.000000,0.958333,0.208333,0.714286,1.000000,1.000000
S1__azure.com-migrateprojects-migrate-2018-09-01-preview-swagger.yaml,Azure Migrate Hub,azure.com,S1,3.x,23,8,6,23,23,22,6,6,19,19,0.260870,1.000000,1.000000,0.956522,0.260870,0.750000,0.826087,0.826087
S1__azure.com-mixedreality-remote-rendering-2019-12-02-preview-swagger.yaml,Mixed Reality,azure.com,S1,3.x,8,3,8,0,8,8,3,3,8,8,1.000000,0.000000,1.000000,1.000000,0.375000,1.000000,1.000000,1.000000
S1__azure.com-mobileengagement-mobile-engagement-2014-12-01-swagger.yaml,Engagement.ManagementClient,azure.com,S1,3.x,37,22,37,0,37,37,19,19,37,37,1.000000,0.000000,1.000000,1.000000,0.513514,0.863636,1.000000,1.000000
S1__azure.com-monitor-actionGroups_API-2019-06-01-swagger.yaml,Azure Action Groups,azure.com,S1,3.x,7,3,7,0,7,7,3,3,7,7,1.000000,0.000000,1.000000,1.000000,0.428571,1.000000,1.000000,1.000000
S1__azure.com-monitor-activityLogAlerts_API-2017-04-01-swagger.yaml,Azure Activity Log Alerts,azure.com,S1,3.x,6,2,6,0,6,6,2,2,6,6,1.000000,0.000000,1.000000,1.000000,0.333333,1.000000,1.000000,1.000000
S1__azure.com-monitor-guestDiagnosticSettingsAssociation_API-2018-06-01-preview-swagger.yaml,Guest Diagnostic Settings Association,azure.com,S1,3.x,6,2,6,0,6,6,2,2,6,6,1.000000,0.000000,1.000000,1.000000,0.333333,1.000000,1.000000,1.000000
S1__azure.com-monitor-guestDiagnosticSettings_API-2018-06-01-preview-swagger.yaml,Guest Diagnostic Settings,azure.com,S1,3.x,6,2,6,0,6,6,2,2,6,6,1.000000,0.000000,1.000000,1.000000,0.333333,1.000000,1.000000,1.000000
S1__azure.com-monitor-metricAlert_API-2018-03-01-swagger.yaml,MonitorManagementClient,azure.com,S1,3.x,8,2,8,0,8,8,2,2,7,7,1.000000,0.000000,1.000000,1.000000,0.250000,1.000000,0.875000,0.875000
S1__azure.com-monitor-scheduledQueryRule_API-2018-04-16-swagger.yaml,Microsoft Insights,azure.com,S1,3.x,6,2,6,0,6,6,2,2,6,6,1.000000,0.000000,1.000000,1.000000,0.333333,1.000000,1.000000,1.000000
S1__azure.com-msi-ManagedIdentity-2018-11-30-swagger.yaml,ManagedServiceIdentityClient,azure.com,S1,3.x,7,2,7,0,7,7,2,2,7,7,1.000000,0.000000,1.000000,1.000000,0.285714,1.000000,1.000000,1.000000
S1__azure.com-mysql-2017-12-01-swagger.yaml,MySQLManagementClient,azure.com,S1,3.x,29,9,29,0,29,29,8,8,25,25,1.000000,0.000000,1.000000,1.000000,0.275862,0.888889,0.862069,0.862069
S1__azure.com-netapp-2019-07-01-swagger.yaml,Microsoft NetApp,azure.com,S1,3.x,24,10,24,24,24,24,10,10,20,20,1.000000,1.000000,1.000000,1.000000,0.416667,1.000000,0.833333,0.833333
S1__azure.com-network-2015-05-01-preview-swagger.yaml,NetworkResourceProviderClient,azure.com,S1,3.x,87,21,87,0,87,87,19,19,69,69,1.000000,0.000000,1.000000,1.000000,0.218391,0.904762,0.793103,0.793103
S1__azure.com-network-applicationSecurityGroup-2019-07-01-swagger.yaml,NetworkManagementClient,azure.com,S1,3.x,6,2,6,0,6,6,2,2,5,5,1.000000,0.000000,1.000000,1.000000,0.333333,1.000000,0.833333,0.833333
S1__azure.com-network-expressRouteCrossConnection-2019-07-01-swagger.yaml,ExpressRouteCrossConnection REST APIs,azure.com,S1,3.x,12,6,12,0,12,12,3,3,11,11,1.000000,0.000000,1.000000,1.000000,0.250000,0.500000,0.916667,0.916667
S1__azure.com-network-virtualWan-2019-07-01-swagger.yaml,VirtualWANAsAServiceManagementClient,azure.com,S1,3.x,49,16,49,0,49,49,14,14,49,49,1.000000,0.000000,1.000000,1.000000,0.285714,0.875000,1.000000,1.000000
S1__azure.com-notificationhubs-2017-04-01-swagger.yaml,NotificationHubsManagementClient,azure.com,S1,3.x,28,14,28,0,28,28,11,11,24,24,1.000000,0.000000,1.000000,1.000000,0.392857,0.785714,0.857143,0.857143
S1__azure.com-operationalinsights-Clusters-2019-08-01-preview-swagger.yaml,Azure Log Analytics,azure.com,S1,3.x,6,2,6,0,6,6,2,2,6,6,1.000000,0.000000,1.000000,1.000000,0.333333,1.000000,1.000000,1.000000
S1__azure.com-operationsmanagement-OperationsManagement-2015-11-01-preview-swagger.yaml,Azure Log Analytics - Operations Management,azure.com,S1,3.x,15,4,15,14,15,15,4,4,15,15,1.000000,0.933333,1.000000,1.000000,0.266667,1.000000,1.000000,1.000000
S1__azure.com-peering-2019-08-01-preview-swagger.yaml,PeeringManagementClient,azure.com,S1,3.x,26,7,26,0,26,26,7,7,26,26,1.000000,0.000000,1.000000,1.000000,0.269231,1.000000,1.000000,1.000000
S1__azure.com-policyinsights-policyEvents-2018-04-04-swagger.yaml,PolicyEventsClient,azure.com,S1,3.x,9,8,9,0,9,9,0,0,9,9,1.000000,0.000000,1.000000,1.000000,0.000000,0.000000,1.000000,1.000000
S1__azure.com-policyinsights-policyStates-2018-07-01-preview-swagger.yaml,PolicyStatesClient,azure.com,S1,3.x,18,16,18,0,18,18,0,0,18,18,1.000000,0.000000,1.000000,1.000000,0.000000,0.000000,1.000000,1.000000
S1__azure.com-policyinsights-policyTrackedResources-2018-07-01-preview-swagger.yaml,PolicyTrackedResourcesClient,azure.com,S1,3.x,4,4,4,0,4,4,0,0,4,4,1.000000,0.000000,1.000000,1.000000,0.000000,0.000000,1.000000,1.000000
S1__azure.com-policyinsights-remediations-2018-07-01-preview-swagger.yaml,RemediationsClient,azure.com,S1,3.x,24,12,24,0,24,24,4,4,24,24,1.000000,0.000000,1.000000,1.000000,0.166667,0.333333,1.000000,1.000000
S1__azure.com-portal-2019-01-01-preview-swagger.yaml,portal,azure.com,S1,3.x,7,2,7,0,7,7,2,2,7,7,1.000000,0.000000,1.000000,1.000000,0.285714,1.000000,1.000000,1.000000
S1__azure.com-postgresql-2017-12-01-swagger.yaml,PostgreSQLManagementClient,azure.com,S1,3.x,29,9,29,0,29,29,8,8,25,25,1.000000,0.000000,1.000000,1.000000,0.275862,0.888889,0.862069,0.862069
S1__azure.com-powerbidedicated-2017-10-01-swagger.yaml,PowerBIDedicated,azure.com,S1,3.x,12,5,12,0,12,12,3,3,9,9,1.000000,0.000000,1.000000,1.000000,0.250000,0.600000,0.750000,0.750000
S1__azure.com-powerbiembedded-2016-01-29-swagger.yaml,Power BI Embedded Management Client,azure.com,S1,3.x,12,6,12,0,12,12,5,5,12,12,1.000000,0.000000,1.000000,1.000000,0.416667,0.833333,1.000000,1.000000
S1__azure.com-privatedns-2018-09-01-swagger.yaml,PrivateDnsManagementClient,azure.com,S1,3.x,17,6,17,0,17,17,6,6,17,17,1.000000,0.000000,1.000000,1.000000,0.352941,1.000000,1.000000,1.000000
S1__azure.com-recoveryservices-vaults-2016-06-01-swagger.yaml,RecoveryServicesClient,azure.com,S1,3.x,11,5,10,1,11,11,5,5,10,10,0.909091,0.090909,1.000000,1.000000,0.454545,1.000000,0.909091,0.909091
S1__azure.com-recoveryservicesbackup-bms-2017-07-01-swagger.yaml,RecoveryServicesBackupClient,azure.com,S1,3.x,15,6,12,3,15,15,5,5,13,13,0.800000,0.200000,1.000000,1.000000,0.333333,0.833333,0.866667,0.866667
S1__azure.com-recoveryservicessiterecovery-service-2018-07-10-swagger.yaml,SiteRecoveryManagementClient,azure.com,S1,3.x,124,58,118,124,124,124,45,45,108,110,0.951613,1.000000,1.000000,1.000000,0.362903,0.775862,0.870968,0.887097
S1__azure.com-redis-2018-03-01-swagger.yaml,RedisManagementClient,azure.com,S1,3.x,26,11,26,0,26,26,10,10,19,22,1.000000,0.000000,1.000000,1.000000,0.384615,0.909091,0.730769,0.846154
S1__azure.com-relay-2017-04-01-swagger.yaml,Relay,azure.com,S1,3.x,34,14,34,0,34,34,11,11,34,34,1.000000,0.000000,1.000000,1.000000,0.323529,0.785714,1.000000,1.000000
S1__azure.com-reservations-2019-04-01-swagger.yaml,Azure Reservation,azure.com,S1,3.x,14,6,13,14,14,14,6,6,14,14,0.928571,1.000000,1.000000,1.000000,0.428571,1.000000,1.000000,1.000000
S1__azure.com-resourcegraph-2018-09-01-preview-swagger.yaml,Azure Resource Graph,azure.com,S1,3.x,4,3,4,0,4,4,3,3,4,4,1.000000,0.000000,1.000000,1.000000,0.750000,1.000000,1.000000,1.000000
S1__azure.com-resourcegraph-graphquery-2018-09-01-preview-swagger.yaml,Azure Resource Graph Query,azure.com,S1,3.x,6,2,6,0,6,6,2,2,6,6,1.000000,0.000000,1.000000,1.000000,0.333333,1.000000,1.000000,1.000000
S1__azure.com-resourcehealth-ResourceHealth-2018-07-01-preview-swagger.yaml,Microsoft.ResourceHealth,azure.com,S1,3.x,10,0,8,2,10,10,0,0,10,10,0.800000,0.200000,1.000000,1.000000,0.000000,,1.000000,1.000000
S1__azure.com-resources-2019-08-01-swagger.yaml,ResourceManagementClient,azure.com,S1,3.x,78,36,78,21,78,78,22,22,78,78,1.000000,0.269231,1.000000,1.000000,0.282051,0.611111,1.000000,1.000000
S1__azure.com-resources-features-2015-12-01-swagger.yaml,FeatureClient,azure.com,S1,3.x,5,1,5,0,5,5,0,0,5,5,1.000000,0.000000,1.000000,1.000000,0.000000,0.000000,1.000000,1.000000
S1__azure.com-resources-links-2016-09-01-swagger.yaml,ManagementLinkClient,azure.com,S1,3.x,6,1,6,0,6,6,1,1,5,5,1.000000,0.000000,1.000000,1.000000,0.166667,1.000000,0.833333,0.833333
S1__azure.com-resources-locks-2016-09-01-swagger.yaml,ManagementLockClient,azure.com,S1,3.x,17,4,17,6,17,17,4,4,13,13,1.000000,0.352941,1.000000,1.000000,0.235294,1.000000,0.764706,0.764706
S1__azure.com-resources-managedapplications-2016-09-01-preview-swagger.yaml,ManagedApplicationClient,azure.com,S1,3.x,18,6,18,0,18,18,6,6,18,18,1.000000,0.000000,1.000000,1.000000,0.333333,1.000000,1.000000,1.000000
S1__azure.com-resources-managedapplications-2018-06-01-swagger.yaml,ApplicationClient,azure.com,S1,3.x,14,5,14,0,14,14,5,5,14,14,1.000000,0.000000,1.000000,1.000000,0.357143,1.000000,1.000000,1.000000
S1__azure.com-resources-policyAssignments-2019-06-01-swagger.yaml,PolicyClient,azure.com,S1,3.x,9,2,9,9,9,9,2,2,9,9,1.000000,1.000000,1.000000,1.000000,0.222222,1.000000,1.000000,1.000000
S1__azure.com-resources-subscriptions-2019-06-01-swagger.yaml,SubscriptionClient,azure.com,S1,3.x,5,0,5,1,5,5,0,0,5,5,1.000000,0.200000,1.000000,1.000000,0.000000,,1.000000,1.000000
S1__azure.com-scheduler-2016-03-01-swagger.yaml,SchedulerManagementClient,azure.com,S1,3.x,15,7,15,0,15,15,4,4,10,10,1.000000,0.000000,1.000000,1.000000,0.266667,0.571429,0.666667,0.666667
S1__azure.com-search-2015-08-19-swagger.yaml,SearchManagementClient,azure.com,S1,3.x,13,6,13,0,13,13,3,3,13,13,1.000000,0.000000,1.000000,1.000000,0.230769,0.500000,1.000000,1.000000
S1__azure.com-search-searchindex-2019-05-06-swagger.yaml,SearchIndexClient,azure.com,S1,3.x,9,4,9,0,9,9,4,4,9,9,1.000000,0.000000,1.000000,1.000000,0.444444,1.000000,1.000000,1.000000
S1__azure.com-search-searchservice-2019-05-06-swagger.yaml,SearchServiceClient,azure.com,S1,3.x,31,13,31,0,31,31,11,11,24,24,1.000000,0.000000,1.000000,1.000000,0.354839,0.846154,0.774194,0.774194
S1__azure.com-security-deviceSecurityGroups-2019-08-01-swagger.yaml,Security Center,azure.com,S1,3.x,4,1,4,0,4,4,1,1,4,4,1.000000,0.000000,1.000000,1.000000,0.250000,1.000000,1.000000,1.000000
S1__azure.com-securityinsights-SecurityInsights-2019-01-01-preview-swagger.yaml,Security Insights,azure.com,S1,3.x,45,10,45,0,45,45,10,10,45,45,1.000000,0.000000,1.000000,1.000000,0.222222,1.000000,1.000000,1.000000
S1__azure.com-serialconsole-2018-05-01-swagger.yaml,MicrosoftSerialConsoleClient,azure.com,S1,3.x,4,2,4,0,4,4,0,0,4,4,1.000000,0.000000,1.000000,1.000000,0.000000,0.000000,1.000000,1.000000
S1__azure.com-servermanagement-2016-07-01-preview-swagger.yaml,ServerManagement,azure.com,S1,3.x,25,13,25,0,25,25,7,7,25,25,1.000000,0.000000,1.000000,1.000000,0.280000,0.538462,1.000000,1.000000
S1__azure.com-service-map-arm-service-map-2015-11-01-preview-swagger.yaml,Service Map,azure.com,S1,3.x,25,3,25,0,25,25,3,3,25,25,1.000000,0.000000,1.000000,1.000000,0.120000,1.000000,1.000000,1.000000
S1__azure.com-servicebus-servicebus-preview-2018-01-01-preview-swagger.yaml,ServiceBusManagementClient,azure.com,S1,3.x,17,5,17,0,17,17,5,5,17,17,1.000000,0.000000,1.000000,1.000000,0.294118,1.000000,1.000000,1.000000
S1__azure.com-servicefabric-1.0.0-swagger.yaml,ServiceFabricClient,azure.com,S1,3.x,77,36,77,0,77,77,26,26,77,77,1.000000,0.000000,1.000000,1.000000,0.337662,0.722222,1.000000,1.000000
S1__azure.com-servicefabric-6.5.0.36-swagger.yaml,Service Fabric Client APIs,azure.com,S1,3.x,234,105,234,234,234,234,69,69,234,234,1.000000,1.000000,1.000000,1.000000,0.294872,0.657143,1.000000,1.000000
S1__azure.com-servicefabric-application-2019-03-01-swagger.yaml,ServiceFabricManagementClient,azure.com,S1,3.x,19,6,19,19,19,19,6,6,19,19,1.000000,1.000000,1.000000,1.000000,0.315789,1.000000,1.000000,1.000000
S1__azure.com-servicefabricmesh-2018-09-01-preview-swagger.yaml,SeaBreezeManagementClient,azure.com,S1,3.x,36,7,36,36,36,36,6,6,36,36,1.000000,1.000000,1.000000,1.000000,0.166667,0.857143,1.000000,1.000000
S1__azure.com-signalr-2018-10-01-swagger.yaml,SignalRManagementClient,azure.com,S1,3.x,12,6,12,0,12,12,4,4,10,10,1.000000,0.000000,1.000000,1.000000,0.333333,0.666667,0.833333,0.833333
S1__azure.com-softwareplan-2019-06-01-preview-swagger.yaml,Software Plan RP,azure.com,S1,3.x,8,3,8,1,8,8,2,2,8,8,1.000000,0.125000,1.000000,1.000000,0.250000,0.666667,1.000000,1.000000
S1__azure.com-sql-DatabaseSchema-2018-06-01-preview-swagger.yaml,SqlManagementClient,azure.com,S1,3.x,6,0,6,0,6,6,0,0,6,6,1.000000,0.000000,1.000000,1.000000,0.000000,,1.000000,1.000000
S1__azure.com-sql-backupLongTermRetentionPolicies-2014-04-01-swagger.yaml,Azure SQL Database Backup Long Term Retention Policy,azure.com,S1,3.x,3,1,3,0,3,3,1,1,3,3,1.000000,0.000000,1.000000,1.000000,0.333333,1.000000,1.000000,1.000000
S1__azure.com-sql-backupLongTermRetentionVaults-2014-04-01-swagger.yaml,Azure SQL Server Backup Long Term Retention Vault,azure.com,S1,3.x,3,1,3,0,3,3,1,1,3,3,1.000000,0.000000,1.000000,1.000000,0.333333,1.000000,1.000000,1.000000
S1__azure.com-sql-backups-2014-04-01-swagger.yaml,Azure SQL Database Backup,azure.com,S1,3.x,4,0,4,0,4,4,0,0,4,4,1.000000,0.000000,1.000000,1.000000,0.000000,,1.000000,1.000000
S1__azure.com-sql-dataMasking-2014-04-01-swagger.yaml,Azure SQL Database Datamasking Policies and Rules,azure.com,S1,3.x,4,2,4,0,4,4,2,2,4,4,1.000000,0.000000,1.000000,1.000000,0.500000,1.000000,1.000000,1.000000
S1__azure.com-sql-databases-2014-04-01-swagger.yaml,Azure SQL Database,azure.com,S1,3.x,11,4,11,0,11,11,2,2,8,8,1.000000,0.000000,1.000000,1.000000,0.181818,0.500000,0.727273,0.727273
S1__azure.com-sql-disasterRecoveryConfigurations-2014-04-01-swagger.yaml,Azure SQL Database disaster recovery configurations,azure.com,S1,3.x,6,3,6,0,6,6,0,0,3,3,1.000000,0.000000,1.000000,1.000000,0.000000,0.000000,0.500000,0.500000
S1__azure.com-sql-firewallRules-2014-04-01-swagger.yaml,Azure SQL Database server firewall rules,azure.com,S1,3.x,4,1,4,0,4,4,1,1,3,3,1.000000,0.000000,1.000000,1.000000,0.250000,1.000000,0.750000,0.750000
S1__azure.com-sql-importExport-2014-04-01-swagger.yaml,Azure SQL Database Import/Export spec,azure.com,S1,3.x,3,3,3,0,3,3,3,3,3,3,1.000000,0.000000,1.000000,1.000000,1.000000,1.000000,1.000000,1.000000
S1__azure.com-sql-replicationLinks-2014-04-01-swagger.yaml,Azure SQL Database replication links,azure.com,S1,3.x,5,2,5,0,5,5,0,0,2,2,1.000000,0.000000,1.000000,1.000000,0.000000,0.000000,0.400000,0.400000
S1__azure.com-sql-serverAzureADAdministrators-2014-04-01-swagger.yaml,Azure SQL Database API spec,azure.com,S1,3.x,4,1,4,0,4,4,1,1,4,4,1.000000,0.000000,1.000000,1.000000,0.250000,1.000000,1.000000,1.000000
S1__azure.com-sqlvirtualmachine-sqlvm-2017-03-01-preview-swagger.yaml,SqlVirtualMachineManagementClient,azure.com,S1,3.x,17,5,17,0,17,17,5,5,14,14,1.000000,0.000000,1.000000,1.000000,0.294118,1.000000,0.823529,0.823529
S1__azure.com-storSimple1200Series-StorSimple-2016-10-01-swagger.yaml,StorSimpleManagementClient,azure.com,S1,3.x,94,28,94,0,94,94,21,21,94,94,1.000000,0.000000,1.000000,1.000000,0.223404,0.750000,1.000000,1.000000
S1__azure.com-storage-2017-10-01-swagger.yaml,StorageManagement,azure.com,S1,3.x,14,7,14,0,14,14,6,6,13,13,1.000000,0.000000,1.000000,1.000000,0.428571,0.857143,0.928571,0.928571
S1__azure.com-storage-2019-04-01-swagger.yaml,StorageManagementClient,azure.com,S1,3.x,19,10,19,0,19,19,7,7,15,15,1.000000,0.000000,1.000000,1.000000,0.368421,0.700000,0.789474,0.789474
S1__azure.com-storage-DataLakeStorage-2019-10-31-swagger.yaml,Azure Data Lake Storage,azure.com,S1,3.x,10,5,10,10,10,10,1,1,10,10,1.000000,1.000000,1.000000,1.000000,0.100000,0.200000,1.000000,1.000000
S1__azure.com-storagecache-2019-08-01-preview-swagger.yaml,Storage Cache Mgmt Client,azure.com,S1,3.x,18,8,18,0,18,18,4,4,18,18,1.000000,0.000000,1.000000,1.000000,0.222222,0.500000,1.000000,1.000000
S1__azure.com-storageimportexport-2016-11-01-swagger.yaml,StorageImportExport,azure.com,S1,3.x,10,3,10,0,10,10,2,2,10,10,1.000000,0.000000,1.000000,1.000000,0.200000,0.666667,1.000000,1.000000
S1__azure.com-storagesync-2019-03-01-swagger.yaml,Microsoft Storage Sync,azure.com,S1,3.x,37,17,37,0,37,37,15,15,37,37,1.000000,0.000000,1.000000,1.000000,0.405405,0.882353,1.000000,1.000000
S1__azure.com-storsimple8000series-storsimple-2017-06-01-swagger.yaml,StorSimple8000SeriesManagementClient,azure.com,S1,3.x,92,37,92,0,92,92,24,24,66,73,1.000000,0.000000,1.000000,1.000000,0.260870,0.648649,0.717391,0.793478
S1__azure.com-streamanalytics-functions-2016-03-01-swagger.yaml,StreamAnalyticsManagementClient,azure.com,S1,3.x,7,4,7,0,7,7,4,4,6,6,1.000000,0.000000,1.000000,1.000000,0.571429,1.000000,0.857143,0.857143
S1__azure.com-subscription-subscriptionDefinitions-2017-11-01-preview-swagger.yaml,SubscriptionDefinitionsClient,azure.com,S1,3.x,5,1,5,0,5,5,1,1,5,5,1.000000,0.000000,1.000000,1.000000,0.200000,1.000000,1.000000,1.000000
S1__azure.com-timeseriesinsights-2018-08-15-preview-swagger.yaml,TimeSeriesInsightsClient,azure.com,S1,3.x,22,8,22,0,22,22,8,8,22,22,1.000000,0.000000,1.000000,1.000000,0.363636,1.000000,1.000000,1.000000
S1__azure.com-timeseriesinsights-2018-11-01-preview-swagger.yaml,TimeSeriesInsightsClient,azure.com,S1,3.x,13,8,13,0,13,13,8,8,13,13,1.000000,0.000000,1.000000,1.000000,0.615385,1.000000,1.000000,1.000000
S1__azure.com-trafficmanager-2018-04-01-swagger.yaml,TrafficManagerManagementClient,azure.com,S1,3.x,16,6,16,0,16,16,5,5,16,16,1.000000,0.000000,1.000000,1.000000,0.312500,0.833333,1.000000,1.000000
S1__azure.com-visualstudio-Csm-2017-11-01-preview-swagger.yaml,Visual Studio Resource Provider Client,azure.com,S1,3.x,15,6,15,15,15,14,6,6,13,13,1.000000,1.000000,1.000000,0.933333,0.400000,1.000000,0.866667,0.866667
S1__azure.com-visualstudio-Projects-2018-08-01-preview-swagger.yaml,Visual Studio Projects Resource Provider Client,azure.com,S1,3.x,4,2,4,4,4,4,2,2,4,4,1.000000,1.000000,1.000000,1.000000,0.500000,1.000000,1.000000,1.000000
S1__azure.com-vmwarecloudsimple-2019-04-01-swagger.yaml,VMwareCloudSimple,azure.com,S1,3.x,32,8,32,32,32,32,7,7,32,32,1.000000,1.000000,1.000000,1.000000,0.218750,0.875000,1.000000,1.000000
S1__azure.com-web-AppServiceCertificateOrders-2018-02-01-swagger.yaml,AppServiceCertificateOrders API Client,azure.com,S1,3.x,20,13,20,20,20,20,9,9,12,16,1.000000,1.000000,1.000000,1.000000,0.450000,0.692308,0.600000,0.800000
S1__azure.com-web-AppServiceEnvironments-2018-02-01-swagger.yaml,AppServiceEnvironments API Client,azure.com,S1,3.x,42,10,42,42,42,42,7,7,40,40,1.000000,1.000000,1.000000,1.000000,0.166667,0.700000,0.952381,0.952381
S1__azure.com-web-AppServicePlans-2018-02-01-swagger.yaml,AppServicePlans API Client,azure.com,S1,3.x,29,8,29,29,29,29,5,5,24,24,1.000000,1.000000,1.000000,1.000000,0.172414,0.625000,0.827586,0.827586
S1__azure.com-web-Certificates-2018-11-01-swagger.yaml,Certificates API Client,azure.com,S1,3.x,6,2,6,6,6,6,2,2,5,5,1.000000,1.000000,1.000000,1.000000,0.333333,1.000000,0.833333,0.833333
S1__azure.com-web-DeletedWebApps-2018-02-01-swagger.yaml,DeletedWebApps API Client,azure.com,S1,3.x,3,0,3,3,3,3,0,0,3,3,1.000000,1.000000,1.000000,1.000000,0.000000,,1.000000,1.000000
S1__azure.com-web-Diagnostics-2018-02-01-swagger.yaml,Diagnostics API Client,azure.com,S1,3.x,22,4,22,22,22,22,0,0,22,22,1.000000,1.000000,1.000000,1.000000,0.000000,0.000000,1.000000,1.000000
S1__azure.com-web-Domains-2018-02-01-swagger.yaml,Domains API Client,azure.com,S1,3.x,15,8,15,15,15,15,6,6,12,12,1.000000,1.000000,1.000000,1.000000,0.400000,0.750000,0.800000,0.800000
S1__azure.com-web-Provider-2018-02-01-swagger.yaml,Provider API Client,azure.com,S1,3.x,3,0,3,3,3,3,0,0,3,3,1.000000,1.000000,1.000000,1.000000,0.000000,,1.000000,1.000000
S1__azure.com-web-Recommendations-2018-02-01-swagger.yaml,Recommendations API Client,azure.com,S1,3.x,15,8,15,15,15,15,0,0,7,7,1.000000,1.000000,1.000000,1.000000,0.000000,0.000000,0.466667,0.466667
S1__azure.com-web-ResourceHealthMetadata-2018-02-01-swagger.yaml,ResourceHealthMetadata API Client,azure.com,S1,3.x,6,0,6,6,6,6,0,0,6,6,1.000000,1.000000,1.000000,1.000000,0.000000,,1.000000,1.000000
S1__azure.com-web-ResourceProvider-2018-02-01-swagger.yaml, API Client,azure.com,S1,3.x,17,9,17,17,17,17,9,9,15,17,1.000000,1.000000,1.000000,1.000000,0.529412,1.000000,0.882353,1.000000
S1__azure.com-web-TopLevelDomains-2018-02-01-swagger.yaml,TopLevelDomains API Client,azure.com,S1,3.x,3,1,3,3,3,3,1,1,3,3,1.000000,1.000000,1.000000,1.000000,0.333333,1.000000,1.000000,1.000000
S1__azure.com-web-WebApps-2018-11-01-swagger.yaml,WebApps API Client,azure.com,S1,3.x,349,157,349,349,349,349,95,95,273,285,1.000000,1.000000,1.000000,1.000000,0.272206,0.605096,0.782235,0.816619
S1__azure.com-web-logicAppsManagementClient-2016-06-01-swagger.yaml,LogicAppsManagementClient,azure.com,S1,3.x,26,11,26,26,26,26,11,11,22,23,1.000000,1.000000,1.000000,1.000000,0.423077,1.000000,0.846154,0.884615
S1__azure.com-web-service-2015-08-01-swagger.yaml,WebSite Management Client,azure.com,S1,3.x,295,129,0,284,295,295,91,91,294,295,0.000000,0.962712,1.000000,1.000000,0.308475,0.705426,0.996610,1.000000
S1__azure.com-windowsiot-WindowsIotServices-2019-06-01-swagger.yaml,DeviceServices,azure.com,S1,3.x,8,3,8,2,8,8,3,3,8,8,1.000000,0.250000,1.000000,1.000000,0.375000,1.000000,1.000000,1.000000
S1__azure.com-workloadmonitor-Microsoft.WorkloadMonitor-2018-08-31-preview-swagger.yaml,Workload Monitor,azure.com,S1,3.x,13,2,0,13,13,13,2,2,13,13,0.000000,1.000000,1.000000,1.000000,0.153846,1.000000,1.000000,1.000000
S1__bbc.co.uk-1.0.0-swagger.yaml,Radio & Music Services,bbc.co.uk,S1,3.x,75,23,70,75,64,75,25,23,75,75,0.933333,1.000000,0.853333,1.000000,0.333333,1.000000,1.000000,1.000000
S1__bbc.com-1.0.0-openapi.yaml,BBC Nitro,bbc.com,S1,3.x,25,0,25,25,25,23,0,0,25,25,1.000000,1.000000,1.000000,0.920000,0.000000,,1.000000,1.000000
S1__bbci.co.uk-1.0-openapi.yaml,BBC iPlayer Business Layer,bbci.co.uk,S1,3.x,29,0,29,29,29,28,0,0,29,29,1.000000,1.000000,1.000000,0.965517,0.000000,,1.000000,1.000000
S1__bclaws.ca-bclaws-1.0.0-openapi.yaml,BC Laws,bclaws.ca,S1,3.x,7,0,4,7,0,7,0,0,0,0,0.571429,1.000000,0.000000,1.000000,0.000000,,0.000000,0.000000
S1__beanstream.com-1.0.1-swagger.yaml,Beanstream Payments,beanstream.com,S1,3.x,15,10,15,15,0,11,10,10,15,15,1.000000,1.000000,0.000000,0.733333,0.666667,1.000000,1.000000,1.000000
S1__beezup.com-2.0-swagger.yaml,BeezUP  API- DEV,beezup.com,S1,3.x,199,107,39,199,199,161,72,72,199,199,0.195980,1.000000,1.000000,0.809045,0.361809,0.672897,1.000000,1.000000
S1__bhagavadgita.io-1.0-swagger.yaml,Bhagavad Gita,bhagavadgita.io,S1,3.x,6,1,5,6,0,5,1,1,5,6,0.833333,1.000000,0.000000,0.833333,0.166667,1.000000,0.833333,1.000000
S1__bigoven.com-partner-swagger.yaml,BigOven,bigoven.com,S1,3.x,68,28,0,68,61,47,21,21,64,65,0.000000,1.000000,0.897059,0.691176,0.308824,0.750000,0.941176,0.955882
S1__bikewise.org-v2-swagger.yaml,BikeWise API v2,bikewise.org,S1,3.x,4,0,3,3,4,4,0,0,0,0,0.750000,0.750000,1.000000,1.000000,0.000000,,0.000000,0.000000
S1__billbee.io-v1-swagger.yaml,Billbee,billbee.io,S1,3.x,67,29,7,65,67,42,27,27,67,67,0.104478,0.970149,1.000000,0.626866,0.402985,0.931034,1.000000,1.000000
S1__bitbucket.org-2.0-swagger.yaml,Bitbucket,bitbucket.org,S1,3.x,182,51,160,0,32,175,26,26,181,181,0.879121,0.000000,0.175824,0.961538,0.142857,0.509804,0.994505,0.994505
S1__blazemeter.com-4-swagger.yaml,Blazemeter API Explorer,blazemeter.com,S1,3.x,14,5,0,14,11,4,5,5,14,14,0.000000,1.000000,0.785714,0.285714,0.357143,1.000000,1.000000,1.000000
S1__bluemix.net-containers-3.0.0-swagger.yaml,IBM Containers,bluemix.net,S1,3.x,47,22,47,47,0,46,9,9,29,33,1.000000,1.000000,0.000000,0.978723,0.191489,0.409091,0.617021,0.702128
S1__botify.com-1.0.0-swagger.yaml,Botify,botify.com,S1,3.x,42,8,42,42,42,42,8,8,42,42,1.000000,1.000000,1.000000,1.000000,0.190476,1.000000,1.000000,1.000000
S1__box.com-2.0-openapi.yaml,Box Platform 2.0 APIs,box.com,S1,3.x,173,63,173,173,173,155,63,63,150,151,1.000000,1.000000,1.000000,0.895954,0.364162,1.000000,0.867052,0.872832
S1__brandlovers.com-1.0.0-swagger.yaml,BrandLovers Marketplace API V1,brandlovers.com,S1,3.x,36,19,36,36,0,35,19,19,17,36,1.000000,1.000000,0.000000,0.972222,0.527778,1.000000,0.472222,1.000000
S1__brex.io-1.0.0-openapi.yaml,Brex,brex.io,S1,3.x,25,9,25,0,0,23,7,7,25,25,1.000000,0.000000,0.000000,0.920000,0.280000,0.777778,1.000000,1.000000
S1__browshot.com-1.17.0-swagger.yaml,Browshot,browshot.com,S1,3.x,17,1,17,17,17,15,1,1,15,15,1.000000,1.000000,1.000000,0.882353,0.058824,1.000000,0.882353,0.882353
S1__bufferapp.com-1-swagger.yaml,Bufferapp,bufferapp.com,S1,3.x,18,8,18,0,0,18,0,0,18,18,1.000000,0.000000,0.000000,1.000000,0.000000,0.000000,1.000000,1.000000
S1__bulksms.com-1.0.0-swagger.yaml,BulkSMS JSON,bulksms.com,S1,3.x,11,3,8,11,0,8,3,3,11,11,0.727273,1.000000,0.000000,0.727273,0.272727,1.000000,1.000000,1.000000
S1__bungie.net-2.0.0-swagger.yaml,Bungie.Net,bungie.net,S1,3.x,94,33,94,0,94,76,0,0,94,94,1.000000,0.000000,1.000000,0.808511,0.000000,0.000000,1.000000,1.000000
S1__callcontrol.com-2015-11-01-swagger.yaml,Call Control,callcontrol.com,S1,3.x,6,2,4,6,6,4,2,2,5,6,0.666667,1.000000,1.000000,0.666667,0.333333,1.000000,0.833333,1.000000
S1__callfire.com-V2-swagger.yaml,CallFire,callfire.com,S1,3.x,119,43,119,119,119,108,34,34,119,119,1.000000,1.000000,1.000000,0.907563,0.285714,0.790698,1.000000,1.000000
S1__cambase.io-1.0-swagger.yaml,Cambase.io,cambase.io,S1,3.x,17,9,0,17,11,14,9,9,0,9,0.000000,1.000000,0.647059,0.823529,0.529412,1.000000,0.000000,0.529412
S1__cenit.io-v1-swagger.yaml,Cenit IO - REST API Specification,cenit.io,S1,3.x,40,10,40,40,0,20,0,0,30,30,1.000000,1.000000,0.000000,0.500000,0.000000,0.000000,0.750000,0.750000
S1__channel4.com-1.0.0-swagger.yaml,Channel 4,channel4.com,S1,3.x,68,0,68,68,68,68,0,0,68,68,1.000000,1.000000,1.000000,1.000000,0.000000,,1.000000,1.000000
S1__circuitsandbox.net-2.9.178-swagger.yaml,REST API Version 2,circuitsandbox.net,S1,3.x,110,51,110,110,110,92,36,35,78,89,1.000000,1.000000,1.000000,0.836364,0.327273,0.686275,0.709091,0.809091
S1__cisco.com-0.0.3-swagger.yaml,Cisco PSIRT openVuln,cisco.com,S1,3.x,19,0,19,0,0,17,0,0,0,0,1.000000,0.000000,0.000000,0.894737,0.000000,,0.000000,0.000000
S1__citrixonline.com-gotomeeting-1.0.0-swagger.yaml,GoToMeeting,citrixonline.com,S1,3.x,26,5,26,26,0,26,5,5,21,23,1.000000,1.000000,0.000000,1.000000,0.192308,1.000000,0.807692,0.884615
S1__citrixonline.com-scim-NA-swagger.yaml,SCIM,citrixonline.com,S1,3.x,17,8,17,17,17,17,8,8,15,15,1.000000,1.000000,1.000000,1.000000,0.470588,1.000000,0.882353,0.882353
S1__citycontext.com-1.0.0-swagger.yaml,City Context,citycontext.com,S1,3.x,3,0,0,3,3,2,0,0,3,3,0.000000,1.000000,1.000000,0.666667,0.000000,,1.000000,1.000000
S1__clarify.io-1.3.7-swagger.yaml,api.clarify.io,clarify.io,S1,3.x,21,7,21,21,4,20,7,7,17,17,1.000000,1.000000,0.190476,0.952381,0.333333,1.000000,0.809524,0.809524
S1__clever-cloud.com-1.0.0-swagger.yaml,Clever-Cloud,clever-cloud.com,S1,3.x,274,88,25,2,214,218,50,50,101,137,0.091241,0.007299,0.781022,0.795620,0.182482,0.568182,0.368613,0.500000
S1__clever.com-1.2.0-swagger.yaml,Data,clever.com,S1,3.x,44,0,44,0,44,43,0,0,44,44,1.000000,0.000000,1.000000,0.977273,0.000000,,1.000000,1.000000
S1__clickmeter.com-v2-swagger.yaml,ClickMeter,clickmeter.com,S1,3.x,108,31,0,108,0,90,30,29,108,108,0.000000,1.000000,0.000000,0.833333,0.277778,0.935484,1.000000,1.000000
S1__cloudmersive.com-ocr-v1-swagger.yaml,ocrapi,cloudmersive.com,S1,3.x,16,16,15,16,16,9,16,16,16,16,0.937500,1.000000,1.000000,0.562500,1.000000,1.000000,1.000000,1.000000
S1__cnab-online.herokuapp.com-1.0.0-swagger.yaml,Cnab Online,cnab-online.herokuapp.com,S1,3.x,4,1,1,4,0,3,1,1,4,4,0.250000,1.000000,0.000000,0.750000,0.250000,1.000000,1.000000,1.000000
S1__collegefootballdata.com-1.5.0-swagger.yaml,College Football Data,collegefootballdata.com,S1,3.x,30,0,30,30,30,25,0,0,30,30,1.000000,1.000000,1.000000,0.833333,0.000000,,1.000000,1.000000
S1__consumerfinance.gov-1.0-swagger.yaml,The Consumer Financial Protection Bureau,consumerfinance.gov,S1,3.x,6,0,0,6,6,4,0,0,1,1,0.000000,1.000000,1.000000,0.666667,0.000000,,0.166667,0.166667
S1__contribly.com-1.0.0-swagger.yaml,Contribly,contribly.com,S1,3.x,44,13,14,43,0,28,10,9,41,41,0.318182,0.977273,0.000000,0.636364,0.227273,0.692308,0.931818,0.931818
S1__core.ac.uk-2.0-swagger.yaml,CORE API v2,core.ac.uk,S1,3.x,18,9,18,18,12,15,8,8,17,17,1.000000,1.000000,0.666667,0.833333,0.444444,0.888889,0.944444,0.944444
S1__cpy.re-peertube-1.3.1-openapi.yaml,PeerTube,cpy.re,S1,3.x,72,24,0,72,0,50,14,14,61,62,0.000000,1.000000,0.000000,0.694444,0.194444,0.583333,0.847222,0.861111
S1__crossbrowsertesting.com-3.0.0-swagger.yaml,Crossbrowsertesting.com Screenshot Comparisons,crossbrowsertesting.com,S1,3.x,3,0,3,3,0,3,0,0,3,3,1.000000,1.000000,0.000000,1.000000,0.000000,,1.000000,1.000000
S1__crucible.local-1.0.0-swagger.yaml,Crucible,crucible.local,S1,3.x,79,29,70,0,79,74,0,0,0,0,0.886076,0.000000,1.000000,0.936709,0.000000,0.000000,0.000000,0.000000
S1__data.gov-3.0-swagger.yaml,Regulations.gov,data.gov,S1,3.x,3,0,1,3,3,3,0,0,0,0,0.333333,1.000000,1.000000,1.000000,0.000000,,0.000000,0.000000
S1__data2crm.com-1-swagger.yaml,Data2CRM.API,data2crm.com,S1,3.x,95,28,95,95,95,95,28,28,81,81,1.000000,1.000000,1.000000,1.000000,0.294737,1.000000,0.852632,0.852632
S1__dataatwork.org-1.0-swagger.yaml,Open Skills,dataatwork.org,S1,3.x,13,0,13,13,0,12,0,0,13,13,1.000000,1.000000,0.000000,0.923077,0.000000,,1.000000,1.000000
S1__datumbox.com-1.0-swagger.yaml,DatumBox,datumbox.com,S1,3.x,14,14,14,14,14,0,14,14,0,14,1.000000,1.000000,1.000000,0.000000,1.000000,1.000000,0.000000,1.000000
S1__deeparteffects.com-2017-02-10T162446Z-swagger.yaml,Deep Art Effects,deeparteffects.com,S1,3.x,3,1,0,0,0,1,1,1,3,3,0.000000,0.000000,0.000000,0.333333,0.333333,1.000000,1.000000,1.000000
S1__departureboard.io-2.0-openapi.yaml,departureboard.io,departureboard.io,S1,3.x,6,0,0,6,6,6,0,0,0,0,0.000000,1.000000,1.000000,1.000000,0.000000,,0.000000,0.000000
S1__deutschebahn.com-fahrplan-v1-swagger.yaml,Fahrplan-Free,deutschebahn.com,S1,3.x,4,0,4,4,0,4,0,0,4,4,1.000000,1.000000,0.000000,1.000000,0.000000,,1.000000,1.000000
S1__deutschebahn.com-fasta-v1-swagger.yaml,FaSta-Station_Facilities_Status,deutschebahn.com,S1,3.x,5,0,5,0,5,5,0,0,5,5,1.000000,0.000000,1.000000,1.000000,0.000000,,1.000000,1.000000
S1__deutschebahn.com-flinkster-v1-swagger.yaml,Flinkster_API_NG,deutschebahn.com,S1,3.x,10,0,10,10,10,9,0,0,10,10,1.000000,1.000000,1.000000,0.900000,0.000000,,1.000000,1.000000
S1__deutschebahn.com-reisezentren-v1-swagger.yaml,Reisezentren-API,deutschebahn.com,S1,3.x,4,0,4,4,0,4,0,0,4,4,1.000000,1.000000,0.000000,1.000000,0.000000,,1.000000,1.000000
S1__deutschebahn.com-stada-2.2.01-swagger.yaml,Stationsdatenbereitstellung,deutschebahn.com,S1,3.x,4,0,4,4,0,4,0,0,4,4,1.000000,1.000000,0.000000,1.000000,0.000000,,1.000000,1.000000
S1__digitallinguistics.io-0.3.1-swagger.yaml,DLx,digitallinguistics.io,S1,3.x,18,9,7,18,18,17,3,3,0,3,0.388889,1.000000,1.000000,0.944444,0.166667,0.333333,0.000000,0.166667
S1__dracoon.team-4.5.0-swagger.yaml,DRACOON,dracoon.team,S1,3.x,167,65,159,167,167,158,67,60,167,167,0.952096,1.000000,1.000000,0.946108,0.401198,0.923077,1.000000,1.000000
S1__dropx.io-1.0.0-swagger.yaml,DropX,dropx.io,S1,3.x,7,0,7,7,0,6,0,0,0,0,1.000000,1.000000,0.000000,0.857143,0.000000,,0.000000,0.000000
S1__dweet.io-2.0-swagger.yaml,dweet.io,dweet.io,S1,3.x,13,2,1,13,9,13,2,2,0,2,0.076923,1.000000,0.692308,1.000000,0.153846,1.000000,0.000000,0.153846
S1__ebay.com-buy-browse-v1_beta.24.0-swagger.yaml,Browse,ebay.com,S1,3.x,10,5,10,0,10,6,5,5,10,10,1.000000,0.000000,1.000000,0.600000,0.500000,1.000000,1.000000,1.000000
S1__ebay.com-buy-feed-v1_beta.16.0-swagger.yaml,Item Feed Service,ebay.com,S1,3.x,3,0,3,0,3,3,0,0,3,3,1.000000,0.000000,1.000000,1.000000,0.000000,,1.000000,1.000000
S1__ebay.com-buy-marketing-v1_beta.1.0-swagger.yaml,Buy Marketing,ebay.com,S1,3.x,3,0,3,0,3,3,0,0,3,3,1.000000,0.000000,1.000000,1.000000,0.000000,,1.000000,1.000000
S1__ebay.com-commerce-taxonomy-v1_beta.4.0-swagger.yaml,Commerce Taxonomy Api,ebay.com,S1,3.x,7,0,7,6,7,7,0,0,7,7,1.000000,0.857143,1.000000,1.000000,0.000000,,1.000000,1.000000
S1__ebay.com-sell-fulfillment-1.3.0-swagger.yaml,Fulfillment,ebay.com,S1,3.x,5,1,5,5,5,5,1,1,5,5,1.000000,1.000000,1.000000,1.000000,0.200000,1.000000,1.000000,1.000000
S1__elmah.io-v3-swagger.yaml,elmah.io,elmah.io,S1,3.x,14,5,1,14,14,10,5,4,10,11,0.071429,1.000000,1.000000,0.714286,0.357143,0.800000,0.714286,0.785714
S1__envoice.in-v1-swagger.yaml,API v1.0.0,envoice.in,S1,3.x,42,22,0,42,42,42,22,22,36,42,0.000000,1.000000,1.000000,1.000000,0.523810,1.000000,0.857143,1.000000
S1__epa.gov-air-0.0.0-swagger.yaml,U.S. EPA Enforcement and Compliance History Online (ECHO) - Clean Air Act,epa.gov,S1,3.x,16,8,16,16,0,8,8,8,16,16,1.000000,1.000000,0.000000,0.500000,0.500000,1.000000,1.000000,1.000000
S1__epa.gov-case-1.0.0-swagger.yaml,U.S. EPA Enforcement and Compliance History Online (ECHO) - Enforcement Case Search,epa.gov,S1,3.x,22,11,18,22,0,13,9,9,22,22,0.818182,1.000000,0.000000,0.590909,0.409091,0.818182,1.000000,1.000000
S1__epa.gov-cwa-0.0.0-swagger.yaml,U.S. EPA Enforcement and Compliance History Online (ECHO) - Clean Water Act (CWA) Rest Services,epa.gov,S1,3.x,36,18,34,36,0,18,18,18,36,36,0.944444,1.000000,0.000000,0.500000,0.500000,1.000000,1.000000,1.000000
S1__epa.gov-dfr-0.0.0-swagger.yaml,U.S. EPA Enforcement and Compliance History Online (ECHO) - Detailed Facility Report (DFR),epa.gov,S1,3.x,94,47,86,94,0,43,41,41,94,94,0.914894,1.000000,0.000000,0.457447,0.436170,0.872340,1.000000,1.000000
S1__epa.gov-echo-1.0.0-swagger.yaml,U.S. EPA Enforcement and Compliance History Online (ECHO) - All Data,epa.gov,S1,3.x,16,8,16,16,0,8,8,8,16,16,1.000000,1.000000,0.000000,0.500000,0.500000,1.000000,1.000000,1.000000
S1__epa.gov-rcra-0.0.0-swagger.yaml,U.S. EPA Enforcement and Compliance History Online (ECHO) - Resource Conservation and Recovery Act ,epa.gov,S1,3.x,16,8,16,16,0,8,8,8,16,16,1.000000,1.000000,0.000000,0.500000,0.500000,1.000000,1.000000,1.000000
S1__epa.gov-sdw-0.0.0-swagger.yaml,U.S. EPA Enforcement and Compliance History Online (ECHO) - Safe Drinking Water Act,epa.gov,S1,3.x,8,4,8,8,0,4,4,4,8,8,1.000000,1.000000,0.000000,0.500000,0.500000,1.000000,1.000000,1.000000
S1__etmdb.com-1.0.0-swagger.yaml,EtMDB REST API v1,etmdb.com,S1,3.x,27,0,27,27,27,27,0,0,0,0,1.000000,1.000000,1.000000,1.000000,0.000000,,0.000000,0.000000
S1__europeana.eu-2.3.0-swagger.yaml,Europeana,europeana.eu,S1,3.x,13,0,0,13,13,13,0,0,13,13,0.000000,1.000000,1.000000,1.000000,0.000000,,1.000000,1.000000
S1__evemarketer.com-1.0.1-swagger.yaml,EVEMarketer Marketstat,evemarketer.com,S1,3.x,4,2,0,4,0,2,2,1,4,4,0.000000,1.000000,0.000000,0.500000,0.500000,0.500000,1.000000,1.000000
S1__evetech.net-0.8.6-swagger.yaml,EVE Swagger Interface,evetech.net,S1,3.x,205,27,205,205,205,205,21,21,205,205,1.000000,1.000000,1.000000,1.000000,0.102439,0.777778,1.000000,1.000000
S1__exavault.com-1.0.0-swagger.yaml,ExaVault,exavault.com,S1,3.x,35,0,34,35,35,35,0,0,35,35,0.971429,1.000000,1.000000,1.000000,0.000000,,1.000000,1.000000
S1__fec.gov-1.0-swagger.yaml,OpenFEC,fec.gov,S1,3.x,91,0,91,0,0,91,0,0,91,91,1.000000,0.000000,0.000000,1.000000,0.000000,,1.000000,1.000000
S1__fecru.local-1.0.0-swagger.yaml,Fisheye Crucible,fecru.local,S1,3.x,113,52,111,0,76,89,0,0,0,0,0.982301,0.000000,0.672566,0.787611,0.000000,0.000000,0.000000,0.000000
S1__firebrowse.org-1.1.38-swagger.yaml,FireBrowse Beta API,firebrowse.org,S1,3.x,30,0,27,30,30,30,0,0,0,0,0.900000,1.000000,1.000000,1.000000,0.000000,,0.000000,0.000000
S1__fisheye.local-1.0.0-swagger.yaml,FishEye,fisheye.local,S1,3.x,16,3,13,0,16,15,0,0,0,0,0.812500,0.000000,1.000000,0.937500,0.000000,0.000000,0.000000,0.000000
S1__flat.io-2.8.0-swagger.yaml,Flat,flat.io,S1,3.x,70,29,45,70,70,62,21,21,70,70,0.642857,1.000000,1.000000,0.885714,0.300000,0.724138,1.000000,1.000000
S1__flickr.com-1.0.0-swagger.yaml,Flickr API Schema,flickr.com,S1,3.x,25,1,25,0,23,24,1,1,25,25,1.000000,0.000000,0.920000,0.960000,0.040000,1.000000,1.000000,1.000000
S1__formapi.io-v1-swagger.yaml,API V1,formapi.io,S1,3.x,7,2,0,7,7,5,2,2,7,7,0.000000,1.000000,1.000000,0.714286,0.285714,1.000000,1.000000,1.000000
S1__fungenerators.com-lottery-1.5-swagger.yaml,Random Lottery Number generator,fungenerators.com,S1,3.x,3,0,3,0,0,2,0,0,0,0,1.000000,0.000000,0.000000,0.666667,0.000000,,0.000000,0.000000
S1__fungenerators.com-qrcode-1.5-swagger.yaml,Fun Generators,fungenerators.com,S1,3.x,9,1,9,0,0,8,1,1,0,1,1.000000,0.000000,0.000000,0.888889,0.111111,1.000000,0.000000,0.111111
S1__funtranslations.com-braile-2.3-swagger.yaml,FunTranslations Braille,funtranslations.com,S1,3.x,5,0,5,0,0,5,0,0,0,0,1.000000,0.000000,0.000000,1.000000,0.000000,,0.000000,0.000000
S1__funtranslations.com-index-2.3-swagger.yaml,FunTranslations,funtranslations.com,S1,3.x,36,0,36,0,0,36,0,0,0,0,1.000000,0.000000,0.000000,1.000000,0.000000,,0.000000,0.000000
S1__funtranslations.com-starwars-2.3-swagger.yaml,Starwars Translations,funtranslations.com,S1,3.x,6,0,6,0,0,6,0,0,0,0,1.000000,0.000000,0.000000,1.000000,0.000000,,0.000000,0.000000
S1__gamesparks.net-game-details-v2-swagger.yaml,GameSparks Game Details,gamesparks.net,S1,3.x,88,41,2,88,88,85,29,29,88,88,0.022727,1.000000,1.000000,0.965909,0.329545,0.707317,1.000000,1.000000
S1__geneea.com-1.0-swagger.yaml,Geneea Natural Language Processing,geneea.com,S1,3.x,11,5,11,11,11,5,5,5,11,11,1.000000,1.000000,1.000000,0.454545,0.454545,1.000000,1.000000,1.000000
S1__geodesystems.com-1.0.0-swagger.yaml,RAMADDA,geodesystems.com,S1,3.x,236,0,236,236,236,236,0,0,0,0,1.000000,1.000000,1.000000,1.000000,0.000000,,0.000000,0.000000
S1__getgo.com-gototraining-1.0.0-swagger.yaml,GoToTraining,getgo.com,S1,3.x,22,7,22,22,22,22,7,7,16,19,1.000000,1.000000,1.000000,1.000000,0.318182,1.000000,0.727273,0.863636
S1__getgo.com-gotowebinar-1.0.0-swagger.yaml,GoToWebinar,getgo.com,S1,3.x,38,8,38,38,38,38,6,6,30,32,1.000000,1.000000,1.000000,1.000000,0.157895,0.750000,0.789474,0.842105
S1__getsandbox.com-v1-swagger.yaml,Sandbox,getsandbox.com,S1,3.x,9,2,0,9,9,8,2,2,6,6,0.000000,1.000000,1.000000,0.888889,0.222222,1.000000,0.666667,0.666667
S1__gettyimages.com-3-swagger.yaml,Getty Images,gettyimages.com,S1,3.x,45,10,41,45,45,45,8,8,40,41,0.911111,1.000000,1.000000,1.000000,0.177778,0.800000,0.888889,0.911111
S1__giphy.com-1.0-swagger.yaml,Giphy,giphy.com,S1,3.x,10,0,10,10,10,10,0,0,10,10,1.000000,1.000000,1.000000,1.000000,0.000000,,1.000000,1.000000
S1__gisgraphy.com-4.0.0-swagger.yaml,Gisgraphy webservices,gisgraphy.com,S1,3.x,6,0,6,6,6,6,0,0,6,6,1.000000,1.000000,1.000000,1.000000,0.000000,,1.000000,1.000000
S1__gitea.io-1.1.1-swagger.yaml,Gitea API.,gitea.io,S1,3.x,190,62,1,190,190,168,53,51,181,181,0.005263,1.000000,1.000000,0.884211,0.278947,0.822581,0.952632,0.952632
S1__github.com-v3-swagger.yaml,GitHub,github.com,S1,3.x,244,66,244,0,0,244,55,53,178,184,1.000000,0.000000,0.000000,1.000000,0.225410,0.803030,0.729508,0.754098
S1__gitlab.com-v3-swagger.yaml,Gitlab,gitlab.com,S1,3.x,358,149,348,348,358,321,117,114,271,307,0.972067,0.972067,1.000000,0.896648,0.326816,0.765101,0.756983,0.857542
S1__googleapis.com-accessapproval-v1beta1-swagger.yaml,Access Approval,googleapis.com,S1,3.x,5,3,5,0,5,5,3,3,5,5,1.000000,0.000000,1.000000,1.000000,0.600000,1.000000,1.000000,1.000000
S1__googleapis.com-accesscontextmanager-v1-swagger.yaml,Access Context Manager,googleapis.com,S1,3.x,10,5,10,0,10,10,5,5,10,10,1.000000,0.000000,1.000000,1.000000,0.500000,1.000000,1.000000,1.000000
S1__googleapis.com-adexchangebuyer-v1.4-swagger.yaml,Ad Exchange Buyer,googleapis.com,S1,3.x,38,19,38,0,38,38,16,16,33,34,1.000000,0.000000,1.000000,1.000000,0.421053,0.842105,0.868421,0.894737
S1__googleapis.com-adexchangebuyer2-v2beta1-swagger.yaml,Ad Exchange Buyer API II,googleapis.com,S1,3.x,33,11,33,0,33,33,0,0,33,33,1.000000,0.000000,1.000000,1.000000,0.000000,0.000000,1.000000,1.000000
S1__googleapis.com-adexchangeseller-v2.0-swagger.yaml,Ad Exchange Seller,googleapis.com,S1,3.x,14,0,14,0,14,14,0,0,14,14,1.000000,0.000000,1.000000,1.000000,0.000000,,1.000000,1.000000
S1__googleapis.com-admin-datatransfer_v1-swagger.yaml,Admin Data Transfer,googleapis.com,S1,3.x,5,1,5,0,5,5,1,1,5,5,1.000000,0.000000,1.000000,1.000000,0.200000,1.000000,1.000000,1.000000
S1__googleapis.com-admin-directory_v1-swagger.yaml,Admin Directory,googleapis.com,S1,3.x,113,51,113,0,113,113,49,49,85,92,1.000000,0.000000,1.000000,1.000000,0.433628,0.960784,0.752212,0.814159
S1__googleapis.com-admin-reports_v1-swagger.yaml,Admin Reports,googleapis.com,S1,3.x,6,2,6,0,6,6,2,2,5,6,1.000000,0.000000,1.000000,1.000000,0.333333,1.000000,0.833333,1.000000
S1__googleapis.com-adsense-v1.4-swagger.yaml,AdSense Management,googleapis.com,S1,3.x,39,0,39,0,39,39,0,0,37,37,1.000000,0.000000,1.000000,1.000000,0.000000,,0.948718,0.948718
S1__googleapis.com-adsensehost-v4.1-swagger.yaml,AdSense Host,googleapis.com,S1,3.x,26,7,26,0,26,26,7,7,26,26,1.000000,0.000000,1.000000,1.000000,0.269231,1.000000,1.000000,1.000000
S1__googleapis.com-alertcenter-v1beta1-swagger.yaml,G Suite Alert Center,googleapis.com,S1,3.x,11,5,11,0,11,11,5,5,11,11,1.000000,0.000000,1.000000,1.000000,0.454545,1.000000,1.000000,1.000000
S1__googleapis.com-analytics-v3-swagger.yaml,Google Analytics,googleapis.com,S1,3.x,88,43,88,0,88,88,42,42,78,79,1.000000,0.000000,1.000000,1.000000,0.477273,0.976744,0.886364,0.897727
S1__googleapis.com-androiddeviceprovisioning-v1-swagger.yaml,Android Device Provisioning Partner,googleapis.com,S1,3.x,23,14,23,0,23,23,14,14,23,23,1.000000,0.000000,1.000000,1.000000,0.608696,1.000000,1.000000,1.000000
S1__googleapis.com-androidenterprise-v1-swagger.yaml,Google Play EMM,googleapis.com,S1,3.x,86,41,86,0,86,86,30,30,70,71,1.000000,0.000000,1.000000,1.000000,0.348837,0.731707,0.813953,0.825581
S1__googleapis.com-androidmanagement-v1-swagger.yaml,Android Management,googleapis.com,S1,3.x,13,8,13,0,13,13,6,6,13,13,1.000000,0.000000,1.000000,1.000000,0.461538,0.750000,1.000000,1.000000
S1__googleapis.com-androidpublisher-v3-swagger.yaml,Google Play Developer,googleapis.com,S1,3.x,56,32,50,0,56,56,19,19,45,47,0.892857,0.000000,1.000000,1.000000,0.339286,0.593750,0.803571,0.839286
S1__googleapis.com-appengine-v1beta5-swagger.yaml,App Engine Admin,googleapis.com,S1,3.x,20,6,20,0,20,20,6,6,20,20,1.000000,0.000000,1.000000,1.000000,0.300000,1.000000,1.000000,1.000000
S1__googleapis.com-appstate-v1-swagger.yaml,Google App State,googleapis.com,S1,3.x,5,2,5,0,5,5,1,1,4,4,1.000000,0.000000,1.000000,1.000000,0.200000,0.500000,0.800000,0.800000
S1__googleapis.com-bigquery-v2-swagger.yaml,BigQuery,googleapis.com,S1,3.x,31,13,31,0,31,31,12,12,27,27,1.000000,0.000000,1.000000,1.000000,0.387097,0.923077,0.870968,0.870968
S1__googleapis.com-bigqueryconnection-v1beta1-swagger.yaml,BigQuery Connection,googleapis.com,S1,3.x,8,5,8,0,8,8,5,5,8,8,1.000000,0.000000,1.000000,1.000000,0.625000,1.000000,1.000000,1.000000
S1__googleapis.com-bigquerydatatransfer-v1-swagger.yaml,BigQuery Data Transfer,googleapis.com,S1,3.x,12,5,12,0,12,12,5,5,12,12,1.000000,0.000000,1.000000,1.000000,0.416667,1.000000,1.000000,1.000000
S1__googleapis.com-bigqueryreservation-v1alpha2-swagger.yaml,BigQuery Reservation,googleapis.com,S1,3.x,10,4,10,0,10,10,4,4,10,10,1.000000,0.000000,1.000000,1.000000,0.400000,1.000000,1.000000,1.000000
S1__googleapis.com-bigtableadmin-v2-swagger.yaml,Cloud Bigtable Admin,googleapis.com,S1,3.x,22,14,22,0,22,22,13,13,22,22,1.000000,0.000000,1.000000,1.000000,0.590909,0.928571,1.000000,1.000000
S1__googleapis.com-binaryauthorization-v1beta1-swagger.yaml,Binary Authorization,googleapis.com,S1,3.x,8,4,8,0,8,8,4,4,8,8,1.000000,0.000000,1.000000,1.000000,0.500000,1.000000,1.000000,1.000000
S1__googleapis.com-blogger-v3-swagger.yaml,Blogger,googleapis.com,S1,3.x,33,13,33,0,33,33,6,6,30,30,1.000000,0.000000,1.000000,1.000000,0.181818,0.461538,0.909091,0.909091
S1__googleapis.com-books-v1-swagger.yaml,Books,googleapis.com,S1,3.x,51,20,47,0,51,51,4,4,40,40,0.921569,0.000000,1.000000,1.000000,0.078431,0.200000,0.784314,0.784314
S1__googleapis.com-calendar-v3-swagger.yaml,Calendar,googleapis.com,S1,3.x,37,22,37,0,37,37,19,19,31,32,1.000000,0.000000,1.000000,1.000000,0.513514,0.863636,0.837838,0.864865
S1__googleapis.com-chat-v1-swagger.yaml,Hangouts Chat,googleapis.com,S1,3.x,6,2,6,0,6,6,2,2,6,6,1.000000,0.000000,1.000000,1.000000,0.333333,1.000000,1.000000,1.000000
S1__googleapis.com-civicinfo-v2-swagger.yaml,Google Civic Information,googleapis.com,S1,3.x,5,0,5,0,5,5,5,0,5,5,1.000000,0.000000,1.000000,1.000000,1.000000,,1.000000,1.000000
S1__googleapis.com-classroom-v1-swagger.yaml,Google Classroom,googleapis.com,S1,3.x,56,24,56,0,56,56,23,23,56,56,1.000000,0.000000,1.000000,1.000000,0.410714,0.958333,1.000000,1.000000
S1__googleapis.com-cloudasset-v1beta1-swagger.yaml,Cloud Asset,googleapis.com,S1,3.x,3,1,3,0,3,3,1,1,3,3,1.000000,0.000000,1.000000,1.000000,0.333333,1.000000,1.000000,1.000000
S1__googleapis.com-cloudbilling-v1-swagger.yaml,Cloud Billing,googleapis.com,S1,3.x,12,5,12,0,12,12,5,5,12,12,1.000000,0.000000,1.000000,1.000000,0.416667,1.000000,1.000000,1.000000
S1__googleapis.com-cloudbuild-v1alpha1-swagger.yaml,Cloud Build,googleapis.com,S1,3.x,5,2,5,0,5,5,2,2,5,5,1.000000,0.000000,1.000000,1.000000,0.400000,1.000000,1.000000,1.000000
S1__googleapis.com-clouddebugger-v2-swagger.yaml,Stackdriver Debugger,googleapis.com,S1,3.x,8,3,8,0,8,8,3,3,8,8,1.000000,0.000000,1.000000,1.000000,0.375000,1.000000,1.000000,1.000000
S1__googleapis.com-clouderrorreporting-v1beta1-swagger.yaml,Stackdriver Error Reporting,googleapis.com,S1,3.x,6,2,6,0,6,6,2,2,6,6,1.000000,0.000000,1.000000,1.000000,0.333333,1.000000,1.000000,1.000000
S1__googleapis.com-cloudfunctions-v1beta2-swagger.yaml,Cloud Functions,googleapis.com,S1,3.x,10,5,10,0,10,10,5,5,10,10,1.000000,0.000000,1.000000,1.000000,0.500000,1.000000,1.000000,1.000000
S1__googleapis.com-cloudidentity-v1beta1-swagger.yaml,Cloud Identity,googleapis.com,S1,3.x,9,3,9,0,9,9,3,3,9,9,1.000000,0.000000,1.000000,1.000000,0.333333,1.000000,1.000000,1.000000
S1__googleapis.com-cloudiot-v1-swagger.yaml,Cloud IoT,googleapis.com,S1,3.x,16,10,16,0,16,16,10,10,16,16,1.000000,0.000000,1.000000,1.000000,0.625000,1.000000,1.000000,1.000000
S1__googleapis.com-cloudiot-v1beta1-swagger.yaml,Google Cloud IoT,googleapis.com,S1,3.x,12,7,12,0,12,12,7,7,12,12,1.000000,0.000000,1.000000,1.000000,0.583333,1.000000,1.000000,1.000000
S1__googleapis.com-cloudkms-v1-swagger.yaml,Cloud Key Management Service (KMS),googleapis.com,S1,3.x,23,15,23,0,23,23,15,15,23,23,1.000000,0.000000,1.000000,1.000000,0.652174,1.000000,1.000000,1.000000
S1__googleapis.com-cloudmonitoring-v2beta2-swagger.yaml,Cloud Monitoring,googleapis.com,S1,3.x,6,2,6,0,6,6,5,2,6,6,1.000000,0.000000,1.000000,1.000000,0.833333,1.000000,1.000000,1.000000
S1__googleapis.com-cloudprivatecatalog-v1beta1-swagger.yaml,Cloud Private Catalog,googleapis.com,S1,3.x,3,0,3,0,3,3,0,0,3,3,1.000000,0.000000,1.000000,1.000000,0.000000,,1.000000,1.000000
S1__googleapis.com-cloudprivatecatalogproducer-v1beta1-swagger.yaml,Cloud Private Catalog Producer,googleapis.com,S1,3.x,19,11,19,0,19,19,11,11,19,19,1.000000,0.000000,1.000000,1.000000,0.578947,1.000000,1.000000,1.000000
S1__googleapis.com-cloudprofiler-v2-swagger.yaml,Stackdriver Profiler,googleapis.com,S1,3.x,3,3,3,0,3,3,3,3,3,3,1.000000,0.000000,1.000000,1.000000,1.000000,1.000000,1.000000,1.000000
S1__googleapis.com-cloudresourcemanager-v2beta1-swagger.yaml,Cloud Resource Manager,googleapis.com,S1,3.x,12,8,12,0,12,12,8,8,12,12,1.000000,0.000000,1.000000,1.000000,0.666667,1.000000,1.000000,1.000000
S1__googleapis.com-cloudscheduler-v1beta1-swagger.yaml,Cloud Scheduler,googleapis.com,S1,3.x,9,5,9,0,9,9,5,5,9,9,1.000000,0.000000,1.000000,1.000000,0.555556,1.000000,1.000000,1.000000
S1__googleapis.com-cloudsearch-v1-swagger.yaml,Cloud Search,googleapis.com,S1,3.x,31,16,31,0,31,31,16,16,31,31,1.000000,0.000000,1.000000,1.000000,0.516129,1.000000,1.000000,1.000000
S1__googleapis.com-cloudshell-v1alpha1-swagger.yaml,Cloud Shell,googleapis.com,S1,3.x,6,4,6,0,6,6,4,4,6,6,1.000000,0.000000,1.000000,1.000000,0.666667,1.000000,1.000000,1.000000
S1__googleapis.com-cloudtasks-v2beta3-swagger.yaml,Cloud Tasks,googleapis.com,S1,3.x,15,10,15,0,15,15,10,10,15,15,1.000000,0.000000,1.000000,1.000000,0.666667,1.000000,1.000000,1.000000
S1__googleapis.com-clouduseraccounts-alpha-swagger.yaml,Cloud User Accounts,googleapis.com,S1,3.x,23,12,23,0,23,23,9,9,22,22,1.000000,0.000000,1.000000,1.000000,0.391304,0.750000,0.956522,0.956522
S1__googleapis.com-composer-v1beta1-swagger.yaml,Cloud Composer,googleapis.com,S1,3.x,7,2,7,0,7,7,2,2,7,7,1.000000,0.000000,1.000000,1.000000,0.285714,1.000000,1.000000,1.000000
S1__googleapis.com-compute-v1-swagger.yaml,Compute Engine,googleapis.com,S1,3.x,480,233,480,0,480,480,214,214,477,477,1.000000,0.000000,1.000000,1.000000,0.445833,0.918455,0.993750,0.993750
S1__googleapis.com-consumersurveys-v2-swagger.yaml,Consumer Surveys,googleapis.com,S1,3.x,11,5,11,0,11,11,5,4,11,11,1.000000,0.000000,1.000000,1.000000,0.454545,0.800000,1.000000,1.000000
S1__googleapis.com-container-v1-swagger.yaml,Kubernetes Engine,googleapis.com,S1,3.x,59,41,59,0,59,59,41,41,59,59,1.000000,0.000000,1.000000,1.000000,0.694915,1.000000,1.000000,1.000000
S1__googleapis.com-container-v1beta1-swagger.yaml,Google Container Engine,googleapis.com,S1,3.x,54,39,54,0,54,54,39,39,54,54,1.000000,0.000000,1.000000,1.000000,0.722222,1.000000,1.000000,1.000000
S1__googleapis.com-containeranalysis-v1alpha1-swagger.yaml,Container Analysis,googleapis.com,S1,3.x,16,8,16,0,16,16,8,8,16,16,1.000000,0.000000,1.000000,1.000000,0.500000,1.000000,1.000000,1.000000
S1__googleapis.com-content-v2.1-swagger.yaml,Content API for Shopping,googleapis.com,S1,3.x,94,51,94,0,94,94,44,44,88,88,1.000000,0.000000,1.000000,1.000000,0.468085,0.862745,0.936170,0.936170
S1__googleapis.com-dataflow-v1b3-swagger.yaml,Dataflow,googleapis.com,S1,3.x,30,18,30,0,30,30,18,18,30,30,1.000000,0.000000,1.000000,1.000000,0.600000,1.000000,1.000000,1.000000
S1__googleapis.com-datafusion-v1beta1-swagger.yaml,Cloud Data Fusion,googleapis.com,S1,3.x,13,7,13,0,13,13,7,7,13,13,1.000000,0.000000,1.000000,1.000000,0.538462,1.000000,1.000000,1.000000
S1__googleapis.com-dataproc-v1alpha1-swagger.yaml,Google Cloud Dataproc,googleapis.com,S1,3.x,14,7,14,0,14,14,7,7,14,14,1.000000,0.000000,1.000000,1.000000,0.500000,1.000000,1.000000,1.000000
S1__googleapis.com-dataproc-v1beta2-swagger.yaml,Cloud Dataproc,googleapis.com,S1,3.x,25,14,25,0,25,25,13,13,25,25,1.000000,0.000000,1.000000,1.000000,0.520000,0.928571,1.000000,1.000000
S1__googleapis.com-datastore-v1beta3-swagger.yaml,Cloud Datastore,googleapis.com,S1,3.x,7,7,7,0,7,7,7,7,7,7,1.000000,0.000000,1.000000,1.000000,1.000000,1.000000,1.000000,1.000000
S1__googleapis.com-deploymentmanager-alpha-swagger.yaml,Google Cloud Deployment Manager Alpha,googleapis.com,S1,3.x,37,16,37,0,37,37,16,16,37,37,1.000000,0.000000,1.000000,1.000000,0.432432,1.000000,1.000000,1.000000
S1__googleapis.com-deploymentmanager-v2-swagger.yaml,Google Cloud Deployment Manager,googleapis.com,S1,3.x,18,7,18,0,18,18,7,7,18,18,1.000000,0.000000,1.000000,1.000000,0.388889,1.000000,1.000000,1.000000
S1__googleapis.com-deploymentmanager-v2beta-swagger.yaml,Google Cloud Deployment Manager API V2Beta Methods,googleapis.com,S1,3.x,32,13,32,0,32,32,13,13,32,32,1.000000,0.000000,1.000000,1.000000,0.406250,1.000000,1.000000,1.000000
S1__googleapis.com-dfareporting-v3.3-swagger.yaml,DCM/DFA Reporting And Trafficking,googleapis.com,S1,3.x,204,87,204,0,204,204,84,84,194,194,1.000000,0.000000,1.000000,1.000000,0.411765,0.965517,0.950980,0.950980
S1__googleapis.com-dialogflow-v2-swagger.yaml,Dialogflow,googleapis.com,S1,3.x,28,18,28,0,28,28,17,17,28,28,1.000000,0.000000,1.000000,1.000000,0.607143,0.944444,1.000000,1.000000
S1__googleapis.com-dlp-v2beta2-swagger.yaml,Cloud Data Loss Prevention (DLP),googleapis.com,S1,3.x,18,11,18,0,18,18,11,11,18,18,1.000000,0.000000,1.000000,1.000000,0.611111,1.000000,1.000000,1.000000
S1__googleapis.com-dns-v2beta1-swagger.yaml,Google Cloud DNS,googleapis.com,S1,3.x,21,7,21,0,21,21,7,7,19,19,1.000000,0.000000,1.000000,1.000000,0.333333,1.000000,0.904762,0.904762
S1__googleapis.com-docs-v1-swagger.yaml,Google Docs,googleapis.com,S1,3.x,3,2,3,0,3,3,2,2,3,3,1.000000,0.000000,1.000000,1.000000,0.666667,1.000000,1.000000,1.000000
S1__googleapis.com-domainsrdap-v1-swagger.yaml,Domains RDAP,googleapis.com,S1,3.x,10,0,10,0,10,10,0,0,10,10,1.000000,0.000000,1.000000,1.000000,0.000000,,1.000000,1.000000
S1__googleapis.com-doubleclickbidmanager-v1-swagger.yaml,DoubleClick Bid Manager,googleapis.com,S1,3.x,9,5,9,0,9,9,5,5,7,8,1.000000,0.000000,1.000000,1.000000,0.555556,1.000000,0.777778,0.888889
S1__googleapis.com-doubleclicksearch-v2-swagger.yaml,Search Ads 360,googleapis.com,S1,3.x,10,6,10,0,10,10,6,6,9,9,1.000000,0.000000,1.000000,1.000000,0.600000,1.000000,0.900000,0.900000
S1__googleapis.com-drive-v3-swagger.yaml,Drive,googleapis.com,S1,3.x,46,19,46,0,46,46,17,17,36,37,1.000000,0.000000,1.000000,1.000000,0.369565,0.894737,0.782609,0.804348
S1__googleapis.com-factchecktools-v1alpha1-swagger.yaml,Fact Check Tools,googleapis.com,S1,3.x,6,2,6,0,6,6,2,2,6,6,1.000000,0.000000,1.000000,1.000000,0.333333,1.000000,1.000000,1.000000
S1__googleapis.com-file-v1beta1-swagger.yaml,Cloud Filestore,googleapis.com,S1,3.x,8,3,8,0,8,8,3,3,8,8,1.000000,0.000000,1.000000,1.000000,0.375000,1.000000,1.000000,1.000000
S1__googleapis.com-firebase-v1beta1-swagger.yaml,Firebase Management,googleapis.com,S1,3.x,19,9,19,0,19,19,9,9,19,19,1.000000,0.000000,1.000000,1.000000,0.473684,1.000000,1.000000,1.000000
S1__googleapis.com-firebasedynamiclinks-v1-swagger.yaml,Firebase Dynamic Links,googleapis.com,S1,3.x,5,4,5,0,5,5,4,4,5,5,1.000000,0.000000,1.000000,1.000000,0.800000,1.000000,1.000000,1.000000
S1__googleapis.com-firebasehosting-v1beta1-swagger.yaml,Firebase Hosting,googleapis.com,S1,3.x,11,6,11,0,11,11,6,6,11,11,1.000000,0.000000,1.000000,1.000000,0.545455,1.000000,1.000000,1.000000
S1__googleapis.com-firebaserules-v1-swagger.yaml,Firebase Rules,googleapis.com,S1,3.x,9,4,9,0,9,9,4,4,9,9,1.000000,0.000000,1.000000,1.000000,0.444444,1.000000,1.000000,1.000000
S1__googleapis.com-firestore-v1beta2-swagger.yaml,Cloud Firestore,googleapis.com,S1,3.x,8,4,8,0,8,8,4,4,8,8,1.000000,0.000000,1.000000,1.000000,0.500000,1.000000,1.000000,1.000000
S1__googleapis.com-fitness-v1-swagger.yaml,Fitness,googleapis.com,S1,3.x,13,5,13,0,13,13,5,5,11,11,1.000000,0.000000,1.000000,1.000000,0.384615,1.000000,0.846154,0.846154
S1__googleapis.com-fusiontables-v2-swagger.yaml,Fusion Tables,googleapis.com,S1,3.x,34,18,34,0,34,34,12,12,29,29,1.000000,0.000000,1.000000,1.000000,0.352941,0.666667,0.852941,0.852941
S1__googleapis.com-games-v1-swagger.yaml,Google Play Game Services,googleapis.com,S1,3.x,53,29,53,0,53,53,12,12,46,48,1.000000,0.000000,1.000000,1.000000,0.226415,0.413793,0.867925,0.905660
S1__googleapis.com-gamesConfiguration-v1configuration-swagger.yaml,Google Play Game Services Publishing,googleapis.com,S1,3.x,13,7,13,0,13,13,6,6,11,11,1.000000,0.000000,1.000000,1.000000,0.461538,0.857143,0.846154,0.846154
S1__googleapis.com-gamesManagement-v1management-swagger.yaml,Google Play Game Services Management,googleapis.com,S1,3.x,27,25,27,0,27,27,4,4,5,9,1.000000,0.000000,1.000000,1.000000,0.148148,0.160000,0.185185,0.333333
S1__googleapis.com-genomics-v2alpha1-swagger.yaml,Genomics,googleapis.com,S1,3.x,4,3,4,0,4,4,3,3,4,4,1.000000,0.000000,1.000000,1.000000,0.750000,1.000000,1.000000,1.000000
S1__googleapis.com-gmail-v1-swagger.yaml,Gmail,googleapis.com,S1,3.x,68,33,68,0,68,68,26,26,54,56,1.000000,0.000000,1.000000,1.000000,0.382353,0.787879,0.794118,0.823529
S1__googleapis.com-groupssettings-v1-swagger.yaml,Groups Settings,googleapis.com,S1,3.x,3,2,3,0,3,3,2,2,3,3,1.000000,0.000000,1.000000,1.000000,0.666667,1.000000,1.000000,1.000000
S1__googleapis.com-healthcare-v1alpha2-swagger.yaml,Cloud Healthcare,googleapis.com,S1,3.x,43,22,43,0,43,43,22,22,43,43,1.000000,0.000000,1.000000,1.000000,0.511628,1.000000,1.000000,1.000000
S1__googleapis.com-homegraph-v1-swagger.yaml,HomeGraph,googleapis.com,S1,3.x,5,4,5,0,5,5,4,4,5,5,1.000000,0.000000,1.000000,1.000000,0.800000,1.000000,1.000000,1.000000
S1__googleapis.com-iam-v1-swagger.yaml,Identity and Access Management (IAM),googleapis.com,S1,3.x,24,18,24,0,24,24,17,17,24,24,1.000000,0.000000,1.000000,1.000000,0.708333,0.944444,1.000000,1.000000
S1__googleapis.com-iamcredentials-v1-swagger.yaml,IAM Service Account Credentials,googleapis.com,S1,3.x,4,4,4,0,4,4,4,4,4,4,1.000000,0.000000,1.000000,1.000000,1.000000,1.000000,1.000000,1.000000
S1__googleapis.com-iap-v1beta1-swagger.yaml,Cloud Identity-Aware Proxy,googleapis.com,S1,3.x,3,3,3,0,3,3,3,3,3,3,1.000000,0.000000,1.000000,1.000000,1.000000,1.000000,1.000000,1.000000
S1__googleapis.com-identitytoolkit-v3-swagger.yaml,Google Identity Toolkit,googleapis.com,S1,3.x,20,17,20,0,20,20,17,17,20,20,1.000000,0.000000,1.000000,1.000000,0.850000,1.000000,1.000000,1.000000
S1__googleapis.com-jobs-v3p1beta1-swagger.yaml,Cloud Talent Solution,googleapis.com,S1,3.x,12,7,12,0,12,12,7,7,12,12,1.000000,0.000000,1.000000,1.000000,0.583333,1.000000,1.000000,1.000000
S1__googleapis.com-language-v1beta2-swagger.yaml,Cloud Natural Language,googleapis.com,S1,3.x,6,6,6,0,6,6,6,6,6,6,1.000000,0.000000,1.000000,1.000000,1.000000,1.000000,1.000000,1.000000
S1__googleapis.com-libraryagent-v1-swagger.yaml,Library Agent,googleapis.com,S1,3.x,5,2,5,0,5,5,0,0,5,5,1.000000,0.000000,1.000000,1.000000,0.000000,0.000000,1.000000,1.000000
S1__googleapis.com-licensing-v1-swagger.yaml,Enterprise License Manager,googleapis.com,S1,3.x,7,3,7,0,7,7,3,3,6,6,1.000000,0.000000,1.000000,1.000000,0.428571,1.000000,0.857143,0.857143
S1__googleapis.com-logging-v2beta1-swagger.yaml,Stackdriver Logging,googleapis.com,S1,3.x,13,6,13,0,13,13,6,6,13,13,1.000000,0.000000,1.000000,1.000000,0.461538,1.000000,1.000000,1.000000
S1__googleapis.com-manufacturers-v1-swagger.yaml,Manufacturer Center,googleapis.com,S1,3.x,4,1,4,0,4,4,1,1,4,4,1.000000,0.000000,1.000000,1.000000,0.250000,1.000000,1.000000,1.000000
S1__googleapis.com-mirror-v1-swagger.yaml,Google Mirror,googleapis.com,S1,3.x,24,10,24,0,24,24,9,9,20,20,1.000000,0.000000,1.000000,1.000000,0.375000,0.900000,0.833333,0.833333
S1__googleapis.com-ml-v1beta1-swagger.yaml,Google Cloud Machine Learning Engine,googleapis.com,S1,3.x,16,8,16,0,16,16,8,8,16,16,1.000000,0.000000,1.000000,1.000000,0.500000,1.000000,1.000000,1.000000
S1__googleapis.com-monitoring-v3-swagger.yaml,Stackdriver Monitoring,googleapis.com,S1,3.x,24,12,24,0,24,24,12,12,24,24,1.000000,0.000000,1.000000,1.000000,0.500000,1.000000,1.000000,1.000000
S1__googleapis.com-oauth2-v2-swagger.yaml,Google OAuth2,googleapis.com,S1,3.x,4,1,0,0,4,4,0,0,4,4,0.000000,0.000000,1.000000,1.000000,0.000000,0.000000,1.000000,1.000000
S1__googleapis.com-oslogin-v1-swagger.yaml,Cloud OS Login,googleapis.com,S1,3.x,5,2,5,0,5,5,2,2,5,5,1.000000,0.000000,1.000000,1.000000,0.400000,1.000000,1.000000,1.000000
S1__googleapis.com-partners-v2-swagger.yaml,Google Partners,googleapis.com,S1,3.x,17,7,17,0,17,17,7,7,17,17,1.000000,0.000000,1.000000,1.000000,0.411765,1.000000,1.000000,1.000000
S1__googleapis.com-people-v1-swagger.yaml,People,googleapis.com,S1,3.x,14,6,14,0,14,14,6,6,14,14,1.000000,0.000000,1.000000,1.000000,0.428571,1.000000,1.000000,1.000000
S1__googleapis.com-playmoviespartner-v1-swagger.yaml,Google Play Movies Partner,googleapis.com,S1,3.x,6,0,6,0,6,6,0,0,6,6,1.000000,0.000000,1.000000,1.000000,0.000000,,1.000000,1.000000
S1__googleapis.com-plus-v1-swagger.yaml,Google+,googleapis.com,S1,3.x,9,0,9,0,9,9,0,0,9,9,1.000000,0.000000,1.000000,1.000000,0.000000,,1.000000,1.000000
S1__googleapis.com-plusDomains-v1-swagger.yaml,Google+ Domains,googleapis.com,S1,3.x,10,1,10,0,10,10,1,1,10,10,1.000000,0.000000,1.000000,1.000000,0.100000,1.000000,1.000000,1.000000
S1__googleapis.com-poly-v1-swagger.yaml,Poly,googleapis.com,S1,3.x,4,0,4,0,4,4,0,0,4,4,1.000000,0.000000,1.000000,1.000000,0.000000,,1.000000,1.000000
S1__googleapis.com-prediction-v1.6-swagger.yaml,Prediction,googleapis.com,S1,3.x,8,4,8,0,8,8,4,4,7,7,1.000000,0.000000,1.000000,1.000000,0.500000,1.000000,0.875000,0.875000
S1__googleapis.com-proximitybeacon-v1beta1-swagger.yaml,Proximity Beacon,googleapis.com,S1,3.x,17,9,17,0,17,17,5,5,17,17,1.000000,0.000000,1.000000,1.000000,0.294118,0.555556,1.000000,1.000000
S1__googleapis.com-pubsub-v1beta2-swagger.yaml,Cloud Pub/Sub,googleapis.com,S1,3.x,16,8,16,0,16,16,8,8,16,16,1.000000,0.000000,1.000000,1.000000,0.500000,1.000000,1.000000,1.000000
S1__googleapis.com-recommender-v1beta1-swagger.yaml,Recommender,googleapis.com,S1,3.x,5,3,5,0,5,5,3,3,5,5,1.000000,0.000000,1.000000,1.000000,0.600000,1.000000,1.000000,1.000000
S1__googleapis.com-redis-v1beta1-swagger.yaml,Google Cloud Memorystore for Redis,googleapis.com,S1,3.x,11,6,11,0,11,11,5,5,11,11,1.000000,0.000000,1.000000,1.000000,0.454545,0.833333,1.000000,1.000000
S1__googleapis.com-remotebuildexecution-v1alpha-swagger.yaml,Remote Build Execution,googleapis.com,S1,3.x,7,3,7,0,7,7,3,3,7,7,1.000000,0.000000,1.000000,1.000000,0.428571,1.000000,1.000000,1.000000
S1__googleapis.com-remotebuildexecution-v2-swagger.yaml,Remote Build Execution,googleapis.com,S1,3.x,9,6,9,0,9,9,6,6,9,9,1.000000,0.000000,1.000000,1.000000,0.666667,1.000000,1.000000,1.000000
S1__googleapis.com-replicapool-v1beta1-swagger.yaml,Replica Pool,googleapis.com,S1,3.x,10,6,10,0,10,10,4,4,8,10,1.000000,0.000000,1.000000,1.000000,0.400000,0.666667,0.800000,1.000000
S1__googleapis.com-replicapool-v1beta2-swagger.yaml,Google Compute Engine Instance Group Manager,googleapis.com,S1,3.x,12,7,12,0,12,12,6,6,12,12,1.000000,0.000000,1.000000,1.000000,0.500000,0.857143,1.000000,1.000000
S1__googleapis.com-replicapoolupdater-v1beta1-swagger.yaml,Google Compute Engine Instance Group Updater,googleapis.com,S1,3.x,10,5,10,0,10,10,1,1,10,10,1.000000,0.000000,1.000000,1.000000,0.100000,0.200000,1.000000,1.000000
S1__googleapis.com-reseller-v1-swagger.yaml,Enterprise Apps Reseller,googleapis.com,S1,3.x,17,12,17,0,17,17,7,7,16,16,1.000000,0.000000,1.000000,1.000000,0.411765,0.583333,0.941176,0.941176
S1__googleapis.com-resourceviews-v1beta1-swagger.yaml,Resource Views,googleapis.com,S1,3.x,14,8,14,0,14,14,6,6,8,12,1.000000,0.000000,1.000000,1.000000,0.428571,0.750000,0.571429,0.857143
S1__googleapis.com-resourceviews-v1beta2-swagger.yaml,Google Compute Engine Instance Groups,googleapis.com,S1,3.x,11,5,11,0,11,11,4,4,11,11,1.000000,0.000000,1.000000,1.000000,0.363636,0.800000,1.000000,1.000000
S1__googleapis.com-run-v1alpha1-swagger.yaml,Cloud Run,googleapis.com,S1,3.x,37,11,37,0,37,37,11,11,37,37,1.000000,0.000000,1.000000,1.000000,0.297297,1.000000,1.000000,1.000000
S1__googleapis.com-runtimeconfig-v1beta1-swagger.yaml,Cloud Runtime Configuration,googleapis.com,S1,3.x,13,7,13,0,13,13,7,7,13,13,1.000000,0.000000,1.000000,1.000000,0.538462,1.000000,1.000000,1.000000
S1__googleapis.com-safebrowsing-v4-swagger.yaml,Safe Browsing,googleapis.com,S1,3.x,7,4,5,0,7,7,4,4,7,7,0.714286,0.000000,1.000000,1.000000,0.571429,1.000000,1.000000,1.000000
S1__googleapis.com-script-v1-swagger.yaml,Apps Script,googleapis.com,S1,3.x,16,6,16,0,16,16,6,6,16,16,1.000000,0.000000,1.000000,1.000000,0.375000,1.000000,1.000000,1.000000
S1__googleapis.com-securitycenter-v1p1alpha1-swagger.yaml,Cloud Security Command Center,googleapis.com,S1,3.x,3,1,3,0,3,3,0,0,3,3,1.000000,0.000000,1.000000,1.000000,0.000000,0.000000,1.000000,1.000000
S1__googleapis.com-servicebroker-v1alpha1-swagger.yaml,Service Broker,googleapis.com,S1,3.x,14,5,14,0,14,14,5,5,14,14,1.000000,0.000000,1.000000,1.000000,0.357143,1.000000,1.000000,1.000000
S1__googleapis.com-serviceconsumermanagement-v1-swagger.yaml,Service Consumer Management,googleapis.com,S1,3.x,12,8,12,0,12,12,8,8,12,12,1.000000,0.000000,1.000000,1.000000,0.666667,1.000000,1.000000,1.000000
S1__googleapis.com-servicecontrol-v1-swagger.yaml,Service Control,googleapis.com,S1,3.x,3,3,3,0,3,3,3,3,3,3,1.000000,0.000000,1.000000,1.000000,1.000000,1.000000,1.000000,1.000000
S1__googleapis.com-servicemanagement-v1-swagger.yaml,Service Management,googleapis.com,S1,3.x,21,11,21,0,21,21,10,10,21,21,1.000000,0.000000,1.000000,1.000000,0.476190,0.909091,1.000000,1.000000
S1__googleapis.com-servicenetworking-v1-swagger.yaml,Service Networking,googleapis.com,S1,3.x,8,5,8,0,8,8,5,5,8,8,1.000000,0.000000,1.000000,1.000000,0.625000,1.000000,1.000000,1.000000
S1__googleapis.com-serviceusage-v1beta1-swagger.yaml,Service Usage,googleapis.com,S1,3.x,6,3,6,0,6,6,3,3,6,6,1.000000,0.000000,1.000000,1.000000,0.500000,1.000000,1.000000,1.000000
S1__googleapis.com-serviceuser-v1-swagger.yaml,Service User,googleapis.com,S1,3.x,4,2,4,0,4,4,2,2,4,4,1.000000,0.000000,1.000000,1.000000,0.500000,1.000000,1.000000,1.000000
S1__googleapis.com-sheets-v4-swagger.yaml,Google Sheets,googleapis.com,S1,3.x,17,13,17,0,17,17,13,13,17,17,1.000000,0.000000,1.000000,1.000000,0.764706,1.000000,1.000000,1.000000
S1__googleapis.com-siteVerification-v1-swagger.yaml,Google Site Verification,googleapis.com,S1,3.x,7,4,7,0,7,7,4,4,6,6,1.000000,0.000000,1.000000,1.000000,0.571429,1.000000,0.857143,0.857143
S1__googleapis.com-slides-v1-swagger.yaml,Google Slides,googleapis.com,S1,3.x,5,2,5,0,5,5,2,2,5,5,1.000000,0.000000,1.000000,1.000000,0.400000,1.000000,1.000000,1.000000
S1__googleapis.com-sourcerepo-v1-swagger.yaml,Cloud Source Repositories,googleapis.com,S1,3.x,11,6,11,0,11,11,6,6,11,11,1.000000,0.000000,1.000000,1.000000,0.545455,1.000000,1.000000,1.000000
S1__googleapis.com-spanner-v1-swagger.yaml,Cloud Spanner,googleapis.com,S1,3.x,28,20,28,0,28,28,19,19,28,28,1.000000,0.000000,1.000000,1.000000,0.678571,0.950000,1.000000,1.000000
S1__googleapis.com-spectrum-v1explorer-swagger.yaml,Google Spectrum Database,googleapis.com,S1,3.x,6,6,6,0,6,6,6,6,6,6,1.000000,0.000000,1.000000,1.000000,1.000000,1.000000,1.000000,1.000000
S1__googleapis.com-speech-v1beta1-swagger.yaml,Cloud Speech,googleapis.com,S1,3.x,3,2,3,0,3,3,2,2,3,3,1.000000,0.000000,1.000000,1.000000,0.666667,1.000000,1.000000,1.000000
S1__googleapis.com-speech-v1p1beta1-swagger.yaml,Cloud Speech-to-Text,googleapis.com,S1,3.x,6,2,6,0,6,6,2,2,6,6,1.000000,0.000000,1.000000,1.000000,0.333333,1.000000,1.000000,1.000000
S1__googleapis.com-sqladmin-v1beta3-swagger.yaml,Cloud SQL Administration,googleapis.com,S1,3.x,24,12,24,0,24,24,8,8,24,24,1.000000,0.000000,1.000000,1.000000,0.333333,0.666667,1.000000,1.000000
S1__googleapis.com-sqladmin-v1beta4-swagger.yaml,Cloud SQL Admin,googleapis.com,S1,3.x,44,25,44,0,44,44,19,19,44,44,1.000000,0.000000,1.000000,1.000000,0.431818,0.760000,1.000000,1.000000
S1__googleapis.com-storage-v1-swagger.yaml,Cloud Storage,googleapis.com,S1,3.x,52,26,52,0,52,52,24,24,44,45,1.000000,0.000000,1.000000,1.000000,0.461538,0.923077,0.846154,0.865385
S1__googleapis.com-storage-v1beta2-swagger.yaml,Cloud Storage,googleapis.com,S1,3.x,34,19,34,0,34,34,19,19,28,29,1.000000,0.000000,1.000000,1.000000,0.558824,1.000000,0.823529,0.852941
S1__googleapis.com-storagetransfer-v1-swagger.yaml,Storage Transfer,googleapis.com,S1,3.x,10,5,10,0,10,10,4,4,10,10,1.000000,0.000000,1.000000,1.000000,0.400000,0.800000,1.000000,1.000000
S1__googleapis.com-streetviewpublish-v1-swagger.yaml,Street View Publish,googleapis.com,S1,3.x,9,5,9,0,9,9,5,5,9,9,1.000000,0.000000,1.000000,1.000000,0.555556,1.000000,1.000000,1.000000
S1__googleapis.com-surveys-v2-swagger.yaml,Surveys,googleapis.com,S1,3.x,8,4,8,0,8,8,4,3,8,8,1.000000,0.000000,1.000000,1.000000,0.500000,0.750000,1.000000,1.000000
S1__googleapis.com-tagmanager-v1-swagger.yaml,Tag Manager,googleapis.com,S1,3.x,49,22,49,0,49,49,19,19,40,41,1.000000,0.000000,1.000000,1.000000,0.387755,0.863636,0.816327,0.836735
S1__googleapis.com-taskqueue-v1beta2-swagger.yaml,TaskQueue,googleapis.com,S1,3.x,8,4,8,0,8,8,3,3,7,7,1.000000,0.000000,1.000000,1.000000,0.375000,0.750000,0.875000,0.875000
S1__googleapis.com-tasks-v1-swagger.yaml,Tasks,googleapis.com,S1,3.x,14,8,14,0,14,14,6,6,11,11,1.000000,0.000000,1.000000,1.000000,0.428571,0.750000,0.785714,0.785714
S1__googleapis.com-testing-v1-swagger.yaml,Cloud Testing,googleapis.com,S1,3.x,5,3,5,0,5,5,2,2,5,5,1.000000,0.000000,1.000000,1.000000,0.400000,0.666667,1.000000,1.000000
S1__googleapis.com-toolresults-v1beta3-swagger.yaml,Cloud Tool Results,googleapis.com,S1,3.x,26,10,26,0,26,26,9,9,26,26,1.000000,0.000000,1.000000,1.000000,0.346154,0.900000,1.000000,1.000000
S1__googleapis.com-toolresults-v1beta3firstparty-swagger.yaml,Cloud Tool Results firstparty,googleapis.com,S1,3.x,24,10,24,0,24,24,9,9,24,24,1.000000,0.000000,1.000000,1.000000,0.375000,0.900000,1.000000,1.000000
S1__googleapis.com-tpu-v1alpha1-swagger.yaml,Cloud TPU,googleapis.com,S1,3.x,12,5,12,0,12,12,4,4,12,12,1.000000,0.000000,1.000000,1.000000,0.333333,0.800000,1.000000,1.000000
S1__googleapis.com-tracing-v2-swagger.yaml,Stackdriver Trace,googleapis.com,S1,3.x,4,2,4,0,4,4,2,2,4,4,1.000000,0.000000,1.000000,1.000000,0.500000,1.000000,1.000000,1.000000
S1__googleapis.com-translate-v2-swagger.yaml,Google Cloud Translation,googleapis.com,S1,3.x,5,2,5,0,5,5,2,2,5,5,1.000000,0.000000,1.000000,1.000000,0.400000,1.000000,1.000000,1.000000
S1__googleapis.com-translate-v3beta1-swagger.yaml,Cloud Translation,googleapis.com,S1,3.x,12,6,12,0,12,12,6,6,12,12,1.000000,0.000000,1.000000,1.000000,0.500000,1.000000,1.000000,1.000000
S1__googleapis.com-urlshortener-v1-swagger.yaml,URL Shortener,googleapis.com,S1,3.x,3,1,3,0,3,3,1,1,3,3,1.000000,0.000000,1.000000,1.000000,0.333333,1.000000,1.000000,1.000000
S1__googleapis.com-vault-v1-swagger.yaml,G Suite Vault,googleapis.com,S1,3.x,28,14,28,0,28,28,14,14,28,28,1.000000,0.000000,1.000000,1.000000,0.500000,1.000000,1.000000,1.000000
S1__googleapis.com-videointelligence-v1-swagger.yaml,Cloud Video Intelligence,googleapis.com,S1,3.x,8,3,8,0,8,8,2,2,8,8,1.000000,0.000000,1.000000,1.000000,0.250000,0.666667,1.000000,1.000000
S1__googleapis.com-vision-v1p2beta1-swagger.yaml,Cloud Vision,googleapis.com,S1,3.x,8,8,8,0,8,8,8,8,8,8,1.000000,0.000000,1.000000,1.000000,1.000000,1.000000,1.000000,1.000000
S1__googleapis.com-webmasters-v3-swagger.yaml,Search Console,googleapis.com,S1,3.x,9,3,9,0,9,9,1,1,5,5,1.000000,0.000000,1.000000,1.000000,0.111111,0.333333,0.555556,0.555556
S1__googleapis.com-websecurityscanner-v1-swagger.yaml,Web Security Scanner,googleapis.com,S1,3.x,11,4,11,0,11,11,4,4,11,11,1.000000,0.000000,1.000000,1.000000,0.363636,1.000000,1.000000,1.000000
S1__googleapis.com-youtube-v3-swagger.yaml,YouTube Data,googleapis.com,S1,3.x,73,35,73,0,73,73,27,27,54,56,1.000000,0.000000,1.000000,1.000000,0.369863,0.771429,0.739726,0.767123
S1__googleapis.com-youtubeAnalytics-v1beta1-swagger.yaml,YouTube Analytics,googleapis.com,S1,3.x,8,3,8,0,8,8,3,3,6,6,1.000000,0.000000,1.000000,1.000000,0.375000,1.000000,0.750000,0.750000
S1__googleapis.com-youtubeAnalytics-v2-swagger.yaml,YouTube Analytics,googleapis.com,S1,3.x,8,3,8,0,8,8,3,3,8,8,1.000000,0.000000,1.000000,1.000000,0.375000,1.000000,1.000000,1.000000
S1__googleapis.com-youtubereporting-v1-swagger.yaml,YouTube Reporting,googleapis.com,S1,3.x,8,1,8,0,8,8,1,1,8,8,1.000000,0.000000,1.000000,1.000000,0.125000,1.000000,1.000000,1.000000
S1__gov.bc.ca-bcdc-3.0.1-openapi.yaml,BC Data Catalogue,gov.bc.ca,S1,3.x,22,0,22,22,0,21,0,0,0,0,1.000000,1.000000,0.000000,0.954545,0.000000,,0.000000,0.000000
S1__gov.bc.ca-bcgnws-3.x.x-openapi.yaml,BC Geographical Names Web Service -,gov.bc.ca,S1,3.x,14,0,14,14,0,14,0,0,0,0,1.000000,1.000000,0.000000,1.000000,0.000000,,0.000000,0.000000
S1__gov.bc.ca-geocoder-2.0.0-openapi.yaml,Geocoder,gov.bc.ca,S1,3.x,16,0,16,16,0,16,0,0,0,0,1.000000,1.000000,0.000000,1.000000,0.000000,,0.000000,0.000000
S1__gov.bc.ca-geomark-4.1.2-openapi.yaml,GeoMark Web Service,gov.bc.ca,S1,3.x,7,2,7,7,0,6,1,1,0,1,1.000000,1.000000,0.000000,0.857143,0.142857,0.500000,0.000000,0.142857
S1__gov.bc.ca-gwells-v1-openapi.yaml,"Groundwater Wells, Aquifers and Registry",gov.bc.ca,S1,3.x,24,0,24,0,24,18,0,0,21,21,1.000000,0.000000,1.000000,0.750000,0.000000,,0.875000,0.875000
S1__gov.bc.ca-jobposting-1.0.0-openapi.yaml,WorkBC Job Posting,gov.bc.ca,S1,3.x,5,1,5,5,0,0,1,1,5,5,1.000000,1.000000,0.000000,0.000000,0.200000,1.000000,1.000000,1.000000
S1__gov.bc.ca-news-1.0-openapi.yaml,BC Gov News API Service 1.0,gov.bc.ca,S1,3.x,27,0,0,27,27,27,0,0,27,27,0.000000,1.000000,1.000000,1.000000,0.000000,,1.000000,1.000000
S1__gov.bc.ca-open511-1.0.0-openapi.yaml,DriveBC's Open511,gov.bc.ca,S1,3.x,4,0,1,4,0,4,0,0,0,0,0.250000,1.000000,0.000000,1.000000,0.000000,,0.000000,0.000000
S1__gov.bc.ca-router-2.0.0-openapi.yaml,BC Route Planner,gov.bc.ca,S1,3.x,24,12,24,24,0,24,0,0,0,0,1.000000,1.000000,0.000000,1.000000,0.000000,0.000000,0.000000,0.000000
S1__greenpeace.org-1.0.0-swagger.yaml,Greenwire Public,greenpeace.org,S1,3.x,6,0,6,0,0,6,0,0,6,6,1.000000,0.000000,0.000000,1.000000,0.000000,,1.000000,1.000000
S1__gsa.gov-0.1-swagger.yaml,Discovery Market Research,gsa.gov,S1,3.x,5,0,5,5,5,3,0,0,5,5,1.000000,1.000000,1.000000,0.600000,0.000000,,1.000000,1.000000
S1__hackathonwatch.com-0.1-swagger.yaml,HackathonWatch,hackathonwatch.com,S1,3.x,4,0,0,4,4,3,0,0,0,0,0.000000,1.000000,1.000000,0.750000,0.000000,,0.000000,0.000000
S1__haloapi.com-metadata-1.0-swagger.yaml,Metadata,haloapi.com,S1,3.x,37,0,37,37,37,37,0,0,0,0,1.000000,1.000000,1.000000,1.000000,0.000000,,0.000000,0.000000
S1__haloapi.com-profile-1.0-swagger.yaml,Profile,haloapi.com,S1,3.x,3,0,3,3,3,3,0,0,0,0,1.000000,1.000000,1.000000,1.000000,0.000000,,0.000000,0.000000
S1__haloapi.com-stats-1.0-swagger.yaml,Stats,haloapi.com,S1,3.x,28,0,28,28,28,28,0,0,0,0,1.000000,1.000000,1.000000,1.000000,0.000000,,0.000000,0.000000
S1__haloapi.com-ugc-1.0-swagger.yaml,UGC,haloapi.com,S1,3.x,4,0,4,4,4,4,0,0,0,0,1.000000,1.000000,1.000000,1.000000,0.000000,,0.000000,0.000000
S1__handwrytten.com-1.0.0-swagger.yaml,Handwrytten,handwrytten.com,S1,3.x,30,23,15,29,29,0,22,22,30,30,0.500000,0.966667,0.966667,0.000000,0.733333,0.956522,1.000000,1.000000
S1__healthcare.gov-1.0.0-swagger.yaml,Healthcare,healthcare.gov,S1,3.x,16,0,16,0,0,16,0,0,16,16,1.000000,0.000000,0.000000,1.000000,0.000000,,1.000000,1.000000
S1__here.com-tracking-2.0.0-swagger.yaml,HERE Tracking,here.com,S1,3.x,57,13,37,57,0,36,9,9,57,57,0.649123,1.000000,0.000000,0.631579,0.157895,0.692308,1.000000,1.000000
S1__hetras-certification.net-booking-v0-swagger.yaml,hetras Booking API Version 0,hetras-certification.net,S1,3.x,19,8,18,19,19,19,9,6,19,19,0.947368,1.000000,1.000000,1.000000,0.473684,0.750000,1.000000,1.000000
S1__hetras-certification.net-hotel-v0-swagger.yaml,hetras Hotel API Version 0,hetras-certification.net,S1,3.x,21,5,17,21,21,21,5,5,21,21,0.809524,1.000000,1.000000,1.000000,0.238095,1.000000,1.000000,1.000000
S1__hhs.gov-2-swagger.yaml,HHS Media Services,hhs.gov,S1,3.x,32,0,32,32,29,29,0,0,32,32,1.000000,1.000000,0.906250,0.906250,0.000000,,1.000000,1.000000
S1__highwaysengland.co.uk-v1-swagger.yaml,Highways England API,highwaysengland.co.uk,S1,3.x,10,0,2,10,4,10,0,0,10,10,0.200000,1.000000,0.400000,1.000000,0.000000,,1.000000,1.000000
S1__hillbillysoftware.com-shinobi-v1-swagger.yaml,shinobiapi,hillbillysoftware.com,S1,3.x,58,2,0,56,58,56,2,2,58,58,0.000000,0.965517,1.000000,0.965517,0.034483,1.000000,1.000000,1.000000
S1__hsbc.com-1.0.0-swagger.yaml,HSBC UK,hsbc.com,S1,3.x,19,0,19,0,0,13,0,0,19,19,1.000000,0.000000,0.000000,0.684211,0.000000,,1.000000,1.000000
S1__icons8.com-1.0.0-swagger.yaml,Use a [New Version](https://icons8.github.io/icons8-docs/) Instead,icons8.com,S1,3.x,8,2,1,8,0,6,2,2,8,8,0.125000,1.000000,0.000000,0.750000,0.250000,1.000000,1.000000,1.000000
S1__idtbeyond.com-1.1.7-swagger.yaml,Active Documentation for /v1,idtbeyond.com,S1,3.x,14,3,14,14,0,14,3,3,0,3,1.000000,1.000000,0.000000,1.000000,0.214286,1.000000,0.000000,0.214286
S1__ijenko.net-3.0.0-swagger.yaml,IoE² IoT API - to create end-user applications,ijenko.net,S1,3.x,67,31,67,67,67,56,29,29,67,67,1.000000,1.000000,1.000000,0.835821,0.432836,0.935484,1.000000,1.000000
S1__illumidesk.com-1.0-swagger.yaml,IllumiDesk,illumidesk.com,S1,3.x,143,67,8,142,143,135,58,58,134,134,0.055944,0.993007,1.000000,0.944056,0.405594,0.865672,0.937063,0.937063
S1__import.io-schedule-1.0-swagger.yaml,import.io,import.io,S1,3.x,4,1,0,4,0,2,1,1,4,4,0.000000,1.000000,0.000000,0.500000,0.250000,1.000000,1.000000,1.000000
S1__inboxroute.com-0.9-swagger.yaml,Mailsquad,inboxroute.com,S1,3.x,8,4,8,0,0,7,4,4,8,8,1.000000,0.000000,0.000000,0.875000,0.500000,1.000000,1.000000,1.000000
S1__infermedica.com-v2-swagger.yaml,Infermedica,infermedica.com,S1,3.x,16,5,16,16,16,7,5,5,16,16,1.000000,1.000000,1.000000,0.437500,0.312500,1.000000,1.000000,1.000000
S1__instagram.com-1.0.0-swagger.yaml,Instagram,instagram.com,S1,3.x,27,3,27,27,0,25,0,0,27,27,1.000000,1.000000,0.000000,0.925926,0.000000,0.000000,1.000000,1.000000
S1__instawell.com-1.0-swagger.yaml,Instawell,instawell.com,S1,3.x,8,3,8,8,8,8,3,3,8,8,1.000000,1.000000,1.000000,1.000000,0.375000,1.000000,1.000000,1.000000
S1__iqualify.com-v1-swagger.yaml,iQualify,iqualify.com,S1,3.x,64,27,55,64,0,55,26,24,59,59,0.859375,1.000000,0.000000,0.859375,0.406250,0.888889,0.921875,0.921875
S1__isbndb.com-1.0.1-swagger.yaml,ISBNdb,isbndb.com,S1,3.x,10,0,10,10,0,9,0,0,5,5,1.000000,1.000000,0.000000,0.900000,0.000000,,0.500000,0.500000
S1__isendpro.com-1.1.1-swagger.yaml,API iSendPro,isendpro.com,S1,3.x,14,12,14,14,14,5,9,9,14,14,1.000000,1.000000,1.000000,0.357143,0.642857,0.750000,1.000000,1.000000
S1__iva-api.com-2.0-swagger.yaml,Entertainment Express,iva-api.com,S1,3.x,153,12,140,132,153,153,10,10,153,153,0.915033,0.862745,1.000000,1.000000,0.065359,0.833333,1.000000,1.000000
S1__je-apis.com-2.0.0.0-swagger.yaml,Just Eat Tenant API,je-apis.com,S1,3.x,70,31,70,70,61,70,29,28,70,70,1.000000,1.000000,0.871429,1.000000,0.414286,0.903226,1.000000,1.000000
S1__jira.local-1.0.0-swagger.yaml,JIRA 7.6.1,jira.local,S1,3.x,324,118,307,0,256,261,0,0,0,0,0.947531,0.000000,0.790123,0.805556,0.000000,0.000000,0.000000,0.000000
S1__jirafe.com-2.0.0-swagger.yaml,Jirafe Events,jirafe.com,S1,3.x,6,6,0,6,6,6,6,6,0,6,0.000000,1.000000,1.000000,1.000000,1.000000,1.000000,0.000000,1.000000
S1__jokes.one-1.1-swagger.yaml,Jokes One,jokes.one,S1,3.x,12,4,12,0,0,10,0,0,4,4,1.000000,0.000000,0.000000,0.833333,0.000000,0.000000,0.333333,0.333333
S1__jumpseller.com-1-swagger.yaml,Jumpseller API,jumpseller.com,S1,3.x,104,31,4,104,0,104,30,30,104,104,0.038462,1.000000,0.000000,1.000000,0.288462,0.967742,1.000000,1.000000
S1__just-eat.co.uk-v1-swagger.yaml,Just Eat UK,just-eat.co.uk,S1,3.x,11,7,9,0,9,9,7,7,11,11,0.818182,0.000000,0.818182,0.818182,0.636364,1.000000,1.000000,1.000000
S1__keyserv.solutions-1.2.5-swagger.yaml,KeyServ,keyserv.solutions,S1,3.x,24,18,0,0,24,11,16,16,12,20,0.000000,0.000000,1.000000,0.458333,0.666667,0.888889,0.500000,0.833333
S1__kubernetes.io-v1.17.0-swagger.yaml,Kubernetes,kubernetes.io,S1,3.x,1113,384,1111,0,1113,1047,527,363,1111,1111,0.998203,0.000000,1.000000,0.940701,0.473495,0.945312,0.998203,0.998203
S1__launchdarkly.com-2.0.5-swagger.yaml,LaunchDarkly,launchdarkly.com,S1,3.x,46,15,1,45,46,37,15,15,46,46,0.021739,0.978261,1.000000,0.804348,0.326087,1.000000,1.000000,1.000000
S1__learnifier.com-1.1.0-swagger.yaml,Learnifier,learnifier.com,S1,3.x,34,11,34,34,0,29,9,9,34,34,1.000000,1.000000,0.000000,0.852941,0.264706,0.818182,1.000000,1.000000
S1__letmc.com-basic-tier-v2-basic-tier-swagger.yaml,"LetMC Api V2, Basic (Tier 2)",letmc.com,S1,3.x,45,1,0,45,21,45,1,1,45,45,0.000000,1.000000,0.466667,1.000000,0.022222,1.000000,1.000000,1.000000
S1__letmc.com-customer-v2-customer-swagger.yaml,"LetMC Api V2, Customer Login",letmc.com,S1,3.x,23,4,0,23,21,23,0,0,19,19,0.000000,1.000000,0.913043,1.000000,0.000000,0.000000,0.826087,0.826087
S1__letmc.com-diary-v3-diary-swagger.yaml,"AgentOS Api V3, diary",letmc.com,S1,3.x,8,2,0,8,8,8,2,2,8,8,0.000000,1.000000,1.000000,1.000000,0.250000,1.000000,1.000000,1.000000
S1__letmc.com-free-tier-v2-free-tier-swagger.yaml,"LetMC Api V2, Free (Tier 1)",letmc.com,S1,3.x,43,0,0,43,19,43,0,0,43,43,0.000000,1.000000,0.441860,1.000000,0.000000,,1.000000,1.000000
S1__letmc.com-reporting-v3-reporting-swagger.yaml,"LetMC Api V3, reporting",letmc.com,S1,3.x,4,0,0,4,4,4,0,0,4,4,0.000000,1.000000,1.000000,1.000000,0.000000,,1.000000,1.000000
S1__link.fish-2018-07-05-swagger.yaml,link.fish,link.fish,S1,3.x,8,0,8,8,0,8,0,0,8,8,1.000000,1.000000,0.000000,1.000000,0.000000,,1.000000,1.000000
S1__listennotes.com-2.0-openapi.yaml,Listen API: Podcast Search & Directory,listennotes.com,S1,3.x,16,3,16,16,16,16,3,3,16,16,1.000000,1.000000,1.000000,1.000000,0.187500,1.000000,1.000000,1.000000
S1__lotadata.com-2.0.0-swagger.yaml,LotaData,lotadata.com,S1,3.x,4,0,0,4,0,4,0,0,4,4,0.000000,1.000000,0.000000,1.000000,0.000000,,1.000000,1.000000
S1__lufthansa.com-partner-1.0-swagger.yaml,LH Partner,lufthansa.com,S1,3.x,16,1,16,16,16,16,0,0,16,16,1.000000,1.000000,1.000000,1.000000,0.000000,0.000000,1.000000,1.000000
S1__lufthansa.com-public-1.0-swagger.yaml,LH Public,lufthansa.com,S1,3.x,15,0,15,15,15,15,0,0,15,15,1.000000,1.000000,1.000000,1.000000,0.000000,,1.000000,1.000000
S1__lumminary.com-1.0-swagger.yaml,Lumminary,lumminary.com,S1,3.x,17,6,9,14,17,17,4,4,15,15,0.529412,0.823529,1.000000,1.000000,0.235294,0.666667,0.882353,0.882353
S1__lyft.com-1.0.0-swagger.yaml,Lyft,lyft.com,S1,3.x,16,8,16,16,16,12,8,8,16,16,1.000000,1.000000,1.000000,0.750000,0.500000,1.000000,1.000000,1.000000
S1__magento.com-2.1-swagger.yaml,Magento Enterprise,magento.com,S1,3.x,355,158,337,0,295,263,139,138,355,355,0.949296,0.000000,0.830986,0.740845,0.391549,0.873418,1.000000,1.000000
S1__magick.nu-1.0-swagger.yaml,Tradeworks,magick.nu,S1,3.x,8,4,0,8,8,5,4,4,0,4,0.000000,1.000000,1.000000,0.625000,0.500000,1.000000,0.000000,0.500000
S1__maif.local-otoroshi-1.1.2-swagger.yaml,Otoroshi Admin,maif.local,S1,3.x,52,20,52,52,52,36,20,20,52,52,1.000000,1.000000,1.000000,0.692308,0.384615,1.000000,1.000000,1.000000
S1__mandrillapp.com-1.0-swagger.yaml,Mandrill,mandrillapp.com,S1,3.x,90,90,90,0,0,0,90,90,89,90,1.000000,0.000000,0.000000,0.000000,1.000000,1.000000,0.988889,1.000000
S1__mashape.com-geodb-1.0.0-swagger.yaml,GeoDB Cities,mashape.com,S1,3.x,24,0,24,24,24,24,0,0,24,24,1.000000,1.000000,1.000000,1.000000,0.000000,,1.000000,1.000000
S1__math.tools-1.5-openapi.yaml,Numbers,math.tools,S1,3.x,26,0,26,0,0,25,0,0,0,0,1.000000,0.000000,0.000000,0.961538,0.000000,,0.000000,0.000000
S1__mcw.edu-1.1-swagger.yaml,Rat Genome Database,mcw.edu,S1,3.x,92,15,0,92,92,74,15,15,92,92,0.000000,1.000000,1.000000,0.804348,0.163043,1.000000,1.000000,1.000000
S1__medium.com-1.0.0-swagger.yaml,Medium.com,medium.com,S1,3.x,5,2,5,5,0,4,2,2,5,5,1.000000,1.000000,0.000000,0.800000,0.400000,1.000000,1.000000,1.000000
S1__mercedes-benz.com-configurator-1.0-swagger.yaml,Car Configurator,mercedes-benz.com,S1,3.x,24,1,24,15,24,24,1,1,24,24,1.000000,0.625000,1.000000,1.000000,0.041667,1.000000,1.000000,1.000000
S1__mercedes-benz.com-dealer-1.0-swagger.yaml,Dealer,mercedes-benz.com,S1,3.x,3,0,3,0,3,3,0,0,3,3,1.000000,0.000000,1.000000,1.000000,0.000000,,1.000000,1.000000
S1__mercedes-benz.com-diagnostics-1.0-swagger.yaml,Remote Diagnostic Support,mercedes-benz.com,S1,3.x,4,4,4,4,4,4,0,0,4,4,1.000000,1.000000,1.000000,1.000000,0.000000,0.000000,1.000000,1.000000
S1__mercedes-benz.com-image-1.0-swagger.yaml,Vehicle Image,mercedes-benz.com,S1,3.x,8,0,8,0,8,8,0,0,8,8,1.000000,0.000000,1.000000,1.000000,0.000000,,1.000000,1.000000
S1__miataru.com-1.0.0-swagger.yaml,Miataru,miataru.com,S1,3.x,5,4,5,0,5,1,4,4,5,5,1.000000,0.000000,1.000000,0.200000,0.800000,1.000000,1.000000,1.000000
S1__microsoft.com-cognitiveservices-ComputerVision-2.1-swagger.yaml,Computer Vision Client,microsoft.com,S1,3.x,9,8,9,0,9,6,8,8,9,9,1.000000,0.000000,1.000000,0.666667,0.888889,1.000000,1.000000,1.000000
S1__microsoft.com-cognitiveservices-ImageSearch-1.0-swagger.yaml,Image Search Client,microsoft.com,S1,3.x,3,0,0,3,3,3,0,0,3,3,0.000000,1.000000,1.000000,1.000000,0.000000,,1.000000,1.000000
S1__microsoft.com-cognitiveservices-NewsSearch-1.0-swagger.yaml,News Search Client,microsoft.com,S1,3.x,3,0,0,3,3,3,0,0,3,3,0.000000,1.000000,1.000000,1.000000,0.000000,,1.000000,1.000000
S1__microsoft.com-cognitiveservices-Prediction-1.1-swagger.yaml,PredictionEndpoint,microsoft.com,S1,3.x,4,4,0,4,4,4,4,4,4,4,0.000000,1.000000,1.000000,1.000000,1.000000,1.000000,1.000000,1.000000
S1__microsoft.com-cognitiveservices-Prediction-3.0-swagger.yaml,Custom Vision Prediction Client,microsoft.com,S1,3.x,8,8,0,8,8,8,8,8,8,8,0.000000,1.000000,1.000000,1.000000,1.000000,1.000000,1.000000,1.000000
S1__microsoft.com-cognitiveservices-Training-2.1-swagger.yaml,TrainingApi,microsoft.com,S1,3.x,41,17,13,41,41,41,12,12,34,34,0.317073,1.000000,1.000000,1.000000,0.292683,0.705882,0.829268,0.829268
S1__microsoft.com-cognitiveservices-Training-3.1-swagger.yaml,Custom Vision Training Client,microsoft.com,S1,3.x,46,21,16,46,46,46,14,14,46,46,0.347826,1.000000,1.000000,1.000000,0.304348,0.666667,1.000000,1.000000
S1__microsoft.com-cognitiveservices-VideoSearch-1.0-swagger.yaml,Video Search Client,microsoft.com,S1,3.x,3,0,0,3,3,3,0,0,3,3,0.000000,1.000000,1.000000,1.000000,0.000000,,1.000000,1.000000
S1__motaword.com-1.0-swagger.yaml,MotaWord,motaword.com,S1,3.x,47,19,43,47,47,38,15,15,47,47,0.914894,1.000000,1.000000,0.808511,0.319149,0.789474,1.000000,1.000000
S1__mozilla.com-kinto-1.22-swagger.yaml,Remote Settings,mozilla.com,S1,3.x,19,2,0,0,19,12,1,1,16,16,0.000000,0.000000,1.000000,0.631579,0.052632,0.500000,0.842105,0.842105
S1__musixmatch.com-1.1.0-swagger.yaml,Musixmatch,musixmatch.com,S1,3.x,16,0,0,0,0,16,0,0,16,16,0.000000,0.000000,0.000000,1.000000,0.000000,,1.000000,1.000000
S1__n-auth.com-0.0.3-swagger.yaml,n-Auth,n-auth.com,S1,3.x,17,9,17,17,0,16,3,3,13,13,1.000000,1.000000,0.000000,0.941176,0.176471,0.333333,0.764706,0.764706
S1__namsor.com-2.0.5-openapi.yaml,NamSor API v2,namsor.com,S1,3.x,81,24,0,81,81,45,24,24,70,70,0.000000,1.000000,1.000000,0.555556,0.296296,1.000000,0.864198,0.864198
S1__nativeads.com-1.0.0-swagger.yaml,Native Ads Publisher,nativeads.com,S1,3.x,4,1,4,0,0,3,1,1,4,4,1.000000,0.000000,0.000000,0.750000,0.250000,1.000000,1.000000,1.000000
S1__naviplancentral.com-factfinder-v1-swagger.yaml,Advicent.FactFinderService,naviplancentral.com,S1,3.x,151,50,151,0,151,131,49,49,131,131,1.000000,0.000000,1.000000,0.867550,0.324503,0.980000,0.867550,0.867550
S1__naviplancentral.com-plan-v1-swagger.yaml,NaviPlan,naviplancentral.com,S1,3.x,64,10,45,63,64,53,6,6,57,59,0.703125,0.984375,1.000000,0.828125,0.093750,0.600000,0.890625,0.921875
S1__nba.com-1.0.0-swagger.yaml,NBA Stats,nba.com,S1,3.x,91,0,0,0,0,91,0,0,0,0,0.000000,0.000000,0.000000,1.000000,0.000000,,0.000000,0.000000
S1__nebl.io-1.2.1-swagger.yaml,Neblio REST API Suite,nebl.io,S1,3.x,49,10,49,49,49,37,10,10,49,49,1.000000,1.000000,1.000000,0.755102,0.204082,1.000000,1.000000,1.000000
S1__neowsapp.com-1.0-swagger.yaml,NeoWs - (Near Earth Object Web Service),neowsapp.com,S1,3.x,7,0,7,7,7,6,0,0,7,7,1.000000,1.000000,1.000000,0.857143,0.000000,,1.000000,1.000000
S1__netatmo.net-1.1.1-swagger.yaml,Netatmo,netatmo.net,S1,3.x,20,4,20,0,20,18,2,2,20,20,1.000000,0.000000,1.000000,0.900000,0.100000,0.500000,1.000000,1.000000
S1__netlicensing.io-2.x-swagger.yaml,Labs64 NetLicensing RESTful API Test Center,netlicensing.io,S1,3.x,40,16,40,40,40,23,16,16,40,40,1.000000,1.000000,1.000000,0.575000,0.400000,1.000000,1.000000,1.000000
S1__netlify.com-0.1.0-swagger.yaml,Netlify's API definition,netlify.com,S1,3.x,75,30,0,0,75,68,16,16,74,74,0.000000,0.000000,1.000000,0.906667,0.213333,0.533333,0.986667,0.986667
S1__neutrinoapi.com-3.3.5-swagger.yaml,NeutrinoAPI,neutrinoapi.com,S1,3.x,26,26,26,26,26,2,25,25,26,26,1.000000,1.000000,1.000000,0.076923,0.961538,0.961538,1.000000,1.000000
S1__nexmo.com-account-1.0.0-openapi.yaml,Nexmo Account,nexmo.com,S1,3.x,7,3,3,7,7,7,3,3,7,7,0.428571,1.000000,1.000000,1.000000,0.428571,1.000000,1.000000,1.000000
S1__nexmo.com-application-1.0.2-openapi.yaml,Nexmo Application,nexmo.com,S1,3.x,5,2,5,5,5,4,2,2,4,4,1.000000,1.000000,1.000000,0.800000,0.400000,1.000000,0.800000,0.800000
S1__nexmo.com-external-accounts-0.1.1-openapi.yaml,External Accounts,nexmo.com,S1,3.x,9,3,0,9,9,8,3,3,9,9,0.000000,1.000000,1.000000,0.888889,0.333333,1.000000,1.000000,1.000000
S1__nexmo.com-media-1.0.0-openapi.yaml,Media,nexmo.com,S1,3.x,4,1,4,4,4,1,1,1,2,3,1.000000,1.000000,1.000000,0.250000,0.250000,1.000000,0.500000,0.750000
S1__nexmo.com-messages-1.0.2-openapi.yaml,Nexmo Message Search,nexmo.com,S1,3.x,3,0,3,3,3,3,0,0,3,3,1.000000,1.000000,1.000000,1.000000,0.000000,,1.000000,1.000000
S1__nexmo.com-number-insight-1.0.4-openapi.yaml,Number Insight,nexmo.com,S1,3.x,4,0,4,4,4,4,0,0,4,4,1.000000,1.000000,1.000000,1.000000,0.000000,,1.000000,1.000000
S1__nexmo.com-numbers-1.0.10-openapi.yaml,Numbers,nexmo.com,S1,3.x,5,3,5,5,5,2,3,3,5,5,1.000000,1.000000,1.000000,0.400000,0.600000,1.000000,1.000000,1.000000
S1__nexmo.com-stitch-1.6.0-openapi.yaml,Nexmo Stitch,nexmo.com,S1,3.x,22,7,0,22,22,18,7,7,22,22,0.000000,1.000000,1.000000,0.818182,0.318182,1.000000,1.000000,1.000000
S1__nexmo.com-subaccounts-1.0.2-openapi.yaml,Subaccounts,nexmo.com,S1,3.x,8,4,8,8,8,8,4,4,8,8,1.000000,1.000000,1.000000,1.000000,0.500000,1.000000,1.000000,1.000000
S1__nexmo.com-verify-1.0.6-openapi.yaml,Nexmo Verify,nexmo.com,S1,3.x,4,0,4,4,4,4,0,0,4,4,1.000000,1.000000,1.000000,1.000000,0.000000,,1.000000,1.000000
S1__nexmo.com-voice-1.2.0-openapi.yaml,Voice,nexmo.com,S1,3.x,9,5,9,9,9,8,5,5,8,9,1.000000,1.000000,1.000000,0.888889,0.555556,1.000000,0.888889,1.000000
S1__nfusionsolutions.biz-1-swagger.yaml,nFusion Solutions Market Data API v1,nfusionsolutions.biz,S1,3.x,17,0,14,17,17,17,0,0,17,17,0.823529,1.000000,1.000000,1.000000,0.000000,,1.000000,1.000000
S1__noosh.com-1.0-swagger.yaml,Noosh API application,noosh.com,S1,3.x,63,10,63,63,61,63,10,10,63,63,1.000000,1.000000,0.968254,1.000000,0.158730,1.000000,1.000000,1.000000
S1__npr.org-authorization-2-swagger.yaml,NPR Authorization Service,npr.org,S1,3.x,4,3,4,4,4,2,3,3,4,4,1.000000,1.000000,1.000000,0.500000,0.750000,1.000000,1.000000,1.000000
S1__npr.org-identity-2-swagger.yaml,NPR Identity Service,npr.org,S1,3.x,4,3,4,4,4,4,2,2,4,4,1.000000,1.000000,1.000000,1.000000,0.500000,0.666667,1.000000,1.000000
S1__npr.org-listening-2-swagger.yaml,NPR Listening Service,npr.org,S1,3.x,9,1,9,9,9,9,1,1,9,9,1.000000,1.000000,1.000000,1.000000,0.111111,1.000000,1.000000,1.000000
S1__nrel.gov-transportation-incentives-laws-0.1.0-swagger.yaml,Transportation Laws and Incentives,nrel.gov,S1,3.x,4,0,0,4,0,4,0,0,4,4,0.000000,1.000000,0.000000,1.000000,0.000000,,1.000000,1.000000
S1__nsidc.org-1.0.0-swagger.yaml,NSIDC Web Service Documentation Index,nsidc.org,S1,3.x,4,0,3,4,4,3,0,0,4,4,0.750000,1.000000,1.000000,0.750000,0.000000,,1.000000,1.000000
S1__nytimes.com-books_api-3.0.0-swagger.yaml,Books,nytimes.com,S1,3.x,6,0,0,6,6,6,0,0,6,6,0.000000,1.000000,1.000000,1.000000,0.000000,,1.000000,1.000000
S1__nytimes.com-movie_reviews-2.0.0-swagger.yaml,Movie Reviews,nytimes.com,S1,3.x,3,0,0,0,0,3,0,0,3,3,0.000000,0.000000,0.000000,1.000000,0.000000,,1.000000,1.000000
S1__nytimes.com-timeswire-3.0.0-swagger.yaml,Times Newswire,nytimes.com,S1,3.x,3,0,0,0,0,3,0,0,3,3,0.000000,0.000000,0.000000,1.000000,0.000000,,1.000000,1.000000
S1__o2.cz-sociodemo-1.2.0-swagger.yaml,Socio-demo,o2.cz,S1,3.x,3,0,2,3,3,2,0,0,3,3,0.666667,1.000000,1.000000,0.666667,0.000000,,1.000000,1.000000
S1__obono.at-1.4.0.0-swagger.yaml,obono RKSV,obono.at,S1,3.x,18,2,9,0,6,17,2,2,6,8,0.500000,0.000000,0.333333,0.944444,0.111111,1.000000,0.333333,0.444444
S1__oceandrivers.com-1.0-swagger.yaml,ODWeather,oceandrivers.com,S1,3.x,10,0,10,0,10,9,0,0,0,0,1.000000,0.000000,1.000000,0.900000,0.000000,,0.000000,0.000000
S1__openalpr.com-2.0.1-swagger.yaml,OpenALPR Cloud,openalpr.com,S1,3.x,4,3,4,0,4,3,2,2,4,4,1.000000,0.000000,1.000000,0.750000,0.500000,0.666667,1.000000,1.000000
S1__openapi-converter.herokuapp.com-1.0.0-swagger.yaml,Swagger2OpenAPI Converter,openapi-converter.herokuapp.com,S1,3.x,5,2,0,5,5,3,2,2,4,4,0.000000,1.000000,1.000000,0.600000,0.400000,1.000000,0.800000,0.800000
S1__openapi.space-1.0.0-swagger.yaml,OpenAPI space,openapi.space,S1,3.x,15,8,1,15,15,9,5,5,13,13,0.066667,1.000000,1.000000,0.600000,0.333333,0.625000,0.866667,0.866667
S1__opendatanetwork.com-1.0.0-swagger.yaml,ODN,opendatanetwork.com,S1,3.x,9,0,0,9,0,9,0,0,0,0,0.000000,1.000000,0.000000,1.000000,0.000000,,0.000000,0.000000
S1__opendatasoft.com-2.1.0-swagger.yaml,opendatasoft,opendatasoft.com,S1,3.x,34,1,34,0,34,32,1,1,30,31,1.000000,0.000000,1.000000,0.941176,0.029412,1.000000,0.882353,0.911765
S1__openfintech.io-2017-08-24-swagger.yaml,OpenFinTech.io,openfintech.io,S1,3.x,18,0,18,18,0,18,0,0,18,18,1.000000,1.000000,0.000000,1.000000,0.000000,,1.000000,1.000000
S1__openlinksw.com-osdb-1.0.0-openapi.yaml,OSDB REST API v1,openlinksw.com,S1,3.x,10,2,10,10,10,6,2,2,10,10,1.000000,1.000000,1.000000,0.600000,0.200000,1.000000,1.000000,1.000000
S1__openstf.io-2.3.0-swagger.yaml,Smartphone Test Farm,openstf.io,S1,3.x,10,2,10,10,10,7,1,1,10,10,1.000000,1.000000,1.000000,0.700000,0.100000,0.500000,1.000000,1.000000
S1__opentargets.io-19.02.1-swagger.yaml,Open Targets Platform,opentargets.io,S1,3.x,31,9,31,31,31,14,9,9,0,9,1.000000,1.000000,1.000000,0.451613,0.290323,1.000000,0.000000,0.290323
S1__opentrials.local-0.0.1-swagger.yaml,OpenTrials,opentrials.local,S1,3.x,17,0,17,0,17,15,0,0,17,17,1.000000,0.000000,1.000000,0.882353,0.000000,,1.000000,1.000000
S1__opto22.com-groov-R3.3a-swagger.yaml,groov Public,opto22.com,S1,3.x,8,2,8,0,8,3,0,0,8,8,1.000000,0.000000,1.000000,0.375000,0.000000,0.000000,1.000000,1.000000
S1__opto22.com-pac-R1.0a-swagger.yaml,PAC Control,opto22.com,S1,3.x,55,17,55,0,55,38,17,17,55,55,1.000000,0.000000,1.000000,0.690909,0.309091,1.000000,1.000000,1.000000
S1__orghunter.com-1.0.0-swagger.yaml,OrgHunter,orghunter.com,S1,3.x,6,6,6,6,2,5,0,0,0,0,1.000000,1.000000,0.333333,0.833333,0.000000,0.000000,0.000000,0.000000
S1__ornl.gov-daymet-1.0.2-swagger.yaml,Daymet Single Pixel Tool,ornl.gov,S1,3.x,4,0,4,4,0,4,0,0,0,0,1.000000,1.000000,0.000000,1.000000,0.000000,,0.000000,0.000000
S1__osf.io-2.0-swagger.yaml,OSF APIv2 Documentation,osf.io,S1,3.x,153,31,153,153,146,128,30,30,111,137,1.000000,1.000000,0.954248,0.836601,0.196078,0.967742,0.725490,0.895425
S1__osisoft.com-1.11.1.5383-swagger.yaml,PI Web API 2018 SP1 Swagger Spec,osisoft.com,S1,3.x,413,114,80,413,413,404,103,103,266,360,0.193705,1.000000,1.000000,0.978208,0.249395,0.903509,0.644068,0.871671
S1__owler.com-1.0.0-swagger.yaml,Owler,owler.com,S1,3.x,13,0,13,13,3,13,0,0,13,13,1.000000,1.000000,0.230769,1.000000,0.000000,,1.000000,1.000000
S1__pandorabots.com-1.0.0-swagger.yaml,Pandorabots AIaaS,pandorabots.com,S1,3.x,13,5,13,13,13,13,2,2,0,2,1.000000,1.000000,1.000000,1.000000,0.153846,0.400000,0.000000,0.153846
S1__patientview.org-1.0-swagger.yaml,PatientView,patientview.org,S1,3.x,15,4,15,15,15,11,4,4,11,14,1.000000,1.000000,1.000000,0.733333,0.266667,1.000000,0.733333,0.933333
S1__patrowl.local-1.0.0-openapi.yaml,Swagger API-REST for Patrowl Engines,patrowl.local,S1,3.x,12,1,12,12,12,4,1,1,10,10,1.000000,1.000000,1.000000,0.333333,0.083333,1.000000,0.833333,0.833333
S1__payments.service.gov.uk-payments-1.0.3-swagger.yaml,GOV.UK Pay,payments.service.gov.uk,S1,3.x,16,6,16,16,16,13,4,4,16,16,1.000000,1.000000,1.000000,0.812500,0.250000,0.666667,1.000000,1.000000
S1__payrun.io-19.20.3.207-swagger.yaml,PayRun.IO,payrun.io,S1,3.x,298,58,298,298,298,298,43,43,298,298,1.000000,1.000000,1.000000,1.000000,0.144295,0.741379,1.000000,1.000000
S1__peel-ci.com-1.0.0-swagger.yaml,Peel Tune-in API,peel-ci.com,S1,3.x,4,0,3,4,4,4,0,0,0,0,0.750000,1.000000,1.000000,1.000000,0.000000,,0.000000,0.000000
S1__personio.de-personnel-1.0-swagger.yaml,Personnel Data,personio.de,S1,3.x,13,4,13,1,0,9,4,4,13,13,1.000000,0.076923,0.000000,0.692308,0.307692,1.000000,1.000000,1.000000
S1__pims.io-1.0-swagger.yaml,Pims,pims.io,S1,3.x,28,0,0,28,28,28,0,0,28,28,0.000000,1.000000,1.000000,1.000000,0.000000,,1.000000,1.000000
S1__polygon.io-1.0.0-swagger.yaml,Polygon,polygon.io,S1,3.x,10,0,10,10,0,9,0,0,10,10,1.000000,1.000000,0.000000,0.900000,0.000000,,1.000000,1.000000
S1__postmarkapp.com-account-0.9.0-swagger.yaml,Postmark Account-level,postmarkapp.com,S1,3.x,23,14,2,23,23,23,7,7,23,23,0.086957,1.000000,1.000000,1.000000,0.304348,0.500000,1.000000,1.000000
S1__postmarkapp.com-server-1.0.0-swagger.yaml,Postmark,postmarkapp.com,S1,3.x,49,14,0,49,47,49,11,11,49,49,0.000000,1.000000,0.959184,1.000000,0.224490,0.785714,1.000000,1.000000
S1__posty-api.herokuapp.com-v1-swagger.yaml,posty_API,posty-api.herokuapp.com,S1,3.x,28,10,0,28,28,22,0,0,0,0,0.000000,1.000000,1.000000,0.785714,0.000000,0.000000,0.000000,0.000000
S1__ptv.vic.gov.au-v3-swagger.yaml,PTV Timetable API - Version 3,ptv.vic.gov.au,S1,3.x,25,0,0,25,25,25,0,0,25,25,0.000000,1.000000,1.000000,1.000000,0.000000,,1.000000,1.000000
S1__qualpay.com-1.7.0-swagger.yaml,Qualpay Payment Gateway,qualpay.com,S1,3.x,16,16,12,16,16,5,12,12,16,16,0.750000,1.000000,1.000000,0.312500,0.750000,0.750000,1.000000,1.000000
S1__quotes.rest-2.1-swagger.yaml,They Said So Quotes,quotes.rest,S1,3.x,22,8,22,0,0,22,0,0,4,4,1.000000,0.000000,0.000000,1.000000,0.000000,0.000000,0.181818,0.181818
S1__rapidapi.com-football-prediction-2-openapi.yaml,Football Prediction,rapidapi.com,S1,3.x,5,0,5,0,0,5,0,0,5,5,1.000000,0.000000,0.000000,1.000000,0.000000,,1.000000,1.000000
S1__rbaskets.in-1.0.0-swagger.yaml,Request Baskets,rbaskets.in,S1,3.x,20,6,20,20,0,19,6,6,12,16,1.000000,1.000000,0.000000,0.950000,0.300000,1.000000,0.600000,0.800000
S1__rebilly.com-2.1-swagger.yaml,Rebilly,rebilly.com,S1,3.x,149,68,142,149,0,120,60,60,149,149,0.953020,1.000000,0.000000,0.805369,0.402685,0.882353,1.000000,1.000000
S1__receptive.io-1.0.0-swagger.yaml,Receptive,receptive.io,S1,3.x,28,10,10,27,0,22,10,10,12,21,0.357143,0.964286,0.000000,0.785714,0.357143,1.000000,0.428571,0.750000
S1__redirection.io-1.1.0-swagger.yaml,redirection.io,redirection.io,S1,3.x,89,35,0,89,87,68,35,35,81,81,0.000000,1.000000,0.977528,0.764045,0.393258,1.000000,0.910112,0.910112
S1__refugerestrooms.org-0.0.1-swagger.yaml,API title,refugerestrooms.org,S1,3.x,4,0,4,0,4,4,0,0,0,0,1.000000,0.000000,1.000000,1.000000,0.000000,,0.000000,0.000000
S1__reloadly.com-1.0.0-swagger.yaml,Reloadly Topup,reloadly.com,S1,3.x,14,1,9,14,0,14,0,0,0,0,0.642857,1.000000,0.000000,1.000000,0.000000,0.000000,0.000000,0.000000
S1__reverb.com-3.0-swagger.yaml,reverb,reverb.com,S1,3.x,162,45,149,149,0,107,21,21,0,21,0.919753,0.919753,0.000000,0.660494,0.129630,0.466667,0.000000,0.129630
S1__ritc.io-1.0.0-swagger.yaml,Ritc,ritc.io,S1,3.x,66,27,66,0,66,43,23,23,66,66,1.000000,0.000000,1.000000,0.651515,0.348485,0.851852,1.000000,1.000000
S1__ritekit.com-1.0.0-swagger.yaml,RiteKit,ritekit.com,S1,3.x,13,0,13,13,0,12,0,0,0,0,1.000000,1.000000,0.000000,0.923077,0.000000,,0.000000,0.000000
S1__roaring.io-1.0-swagger.yaml,CompanyAPI,roaring.io,S1,3.x,11,5,0,0,0,11,5,5,10,10,0.000000,0.000000,0.000000,1.000000,0.454545,1.000000,0.909091,0.909091
S1__rottentomatoes.com-1.0-swagger.yaml,Rotten Tomatoes,rottentomatoes.com,S1,3.x,18,0,0,0,18,15,0,0,0,0,0.000000,0.000000,1.000000,0.833333,0.000000,,0.000000,0.000000
S1__rummblelabs.com-1.0.0-swagger.yaml,Seldon,rummblelabs.com,S1,3.x,15,5,0,15,15,15,5,5,0,5,0.000000,1.000000,1.000000,1.000000,0.333333,1.000000,0.000000,0.333333
S1__runscope.com-1.0.0-swagger.yaml,Runscope,runscope.com,S1,3.x,29,10,4,29,0,26,9,9,21,25,0.137931,1.000000,0.000000,0.896552,0.310345,0.900000,0.724138,0.862069
S1__salesloft.com-v2-swagger.yaml,SalesLoft Platform,salesloft.com,S1,3.x,60,13,59,60,0,51,12,12,54,54,0.983333,1.000000,0.000000,0.850000,0.200000,0.923077,0.900000,0.900000
S1__schooldigger.com-v1-swagger.yaml,SchoolDigger API V1,schooldigger.com,S1,3.x,6,0,4,6,6,6,0,0,6,6,0.666667,1.000000,1.000000,1.000000,0.000000,,1.000000,1.000000
S1__scrapewebsite.email-0.1-swagger.yaml,Scrape Website Email API,scrapewebsite.email,S1,3.x,3,0,1,3,3,2,0,0,0,0,0.333333,1.000000,1.000000,0.666667,0.000000,,0.000000,0.000000
S1__semantria.com-4.0-swagger.yaml,Semantria,semantria.com,S1,3.x,41,17,41,41,41,41,23,17,32,38,1.000000,1.000000,1.000000,1.000000,0.560976,1.000000,0.780488,0.926829
S1__setlist.fm-1.0-swagger.yaml,setlist.fm,setlist.fm,S1,3.x,15,0,15,15,15,14,0,0,15,15,1.000000,1.000000,1.000000,0.933333,0.000000,,1.000000,1.000000
S1__sheerseo.com-0.0.1-swagger.yaml,SheerSEO,sheerseo.com,S1,3.x,4,4,4,0,4,0,4,4,4,4,1.000000,0.000000,1.000000,0.000000,1.000000,1.000000,1.000000,1.000000
S1__sheetlabs.com-rig-veda-1.1-swagger.yaml,rv,sheetlabs.com,S1,3.x,7,0,0,7,0,6,0,0,0,0,0.000000,1.000000,0.000000,0.857143,0.000000,,0.000000,0.000000
S1__sheetlabs.com-vedic-society-1.1-swagger.yaml,vs,sheetlabs.com,S1,3.x,4,0,0,4,0,3,0,0,0,0,0.000000,1.000000,0.000000,0.750000,0.000000,,0.000000,0.000000
S1__skynewz-api-fortnite.herokuapp.com-3.1.5-swagger.yaml,FORTNITE,skynewz-api-fortnite.herokuapp.com,S1,3.x,9,1,0,9,0,4,1,1,9,9,0.000000,1.000000,0.000000,0.444444,0.111111,1.000000,1.000000,1.000000
S1__slicebox.local-2.0-swagger.yaml,Slicebox,slicebox.local,S1,3.x,118,42,118,0,0,83,38,38,73,86,1.000000,0.000000,0.000000,0.703390,0.322034,0.904762,0.618644,0.728814
S1__slideroom.com-v2-swagger.yaml,SlideRoom API V2,slideroom.com,S1,3.x,11,4,4,11,11,9,2,2,11,11,0.363636,1.000000,1.000000,0.818182,0.181818,0.500000,1.000000,1.000000
S1__smart-me.com-v1-swagger.yaml,smart-me,smart-me.com,S1,3.x,42,14,32,38,32,21,11,11,36,41,0.761905,0.904762,0.761905,0.500000,0.261905,0.785714,0.857143,0.976190
S1__solarvps.com-1.0.0-swagger.yaml,Solar VPS,solarvps.com,S1,3.x,20,7,19,20,0,14,0,0,0,0,0.950000,1.000000,0.000000,0.700000,0.000000,0.000000,0.000000,0.000000
S1__sonar.trading-1.0-swagger.yaml,Sonar Trading,sonar.trading,S1,3.x,4,0,0,4,0,4,0,0,0,0,0.000000,1.000000,0.000000,1.000000,0.000000,,0.000000,0.000000
S1__spinbot.net-1.0-swagger.yaml,Article Rewriter and Article Extractor,spinbot.net,S1,3.x,4,3,4,4,4,1,3,3,4,4,1.000000,1.000000,1.000000,0.250000,0.750000,1.000000,1.000000,1.000000
S1__spinitron.com-1.0.0-swagger.yaml,Spinitron v2,spinitron.com,S1,3.x,9,1,6,9,0,8,1,1,9,9,0.666667,1.000000,0.000000,0.888889,0.111111,1.000000,1.000000,1.000000
S1__sportsdata.io-cbb-v3-scores-1.0-swagger.yaml,CBB v3 Scores,sportsdata.io,S1,3.x,13,0,1,13,13,13,0,0,13,13,0.076923,1.000000,1.000000,1.000000,0.000000,,1.000000,1.000000
S1__sportsdata.io-cbb-v3-stats-1.0-swagger.yaml,CBB v3 Stats,sportsdata.io,S1,3.x,23,0,1,23,23,23,0,0,23,23,0.043478,1.000000,1.000000,1.000000,0.000000,,1.000000,1.000000
S1__sportsdata.io-cfb-v3-scores-1.0-swagger.yaml,CFB v3 Scores,sportsdata.io,S1,3.x,13,0,1,13,13,13,0,0,13,13,0.076923,1.000000,1.000000,1.000000,0.000000,,1.000000,1.000000
S1__sportsdata.io-csgo-v3-scores-1.0-swagger.yaml,CS:GO v3 Scores,sportsdata.io,S1,3.x,16,0,16,16,16,16,0,0,16,16,1.000000,1.000000,1.000000,1.000000,0.000000,,1.000000,1.000000
S1__sportsdata.io-csgo-v3-stats-1.0-swagger.yaml,CS:GO v3 Stats,sportsdata.io,S1,3.x,18,0,18,18,18,18,0,0,18,18,1.000000,1.000000,1.000000,1.000000,0.000000,,1.000000,1.000000
S1__sportsdata.io-golf-v2-1.0-swagger.yaml,Golf v2,sportsdata.io,S1,3.x,14,0,0,14,14,14,0,0,14,14,0.000000,1.000000,1.000000,1.000000,0.000000,,1.000000,1.000000
S1__sportsdata.io-lol-v3-scores-1.0-swagger.yaml,LoL v3 Scores,sportsdata.io,S1,3.x,16,0,16,16,16,16,0,0,16,16,1.000000,1.000000,1.000000,1.000000,0.000000,,1.000000,1.000000
S1__sportsdata.io-lol-v3-stats-1.0-swagger.yaml,LoL v3 Stats,sportsdata.io,S1,3.x,21,0,21,21,21,21,0,0,21,21,1.000000,1.000000,1.000000,1.000000,0.000000,,1.000000,1.000000
S1__sportsdata.io-mlb-v3-projections-1.0-swagger.yaml,MLB v3 Projections,sportsdata.io,S1,3.x,4,0,0,4,4,4,0,0,4,4,0.000000,1.000000,1.000000,1.000000,0.000000,,1.000000,1.000000
S1__sportsdata.io-mlb-v3-rotoballer-articles-1.0-swagger.yaml,MLB v3 RotoBaller Articles,sportsdata.io,S1,3.x,3,0,0,3,3,3,0,0,3,3,0.000000,1.000000,1.000000,1.000000,0.000000,,1.000000,1.000000
S1__sportsdata.io-mlb-v3-rotoballer-premium-news-1.0-swagger.yaml,MLB v3 RotoBaller Premium News,sportsdata.io,S1,3.x,3,0,0,3,3,3,0,0,3,3,0.000000,1.000000,1.000000,1.000000,0.000000,,1.000000,1.000000
S1__sportsdata.io-mlb-v3-scores-1.0-swagger.yaml,MLB v3 Scores,sportsdata.io,S1,3.x,17,0,1,17,17,17,0,0,17,17,0.058824,1.000000,1.000000,1.000000,0.000000,,1.000000,1.000000
S1__sportsdata.io-mlb-v3-stats-1.0-swagger.yaml,MLB v3 Stats,sportsdata.io,S1,3.x,32,0,1,32,32,32,0,0,32,32,0.031250,1.000000,1.000000,1.000000,0.000000,,1.000000,1.000000
S1__sportsdata.io-nascar-v2-1.0-swagger.yaml,NASCAR v2,sportsdata.io,S1,3.x,6,0,0,6,6,6,0,0,6,6,0.000000,1.000000,1.000000,1.000000,0.000000,,1.000000,1.000000
S1__sportsdata.io-nba-v3-projections-1.0-swagger.yaml,NBA v3 Projections,sportsdata.io,S1,3.x,6,0,0,6,6,6,0,0,6,6,0.000000,1.000000,1.000000,1.000000,0.000000,,1.000000,1.000000
S1__sportsdata.io-nba-v3-rotoballer-articles-1.0-swagger.yaml,NBA v3 RotoBaller Articles,sportsdata.io,S1,3.x,3,0,0,3,3,3,0,0,3,3,0.000000,1.000000,1.000000,1.000000,0.000000,,1.000000,1.000000
S1__sportsdata.io-nba-v3-rotoballer-premium-news-1.0-swagger.yaml,NBA v3 RotoBaller Premium News,sportsdata.io,S1,3.x,3,0,0,3,3,3,0,0,3,3,0.000000,1.000000,1.000000,1.000000,0.000000,,1.000000,1.000000
S1__sportsdata.io-nba-v3-scores-1.0-swagger.yaml,NBA v3 Scores,sportsdata.io,S1,3.x,16,0,1,16,16,16,0,0,16,16,0.062500,1.000000,1.000000,1.000000,0.000000,,1.000000,1.000000
S1__sportsdata.io-nba-v3-stats-1.0-swagger.yaml,NBA v3 Stats,sportsdata.io,S1,3.x,28,0,1,28,28,28,0,0,28,28,0.035714,1.000000,1.000000,1.000000,0.000000,,1.000000,1.000000
S1__sportsdata.io-nfl-v3-play-by-play-1.0-swagger.yaml,NFL v3 Play-by-Play,sportsdata.io,S1,3.x,3,0,1,3,3,3,0,0,3,3,0.333333,1.000000,1.000000,1.000000,0.000000,,1.000000,1.000000
S1__sportsdata.io-nfl-v3-projections-1.0-swagger.yaml,NFL v3 Projections,sportsdata.io,S1,3.x,13,0,0,13,13,13,0,0,13,13,0.000000,1.000000,1.000000,1.000000,0.000000,,1.000000,1.000000
S1__sportsdata.io-nfl-v3-rotoballer-articles-1.0-swagger.yaml,NFL v3 RotoBaller Articles,sportsdata.io,S1,3.x,3,0,0,3,3,3,0,0,3,3,0.000000,1.000000,1.000000,1.000000,0.000000,,1.000000,1.000000
S1__sportsdata.io-nfl-v3-rotoballer-premium-news-1.0-swagger.yaml,NFL v3 RotoBaller Premium News,sportsdata.io,S1,3.x,4,0,0,4,4,4,0,0,4,4,0.000000,1.000000,1.000000,1.000000,0.000000,,1.000000,1.000000
S1__sportsdata.io-nfl-v3-scores-1.0-swagger.yaml,NFL v3 Scores,sportsdata.io,S1,3.x,32,0,18,32,32,32,0,0,32,32,0.562500,1.000000,1.000000,1.000000,0.000000,,1.000000,1.000000
S1__sportsdata.io-nfl-v3-stats-1.0-swagger.yaml,NFL v3 Stats,sportsdata.io,S1,3.x,73,0,26,73,73,73,0,0,73,73,0.356164,1.000000,1.000000,1.000000,0.000000,,1.000000,1.000000
S1__sportsdata.io-nhl-v3-projections-1.0-swagger.yaml,NHL v3 Projections,sportsdata.io,S1,3.x,3,0,0,3,3,3,0,0,3,3,0.000000,1.000000,1.000000,1.000000,0.000000,,1.000000,1.000000
S1__sportsdata.io-nhl-v3-scores-1.0-swagger.yaml,NHL v3 Scores,sportsdata.io,S1,3.x,17,0,1,17,17,17,0,0,17,17,0.058824,1.000000,1.000000,1.000000,0.000000,,1.000000,1.000000
S1__sportsdata.io-nhl-v3-stats-1.0-swagger.yaml,NHL v3 Stats,sportsdata.io,S1,3.x,28,0,1,28,28,28,0,0,28,28,0.035714,1.000000,1.000000,1.000000,0.000000,,1.000000,1.000000
S1__sportsdata.io-soccer-v3-projections-1.0-swagger.yaml,Soccer v3 Projections,sportsdata.io,S1,3.x,3,0,0,3,3,3,0,0,3,3,0.000000,1.000000,1.000000,1.000000,0.000000,,1.000000,1.000000
S1__sportsdata.io-soccer-v3-scores-1.0-swagger.yaml,Soccer v3 Scores,sportsdata.io,S1,3.x,23,0,0,23,23,23,0,0,23,23,0.000000,1.000000,1.000000,1.000000,0.000000,,1.000000,1.000000
S1__sportsdata.io-soccer-v3-stats-1.0-swagger.yaml,Soccer v3 Stats,sportsdata.io,S1,3.x,33,0,0,33,33,33,0,0,33,33,0.000000,1.000000,1.000000,1.000000,0.000000,,1.000000,1.000000
S1__spotify.com-v1-swagger.yaml,Spotify,spotify.com,S1,3.x,37,7,37,0,0,36,5,4,30,32,1.000000,0.000000,0.000000,0.972973,0.135135,0.571429,0.810811,0.864865
S1__squareup.com-2.0-swagger.yaml,Square Connect,squareup.com,S1,3.x,96,43,95,96,90,81,39,39,96,96,0.989583,1.000000,0.937500,0.843750,0.406250,0.906977,1.000000,1.000000
S1__stackexchange.com-2.0-swagger.yaml,StackExchange,stackexchange.com,S1,3.x,124,3,124,0,0,124,0,0,123,123,1.000000,0.000000,0.000000,1.000000,0.000000,0.000000,0.991935,0.991935
S1__staging-ecotaco.com-1.0.0-swagger.yaml,api.ecota.co v2,staging-ecotaco.com,S1,3.x,27,11,4,27,0,26,0,0,0,0,0.148148,1.000000,0.000000,0.962963,0.000000,0.000000,0.000000,0.000000
S1__statsocial.com-1.0.0-swagger.yaml,StatSocial Platform,statsocial.com,S1,3.x,17,8,17,17,0,17,0,0,17,17,1.000000,1.000000,0.000000,1.000000,0.000000,0.000000,1.000000,1.000000
S1__storecove.com-2.0.1-swagger.yaml,Storecove,storecove.com,S1,3.x,21,9,21,21,21,15,9,9,17,17,1.000000,1.000000,1.000000,0.714286,0.428571,1.000000,0.809524,0.809524
S1__stripe.com-2019-09-09-swagger.yaml,Stripe,stripe.com,S1,3.x,348,153,343,0,348,297,157,153,348,348,0.985632,0.000000,1.000000,0.853448,0.451149,1.000000,1.000000,1.000000
S1__surrey.ca-open511-0.1-swagger.yaml,City of Surrey Open511,surrey.ca,S1,3.x,4,0,4,0,0,4,0,0,0,0,1.000000,0.000000,0.000000,1.000000,0.000000,,0.000000,0.000000
S1__swagger.io-generator-2.4.8-swagger.yaml,Swagger Generator,swagger.io,S1,3.x,7,2,3,7,7,5,2,2,7,7,0.428571,1.000000,1.000000,0.714286,0.285714,1.000000,1.000000,1.000000
S1__swaggerhub.com-1.0.47-swagger.yaml,SwaggerHub Registry,swaggerhub.com,S1,3.x,24,3,3,24,24,24,3,3,16,19,0.125000,1.000000,1.000000,1.000000,0.125000,1.000000,0.666667,0.791667
S1__synq.fm-1.9.1-swagger.yaml,SYNQ Video,synq.fm,S1,3.x,7,7,7,7,7,0,7,7,7,7,1.000000,1.000000,1.000000,0.000000,1.000000,1.000000,1.000000,1.000000
S1__taggun.io-1.2.221-swagger.yaml,taggun.io,taggun.io,S1,3.x,10,10,0,10,10,10,10,10,10,10,0.000000,1.000000,1.000000,1.000000,1.000000,1.000000,1.000000,1.000000
S1__taxamo.com-1-swagger.yaml,Taxamo,taxamo.com,S1,3.x,36,11,0,36,36,30,10,10,36,36,0.000000,1.000000,1.000000,0.833333,0.277778,0.909091,1.000000,1.000000
S1__taxrates.io-3.0-swagger.yaml,Taxrates.io,taxrates.io,S1,3.x,4,1,4,4,0,4,1,1,4,4,1.000000,1.000000,0.000000,1.000000,0.250000,1.000000,1.000000,1.000000
S1__tfl.gov.uk-v1-swagger.yaml,Transport for London Unified,tfl.gov.uk,S1,3.x,85,0,0,85,77,64,0,0,85,85,0.000000,1.000000,0.905882,0.752941,0.000000,,1.000000,1.000000
S1__thenounproject.com-1.0.0-swagger.yaml,The Noun Project,thenounproject.com,S1,3.x,13,0,13,13,13,12,0,0,0,0,1.000000,1.000000,1.000000,0.923077,0.000000,,0.000000,0.000000
S1__thesmsworks.co.uk-1.3.0-swagger.yaml,The SMS Works,thesmsworks.co.uk,S1,3.x,15,7,15,0,15,6,7,7,15,15,1.000000,0.000000,1.000000,0.400000,0.466667,1.000000,1.000000,1.000000
S1__thetvdb.com-2.2.0-swagger.yaml,TheTVDB API v2,thetvdb.com,S1,3.x,29,3,29,0,0,20,1,1,29,29,1.000000,0.000000,0.000000,0.689655,0.034483,0.333333,1.000000,1.000000
S1__tomtom.com-maps-1.0.0-openapi.yaml,Maps,tomtom.com,S1,3.x,10,0,10,10,2,10,0,0,0,0,1.000000,1.000000,0.200000,1.000000,0.000000,,0.000000,0.000000
S1__tomtom.com-routing-1.0.0-openapi.yaml,Routing,tomtom.com,S1,3.x,4,2,4,4,0,4,2,2,4,4,1.000000,1.000000,0.000000,1.000000,0.500000,1.000000,1.000000,1.000000
S1__tomtom.com-search-1.0.0-openapi.yaml,Search,tomtom.com,S1,3.x,19,4,0,19,0,19,4,4,18,18,0.000000,1.000000,0.000000,1.000000,0.210526,1.000000,0.947368,0.947368
S1__traccar.org-4.6-swagger.yaml,traccar,traccar.org,S1,3.x,61,26,17,60,0,42,26,25,47,49,0.278689,0.983607,0.000000,0.688525,0.426230,0.961538,0.770492,0.803279
S1__transavia.com-1.0-swagger.yaml,Airports API v2,transavia.com,S1,3.x,5,0,5,5,5,4,0,0,5,5,1.000000,1.000000,1.000000,0.800000,0.000000,,1.000000,1.000000
S1__transitfeeds.com-1.0.0-swagger.yaml,TransitFeeds,transitfeeds.com,S1,3.x,4,0,4,4,4,4,0,0,4,4,1.000000,1.000000,1.000000,1.000000,0.000000,,1.000000,1.000000
S1__trashnothing.com-1.0.0-swagger.yaml,trash nothing,trashnothing.com,S1,3.x,56,29,24,56,56,40,19,19,36,45,0.428571,1.000000,1.000000,0.714286,0.339286,0.655172,0.642857,0.803571
S1__trello.com-1.0-swagger.yaml,Trello,trello.com,S1,3.x,324,151,7,324,324,324,144,144,0,144,0.021605,1.000000,1.000000,1.000000,0.444444,0.953642,0.000000,0.444444
S1__turbinelabs.io-1.0-swagger.yaml,Turbine Labs,turbinelabs.io,S1,3.x,44,13,41,44,0,34,13,13,44,44,0.931818,1.000000,0.000000,0.772727,0.295455,1.000000,1.000000,1.000000
S1__tvmaze.com-1.0-swagger.yaml,TVmaze user,tvmaze.com,S1,3.x,35,10,2,35,0,32,5,5,26,26,0.057143,1.000000,0.000000,0.914286,0.142857,0.500000,0.742857,0.742857
S1__twilio.com-2010-04-01-swagger.yaml,Twilio,twilio.com,S1,3.x,116,38,116,0,0,116,1,1,89,89,1.000000,0.000000,0.000000,1.000000,0.008621,0.026316,0.767241,0.767241
S1__twinehealth.com-v7.78.1-swagger.yaml,Fitbit Plus,twinehealth.com,S1,3.x,62,19,62,62,62,48,19,19,62,62,1.000000,1.000000,1.000000,0.774194,0.306452,1.000000,1.000000,1.000000
S1__twitter.com-labs-1.5-openapi.yaml,Tweets and Users,twitter.com,S1,3.x,6,1,6,6,6,6,1,1,6,6,1.000000,1.000000,1.000000,1.000000,0.166667,1.000000,1.000000,1.000000
S1__twitter.com-legacy-1.1-swagger.yaml,Twitter,twitter.com,S1,3.x,83,32,83,0,83,74,0,0,0,0,1.000000,0.000000,1.000000,0.891566,0.000000,0.000000,0.000000,0.000000
S1__tyk.com-1.9-swagger.yaml,Gateway,tyk.com,S1,3.x,18,7,18,0,0,17,7,7,18,18,1.000000,0.000000,0.000000,0.944444,0.388889,1.000000,1.000000,1.000000
S1__uebermaps.com-2.0-swagger.yaml,uebermaps API endpoints,uebermaps.com,S1,3.x,56,18,56,56,0,46,17,17,56,56,1.000000,1.000000,0.000000,0.821429,0.303571,0.944444,1.000000,1.000000
S1__vatapi.com-1-swagger.yaml,VAT API,vatapi.com,S1,3.x,11,2,1,11,11,11,2,2,9,9,0.090909,1.000000,1.000000,1.000000,0.181818,1.000000,0.818182,0.818182
S1__versioneye.com-2.0-swagger.yaml,Available API endpoints,versioneye.com,S1,3.x,46,11,45,46,46,37,7,7,0,7,0.978261,1.000000,1.000000,0.804348,0.152174,0.636364,0.000000,0.152174
S1__vestorly.com-1.0.0-swagger.yaml,Vestorly,vestorly.com,S1,3.x,51,19,51,0,51,51,17,17,51,51,1.000000,0.000000,1.000000,1.000000,0.333333,0.894737,1.000000,1.000000
S1__victorops.com-0.0.3-swagger.yaml,VictorOps,victorops.com,S1,3.x,72,24,69,72,0,72,25,23,72,72,0.958333,1.000000,0.000000,1.000000,0.347222,0.958333,1.000000,1.000000
S1__vimeo.com-3.4-openapi.yaml,Vimeo,vimeo.com,S1,3.x,326,104,58,326,326,304,64,61,308,308,0.177914,1.000000,1.000000,0.932515,0.196319,0.586538,0.944785,0.944785
S1__visagecloud.com-1.1-swagger.yaml,VisageCloud,visagecloud.com,S1,3.x,52,22,0,52,52,51,3,3,52,52,0.000000,1.000000,1.000000,0.980769,0.057692,0.136364,1.000000,1.000000
S1__visiblethread.com-1.0-swagger.yaml,VisibleThread,visiblethread.com,S1,3.x,12,4,12,12,8,4,4,4,8,9,1.000000,1.000000,0.666667,0.333333,0.333333,1.000000,0.666667,0.750000
S1__vocadb.net-v1-swagger.yaml,VocaDB,vocadb.net,S1,3.x,117,31,29,99,117,115,26,25,82,94,0.247863,0.846154,1.000000,0.982906,0.222222,0.806452,0.700855,0.803419
S1__vonage.com-account-1.11.7-openapi.yaml,Account,vonage.com,S1,3.x,3,0,0,3,3,3,0,0,3,3,0.000000,1.000000,1.000000,1.000000,0.000000,,1.000000,1.000000
S1__vonage.com-vgis-1.0.1-openapi.yaml,Vonage Integration Suite,vonage.com,S1,3.x,20,7,1,20,20,15,3,3,20,20,0.050000,1.000000,1.000000,0.750000,0.150000,0.428571,1.000000,1.000000
S1__voodoomfg.com-2.0.0-swagger.yaml,Voodoo Manufacturing 3D Print,voodoomfg.com,S1,3.x,11,4,11,11,0,4,4,4,11,11,1.000000,1.000000,0.000000,0.363636,0.363636,1.000000,1.000000,1.000000
S1__waag.org-v1-swagger.yaml,CitySDK Linked Data,waag.org,S1,3.x,47,20,0,47,47,36,0,0,0,0,0.000000,1.000000,1.000000,0.765957,0.000000,0.000000,0.000000,0.000000
S1__walmart.com-inventory-3.0.1-swagger.yaml,Inventory,walmart.com,S1,3.x,4,2,4,4,0,4,2,2,0,2,1.000000,1.000000,0.000000,1.000000,0.500000,1.000000,0.000000,0.500000
S1__walmart.com-item-3.0.1-swagger.yaml,Item,walmart.com,S1,3.x,6,2,6,6,6,6,2,2,0,2,1.000000,1.000000,1.000000,1.000000,0.333333,1.000000,0.000000,0.333333
S1__walmart.com-order-3.0.1-swagger.yaml,Orders,walmart.com,S1,3.x,9,4,9,9,9,9,3,3,0,3,1.000000,1.000000,1.000000,1.000000,0.333333,0.750000,0.000000,0.333333
S1__warwick.ac.uk-enterobase-v2.0-swagger.yaml,Enterobase-API,warwick.ac.uk,S1,3.x,26,9,26,0,0,26,13,9,0,13,1.000000,0.000000,0.000000,1.000000,0.500000,1.000000,0.000000,0.500000
S1__watchful.li-1.0.0-swagger.yaml,watchful.li,watchful.li,S1,3.x,59,20,56,58,46,46,9,9,54,54,0.949153,0.983051,0.779661,0.779661,0.152542,0.450000,0.915254,0.915254
S1__waterlinked.com-1.0.0-swagger.yaml,The Water Linked Underwater GPS,waterlinked.com,S1,3.x,27,9,24,27,27,5,9,9,26,27,0.888889,1.000000,1.000000,0.185185,0.333333,1.000000,0.962963,1.000000
S1__wavecell.com-v1-swagger.yaml,Wavecell.Sms.Api,wavecell.com,S1,3.x,4,3,0,0,4,3,3,3,3,3,0.000000,0.000000,1.000000,0.750000,0.750000,1.000000,0.750000,0.750000
S1__wealthport.com-1.0-swagger.yaml,Wealthport API,wealthport.com,S1,3.x,26,9,26,26,26,19,7,7,15,22,1.000000,1.000000,1.000000,0.730769,0.269231,0.777778,0.576923,0.846154
S1__weatherbit.io-2.0.0-swagger.yaml,Weatherbit.io - Swagger UI Weather API documentation,weatherbit.io,S1,3.x,64,0,64,64,0,64,0,0,64,64,1.000000,1.000000,0.000000,1.000000,0.000000,,1.000000,1.000000
S1__weber-gesamtausgabe.de-1.0.0-swagger.yaml,WeGA,weber-gesamtausgabe.de,S1,3.x,8,0,5,8,0,7,0,0,8,8,0.625000,1.000000,0.000000,0.875000,0.000000,,1.000000,1.000000
S1__wedpax.com-v1-swagger.yaml,Wedpax,wedpax.com,S1,3.x,66,26,0,0,30,33,26,26,54,59,0.000000,0.000000,0.454545,0.500000,0.393939,1.000000,0.818182,0.893939
S1__whapi.com-accounts-2.0.0-swagger.yaml,Accounts,whapi.com,S1,3.x,9,5,9,9,9,9,4,4,9,9,1.000000,1.000000,1.000000,1.000000,0.444444,0.800000,1.000000,1.000000
S1__whapi.com-bets-2.0.0-swagger.yaml,Bets,whapi.com,S1,3.x,6,4,6,5,6,6,3,3,6,6,1.000000,0.833333,1.000000,1.000000,0.500000,0.750000,1.000000,1.000000
S1__whapi.com-locations-2.0-swagger.yaml,Locations,whapi.com,S1,3.x,5,0,5,0,5,3,0,0,5,5,1.000000,0.000000,1.000000,0.600000,0.000000,,1.000000,1.000000
S1__whapi.com-sessions-2.0.0-swagger.yaml,Sessions,whapi.com,S1,3.x,4,1,4,4,4,4,1,1,4,4,1.000000,1.000000,1.000000,1.000000,0.250000,1.000000,1.000000,1.000000
S1__whapi.com-sportsdata-2-swagger.yaml,SportsData,whapi.com,S1,3.x,15,0,15,15,15,15,0,0,15,15,1.000000,1.000000,1.000000,1.000000,0.000000,,1.000000,1.000000
S1__whatsapp.local-1.0-openapi.yaml,WhatsApp Business,whatsapp.local,S1,3.x,53,26,1,53,53,21,27,24,25,42,0.018868,1.000000,1.000000,0.396226,0.509434,0.923077,0.471698,0.792453
S1__wikimedia.org-1.0.0-swagger.yaml,Wikimedia,wikimedia.org,S1,3.x,35,3,35,34,0,33,3,3,35,35,1.000000,0.971429,0.000000,0.942857,0.085714,1.000000,1.000000,1.000000
S1__windows.net-batch-BatchService-2018-08-01.7.0-swagger.yaml,BatchService,windows.net,S1,3.x,73,36,55,66,73,73,26,26,73,73,0.753425,0.904110,1.000000,1.000000,0.356164,0.722222,1.000000,1.000000
S1__windows.net-graphrbac-1.6-swagger.yaml,GraphRbacManagementClient,windows.net,S1,3.x,52,20,52,3,52,52,19,19,52,52,1.000000,0.057692,1.000000,1.000000,0.365385,0.950000,1.000000,1.000000
S1__winsms.co.za-1.0.0-swagger.yaml,WINSMS,winsms.co.za,S1,3.x,10,4,10,10,10,3,4,4,10,10,1.000000,1.000000,1.000000,0.300000,0.400000,1.000000,1.000000,1.000000
S1__wmata.com-bus-route-1.0-swagger.yaml,Bus Route and Stop Methods,wmata.com,S1,3.x,12,0,12,12,12,10,0,0,0,0,1.000000,1.000000,1.000000,0.833333,0.000000,,0.000000,0.000000
S1__wmata.com-incidents-1.0-swagger.yaml,Incidents,wmata.com,S1,3.x,6,0,6,6,6,4,0,0,0,0,1.000000,1.000000,1.000000,0.666667,0.000000,,0.000000,0.000000
S1__wmata.com-rail-station-1.0-swagger.yaml,Rail Station Information,wmata.com,S1,3.x,16,0,16,16,16,14,0,0,0,0,1.000000,1.000000,1.000000,0.875000,0.000000,,0.000000,0.000000
S1__wordnik.com-4.0-swagger.yaml,Wordnik,wordnik.com,S1,3.x,28,5,2,28,28,28,5,5,24,27,0.071429,1.000000,1.000000,1.000000,0.178571,1.000000,0.857143,0.964286
S1__wowza.com-1-swagger.yaml,Wowza Streaming Cloud REST API Reference Documentation,wowza.com,S1,3.x,104,42,104,104,104,96,27,26,104,104,1.000000,1.000000,1.000000,0.923077,0.259615,0.619048,1.000000,1.000000
S1__xero.com-2.0-swagger.yaml,Accounting,xero.com,S1,3.x,151,63,29,151,0,143,63,63,148,148,0.192053,1.000000,0.000000,0.947020,0.417219,1.000000,0.980132,0.980132
S1__youneedabudget.com-1.0.0-swagger.yaml,YNAB API Endpoints,youneedabudget.com,S1,3.x,28,5,28,28,28,26,5,5,28,28,1.000000,1.000000,1.000000,0.928571,0.178571,1.000000,1.000000,1.000000
S1__yunbi.com-v2-swagger.yaml,Yunbi,yunbi.com,S1,3.x,22,4,0,21,22,15,4,4,0,4,0.000000,0.954545,1.000000,0.681818,0.181818,1.000000,0.000000,0.181818
S1__zappiti.com-4.15.174-swagger.yaml,Zappiti Player,zappiti.com,S1,3.x,7,7,2,7,0,0,7,7,7,7,0.285714,1.000000,0.000000,0.000000,1.000000,1.000000,1.000000,1.000000
S1__zoom.us-2.0.0-swagger.yaml,Zoom,zoom.us,S1,3.x,114,39,114,114,114,104,39,39,73,97,1.000000,1.000000,1.000000,0.912281,0.342105,1.000000,0.640351,0.850877
S1__zoomconnect.com-1-swagger.yaml,www.zoomconnect.com,zoomconnect.com,S1,3.x,54,27,54,54,13,35,17,17,41,41,1.000000,1.000000,0.240741,0.648148,0.314815,0.629630,0.759259,0.759259
S1__zuora.com-2019-09-19-swagger.yaml,Zuora API Reference,zuora.com,S1,3.x,382,190,315,382,382,382,160,160,381,381,0.824607,1.000000,1.000000,1.000000,0.418848,0.842105,0.997382,0.997382
S2__1password.com__events__1.2.0__openapi.yaml,Events API,1password.com,S2,3.x,5,3,3,5,5,0,3,3,5,5,0.600000,1.000000,1.000000,0.000000,0.600000,1.000000,1.000000,1.000000
S2__1password.local__connect__1.5.7__openapi.yaml,1Password Connect,1password.local,S2,3.x,13,3,1,13,13,12,3,3,13,13,0.076923,1.000000,1.000000,0.923077,0.230769,1.000000,1.000000,1.000000
S2__6-dot-authentiqio.appspot.com__6__openapi.yaml,Authentiq API,6-dot-authentiqio.appspot.com,S2,3.x,12,7,12,0,12,11,5,5,12,12,1.000000,0.000000,1.000000,0.916667,0.416667,0.714286,1.000000,1.000000
S2__ably.io__platform__1.1.0__openapi.yaml,Platform API,ably.io,S2,3.x,22,7,22,22,22,22,7,7,22,22,1.000000,1.000000,1.000000,1.000000,0.318182,1.000000,1.000000,1.000000
S2__ably.net__control__1.0.14__openapi.yaml,Control API v1,ably.net,S2,3.x,22,11,19,22,0,21,10,10,22,22,0.863636,1.000000,0.000000,0.954545,0.454545,0.909091,1.000000,1.000000
S2__ably.net__control__v1__openapi.yaml,API V1,ably.net,S2,3.x,22,11,0,22,0,21,10,10,22,22,0.000000,1.000000,0.000000,0.954545,0.454545,0.909091,1.000000,1.000000
S2__adafruit.com__2.0.0__swagger.yaml,Adafruit IO REST API,adafruit.com,S2,2.0,71,33,21,71,71,69,1,1,69,69,0.295775,1.000000,1.000000,0.971831,0.014085,0.030303,0.971831,0.971831
S2__adobe.com__aem__3.7.1-pre.0__openapi.yaml,Adobe Experience Manager (AEM) API,adobe.com,S2,3.x,48,28,0,0,48,39,6,6,27,28,0.000000,0.000000,1.000000,0.812500,0.125000,0.214286,0.562500,0.583333
S2__adyen.com__AccountService__6__openapi.yaml,Account API,adyen.com,S2,3.x,20,20,20,20,20,0,20,20,20,20,1.000000,1.000000,1.000000,0.000000,1.000000,1.000000,1.000000,1.000000
S2__adyen.com__BalancePlatformService__2__openapi.yaml,Configuration API,adyen.com,S2,3.x,42,17,42,42,42,32,17,17,42,42,1.000000,1.000000,1.000000,0.761905,0.404762,1.000000,1.000000,1.000000
S2__adyen.com__DisputeService-v30__30__openapi.yaml,Disputes API,adyen.com,S2,3.x,5,5,5,5,5,0,5,5,5,5,1.000000,1.000000,1.000000,0.000000,1.000000,1.000000,1.000000,1.000000
S2__adyen.com__FundService__6__openapi.yaml,Fund API,adyen.com,S2,3.x,8,8,8,8,8,0,8,8,8,8,1.000000,1.000000,1.000000,0.000000,1.000000,1.000000,1.000000,1.000000
S2__adyen.com__GrantService-v3__3__openapi.yaml,Capital API,adyen.com,S2,3.x,3,1,3,3,3,2,1,1,3,3,1.000000,1.000000,1.000000,0.666667,0.333333,1.000000,1.000000,1.000000
S2__adyen.com__LegalEntityService__3__openapi.yaml,Legal Entity Management API,adyen.com,S2,3.x,29,15,29,29,29,27,13,13,29,29,1.000000,1.000000,1.000000,0.931034,0.448276,0.866667,1.000000,1.000000
S2__adyen.com__ManagementService-v3__3__openapi.yaml,Management API,adyen.com,S2,3.x,132,61,132,132,132,125,50,50,132,132,1.000000,1.000000,1.000000,0.946970,0.378788,0.819672,1.000000,1.000000
S2__adyen.com__NotificationConfigurationService__6__openapi.yaml,Notification Configuration API,adyen.com,S2,3.x,6,6,6,6,6,0,6,6,6,6,1.000000,1.000000,1.000000,0.000000,1.000000,1.000000,1.000000,1.000000
S2__adyen.com__PayoutService__68__openapi.yaml,Adyen Payout API,adyen.com,S2,3.x,6,6,6,6,6,0,6,6,6,6,1.000000,1.000000,1.000000,0.000000,1.000000,1.000000,1.000000,1.000000
S2__adyen.com__RecurringService__68__openapi.yaml,Adyen Recurring API,adyen.com,S2,3.x,6,6,6,6,6,0,6,6,6,6,1.000000,1.000000,1.000000,0.000000,1.000000,1.000000,1.000000,1.000000
S2__adyen.com__StoredValueService__46__openapi.yaml,Adyen Stored Value API,adyen.com,S2,3.x,6,6,6,6,6,0,6,6,6,6,1.000000,1.000000,1.000000,0.000000,1.000000,1.000000,1.000000,1.000000
S2__adyen.com__TerminalAPI-v1__1__openapi.yaml,Adyen Terminal API,adyen.com,S2,3.x,18,18,18,18,0,0,18,18,18,18,1.000000,1.000000,0.000000,0.000000,1.000000,1.000000,1.000000,1.000000
S2__adyen.com__TfmAPIService__1__openapi.yaml,POS Terminal Management API,adyen.com,S2,3.x,5,5,5,5,5,0,5,5,5,5,1.000000,1.000000,1.000000,0.000000,1.000000,1.000000,1.000000,1.000000
S2__adyen.com__TransferService-v4__4__openapi.yaml,Transfers API,adyen.com,S2,3.x,7,3,7,7,7,6,3,3,7,7,1.000000,1.000000,1.000000,0.857143,0.428571,1.000000,1.000000,1.000000
S2__afterbanks.com__3.0.0__swagger.yaml,Afterbanks API,afterbanks.com,S2,2.0,3,2,3,3,0,3,0,0,3,3,1.000000,1.000000,0.000000,1.000000,0.000000,0.000000,1.000000,1.000000
S2__airbyte.local__config__1.0.0__openapi.yaml,Airbyte Configuration API,airbyte.local,S2,3.x,102,100,9,101,102,0,93,93,102,102,0.088235,0.990196,1.000000,0.000000,0.911765,0.930000,1.000000,1.000000
S2__alertersystem.com__1.7.0__openapi.yaml,Alerter System API,alertersystem.com,S2,3.x,500,235,500,500,500,421,235,235,421,421,1.000000,1.000000,1.000000,0.842000,0.470000,1.000000,0.842000,0.842000
S2__amadeus.com__amadeus-points-of-interest__1.1.1__swagger.yaml,Points of Interest,amadeus.com,S2,2.0,3,0,0,3,3,3,0,0,3,3,0.000000,1.000000,1.000000,1.000000,0.000000,,1.000000,1.000000
S2__amadeus.com__amadeus-safe-place-__1.0.0__swagger.yaml,Safe Place,amadeus.com,S2,2.0,3,0,0,3,3,3,0,0,3,3,0.000000,1.000000,1.000000,1.000000,0.000000,,1.000000,1.000000
S2__amadeus.com__amadeus-tours-and-activities__1.0.2__swagger.yaml,Tours and Activities,amadeus.com,S2,2.0,3,0,0,3,3,3,0,0,3,3,0.000000,1.000000,1.000000,1.000000,0.000000,,1.000000,1.000000
S2__amazonaws.com__accessanalyzer__2019-11-01__openapi.yaml,Access Analyzer,amazonaws.com,S2,3.x,28,14,28,0,28,28,13,13,28,28,1.000000,0.000000,1.000000,1.000000,0.464286,0.928571,1.000000,1.000000
S2__amazonaws.com__account__2021-02-01__openapi.yaml,AWS Account,amazonaws.com,S2,3.x,9,9,9,0,9,9,9,9,9,9,1.000000,0.000000,1.000000,1.000000,1.000000,1.000000,1.000000,1.000000
S2__amazonaws.com__amp__2020-08-01__openapi.yaml,Amazon Prometheus Service,amazonaws.com,S2,3.x,21,9,21,0,21,21,9,9,21,21,1.000000,0.000000,1.000000,1.000000,0.428571,1.000000,1.000000,1.000000
S2__amazonaws.com__amplifybackend__2020-08-11__openapi.yaml,AmplifyBackend,amazonaws.com,S2,3.x,31,29,31,0,31,31,25,25,31,31,1.000000,0.000000,1.000000,1.000000,0.806452,0.862069,1.000000,1.000000
S2__amazonaws.com__amplifyuibuilder__2021-08-11__openapi.yaml,AWS Amplify UI Builder,amazonaws.com,S2,3.x,25,10,25,0,25,25,10,10,25,25,1.000000,0.000000,1.000000,1.000000,0.400000,1.000000,1.000000,1.000000
S2__amazonaws.com__appconfig__2019-10-09__openapi.yaml,Amazon AppConfig,amazonaws.com,S2,3.x,43,16,43,0,43,43,15,15,43,43,1.000000,0.000000,1.000000,1.000000,0.348837,0.937500,1.000000,1.000000
S2__amazonaws.com__appfabric__2023-05-19__openapi.yaml,AppFabric,amazonaws.com,S2,3.x,26,12,26,0,26,26,10,10,26,26,1.000000,0.000000,1.000000,1.000000,0.384615,0.833333,1.000000,1.000000
S2__amazonaws.com__appflow__2020-08-23__openapi.yaml,Amazon Appflow,amazonaws.com,S2,3.x,25,23,25,0,25,25,23,23,25,25,1.000000,0.000000,1.000000,1.000000,0.920000,1.000000,1.000000,1.000000
S2__amazonaws.com__appintegrations__2020-07-29__openapi.yaml,Amazon AppIntegrations Service,amazonaws.com,S2,3.x,15,5,15,0,15,15,5,5,15,15,1.000000,0.000000,1.000000,1.000000,0.333333,1.000000,1.000000,1.000000
S2__amazonaws.com__application-autoscaling__2016-02-06__openapi.yaml,Application Auto Scaling,amazonaws.com,S2,3.x,13,13,13,0,13,13,13,13,13,13,1.000000,0.000000,1.000000,1.000000,1.000000,1.000000,1.000000,1.000000
S2__amazonaws.com__applicationcostprofiler__2020-09-10__openapi.yaml,AWS Application Cost Profiler,amazonaws.com,S2,3.x,6,3,6,0,6,6,3,3,6,6,1.000000,0.000000,1.000000,1.000000,0.500000,1.000000,1.000000,1.000000
S2__amazonaws.com__apprunner__2020-05-15__openapi.yaml,AWS App Runner,amazonaws.com,S2,3.x,35,35,35,0,35,35,35,35,35,35,1.000000,0.000000,1.000000,1.000000,1.000000,1.000000,1.000000,1.000000
S2__amazonaws.com__arc-zonal-shift__2022-10-30__openapi.yaml,AWS ARC - Zonal Shift,amazonaws.com,S2,3.x,6,2,6,0,6,6,2,2,6,6,1.000000,0.000000,1.000000,1.000000,0.333333,1.000000,1.000000,1.000000
S2__amazonaws.com__auditmanager__2017-07-25__openapi.yaml,AWS Audit Manager,amazonaws.com,S2,3.x,62,26,62,0,62,62,25,25,62,62,1.000000,0.000000,1.000000,1.000000,0.403226,0.961538,1.000000,1.000000
S2__amazonaws.com__autoscaling-plans__2018-01-06__openapi.yaml,AWS Auto Scaling Plans,amazonaws.com,S2,3.x,6,6,6,0,6,6,6,6,6,6,1.000000,0.000000,1.000000,1.000000,1.000000,1.000000,1.000000,1.000000
S2__amazonaws.com__backup-gateway__2021-01-01__openapi.yaml,AWS Backup Gateway,amazonaws.com,S2,3.x,25,25,25,0,25,25,25,25,25,25,1.000000,0.000000,1.000000,1.000000,1.000000,1.000000,1.000000,1.000000
S2__amazonaws.com__backupstorage__2018-04-10__openapi.yaml,AWS Backup Storage,amazonaws.com,S2,3.x,9,4,9,0,9,9,4,4,9,9,1.000000,0.000000,1.000000,1.000000,0.444444,1.000000,1.000000,1.000000
S2__amazonaws.com__billingconductor__2021-07-30__openapi.yaml,AWSBillingConductor,amazonaws.com,S2,3.x,31,29,31,0,31,31,29,29,31,31,1.000000,0.000000,1.000000,1.000000,0.935484,1.000000,1.000000,1.000000
S2__amazonaws.com__braket__2019-09-01__openapi.yaml,Braket,amazonaws.com,S2,3.x,13,8,13,0,13,13,7,7,13,13,1.000000,0.000000,1.000000,1.000000,0.538462,0.875000,1.000000,1.000000
S2__amazonaws.com__ce__2017-10-25__openapi.yaml,AWS Cost Explorer Service,amazonaws.com,S2,3.x,38,38,38,0,38,38,38,38,38,38,1.000000,0.000000,1.000000,1.000000,1.000000,1.000000,1.000000,1.000000
S2__amazonaws.com__chime-sdk-identity__2021-04-20__openapi.yaml,Amazon Chime SDK Identity,amazonaws.com,S2,3.x,30,13,30,0,30,30,13,13,30,30,1.000000,0.000000,1.000000,1.000000,0.433333,1.000000,1.000000,1.000000
S2__amazonaws.com__chime-sdk-media-pipelines__2021-07-15__openapi.yaml,Amazon Chime SDK Media Pipelines,amazonaws.com,S2,3.x,19,9,19,0,19,19,9,9,19,19,1.000000,0.000000,1.000000,1.000000,0.473684,1.000000,1.000000,1.000000
S2__amazonaws.com__chime-sdk-meetings__2021-07-15__openapi.yaml,Amazon Chime SDK Meetings,amazonaws.com,S2,3.x,16,10,16,0,16,16,9,9,16,16,1.000000,0.000000,1.000000,1.000000,0.562500,0.900000,1.000000,1.000000
S2__amazonaws.com__chime-sdk-messaging__2021-05-15__openapi.yaml,Amazon Chime SDK Messaging,amazonaws.com,S2,3.x,51,20,51,0,51,51,19,19,51,51,1.000000,0.000000,1.000000,1.000000,0.372549,0.950000,1.000000,1.000000
S2__amazonaws.com__chime-sdk-voice__2022-08-03__openapi.yaml,Amazon Chime SDK Voice,amazonaws.com,S2,3.x,93,44,93,0,93,93,41,41,93,93,1.000000,0.000000,1.000000,1.000000,0.440860,0.931818,1.000000,1.000000
S2__amazonaws.com__cleanrooms__2022-02-17__openapi.yaml,AWS Clean Rooms Service,amazonaws.com,S2,3.x,45,17,45,0,45,45,17,17,45,45,1.000000,0.000000,1.000000,1.000000,0.377778,1.000000,1.000000,1.000000
S2__amazonaws.com__cloudcontrol__2021-09-30__openapi.yaml,AWS Cloud Control API,amazonaws.com,S2,3.x,8,8,8,0,8,8,8,8,8,8,1.000000,0.000000,1.000000,1.000000,1.000000,1.000000,1.000000,1.000000
S2__amazonaws.com__codeartifact__2018-09-22__openapi.yaml,CodeArtifact,amazonaws.com,S2,3.x,38,23,38,0,38,38,14,14,38,38,1.000000,0.000000,1.000000,1.000000,0.368421,0.608696,1.000000,1.000000
S2__amazonaws.com__codecatalyst__2022-09-28__openapi.yaml,Amazon CodeCatalyst,amazonaws.com,S2,3.x,33,19,33,0,33,31,18,18,33,33,1.000000,0.000000,1.000000,0.939394,0.545455,0.947368,1.000000,1.000000
S2__amazonaws.com__codeguru-reviewer__2019-09-19__openapi.yaml,Amazon CodeGuru Reviewer,amazonaws.com,S2,3.x,14,4,14,0,14,14,4,4,14,14,1.000000,0.000000,1.000000,1.000000,0.285714,1.000000,1.000000,1.000000
S2__amazonaws.com__codeguru-security__2018-05-10__openapi.yaml,Amazon CodeGuru Security,amazonaws.com,S2,3.x,13,5,13,0,13,13,5,5,13,13,1.000000,0.000000,1.000000,1.000000,0.384615,1.000000,1.000000,1.000000
S2__amazonaws.com__codeguruprofiler__2019-07-18__openapi.yaml,Amazon CodeGuru Profiler,amazonaws.com,S2,3.x,23,9,23,0,23,23,9,9,23,23,1.000000,0.000000,1.000000,1.000000,0.391304,1.000000,1.000000,1.000000
S2__amazonaws.com__codestar-connections__2019-12-01__openapi.yaml,AWS CodeStar connections,amazonaws.com,S2,3.x,12,12,12,0,12,12,12,12,12,12,1.000000,0.000000,1.000000,1.000000,1.000000,1.000000,1.000000,1.000000
S2__amazonaws.com__codestar-notifications__2019-10-15__openapi.yaml,AWS CodeStar Notifications,amazonaws.com,S2,3.x,13,13,13,0,13,13,12,12,13,13,1.000000,0.000000,1.000000,1.000000,0.923077,0.923077,1.000000,1.000000
S2__amazonaws.com__compute-optimizer__2019-11-01__openapi.yaml,AWS Compute Optimizer,amazonaws.com,S2,3.x,21,21,21,0,21,21,21,21,21,21,1.000000,0.000000,1.000000,1.000000,1.000000,1.000000,1.000000,1.000000
S2__amazonaws.com__connectcampaigns__2021-01-30__openapi.yaml,AmazonConnectCampaignService,amazonaws.com,S2,3.x,22,13,22,0,22,22,9,9,22,22,1.000000,0.000000,1.000000,1.000000,0.409091,0.692308,1.000000,1.000000
S2__amazonaws.com__connectcases__2022-10-03__openapi.yaml,Amazon Connect Cases,amazonaws.com,S2,3.x,30,27,30,0,30,30,18,18,30,30,1.000000,0.000000,1.000000,1.000000,0.600000,0.666667,1.000000,1.000000
S2__amazonaws.com__connectparticipant__2018-09-07__openapi.yaml,Amazon Connect Participant Service,amazonaws.com,S2,3.x,8,8,8,0,8,8,8,8,8,8,1.000000,0.000000,1.000000,1.000000,1.000000,1.000000,1.000000,1.000000
S2__amazonaws.com__controltower__2018-05-10__openapi.yaml,AWS Control Tower,amazonaws.com,S2,3.x,4,4,4,0,4,4,4,4,4,4,1.000000,0.000000,1.000000,1.000000,1.000000,1.000000,1.000000,1.000000
S2__amazonaws.com__customer-profiles__2020-08-15__openapi.yaml,Amazon Connect Customer Profiles,amazonaws.com,S2,3.x,51,25,51,0,51,51,25,25,51,51,1.000000,0.000000,1.000000,1.000000,0.490196,1.000000,1.000000,1.000000
S2__amazonaws.com__databrew__2017-07-25__openapi.yaml,AWS Glue DataBrew,amazonaws.com,S2,3.x,44,21,44,0,44,44,19,19,44,44,1.000000,0.000000,1.000000,1.000000,0.431818,0.904762,1.000000,1.000000
S2__amazonaws.com__dataexchange__2017-07-25__openapi.yaml,AWS Data Exchange,amazonaws.com,S2,3.x,29,12,29,0,29,29,11,11,27,28,1.000000,0.000000,1.000000,1.000000,0.379310,0.916667,0.931034,0.965517
S2__amazonaws.com__detective__2018-10-26__openapi.yaml,Amazon Detective,amazonaws.com,S2,3.x,24,22,24,0,24,24,21,21,24,24,1.000000,0.000000,1.000000,1.000000,0.875000,0.954545,1.000000,1.000000
S2__amazonaws.com__devops-guru__2020-12-01__openapi.yaml,Amazon DevOps Guru,amazonaws.com,S2,3.x,31,22,31,0,31,31,21,21,31,31,1.000000,0.000000,1.000000,1.000000,0.677419,0.954545,1.000000,1.000000
S2__amazonaws.com__docdb-elastic__2022-11-28__openapi.yaml,Amazon DocumentDB Elastic Clusters,amazonaws.com,S2,3.x,13,5,13,0,13,13,5,5,13,13,1.000000,0.000000,1.000000,1.000000,0.384615,1.000000,1.000000,1.000000
S2__amazonaws.com__drs__2020-02-26__openapi.yaml,Elastic Disaster Recovery Service,amazonaws.com,S2,3.x,47,44,47,0,47,47,43,43,47,47,1.000000,0.000000,1.000000,1.000000,0.914894,0.977273,1.000000,1.000000
S2__amazonaws.com__ebs__2019-11-02__openapi.yaml,Amazon Elastic Block Store,amazonaws.com,S2,3.x,6,3,6,0,6,6,2,2,6,6,1.000000,0.000000,1.000000,1.000000,0.333333,0.666667,1.000000,1.000000
S2__amazonaws.com__ecr-public__2020-10-30__openapi.yaml,Amazon Elastic Container Registry Public,amazonaws.com,S2,3.x,23,23,23,0,23,23,23,23,23,23,1.000000,0.000000,1.000000,1.000000,1.000000,1.000000,1.000000,1.000000
S2__amazonaws.com__elastic-inference__2017-07-25__openapi.yaml,Amazon Elastic  Inference,amazonaws.com,S2,3.x,6,3,6,0,6,6,3,3,6,6,1.000000,0.000000,1.000000,1.000000,0.500000,1.000000,1.000000,1.000000
S2__amazonaws.com__elasticmapreduce__2009-03-31__openapi.yaml,Amazon EMR,amazonaws.com,S2,3.x,54,54,54,0,54,54,54,54,54,54,1.000000,0.000000,1.000000,1.000000,1.000000,1.000000,1.000000,1.000000
S2__amazonaws.com__emr-containers__2020-10-01__openapi.yaml,Amazon EMR Containers,amazonaws.com,S2,3.x,20,6,20,0,20,20,6,6,20,20,1.000000,0.000000,1.000000,1.000000,0.300000,1.000000,1.000000,1.000000
S2__amazonaws.com__emr-serverless__2021-07-13__openapi.yaml,EMR Serverless,amazonaws.com,S2,3.x,15,6,15,0,15,15,4,4,15,15,1.000000,0.000000,1.000000,1.000000,0.266667,0.666667,1.000000,1.000000
S2__amazonaws.com__entityresolution__2018-05-10__openapi.yaml,AWS EntityResolution,amazonaws.com,S2,3.x,16,6,16,0,16,16,5,5,16,16,1.000000,0.000000,1.000000,1.000000,0.312500,0.833333,1.000000,1.000000
S2__amazonaws.com__evidently__2021-02-01__openapi.yaml,Amazon CloudWatch Evidently,amazonaws.com,S2,3.x,38,20,38,0,38,38,19,19,38,38,1.000000,0.000000,1.000000,1.000000,0.500000,0.950000,1.000000,1.000000
S2__amazonaws.com__finspace-data__2020-07-13__openapi.yaml,FinSpace Public API,amazonaws.com,S2,3.x,31,15,31,0,31,31,14,14,31,31,1.000000,0.000000,1.000000,1.000000,0.451613,0.933333,1.000000,1.000000
S2__amazonaws.com__finspace__2021-03-12__openapi.yaml,FinSpace User Environment Management service,amazonaws.com,S2,3.x,34,13,34,0,34,34,13,13,34,34,1.000000,0.000000,1.000000,1.000000,0.382353,1.000000,1.000000,1.000000
S2__amazonaws.com__fis__2020-12-01__openapi.yaml,AWS Fault Injection Simulator,amazonaws.com,S2,3.x,16,4,16,0,16,16,4,4,16,16,1.000000,0.000000,1.000000,1.000000,0.250000,1.000000,1.000000,1.000000
S2__amazonaws.com__frauddetector__2019-11-15__openapi.yaml,Amazon Fraud Detector,amazonaws.com,S2,3.x,73,73,73,0,73,73,72,72,73,73,1.000000,0.000000,1.000000,1.000000,0.986301,0.986301,1.000000,1.000000
S2__amazonaws.com__gamesparks__2021-08-17__openapi.yaml,GameSparks,amazonaws.com,S2,3.x,33,12,33,0,33,33,11,11,33,33,1.000000,0.000000,1.000000,1.000000,0.333333,0.916667,1.000000,1.000000
S2__amazonaws.com__grafana__2020-08-18__openapi.yaml,Amazon Managed Grafana,amazonaws.com,S2,3.x,19,8,19,0,19,19,7,7,19,19,1.000000,0.000000,1.000000,1.000000,0.368421,0.875000,1.000000,1.000000
S2__amazonaws.com__greengrassv2__2020-11-30__openapi.yaml,AWS IoT Greengrass V2,amazonaws.com,S2,3.x,29,9,29,0,29,29,8,8,29,29,1.000000,0.000000,1.000000,1.000000,0.275862,0.888889,1.000000,1.000000
S2__amazonaws.com__healthlake__2017-07-01__openapi.yaml,Amazon HealthLake,amazonaws.com,S2,3.x,13,13,13,0,13,13,13,13,13,13,1.000000,0.000000,1.000000,1.000000,1.000000,1.000000,1.000000,1.000000
S2__amazonaws.com__honeycode__2020-03-01__openapi.yaml,Amazon Honeycode,amazonaws.com,S2,3.x,15,10,15,0,15,15,10,10,15,15,1.000000,0.000000,1.000000,1.000000,0.666667,1.000000,1.000000,1.000000
S2__amazonaws.com__identitystore__2020-06-15__openapi.yaml,AWS SSO Identity Store,amazonaws.com,S2,3.x,19,19,19,0,19,19,19,19,19,19,1.000000,0.000000,1.000000,1.000000,1.000000,1.000000,1.000000,1.000000
S2__amazonaws.com__imagebuilder__2019-12-02__openapi.yaml,EC2 Image Builder,amazonaws.com,S2,3.x,56,34,56,0,56,56,34,34,56,56,1.000000,0.000000,1.000000,1.000000,0.607143,1.000000,1.000000,1.000000
S2__amazonaws.com__inspector2__2020-06-08__openapi.yaml,Inspector2,amazonaws.com,S2,3.x,46,43,46,0,46,46,39,39,46,46,1.000000,0.000000,1.000000,1.000000,0.847826,0.906977,1.000000,1.000000
S2__amazonaws.com__internetmonitor__2021-06-03__openapi.yaml,Amazon CloudWatch Internet Monitor,amazonaws.com,S2,3.x,10,3,10,0,10,10,3,3,10,10,1.000000,0.000000,1.000000,1.000000,0.300000,1.000000,1.000000,1.000000
S2__amazonaws.com__iot-data__2015-05-28__openapi.yaml,AWS IoT Data Plane,amazonaws.com,S2,3.x,7,2,7,0,7,7,2,2,7,7,1.000000,0.000000,1.000000,1.000000,0.285714,1.000000,1.000000,1.000000
S2__amazonaws.com__iot-roborunner__2018-05-10__openapi.yaml,AWS IoT RoboRunner,amazonaws.com,S2,3.x,20,12,20,0,20,20,12,12,20,20,1.000000,0.000000,1.000000,1.000000,0.600000,1.000000,1.000000,1.000000
S2__amazonaws.com__iotdeviceadvisor__2020-09-18__openapi.yaml,AWS IoT Core Device Advisor,amazonaws.com,S2,3.x,14,5,14,0,14,14,4,4,14,14,1.000000,0.000000,1.000000,1.000000,0.285714,0.800000,1.000000,1.000000
S2__amazonaws.com__iotfleethub__2020-11-03__openapi.yaml,AWS IoT Fleet Hub,amazonaws.com,S2,3.x,8,3,8,0,8,8,3,3,8,8,1.000000,0.000000,1.000000,1.000000,0.375000,1.000000,1.000000,1.000000
S2__amazonaws.com__iotfleetwise__2021-06-17__openapi.yaml,AWS IoT FleetWise,amazonaws.com,S2,3.x,50,50,50,0,50,50,50,50,50,50,1.000000,0.000000,1.000000,1.000000,1.000000,1.000000,1.000000,1.000000
S2__amazonaws.com__iotsecuretunneling__2018-10-05__openapi.yaml,AWS IoT Secure Tunneling,amazonaws.com,S2,3.x,8,8,8,0,8,8,8,8,8,8,1.000000,0.000000,1.000000,1.000000,1.000000,1.000000,1.000000,1.000000
S2__amazonaws.com__iotsitewise__2019-12-02__openapi.yaml,AWS IoT SiteWise,amazonaws.com,S2,3.x,73,32,73,0,73,73,32,32,73,73,1.000000,0.000000,1.000000,1.000000,0.438356,1.000000,1.000000,1.000000
S2__amazonaws.com__iottwinmaker__2021-11-29__openapi.yaml,AWS IoT TwinMaker,amazonaws.com,S2,3.x,34,22,34,0,34,34,22,22,34,34,1.000000,0.000000,1.000000,1.000000,0.647059,1.000000,1.000000,1.000000
S2__amazonaws.com__iotwireless__2020-11-22__openapi.yaml,AWS IoT Wireless,amazonaws.com,S2,3.x,109,44,109,0,109,109,42,42,109,109,1.000000,0.000000,1.000000,1.000000,0.385321,0.954545,1.000000,1.000000
S2__amazonaws.com__ivs-realtime__2020-07-14__openapi.yaml,Amazon Interactive Video Service RealTime,amazonaws.com,S2,3.x,15,13,15,0,15,15,13,13,15,15,1.000000,0.000000,1.000000,1.000000,0.866667,1.000000,1.000000,1.000000
S2__amazonaws.com__ivs__2020-07-14__openapi.yaml,Amazon Interactive Video Service,amazonaws.com,S2,3.x,30,28,30,0,30,30,28,28,30,30,1.000000,0.000000,1.000000,1.000000,0.933333,1.000000,1.000000,1.000000
S2__amazonaws.com__ivschat__2020-07-14__openapi.yaml,Amazon Interactive Video Service Chat,amazonaws.com,S2,3.x,17,15,17,0,17,17,15,15,17,17,1.000000,0.000000,1.000000,1.000000,0.882353,1.000000,1.000000,1.000000
S2__amazonaws.com__kafkaconnect__2021-09-14__openapi.yaml,Managed Streaming for Kafka Connect,amazonaws.com,S2,3.x,12,4,12,0,12,12,4,4,12,12,1.000000,0.000000,1.000000,1.000000,0.333333,1.000000,1.000000,1.000000
S2__amazonaws.com__kendra-ranking__2022-10-19__openapi.yaml,Amazon Kendra Intelligent Ranking,amazonaws.com,S2,3.x,9,9,9,0,9,9,9,9,9,9,1.000000,0.000000,1.000000,1.000000,1.000000,1.000000,1.000000,1.000000
S2__amazonaws.com__kendra__2019-02-03__openapi.yaml,AWSKendraFrontendService,amazonaws.com,S2,3.x,66,66,66,0,66,66,66,66,66,66,1.000000,0.000000,1.000000,1.000000,1.000000,1.000000,1.000000,1.000000
S2__amazonaws.com__keyspaces__2022-02-10__openapi.yaml,Amazon Keyspaces,amazonaws.com,S2,3.x,13,13,13,0,13,13,13,13,13,13,1.000000,0.000000,1.000000,1.000000,1.000000,1.000000,1.000000,1.000000
S2__amazonaws.com__kinesis-video-archived-media__2017-09-30__openapi.yaml,Amazon Kinesis Video Streams Archived Media,amazonaws.com,S2,3.x,6,6,6,0,6,6,6,6,6,6,1.000000,0.000000,1.000000,1.000000,1.000000,1.000000,1.000000,1.000000
S2__amazonaws.com__license-manager-linux-subscriptions__2018-05-10__openapi.yaml,AWS License Manager Linux Subscriptions,amazonaws.com,S2,3.x,4,4,4,0,4,4,3,3,4,4,1.000000,0.000000,1.000000,1.000000,0.750000,0.750000,1.000000,1.000000
S2__amazonaws.com__license-manager-user-subscriptions__2018-05-10__openapi.yaml,AWS License Manager User Subscriptions,amazonaws.com,S2,3.x,11,11,11,0,11,11,11,11,11,11,1.000000,0.000000,1.000000,1.000000,1.000000,1.000000,1.000000,1.000000
S2__amazonaws.com__location__2020-11-19__openapi.yaml,Amazon Location Service,amazonaws.com,S2,3.x,58,36,58,0,58,58,36,36,58,58,1.000000,0.000000,1.000000,1.000000,0.620690,1.000000,1.000000,1.000000
S2__amazonaws.com__lookoutequipment__2020-12-15__openapi.yaml,Amazon Lookout for Equipment,amazonaws.com,S2,3.x,41,41,41,0,41,41,41,41,41,41,1.000000,0.000000,1.000000,1.000000,1.000000,1.000000,1.000000,1.000000
S2__amazonaws.com__lookoutmetrics__2017-07-25__openapi.yaml,Amazon Lookout for Metrics,amazonaws.com,S2,3.x,30,28,30,0,30,30,28,28,30,30,1.000000,0.000000,1.000000,1.000000,0.933333,1.000000,1.000000,1.000000
S2__amazonaws.com__lookoutvision__2020-11-20__openapi.yaml,Amazon Lookout for Vision,amazonaws.com,S2,3.x,22,9,22,0,22,22,8,8,22,22,1.000000,0.000000,1.000000,1.000000,0.363636,0.888889,1.000000,1.000000
S2__amazonaws.com__m2__2021-04-28__openapi.yaml,AWSMainframeModernization,amazonaws.com,S2,3.x,33,11,33,0,33,33,9,9,33,33,1.000000,0.000000,1.000000,1.000000,0.272727,0.818182,1.000000,1.000000
S2__amazonaws.com__macie2__2020-01-01__openapi.yaml,Amazon Macie 2,amazonaws.com,S2,3.x,79,42,79,0,79,79,39,39,79,79,1.000000,0.000000,1.000000,1.000000,0.493671,0.928571,1.000000,1.000000
S2__amazonaws.com__managedblockchain-query__2023-05-04__openapi.yaml,Amazon Managed Blockchain Query,amazonaws.com,S2,3.x,6,6,6,0,6,6,6,6,6,6,1.000000,0.000000,1.000000,1.000000,1.000000,1.000000,1.000000,1.000000
S2__amazonaws.com__marketplace-catalog__2018-09-17__openapi.yaml,AWS Marketplace Catalog Service,amazonaws.com,S2,3.x,12,8,12,0,12,12,7,7,12,12,1.000000,0.000000,1.000000,1.000000,0.583333,0.875000,1.000000,1.000000
S2__amazonaws.com__mediapackagev2__2022-12-25__openapi.yaml,AWS Elemental MediaPackage v2,amazonaws.com,S2,3.x,24,9,24,0,24,24,9,9,24,24,1.000000,0.000000,1.000000,1.000000,0.375000,1.000000,1.000000,1.000000
S2__amazonaws.com__medical-imaging__2023-07-19__openapi.yaml,AWS Health Imaging,amazonaws.com,S2,3.x,18,11,18,0,18,18,7,7,18,18,1.000000,0.000000,1.000000,1.000000,0.388889,0.636364,1.000000,1.000000
S2__amazonaws.com__memorydb__2021-01-01__openapi.yaml,Amazon MemoryDB,amazonaws.com,S2,3.x,38,38,38,0,38,38,38,38,38,38,1.000000,0.000000,1.000000,1.000000,1.000000,1.000000,1.000000,1.000000
S2__amazonaws.com__mgn__2020-02-26__openapi.yaml,Application Migration Service,amazonaws.com,S2,3.x,65,62,65,0,65,65,61,61,65,65,1.000000,0.000000,1.000000,1.000000,0.938462,0.983871,1.000000,1.000000
S2__amazonaws.com__migration-hub-refactor-spaces__2021-10-26__openapi.yaml,AWS Migration Hub Refactor Spaces,amazonaws.com,S2,3.x,24,7,24,0,24,24,7,7,24,24,1.000000,0.000000,1.000000,1.000000,0.291667,1.000000,1.000000,1.000000
S2__amazonaws.com__migrationhub-config__2019-06-30__openapi.yaml,AWS Migration Hub Config,amazonaws.com,S2,3.x,3,3,3,0,3,3,3,3,3,3,1.000000,0.000000,1.000000,1.000000,1.000000,1.000000,1.000000,1.000000
S2__amazonaws.com__migrationhuborchestrator__2021-08-28__openapi.yaml,AWS Migration Hub Orchestrator,amazonaws.com,S2,3.x,28,10,28,0,28,28,7,7,28,28,1.000000,0.000000,1.000000,1.000000,0.250000,0.700000,1.000000,1.000000
S2__amazonaws.com__migrationhubstrategy__2020-02-19__openapi.yaml,Migration Hub Strategy Recommendations,amazonaws.com,S2,3.x,21,9,21,0,21,21,9,9,21,21,1.000000,0.000000,1.000000,1.000000,0.428571,1.000000,1.000000,1.000000
S2__amazonaws.com__models.lex.v2__2020-08-07__openapi.yaml,Amazon Lex Model Building V2,amazonaws.com,S2,3.x,92,59,92,0,92,92,56,56,92,92,1.000000,0.000000,1.000000,1.000000,0.608696,0.949153,1.000000,1.000000
S2__amazonaws.com__mwaa__2020-07-01__openapi.yaml,AmazonMWAA,amazonaws.com,S2,3.x,11,6,11,0,11,11,4,4,11,11,1.000000,0.000000,1.000000,1.000000,0.363636,0.666667,1.000000,1.000000
S2__amazonaws.com__network-firewall__2020-11-12__openapi.yaml,AWS Network Firewall,amazonaws.com,S2,3.x,36,36,36,0,36,36,36,36,36,36,1.000000,0.000000,1.000000,1.000000,1.000000,1.000000,1.000000,1.000000
S2__amazonaws.com__networkmanager__2019-07-05__openapi.yaml,AWS Network Manager,amazonaws.com,S2,3.x,85,35,85,0,85,85,31,31,85,85,1.000000,0.000000,1.000000,1.000000,0.364706,0.885714,1.000000,1.000000
S2__amazonaws.com__nimble__2020-08-01__openapi.yaml,AmazonNimbleStudio,amazonaws.com,S2,3.x,49,18,49,0,49,49,17,17,49,49,1.000000,0.000000,1.000000,1.000000,0.346939,0.944444,1.000000,1.000000
S2__amazonaws.com__oam__2022-06-10__openapi.yaml,CloudWatch Observability Access Manager,amazonaws.com,S2,3.x,15,13,15,0,15,15,13,13,15,15,1.000000,0.000000,1.000000,1.000000,0.866667,1.000000,1.000000,1.000000
S2__amazonaws.com__omics__2022-11-28__openapi.yaml,Amazon Omics,amazonaws.com,S2,3.x,72,37,72,0,72,72,35,35,72,72,1.000000,0.000000,1.000000,1.000000,0.486111,0.945946,1.000000,1.000000
S2__amazonaws.com__opensearch__2021-01-01__openapi.yaml,Amazon OpenSearch Service,amazonaws.com,S2,3.x,54,25,54,0,54,54,22,21,54,54,1.000000,0.000000,1.000000,1.000000,0.407407,0.840000,1.000000,1.000000
S2__amazonaws.com__opensearchserverless__2021-11-01__openapi.yaml,OpenSearch Service Serverless,amazonaws.com,S2,3.x,31,31,31,0,31,31,31,31,31,31,1.000000,0.000000,1.000000,1.000000,1.000000,1.000000,1.000000,1.000000
S2__amazonaws.com__osis__2022-01-01__openapi.yaml,Amazon OpenSearch Ingestion,amazonaws.com,S2,3.x,14,8,14,0,14,14,5,5,14,14,1.000000,0.000000,1.000000,1.000000,0.357143,0.625000,1.000000,1.000000
S2__amazonaws.com__outposts__2019-12-03__openapi.yaml,AWS Outposts,amazonaws.com,S2,3.x,26,10,26,0,26,26,9,9,26,26,1.000000,0.000000,1.000000,1.000000,0.346154,0.900000,1.000000,1.000000
S2__amazonaws.com__panorama__2019-07-24__openapi.yaml,AWS Panorama,amazonaws.com,S2,3.x,34,10,34,0,34,34,10,10,34,34,1.000000,0.000000,1.000000,1.000000,0.294118,1.000000,1.000000,1.000000
S2__amazonaws.com__payment-cryptography-data__2022-02-03__openapi.yaml,Payment Cryptography Data Plane,amazonaws.com,S2,3.x,11,11,11,0,11,11,11,11,11,11,1.000000,0.000000,1.000000,1.000000,1.000000,1.000000,1.000000,1.000000
S2__amazonaws.com__payment-cryptography__2021-09-14__openapi.yaml,Payment Cryptography Control Plane,amazonaws.com,S2,3.x,20,20,20,0,20,20,20,20,20,20,1.000000,0.000000,1.000000,1.000000,1.000000,1.000000,1.000000,1.000000
S2__amazonaws.com__personalize-events__2018-03-22__openapi.yaml,Amazon Personalize Events,amazonaws.com,S2,3.x,3,3,3,0,3,3,3,3,3,3,1.000000,0.000000,1.000000,1.000000,1.000000,1.000000,1.000000,1.000000
S2__amazonaws.com__pi__2018-02-27__openapi.yaml,AWS Performance Insights,amazonaws.com,S2,3.x,6,6,6,0,6,6,6,6,6,6,1.000000,0.000000,1.000000,1.000000,1.000000,1.000000,1.000000,1.000000
S2__amazonaws.com__pinpoint-sms-voice-v2__2022-03-31__openapi.yaml,Amazon Pinpoint SMS Voice V2,amazonaws.com,S2,3.x,43,43,43,0,43,43,43,43,43,43,1.000000,0.000000,1.000000,1.000000,1.000000,1.000000,1.000000,1.000000
S2__amazonaws.com__pipes__2015-10-07__openapi.yaml,Amazon EventBridge Pipes,amazonaws.com,S2,3.x,10,5,10,0,10,10,3,3,10,10,1.000000,0.000000,1.000000,1.000000,0.300000,0.600000,1.000000,1.000000
S2__amazonaws.com__privatenetworks__2021-12-03__openapi.yaml,AWS Private 5G,amazonaws.com,S2,3.x,25,16,25,0,25,25,16,16,25,25,1.000000,0.000000,1.000000,1.000000,0.640000,1.000000,1.000000,1.000000
S2__amazonaws.com__proton__2020-07-20__openapi.yaml,AWS Proton,amazonaws.com,S2,3.x,87,87,87,0,87,87,87,87,87,87,1.000000,0.000000,1.000000,1.000000,1.000000,1.000000,1.000000,1.000000
S2__amazonaws.com__rbin__2021-06-15__openapi.yaml,Amazon Recycle Bin,amazonaws.com,S2,3.x,10,6,10,0,10,10,5,5,10,10,1.000000,0.000000,1.000000,1.000000,0.500000,0.833333,1.000000,1.000000
S2__amazonaws.com__redshift-data__2019-12-20__openapi.yaml,Redshift Data API Service,amazonaws.com,S2,3.x,10,10,10,0,10,10,10,10,10,10,1.000000,0.000000,1.000000,1.000000,1.000000,1.000000,1.000000,1.000000
S2__amazonaws.com__redshift-serverless__2021-04-21__openapi.yaml,Redshift Serverless,amazonaws.com,S2,3.x,40,40,40,0,40,40,40,40,40,40,1.000000,0.000000,1.000000,1.000000,1.000000,1.000000,1.000000,1.000000
S2__amazonaws.com__resiliencehub__2020-04-30__openapi.yaml,AWS Resilience Hub,amazonaws.com,S2,3.x,54,47,54,0,54,54,47,47,54,54,1.000000,0.000000,1.000000,1.000000,0.870370,1.000000,1.000000,1.000000
S2__amazonaws.com__resource-explorer__2-2022-07-28__openapi.yaml,AWS Resource Explorer,amazonaws.com,S2,3.x,19,17,19,0,19,19,14,14,19,19,1.000000,0.000000,1.000000,1.000000,0.736842,0.823529,1.000000,1.000000
S2__amazonaws.com__rolesanywhere__2018-05-10__openapi.yaml,IAM Roles Anywhere,amazonaws.com,S2,3.x,28,16,28,0,28,28,10,10,28,28,1.000000,0.000000,1.000000,1.000000,0.357143,0.625000,1.000000,1.000000
S2__amazonaws.com__route53-recovery-cluster__2019-12-02__openapi.yaml,Route53 Recovery Cluster,amazonaws.com,S2,3.x,4,4,4,0,4,4,4,4,4,4,1.000000,0.000000,1.000000,1.000000,1.000000,1.000000,1.000000,1.000000
S2__amazonaws.com__route53-recovery-control-config__2020-11-02__openapi.yaml,AWS Route53 Recovery Control Config,amazonaws.com,S2,3.x,23,8,23,0,23,23,8,8,23,23,1.000000,0.000000,1.000000,1.000000,0.347826,1.000000,1.000000,1.000000
S2__amazonaws.com__route53-recovery-readiness__2019-12-02__openapi.yaml,AWS Route53 Recovery Readiness,amazonaws.com,S2,3.x,32,10,32,0,32,32,10,10,32,32,1.000000,0.000000,1.000000,1.000000,0.312500,1.000000,1.000000,1.000000
S2__amazonaws.com__rum__2018-05-10__openapi.yaml,CloudWatch RUM,amazonaws.com,S2,3.x,17,9,17,0,17,17,8,8,17,17,1.000000,0.000000,1.000000,1.000000,0.470588,0.888889,1.000000,1.000000
S2__amazonaws.com__runtime.lex.v2__2020-08-07__openapi.yaml,Amazon Lex Runtime V2,amazonaws.com,S2,3.x,5,3,5,0,5,5,3,3,5,5,1.000000,0.000000,1.000000,1.000000,0.600000,1.000000,1.000000,1.000000
S2__amazonaws.com__s3outposts__2017-07-25__openapi.yaml,Amazon S3 on Outposts,amazonaws.com,S2,3.x,5,1,5,0,5,5,1,1,5,5,1.000000,0.000000,1.000000,1.000000,0.200000,1.000000,1.000000,1.000000
S2__amazonaws.com__sagemaker-a2i-runtime__2019-11-07__openapi.yaml,Amazon Augmented AI Runtime,amazonaws.com,S2,3.x,5,2,5,0,5,5,2,2,5,5,1.000000,0.000000,1.000000,1.000000,0.400000,1.000000,1.000000,1.000000
S2__amazonaws.com__sagemaker-edge__2020-09-23__openapi.yaml,Amazon Sagemaker Edge Manager,amazonaws.com,S2,3.x,3,3,3,0,3,3,3,3,3,3,1.000000,0.000000,1.000000,1.000000,1.000000,1.000000,1.000000,1.000000
S2__amazonaws.com__sagemaker-featurestore-runtime__2020-07-01__openapi.yaml,Amazon SageMaker Feature Store Runtime,amazonaws.com,S2,3.x,4,2,4,0,4,4,2,2,4,4,1.000000,0.000000,1.000000,1.000000,0.500000,1.000000,1.000000,1.000000
S2__amazonaws.com__sagemaker-geospatial__2020-05-27__openapi.yaml,Amazon SageMaker geospatial capabilities,amazonaws.com,S2,3.x,19,10,19,0,19,19,10,10,19,19,1.000000,0.000000,1.000000,1.000000,0.526316,1.000000,1.000000,1.000000
S2__amazonaws.com__savingsplans__2019-06-28__openapi.yaml,AWS Savings Plans,amazonaws.com,S2,3.x,9,9,9,0,9,9,9,9,9,9,1.000000,0.000000,1.000000,1.000000,1.000000,1.000000,1.000000,1.000000
S2__amazonaws.com__scheduler__2021-06-30__openapi.yaml,Amazon EventBridge Scheduler,amazonaws.com,S2,3.x,12,4,12,0,12,12,4,4,12,12,1.000000,0.000000,1.000000,1.000000,0.333333,1.000000,1.000000,1.000000
S2__amazonaws.com__schemas__2019-12-02__openapi.yaml,Schemas,amazonaws.com,S2,3.x,31,12,30,0,31,31,9,9,31,31,0.967742,0.000000,1.000000,1.000000,0.290323,0.750000,1.000000,1.000000
S2__amazonaws.com__securitylake__2018-05-10__openapi.yaml,Amazon Security Lake,amazonaws.com,S2,3.x,31,19,31,0,31,31,19,19,31,31,1.000000,0.000000,1.000000,1.000000,0.612903,1.000000,1.000000,1.000000
S2__amazonaws.com__servicecatalog-appregistry__2020-06-24__openapi.yaml,AWS Service Catalog App Registry,amazonaws.com,S2,3.x,24,9,24,0,24,24,6,6,24,24,1.000000,0.000000,1.000000,1.000000,0.250000,0.666667,1.000000,1.000000
S2__amazonaws.com__simspaceweaver__2022-10-28__openapi.yaml,AWS SimSpace Weaver,amazonaws.com,S2,3.x,16,8,16,0,16,16,8,8,16,16,1.000000,0.000000,1.000000,1.000000,0.500000,1.000000,1.000000,1.000000
S2__amazonaws.com__snow-device-management__2021-08-04__openapi.yaml,AWS Snow Device Management,amazonaws.com,S2,3.x,13,7,13,0,13,13,3,3,13,13,1.000000,0.000000,1.000000,1.000000,0.230769,0.428571,1.000000,1.000000
S2__amazonaws.com__ssm-contacts__2021-05-03__openapi.yaml,AWS Systems Manager Incident Manager Contacts,amazonaws.com,S2,3.x,39,39,39,0,39,39,39,39,39,39,1.000000,0.000000,1.000000,1.000000,1.000000,1.000000,1.000000,1.000000
S2__amazonaws.com__ssm-incidents__2018-05-10__openapi.yaml,AWS Systems Manager Incident Manager,amazonaws.com,S2,3.x,29,23,29,0,29,29,22,22,29,29,1.000000,0.000000,1.000000,1.000000,0.758621,0.956522,1.000000,1.000000
S2__amazonaws.com__ssm-sap__2018-05-10__openapi.yaml,AWS Systems Manager for SAP,amazonaws.com,S2,3.x,18,16,18,0,18,18,16,16,18,18,1.000000,0.000000,1.000000,1.000000,0.888889,1.000000,1.000000,1.000000
S2__amazonaws.com__sso-admin__2020-07-20__openapi.yaml,AWS Single Sign-On Admin,amazonaws.com,S2,3.x,37,37,37,0,37,37,37,37,37,37,1.000000,0.000000,1.000000,1.000000,1.000000,1.000000,1.000000,1.000000
S2__amazonaws.com__sso-oidc__2019-06-10__openapi.yaml,AWS SSO OIDC,amazonaws.com,S2,3.x,3,3,3,0,3,3,3,3,3,3,1.000000,0.000000,1.000000,1.000000,1.000000,1.000000,1.000000,1.000000
S2__amazonaws.com__sso__2019-06-10__openapi.yaml,AWS Single Sign-On,amazonaws.com,S2,3.x,4,1,4,0,4,4,0,0,4,4,1.000000,0.000000,1.000000,1.000000,0.000000,0.000000,1.000000,1.000000
S2__amazonaws.com__support-app__2021-08-20__openapi.yaml,AWS Support App,amazonaws.com,S2,3.x,10,10,10,0,10,10,8,8,10,10,1.000000,0.000000,1.000000,1.000000,0.800000,0.800000,1.000000,1.000000
S2__amazonaws.com__synthetics__2017-10-11__openapi.yaml,Synthetics,amazonaws.com,S2,3.x,21,15,21,0,21,21,13,13,21,21,1.000000,0.000000,1.000000,1.000000,0.619048,0.866667,1.000000,1.000000
S2__amazonaws.com__timestream-query__2018-11-01__openapi.yaml,Amazon Timestream Query,amazonaws.com,S2,3.x,13,13,13,0,13,13,13,13,13,13,1.000000,0.000000,1.000000,1.000000,1.000000,1.000000,1.000000,1.000000
S2__amazonaws.com__timestream-write__2018-11-01__openapi.yaml,Amazon Timestream Write,amazonaws.com,S2,3.x,19,19,18,0,19,19,19,19,19,19,0.947368,0.000000,1.000000,1.000000,1.000000,1.000000,1.000000,1.000000
S2__amazonaws.com__tnb__2008-10-21__openapi.yaml,AWS Telco Network Builder,amazonaws.com,S2,3.x,33,14,33,0,33,33,13,13,33,33,1.000000,0.000000,1.000000,1.000000,0.393939,0.928571,1.000000,1.000000
S2__amazonaws.com__transfer__2018-11-05__openapi.yaml,AWS Transfer Family,amazonaws.com,S2,3.x,59,59,59,0,59,59,59,59,59,59,1.000000,0.000000,1.000000,1.000000,1.000000,1.000000,1.000000,1.000000
S2__amazonaws.com__verifiedpermissions__2021-12-01__openapi.yaml,Amazon Verified Permissions,amazonaws.com,S2,3.x,24,24,24,0,24,24,24,24,24,24,1.000000,0.000000,1.000000,1.000000,1.000000,1.000000,1.000000,1.000000
S2__amazonaws.com__voice-id__2021-09-27__openapi.yaml,Amazon Voice ID,amazonaws.com,S2,3.x,29,29,29,0,29,29,29,29,29,29,1.000000,0.000000,1.000000,1.000000,1.000000,1.000000,1.000000,1.000000
S2__amazonaws.com__vpc-lattice__2022-11-30__openapi.yaml,Amazon VPC Lattice,amazonaws.com,S2,3.x,52,22,52,0,52,52,22,22,52,52,1.000000,0.000000,1.000000,1.000000,0.423077,1.000000,1.000000,1.000000
S2__amazonaws.com__wafv2__2019-07-29__openapi.yaml,AWS WAFV2,amazonaws.com,S2,3.x,53,53,53,0,53,53,53,53,53,53,1.000000,0.000000,1.000000,1.000000,1.000000,1.000000,1.000000,1.000000
S2__amazonaws.com__wellarchitected__2020-03-31__openapi.yaml,AWS Well-Architected Tool,amazonaws.com,S2,3.x,56,27,56,0,56,56,27,27,56,56,1.000000,0.000000,1.000000,1.000000,0.482143,1.000000,1.000000,1.000000
S2__amazonaws.com__wisdom__2020-10-19__openapi.yaml,Amazon Connect Wisdom Service,amazonaws.com,S2,3.x,31,13,31,0,31,31,13,13,31,31,1.000000,0.000000,1.000000,1.000000,0.419355,1.000000,1.000000,1.000000
S2__amazonaws.com__workspaces-web__2020-07-08__openapi.yaml,Amazon WorkSpaces Web,amazonaws.com,S2,3.x,58,23,58,0,58,58,17,17,58,58,1.000000,0.000000,1.000000,1.000000,0.293103,0.739130,1.000000,1.000000
S2__amentum.space__atmosphere__1.1.1__openapi.yaml,Atmosphere API,amentum.space,S2,3.x,3,0,3,3,3,3,0,0,3,3,1.000000,1.000000,1.000000,1.000000,0.000000,,1.000000,1.000000
S2__amentum.space__aviation_radiation__1.5.0__openapi.yaml,Aviation Radiation API,amentum.space,S2,3.x,7,0,7,7,7,7,0,0,7,7,1.000000,1.000000,1.000000,1.000000,0.000000,,1.000000,1.000000
S2__amentum.space__space_radiation__1.1.2__openapi.yaml,Space Radiation API,amentum.space,S2,3.x,3,0,3,3,3,3,0,0,3,3,1.000000,1.000000,1.000000,1.000000,0.000000,,1.000000,1.000000
S2__anchore.io__0.1.20__openapi.yaml,Anchore Engine API Server,anchore.io,S2,3.x,109,27,39,94,109,89,21,21,106,106,0.357798,0.862385,1.000000,0.816514,0.192661,0.777778,0.972477,0.972477
S2__apache.org__airflow__2.5.3__openapi.yaml,Airflow API (Stable),apache.org,S2,3.x,71,25,45,71,71,61,25,25,71,71,0.633803,1.000000,1.000000,0.859155,0.352113,1.000000,1.000000,1.000000
S2__api.video__1__openapi.yaml,api.video,api.video,S2,3.x,47,19,43,47,47,39,19,19,46,46,0.914894,1.000000,1.000000,0.829787,0.404255,1.000000,0.978723,0.978723
S2__apicurio.local__registry__1.3.2.Final__openapi.yaml,Apicurio Registry API,apicurio.local,S2,3.x,33,13,33,33,33,29,8,8,32,32,1.000000,1.000000,1.000000,0.878788,0.242424,0.615385,0.969697,0.969697
S2__apicurio.local__registry__2.4.x__openapi.yaml,Apicurio Registry API [v2],apicurio.local,S2,3.x,65,21,65,65,65,53,21,21,65,65,1.000000,1.000000,1.000000,0.815385,0.323077,1.000000,1.000000,1.000000
S2__apidapp.com__2019-02-14T164701Z__openapi.yaml,ApiDapp,apidapp.com,S2,3.x,29,12,21,0,0,17,0,0,29,29,0.724138,0.000000,0.000000,0.586207,0.000000,0.000000,1.000000,1.000000
S2__apideck.com__accounting__10.0.0__openapi.yaml,Accounting API,apideck.com,S2,3.x,58,22,58,58,58,58,22,22,58,58,1.000000,1.000000,1.000000,1.000000,0.379310,1.000000,1.000000,1.000000
S2__apideck.com__ats__10.0.0__openapi.yaml,ATS API,apideck.com,S2,3.x,12,4,12,12,12,12,4,4,12,12,1.000000,1.000000,1.000000,1.000000,0.333333,1.000000,1.000000,1.000000
S2__apideck.com__connector__10.0.0__openapi.yaml,Connector API,apideck.com,S2,3.x,10,0,10,10,10,10,0,0,10,10,1.000000,1.000000,1.000000,1.000000,0.000000,,1.000000,1.000000
S2__apideck.com__crm__10.0.0__openapi.yaml,CRM API,apideck.com,S2,3.x,40,16,40,40,40,40,16,16,40,40,1.000000,1.000000,1.000000,1.000000,0.400000,1.000000,1.000000,1.000000
S2__apideck.com__customer-support__9.5.0__openapi.yaml,Customer Support,apideck.com,S2,3.x,5,2,5,5,5,5,2,2,5,5,1.000000,1.000000,1.000000,1.000000,0.400000,1.000000,1.000000,1.000000
S2__apideck.com__ecommerce__10.0.0__openapi.yaml,Ecommerce API,apideck.com,S2,3.x,7,0,7,7,7,7,0,0,7,7,1.000000,1.000000,1.000000,1.000000,0.000000,,1.000000,1.000000
S2__apideck.com__ecosystem__0.0.6__openapi.yaml,Ecosystem API,apideck.com,S2,3.x,12,0,12,12,12,12,0,0,12,12,1.000000,1.000000,1.000000,1.000000,0.000000,,1.000000,1.000000
S2__apideck.com__file-storage__10.0.0__openapi.yaml,File storage API,apideck.com,S2,3.x,33,15,33,33,33,33,15,15,33,33,1.000000,1.000000,1.000000,1.000000,0.454545,1.000000,1.000000,1.000000
S2__apideck.com__hris__10.0.0__openapi.yaml,HRIS API,apideck.com,S2,3.x,25,8,25,25,25,25,8,8,25,25,1.000000,1.000000,1.000000,1.000000,0.320000,1.000000,1.000000,1.000000
S2__apideck.com__issue-tracking__10.0.0__openapi.yaml,Issue Tracking API,apideck.com,S2,3.x,15,4,15,15,15,15,4,4,15,15,1.000000,1.000000,1.000000,1.000000,0.266667,1.000000,1.000000,1.000000
S2__apideck.com__lead__10.0.0__openapi.yaml,Lead API,apideck.com,S2,3.x,5,2,5,5,5,5,2,2,5,5,1.000000,1.000000,1.000000,1.000000,0.400000,1.000000,1.000000,1.000000
S2__apideck.com__pos__10.0.0__openapi.yaml,POS API,apideck.com,S2,3.x,46,19,46,46,46,46,19,19,46,46,1.000000,1.000000,1.000000,1.000000,0.413043,1.000000,1.000000,1.000000
S2__apideck.com__proxy__10.0.0__openapi.yaml,Proxy API,apideck.com,S2,3.x,5,3,5,5,5,5,3,3,5,5,1.000000,1.000000,1.000000,1.000000,0.600000,1.000000,1.000000,1.000000
S2__apideck.com__sms__10.0.0__openapi.yaml,SMS API,apideck.com,S2,3.x,5,2,5,5,5,5,2,2,5,5,1.000000,1.000000,1.000000,1.000000,0.400000,1.000000,1.000000,1.000000
S2__apideck.com__vault__10.0.0__openapi.yaml,Vault API,apideck.com,S2,3.x,27,10,27,27,27,27,10,10,27,27,1.000000,1.000000,1.000000,1.000000,0.370370,1.000000,1.000000,1.000000
S2__apideck.com__webhook__10.0.0__openapi.yaml,Webhook API,apideck.com,S2,3.x,10,5,10,10,10,10,5,5,10,10,1.000000,1.000000,1.000000,1.000000,0.500000,1.000000,1.000000,1.000000
S2__apigee.local__registry__0.0.1__openapi.yaml,Registry API,apigee.local,S2,3.x,35,14,35,0,35,35,14,14,35,35,1.000000,0.000000,1.000000,1.000000,0.400000,1.000000,1.000000,1.000000
S2__apis.guru__2.2.0__openapi.yaml,APIs.guru,apis.guru,S2,3.x,7,0,7,7,7,4,0,0,7,7,1.000000,1.000000,1.000000,0.571429,0.000000,,1.000000,1.000000
S2__apisetu.gov.in__acko__3.0.0__openapi.yaml,Acko General Insurance Limited,apisetu.gov.in,S2,3.x,3,3,3,3,3,0,3,3,3,3,1.000000,1.000000,1.000000,0.000000,1.000000,1.000000,1.000000,1.000000
S2__apisetu.gov.in__bajajallianz__3.0.0__openapi.yaml,Bajaj Allianz General Insurance Company Ltd. (BAGIC),apisetu.gov.in,S2,3.x,7,7,7,7,7,0,7,7,7,7,1.000000,1.000000,1.000000,0.000000,1.000000,1.000000,1.000000,1.000000
S2__apisetu.gov.in__bhartiaxagi__3.0.0__openapi.yaml,Bharti AXA General Insurance Company Ltd.,apisetu.gov.in,S2,3.x,5,5,5,5,5,0,5,5,5,5,1.000000,1.000000,1.000000,0.000000,1.000000,1.000000,1.000000,1.000000
S2__apisetu.gov.in__cbse__3.0.0__openapi.yaml,Central Board of Secondary Education,apisetu.gov.in,S2,3.x,16,16,16,16,16,0,16,16,16,16,1.000000,1.000000,1.000000,0.000000,1.000000,1.000000,1.000000,1.000000
S2__apisetu.gov.in__cisce__3.0.0__openapi.yaml,CISCE,apisetu.gov.in,S2,3.x,5,5,5,5,5,0,5,5,5,5,1.000000,1.000000,1.000000,0.000000,1.000000,1.000000,1.000000,1.000000
S2__apisetu.gov.in__ditch__3.0.0__openapi.yaml,"eDistrict Chandigarh, Chandigarh",apisetu.gov.in,S2,3.x,4,4,4,4,4,0,4,4,4,4,1.000000,1.000000,1.000000,0.000000,1.000000,1.000000,1.000000,1.000000
S2__apisetu.gov.in__dittripura__3.0.0__openapi.yaml,"Directorate of Information Technology, Government of Tripura, Tripura",apisetu.gov.in,S2,3.x,18,18,18,18,18,0,18,18,18,18,1.000000,1.000000,1.000000,0.000000,1.000000,1.000000,1.000000,1.000000
S2__apisetu.gov.in__edistrictandaman__3.0.0__openapi.yaml,"eDistrict Andaman & Nicobar Islands, Andaman & Nicobar",apisetu.gov.in,S2,3.x,12,12,12,12,12,0,12,12,12,12,1.000000,1.000000,1.000000,0.000000,1.000000,1.000000,1.000000,1.000000
S2__apisetu.gov.in__edistricthp__3.0.0__openapi.yaml,"eDistrict Himachal Pradesh, Himachal Pradesh",apisetu.gov.in,S2,3.x,32,32,32,32,32,0,32,32,32,32,1.000000,1.000000,1.000000,0.000000,1.000000,1.000000,1.000000,1.000000
S2__apisetu.gov.in__edistrictkerala__3.0.0__openapi.yaml,"eDistrict Kerala, Kerala",apisetu.gov.in,S2,3.x,24,24,24,24,24,0,24,24,24,24,1.000000,1.000000,1.000000,0.000000,1.000000,1.000000,1.000000,1.000000
S2__apisetu.gov.in__edistrictodisha__3.0.0__openapi.yaml,"eDistrict Odisha, Odisha",apisetu.gov.in,S2,3.x,6,6,6,6,6,0,6,6,6,6,1.000000,1.000000,1.000000,0.000000,1.000000,1.000000,1.000000,1.000000
S2__apisetu.gov.in__edistrictodishasp__3.0.0__openapi.yaml,"eDistrict Odisha ServicePlus, Odisha",apisetu.gov.in,S2,3.x,7,7,7,7,7,0,7,7,7,7,1.000000,1.000000,1.000000,0.000000,1.000000,1.000000,1.000000,1.000000
S2__apisetu.gov.in__edistrictpb__3.0.0__openapi.yaml,"Punjab State eGovernance Society, Punjab",apisetu.gov.in,S2,3.x,7,7,7,7,7,0,7,7,7,7,1.000000,1.000000,1.000000,0.000000,1.000000,1.000000,1.000000,1.000000
S2__apisetu.gov.in__edistrictup__3.0.0__openapi.yaml,"eDistrict Uttar Pradesh, Uttar Pradesh",apisetu.gov.in,S2,3.x,6,6,6,6,6,0,6,6,6,6,1.000000,1.000000,1.000000,0.000000,1.000000,1.000000,1.000000,1.000000
S2__apisetu.gov.in__enibandhanjh__3.0.0__openapi.yaml,"Revenue, Registration & Land Reforms Department, Jharkhand",apisetu.gov.in,S2,3.x,3,3,3,3,3,0,3,3,3,3,1.000000,1.000000,1.000000,0.000000,1.000000,1.000000,1.000000,1.000000
S2__apisetu.gov.in__epfindia__3.0.0__openapi.yaml,Employees' Provident Fund Organization,apisetu.gov.in,S2,3.x,3,3,3,3,3,0,3,3,3,3,1.000000,1.000000,1.000000,0.000000,1.000000,1.000000,1.000000,1.000000
S2__apisetu.gov.in__epramanhp__3.0.0__openapi.yaml,"Himachal Pradesh Department of Revenue, Himachal Pradesh",apisetu.gov.in,S2,3.x,14,14,14,14,14,0,14,14,14,14,1.000000,1.000000,1.000000,0.000000,1.000000,1.000000,1.000000,1.000000
S2__apisetu.gov.in__eservicearunachal__3.0.0__openapi.yaml,"eService (eDistrict), Arunachal Pradesh",apisetu.gov.in,S2,3.x,6,6,6,6,6,0,6,6,6,6,1.000000,1.000000,1.000000,0.000000,1.000000,1.000000,1.000000,1.000000
S2__apisetu.gov.in__futuregenerali__3.0.0__openapi.yaml,Future Generali Total Insurance Solutions,apisetu.gov.in,S2,3.x,5,5,5,5,5,0,5,5,5,5,1.000000,1.000000,1.000000,0.000000,1.000000,1.000000,1.000000,1.000000
S2__apisetu.gov.in__gadbih__3.0.0__openapi.yaml,"General Administration Department, Bihar",apisetu.gov.in,S2,3.x,4,4,4,4,4,0,4,4,4,4,1.000000,1.000000,1.000000,0.000000,1.000000,1.000000,1.000000,1.000000
S2__apisetu.gov.in__goawrd__3.0.0__openapi.yaml,"Goa Water Resources Department, Goa",apisetu.gov.in,S2,3.x,3,3,3,3,3,0,3,3,3,3,1.000000,1.000000,1.000000,0.000000,1.000000,1.000000,1.000000,1.000000
S2__apisetu.gov.in__godigit__3.0.0__openapi.yaml,Go Digit General Insurance Ltd.,apisetu.gov.in,S2,3.x,3,3,3,3,3,0,3,3,3,3,1.000000,1.000000,1.000000,0.000000,1.000000,1.000000,1.000000,1.000000
S2__apisetu.gov.in__hsscboardmh__3.0.0__openapi.yaml,"Maharashtra State Board of Secondary and Higher Secondary Education, Maharashtra",apisetu.gov.in,S2,3.x,4,4,4,4,4,0,4,4,4,4,1.000000,1.000000,1.000000,0.000000,1.000000,1.000000,1.000000,1.000000
S2__apisetu.gov.in__icicilombard__3.0.0__openapi.yaml,ICICI Lombard GIC Ltd.,apisetu.gov.in,S2,3.x,7,7,7,7,7,0,7,7,7,7,1.000000,1.000000,1.000000,0.000000,1.000000,1.000000,1.000000,1.000000
S2__apisetu.gov.in__jac__3.0.0__openapi.yaml,"Jharkhand State Board (Jharkhand Academic Council), Jharkhand",apisetu.gov.in,S2,3.x,4,4,4,4,4,0,4,4,4,4,1.000000,1.000000,1.000000,0.000000,1.000000,1.000000,1.000000,1.000000
S2__apisetu.gov.in__jharsewa__3.0.0__openapi.yaml,"Jharsewa (eDistrict), Jharkhand",apisetu.gov.in,S2,3.x,7,7,7,7,7,0,7,7,7,7,1.000000,1.000000,1.000000,0.000000,1.000000,1.000000,1.000000,1.000000
S2__apisetu.gov.in__kiadb__3.0.0__openapi.yaml,"Karnataka Industrial Areas Development Board, Karnataka",apisetu.gov.in,S2,3.x,8,8,8,8,8,0,8,8,8,8,1.000000,1.000000,1.000000,0.000000,1.000000,1.000000,1.000000,1.000000
S2__apisetu.gov.in__kotakgeneralinsurance__3.0.0__openapi.yaml,Kotak Mahindra General Insurance Company Ltd.,apisetu.gov.in,S2,3.x,6,6,6,6,6,0,6,6,6,6,1.000000,1.000000,1.000000,0.000000,1.000000,1.000000,1.000000,1.000000
S2__apisetu.gov.in__labourbih__3.0.0__openapi.yaml,"Labour Resource Department, Bihar",apisetu.gov.in,S2,3.x,7,7,7,7,7,0,7,7,7,7,1.000000,1.000000,1.000000,0.000000,1.000000,1.000000,1.000000,1.000000
S2__apisetu.gov.in__legalmetrologyup__3.0.0__openapi.yaml,"Department of Legal Metrology, Uttar Pradesh",apisetu.gov.in,S2,3.x,4,4,4,4,4,0,4,4,4,4,1.000000,1.000000,1.000000,0.000000,1.000000,1.000000,1.000000,1.000000
S2__apisetu.gov.in__mbse__3.0.0__openapi.yaml,Mizoram State Board of School education,apisetu.gov.in,S2,3.x,4,4,4,4,4,0,4,4,4,4,1.000000,1.000000,1.000000,0.000000,1.000000,1.000000,1.000000,1.000000
S2__apisetu.gov.in__municipaladmin__3.0.0__openapi.yaml,"Directorate of Municipal Administration, Karnataka",apisetu.gov.in,S2,3.x,4,4,4,4,4,0,4,4,4,4,1.000000,1.000000,1.000000,0.000000,1.000000,1.000000,1.000000,1.000000
S2__apisetu.gov.in__nationalinsurance__3.0.0__openapi.yaml,National Insurance Company Ltd.,apisetu.gov.in,S2,3.x,10,10,10,10,10,0,10,10,10,10,1.000000,1.000000,1.000000,0.000000,1.000000,1.000000,1.000000,1.000000
S2__apisetu.gov.in__newindia__3.0.0__openapi.yaml,New India Assurance Co. Ltd.,apisetu.gov.in,S2,3.x,7,7,7,7,7,0,7,7,7,7,1.000000,1.000000,1.000000,0.000000,1.000000,1.000000,1.000000,1.000000
S2__apisetu.gov.in__nios__3.0.0__openapi.yaml,National Institute of Open Schooling,apisetu.gov.in,S2,3.x,6,6,6,6,6,0,6,6,6,6,1.000000,1.000000,1.000000,0.000000,1.000000,1.000000,1.000000,1.000000
S2__apisetu.gov.in__orientalinsurance__3.0.0__openapi.yaml,The Oriental Insurance Co. Ltd.,apisetu.gov.in,S2,3.x,10,10,10,10,10,0,10,10,10,10,1.000000,1.000000,1.000000,0.000000,1.000000,1.000000,1.000000,1.000000
S2__apisetu.gov.in__pblabour__3.0.0__openapi.yaml,"Department of Labour, Govt of Punjab, Punjab",apisetu.gov.in,S2,3.x,3,3,3,3,3,0,3,3,3,3,1.000000,1.000000,1.000000,0.000000,1.000000,1.000000,1.000000,1.000000
S2__apisetu.gov.in__phedharyana__3.0.0__openapi.yaml,"Public Health Engineering Department, Haryana, Haryana",apisetu.gov.in,S2,3.x,3,3,3,3,3,0,3,3,3,3,1.000000,1.000000,1.000000,0.000000,1.000000,1.000000,1.000000,1.000000
S2__apisetu.gov.in__pseb__3.0.0__openapi.yaml,"Punjab School Education Board, Punjab",apisetu.gov.in,S2,3.x,5,5,5,5,5,0,5,5,5,5,1.000000,1.000000,1.000000,0.000000,1.000000,1.000000,1.000000,1.000000
S2__apisetu.gov.in__reliancegeneral__3.0.0__openapi.yaml,Reliance General Insurance Company Ltd,apisetu.gov.in,S2,3.x,6,6,6,6,6,0,6,6,6,6,1.000000,1.000000,1.000000,0.000000,1.000000,1.000000,1.000000,1.000000
S2__apisetu.gov.in__sbigeneral__3.0.0__openapi.yaml,SBI General Insurance Company Ltd,apisetu.gov.in,S2,3.x,5,5,5,5,5,0,5,5,5,5,1.000000,1.000000,1.000000,0.000000,1.000000,1.000000,1.000000,1.000000
S2__apisetu.gov.in__statisticsrajasthan__3.0.0__openapi.yaml,"Directorate of Economics and Statistics Cum Chief Registrar, Rajasthan, Rajasthan",apisetu.gov.in,S2,3.x,3,3,3,3,3,0,3,3,3,3,1.000000,1.000000,1.000000,0.000000,1.000000,1.000000,1.000000,1.000000
S2__apisetu.gov.in__transport__3.0.0__openapi.yaml,Ministry of Road Transport and Highways,apisetu.gov.in,S2,3.x,5,5,5,5,5,0,5,5,5,5,1.000000,1.000000,1.000000,0.000000,1.000000,1.000000,1.000000,1.000000
S2__apisetu.gov.in__ubseuk__3.0.0__openapi.yaml,"Uttarakhand State Board of School Education, Uttarakhand",apisetu.gov.in,S2,3.x,3,3,3,3,3,0,3,3,3,3,1.000000,1.000000,1.000000,0.000000,1.000000,1.000000,1.000000,1.000000
S2__apispot.io__whois__2.0__openapi.yaml,Bulk WHOIS API,apispot.io,S2,3.x,8,1,8,0,8,6,1,1,6,6,1.000000,0.000000,1.000000,0.750000,0.125000,1.000000,0.750000,0.750000
S2__apiz.ebay.com__sell-finances__v1.15.0__openapi.yaml,eBay Finances API,apiz.ebay.com,S2,3.x,7,0,7,0,7,7,0,0,7,7,1.000000,0.000000,1.000000,1.000000,0.000000,,1.000000,1.000000
S2__appcenter.ms__v0.1__openapi.yaml,App Center Client,appcenter.ms,S2,3.x,351,110,344,9,351,325,103,97,340,345,0.980057,0.025641,1.000000,0.925926,0.293447,0.881818,0.968661,0.982906
S2__apple.com__app-store-connect__1.4.1__openapi.yaml,App Store Connect API,apple.com,S2,3.x,252,69,0,0,252,224,79,69,252,252,0.000000,0.000000,1.000000,0.888889,0.313492,1.000000,1.000000,1.000000
S2__apple.com__sirikit-cloud-media__1.0.2__openapi.yaml,SiriKit Cloud Media,apple.com,S2,3.x,6,5,0,6,6,6,5,5,6,6,0.000000,1.000000,1.000000,1.000000,0.833333,1.000000,1.000000,1.000000
S2__apptigent.com__2021.1.01__openapi.yaml,PowerTools Developer,apptigent.com,S2,3.x,88,88,88,88,88,0,88,88,88,88,1.000000,1.000000,1.000000,0.000000,1.000000,1.000000,1.000000,1.000000
S2__appveyor.com__1.0.0__swagger.yaml,AppVeyor REST API,appveyor.com,S2,2.0,53,18,2,53,53,47,18,18,53,53,0.037736,1.000000,1.000000,0.886792,0.339623,1.000000,1.000000,1.000000
S2__appwrite.io__client__0.9.3__openapi.yaml,Appwrite,appwrite.io,S2,3.x,61,22,60,61,61,34,20,20,43,43,0.983607,1.000000,1.000000,0.557377,0.327869,0.909091,0.704918,0.704918
S2__art19.com__1.0.0__openapi.yaml,ART19 Content API Documentation,art19.com,S2,3.x,22,0,12,22,0,22,0,0,22,22,0.545455,1.000000,0.000000,1.000000,0.000000,,1.000000,1.000000
S2__asana.com__1.0__openapi.yaml,Asana,asana.com,S2,3.x,167,75,167,167,167,167,74,74,167,167,1.000000,1.000000,1.000000,1.000000,0.443114,0.986667,1.000000,1.000000
S2__asuarez.dev__searchly__1.0__openapi.yaml,SearchLy API v1,asuarez.dev,S2,3.x,3,1,3,3,3,2,1,1,3,3,1.000000,1.000000,1.000000,0.666667,0.333333,1.000000,1.000000,1.000000
S2__aucklandmuseum.com__2.0.0__swagger.yaml,Auckland Museum API,aucklandmuseum.com,S2,2.0,6,2,6,6,6,6,1,1,1,2,1.000000,1.000000,1.000000,1.000000,0.166667,0.500000,0.166667,0.333333
S2__authentiq.io__1.0__openapi.yaml,Authentiq Connect API,authentiq.io,S2,3.x,9,3,9,9,9,6,3,3,7,7,1.000000,1.000000,1.000000,0.666667,0.333333,1.000000,0.777778,0.777778
S2__autodealerdata.com__1.0__openapi.yaml,CIS Automotive API,autodealerdata.com,S2,3.x,35,3,35,35,35,35,1,1,35,35,1.000000,1.000000,1.000000,1.000000,0.028571,0.333333,1.000000,1.000000
S2__autotask.net__v1__swagger.yaml,Datto|Autotask PSA Rest API,autotask.net,S2,2.0,2958,898,0,0,2958,2958,898,898,2958,2958,0.000000,0.000000,1.000000,1.000000,0.303584,1.000000,1.000000,1.000000
S2__avaza.com__v1__swagger.yaml,Avaza API Documentation,avaza.com,S2,2.0,86,29,22,85,86,79,27,26,82,82,0.255814,0.988372,1.000000,0.918605,0.313953,0.896552,0.953488,0.953488
S2__azure.com__appconfiguration__1.0__swagger.yaml,Azure App Configuration,azure.com,S2,2.0,9,2,0,9,9,9,1,1,9,9,0.000000,1.000000,1.000000,1.000000,0.111111,0.500000,1.000000,1.000000
S2__azure.com__appplatform__2019-05-01-preview__swagger.yaml,AppPlatformManagementClient,azure.com,S2,2.0,33,18,31,0,33,33,10,10,33,33,0.939394,0.000000,1.000000,1.000000,0.303030,0.555556,1.000000,1.000000
S2__azure.com__attestation__2018-09-01-preview__swagger.yaml,AttestationClient,azure.com,S2,2.0,6,3,2,6,6,4,3,3,6,6,0.333333,1.000000,1.000000,0.666667,0.500000,1.000000,1.000000,1.000000
S2__azure.com__azsadmin-FileContainer__2019-01-01__swagger.yaml,DeploymentAdminClient,azure.com,S2,2.0,4,1,4,1,4,4,0,0,3,3,1.000000,0.250000,1.000000,1.000000,0.000000,0.000000,0.750000,0.750000
S2__azure.com__cognitiveservices-AnomalyDetector__1.0__swagger.yaml,Anomaly Detector Client,azure.com,S2,2.0,3,3,3,3,3,3,3,3,3,3,1.000000,1.000000,1.000000,1.000000,1.000000,1.000000,1.000000,1.000000
S2__azure.com__customerlockbox__2018-02-28-preview__swagger.yaml,Customer Lockbox,azure.com,S2,2.0,4,1,4,0,4,4,1,1,4,4,1.000000,0.000000,1.000000,1.000000,0.250000,1.000000,1.000000,1.000000
S2__azure.com__digitaltwins__2020-03-01-preview__swagger.yaml,AzureDigitalTwinsManagementClient,azure.com,S2,2.0,16,5,16,0,16,16,5,5,16,16,1.000000,0.000000,1.000000,1.000000,0.312500,1.000000,1.000000,1.000000
S2__azure.com__frontdoor-networkexperiment__2019-11-01__swagger.yaml,NetworkExperiments,azure.com,S2,2.0,14,4,2,14,14,14,4,4,14,14,0.142857,1.000000,1.000000,1.000000,0.285714,1.000000,1.000000,1.000000
S2__azure.com__hybridcompute-HybridCompute__2019-12-12__swagger.yaml,HybridComputeManagementClient,azure.com,S2,2.0,13,5,13,0,13,13,5,5,12,12,1.000000,0.000000,1.000000,1.000000,0.384615,1.000000,0.923077,0.923077
S2__azure.com__iotcentral__preview__swagger.yaml,Azure IoT Central,azure.com,S2,2.0,30,8,9,30,30,25,8,8,26,26,0.300000,1.000000,1.000000,0.833333,0.266667,1.000000,0.866667,0.866667
S2__azure.com__marketplace-Marketplace__2020-01-01__swagger.yaml,Marketplace RP Service,azure.com,S2,2.0,9,2,9,0,9,9,2,2,9,9,1.000000,0.000000,1.000000,1.000000,0.222222,1.000000,1.000000,1.000000
S2__azure.com__migrate__2019-10-01__swagger.yaml,Azure Migrate V2,azure.com,S2,2.0,32,8,32,32,32,31,7,7,32,32,1.000000,1.000000,1.000000,0.968750,0.218750,0.875000,1.000000,1.000000
S2__azure.com__monitor-privateLinkScopes_API__2019-10-17-preview__swagger.yaml,Azure Monitor Private Link Scopes,azure.com,S2,2.0,16,4,16,0,16,16,4,4,14,14,1.000000,0.000000,1.000000,1.000000,0.250000,1.000000,0.875000,0.875000
S2__azure.com__resources-deploymentScripts__2019-10-01-preview__swagger.yaml,DeploymentScriptsClient,azure.com,S2,2.0,8,2,8,0,8,8,2,2,8,8,1.000000,0.000000,1.000000,1.000000,0.250000,1.000000,1.000000,1.000000
S2__azure.com__support__2019-05-01-preview__swagger.yaml,Microsoft.Support,azure.com,S2,2.0,14,5,14,0,14,14,5,5,14,14,1.000000,0.000000,1.000000,1.000000,0.357143,1.000000,1.000000,1.000000
S2__azure.com__windowsesu__2019-09-16-preview__swagger.yaml,windowsesu,azure.com,S2,2.0,7,2,7,0,7,7,2,2,7,7,1.000000,0.000000,1.000000,1.000000,0.285714,1.000000,1.000000,1.000000
S2__balldontlie.io__1.0.0__openapi.yaml,balldontlie,balldontlie.io,S2,3.x,7,0,7,7,7,3,0,0,0,0,1.000000,1.000000,1.000000,0.428571,0.000000,,0.000000,0.000000
S2__bbc.com__1.0.0__openapi.yaml,BBC Nitro API,bbc.com,S2,3.x,25,0,25,25,25,23,0,0,25,25,1.000000,1.000000,1.000000,0.920000,0.000000,,1.000000,1.000000
S2__beezup.com__2.0__openapi.yaml,BeezUP Merchant API ,beezup.com,S2,3.x,224,123,53,222,224,183,83,83,224,224,0.236607,0.991071,1.000000,0.816964,0.370536,0.674797,1.000000,1.000000
S2__bhagavadgita.io__1.0__openapi.yaml,Bhagavad Gita API,bhagavadgita.io,S2,3.x,6,1,5,6,0,5,1,1,5,6,0.833333,1.000000,0.000000,0.833333,0.166667,1.000000,0.833333,1.000000
S2__biapi.pro__2.0__openapi.yaml,Budgea API Documentation,biapi.pro,S2,3.x,167,57,81,167,0,153,36,35,150,151,0.485030,1.000000,0.000000,0.916168,0.215569,0.614035,0.898204,0.904192
S2__bigoven.com__partner__openapi.yaml,"1,000,000+ Recipe and Grocery List API (v2)",bigoven.com,S2,3.x,66,27,0,66,62,45,20,20,65,65,0.000000,1.000000,0.939394,0.681818,0.303030,0.740741,0.984848,0.984848
S2__bigredcloud.com__v1__openapi.yaml,Big Red Cloud API,bigredcloud.com,S2,3.x,111,48,0,111,98,48,46,46,111,111,0.000000,1.000000,0.882883,0.432432,0.414414,0.958333,1.000000,1.000000
S2__billbee.io__v1__openapi.yaml,Billbee API,billbee.io,S2,3.x,76,32,8,74,76,47,30,30,76,76,0.105263,0.973684,1.000000,0.618421,0.394737,0.937500,1.000000,1.000000
S2__billingo.hu__3.0.7__openapi.yaml,Billingo API v3,billingo.hu,S2,3.x,31,11,31,31,31,26,9,9,31,31,1.000000,1.000000,1.000000,0.838710,0.290323,0.818182,1.000000,1.000000
S2__bitbucket.org__2.0__openapi.yaml,Bitbucket API,bitbucket.org,S2,3.x,305,91,295,305,90,298,54,54,287,293,0.967213,1.000000,0.295082,0.977049,0.177049,0.593407,0.940984,0.960656
S2__bkk.hu__1.0.1__openapi.yaml,realCity Query Server API,bkk.hu,S2,3.x,23,1,0,0,23,23,1,1,22,22,0.000000,0.000000,1.000000,1.000000,0.043478,1.000000,0.956522,0.956522
S2__bluemix.net__containers__3.0.0__openapi.yaml,IBM Containers API,bluemix.net,S2,3.x,47,22,47,47,0,46,9,9,29,33,1.000000,1.000000,0.000000,0.978723,0.191489,0.409091,0.617021,0.702128
S2__botify.com__1.0.0__openapi.yaml,Botify API,botify.com,S2,3.x,26,6,26,26,26,26,5,5,26,26,1.000000,1.000000,1.000000,1.000000,0.192308,0.833333,1.000000,1.000000
S2__botschaft.local__0.1.0__openapi.yaml,FastAPI,botschaft.local,S2,3.x,10,4,0,10,10,10,4,4,10,10,0.000000,1.000000,1.000000,1.000000,0.400000,1.000000,1.000000,1.000000
S2__box.com__2.0.0__openapi.yaml,Box Platform API,box.com,S2,3.x,258,103,258,258,258,221,101,101,258,258,1.000000,1.000000,1.000000,0.856589,0.391473,0.980583,1.000000,1.000000
S2__brainbi.net__1.0.0__openapi.yaml,brainbi,brainbi.net,S2,3.x,14,4,14,14,14,14,0,0,0,0,1.000000,1.000000,1.000000,1.000000,0.000000,0.000000,0.000000,0.000000
S2__braze.com__1.0.0__openapi.yaml,Braze Endpoints,braze.com,S2,3.x,31,1,31,31,31,30,1,1,0,1,1.000000,1.000000,1.000000,0.967742,0.032258,1.000000,0.000000,0.032258
S2__breadcrumbs.one__v1__openapi.yaml,Breadcrumbs One,breadcrumbs.one,S2,3.x,5,3,0,5,0,2,3,3,5,5,0.000000,1.000000,0.000000,0.400000,0.600000,1.000000,1.000000,1.000000
S2__brex.io__2021.12__openapi.yaml,KYC API Documentation,brex.io,S2,3.x,54,23,54,54,54,42,17,17,54,54,1.000000,1.000000,1.000000,0.777778,0.314815,0.739130,1.000000,1.000000
S2__bridgedb.org__0.9.0__swagger.yaml,bridgedb webservices,bridgedb.org,S2,2.0,13,2,13,0,0,13,2,2,0,2,1.000000,0.000000,0.000000,1.000000,0.153846,1.000000,0.000000,0.153846
S2__britbox.co.uk__3.730.300-ref-1-39-0__openapi.yaml,Rocket Services,britbox.co.uk,S2,3.x,121,52,121,0,114,119,45,44,119,121,1.000000,0.000000,0.942149,0.983471,0.371901,0.846154,0.983471,1.000000
S2__browshot.com__1.17.0__swagger.yaml,Browshot API,browshot.com,S2,2.0,17,1,17,17,17,15,0,0,15,15,1.000000,1.000000,1.000000,0.882353,0.000000,0.000000,0.882353,0.882353
S2__bulksms.com__1.0.0__openapi.yaml,BulkSMS JSON REST API,bulksms.com,S2,3.x,15,6,11,15,0,9,6,6,13,15,0.733333,1.000000,0.000000,0.600000,0.400000,1.000000,0.866667,1.000000
S2__bungie.net__2.18.0__openapi.yaml,Bungie.Net API,bungie.net,S2,3.x,134,46,134,0,134,99,0,0,134,134,1.000000,0.000000,1.000000,0.738806,0.000000,0.000000,1.000000,1.000000
S2__byautomata.io__1.0.1__openapi.yaml,Automata Market Intelligence API,byautomata.io,S2,3.x,4,1,0,4,0,3,1,1,4,4,0.000000,1.000000,0.000000,0.750000,0.250000,1.000000,1.000000,1.000000
S2__c19qrserver.local__1.1__openapi.yaml,API for the COVID-19 Tracking QR Code Signin Server.,c19qrserver.local,S2,3.x,14,8,14,13,0,6,7,7,13,13,1.000000,0.928571,0.000000,0.428571,0.500000,0.875000,0.928571,0.928571
S2__callcontrol.com__2015-11-01__swagger.yaml,Call Control API,callcontrol.com,S2,2.0,6,2,4,6,6,6,2,2,5,6,0.666667,1.000000,1.000000,1.000000,0.333333,1.000000,0.833333,1.000000
S2__callfire.com__V2__openapi.yaml,CallFire API Documentation,callfire.com,S2,3.x,122,45,122,122,122,113,36,36,122,122,1.000000,1.000000,1.000000,0.926230,0.295082,0.800000,1.000000,1.000000
S2__canada-holidays.ca__1.8.0__openapi.yaml,Canada Holidays API,canada-holidays.ca,S2,3.x,6,0,6,6,6,4,0,0,5,5,1.000000,1.000000,1.000000,0.666667,0.000000,,0.833333,0.833333
S2__carbone.io__1.2.0__openapi.yaml,Carbone API,carbone.io,S2,3.x,5,2,5,5,0,5,2,2,5,5,1.000000,1.000000,0.000000,1.000000,0.400000,1.000000,1.000000,1.000000
S2__cdcgov.local__prime-data-hub__0.2.0-oas3__openapi.yaml,Prime ReportStream,cdcgov.local,S2,3.x,13,4,12,1,0,12,4,4,13,13,0.923077,0.076923,0.000000,0.923077,0.307692,1.000000,1.000000,1.000000
S2__chain49.com__2.0__openapi.yaml,Chain49 API,chain49.com,S2,3.x,18,1,18,18,18,17,1,1,18,18,1.000000,1.000000,1.000000,0.944444,0.055556,1.000000,1.000000,1.000000
S2__chaingateway.io__1.0.0__openapi.yaml,Chaingateway.io V2,chaingateway.io,S2,3.x,119,40,119,119,119,62,44,38,109,118,1.000000,1.000000,1.000000,0.521008,0.369748,0.950000,0.915966,0.991597
S2__chaingateway.io__1.0__openapi.yaml,Chaingateway.io,chaingateway.io,S2,3.x,21,21,21,21,21,21,16,16,21,21,1.000000,1.000000,1.000000,1.000000,0.761905,0.761905,1.000000,1.000000
S2__change.local__v1__openapi.yaml,API V1,change.local,S2,3.x,8,1,8,8,0,8,0,0,0,0,1.000000,1.000000,0.000000,1.000000,0.000000,0.000000,0.000000,0.000000
S2__channel4.com__1.0.0__swagger.yaml,Channel 4 API,channel4.com,S2,2.0,68,0,68,68,68,68,0,0,68,68,1.000000,1.000000,1.000000,1.000000,0.000000,,1.000000,1.000000
S2__chompthis.com__1.0.0-oas3__openapi.yaml,Chomp Food Database API Documentation,chompthis.com,S2,3.x,4,0,4,4,0,4,0,0,4,4,1.000000,1.000000,0.000000,1.000000,0.000000,,1.000000,1.000000
S2__circl.lu__hashlookup__1.2__openapi.yaml,hashlookup CIRCL API,circl.lu,S2,3.x,11,2,11,0,11,7,0,0,0,0,1.000000,0.000000,1.000000,0.636364,0.000000,0.000000,0.000000,0.000000
S2__circleci.com__v1__openapi.yaml,CircleCI REST API,circleci.com,S2,3.x,22,8,22,0,0,19,4,4,22,22,1.000000,0.000000,0.000000,0.863636,0.181818,0.500000,1.000000,1.000000
S2__cisco.com__0.0.3__swagger.yaml,Cisco PSIRT openVuln API,cisco.com,S2,2.0,19,0,19,0,0,17,0,0,0,0,1.000000,0.000000,0.000000,0.894737,0.000000,,0.000000,0.000000
S2__clearblade.com__3.0__swagger.yaml,ClearBlade API,clearblade.com,S2,2.0,220,92,217,220,220,218,86,84,105,151,0.986364,1.000000,1.000000,0.990909,0.390909,0.913043,0.477273,0.686364
S2__clever-cloud.com__1.0.0__openapi.yaml,Clever-Cloud API,clever-cloud.com,S2,3.x,324,99,54,32,236,264,73,55,127,163,0.166667,0.098765,0.728395,0.814815,0.225309,0.555556,0.391975,0.503086
S2__clever.com__1.2.0__openapi.yaml,Data API,clever.com,S2,3.x,44,0,44,0,44,43,0,0,44,44,1.000000,0.000000,1.000000,0.977273,0.000000,,1.000000,1.000000
S2__clickmeter.com__v2__openapi.yaml,ClickMeter API,clickmeter.com,S2,3.x,104,31,0,104,96,86,30,29,104,104,0.000000,1.000000,0.923077,0.826923,0.288462,0.935484,1.000000,1.000000
S2__clicksend.com__1.0.0__openapi.yaml,ClickSend REST API v3,clicksend.com,S2,3.x,205,97,33,205,177,104,78,78,0,78,0.160976,1.000000,0.863415,0.507317,0.380488,0.804124,0.000000,0.380488
S2__climate.com__4.0.11__openapi.yaml,Climate FieldView Platform APIs,climate.com,S2,3.x,26,6,26,26,16,22,5,5,26,26,1.000000,1.000000,0.615385,0.846154,0.192308,0.833333,1.000000,1.000000
S2__climatekuul.com__1.0__openapi.yaml,climateKuul live,climatekuul.com,S2,3.x,26,26,0,26,26,2,26,26,0,26,0.000000,1.000000,1.000000,0.076923,1.000000,1.000000,0.000000,1.000000
S2__cloud-elements.com__ecwid__api-v2__swagger.yaml,ecwid,cloud-elements.com,S2,2.0,41,16,0,41,41,41,13,13,34,36,0.000000,1.000000,1.000000,1.000000,0.317073,0.812500,0.829268,0.878049
S2__cloudrf.com__2.0.0__openapi.yaml,Cloud-RF API,cloudrf.com,S2,3.x,11,4,11,11,11,7,4,4,0,4,1.000000,1.000000,1.000000,0.636364,0.363636,1.000000,0.000000,0.363636
S2__clubhouseapi.com__1__openapi.yaml,Clubhouse API,clubhouseapi.com,S2,3.x,41,31,1,41,0,5,29,29,0,29,0.024390,1.000000,0.000000,0.121951,0.707317,0.935484,0.000000,0.707317
S2__codat.io__assess__1.0__openapi.yaml,Assess API,codat.io,S2,3.x,27,4,27,27,27,26,2,2,27,27,1.000000,1.000000,1.000000,0.962963,0.074074,0.500000,1.000000,1.000000
S2__codat.io__bank-feeds__2.1.0__openapi.yaml,Bank Feeds API,codat.io,S2,3.x,6,3,6,6,6,6,3,3,6,6,1.000000,1.000000,1.000000,1.000000,0.500000,1.000000,1.000000,1.000000
S2__codat.io__banking__2.1.0__openapi.yaml,Banking API,codat.io,S2,3.x,8,0,8,8,8,8,0,0,8,8,1.000000,1.000000,1.000000,1.000000,0.000000,,1.000000,1.000000
S2__codat.io__commerce__2.1.0__openapi.yaml,Commerce API,codat.io,S2,3.x,11,0,11,11,11,11,0,0,11,11,1.000000,1.000000,1.000000,1.000000,0.000000,,1.000000,1.000000
S2__codat.io__sync-for-commerce__1.1__openapi.yaml,Sync for Commerce API,codat.io,S2,3.x,17,8,17,17,17,14,7,7,16,16,1.000000,1.000000,1.000000,0.823529,0.411765,0.875000,0.941176,0.941176
S2__codat.io__sync-for-expenses__prealpha__openapi.yaml,Codat Expense API,codat.io,S2,3.x,13,5,13,13,13,13,4,4,13,13,1.000000,1.000000,1.000000,1.000000,0.307692,0.800000,1.000000,1.000000
S2__collegefootballdata.com__4.4.12__openapi.yaml,College Football Data API,collegefootballdata.com,S2,3.x,51,0,51,51,51,44,0,0,51,51,1.000000,1.000000,1.000000,0.862745,0.000000,,1.000000,1.000000
S2__color.pizza__1.0.0__openapi.yaml,Color Name API,color.pizza,S2,3.x,4,0,0,4,0,3,0,0,4,4,0.000000,1.000000,0.000000,0.750000,0.000000,,1.000000,1.000000
S2__combell.com__v2__openapi.yaml,Public Api,combell.com,S2,3.x,75,37,11,75,69,68,36,36,35,64,0.146667,1.000000,0.920000,0.906667,0.480000,0.972973,0.466667,0.853333
S2__configcat.com__v1__openapi.yaml,ConfigCat Public Management API,configcat.com,S2,3.x,63,26,55,59,60,57,26,26,49,54,0.873016,0.936508,0.952381,0.904762,0.412698,1.000000,0.777778,0.857143
S2__conjur.local__5.3.0__openapi.yaml,Conjur,conjur.local,S2,3.x,40,22,40,40,40,39,19,19,40,40,1.000000,1.000000,1.000000,0.975000,0.475000,0.863636,1.000000,1.000000
S2__contentgroove.com__1.0.0__openapi.yaml,ContentGroove API,contentgroove.com,S2,3.x,15,5,0,15,15,11,5,5,12,12,0.000000,1.000000,1.000000,0.733333,0.333333,1.000000,0.800000,0.800000
S2__contract-p.fit__1.0__openapi.yaml,Contract.fit API,contract-p.fit,S2,3.x,138,58,116,121,137,114,53,53,60,88,0.840580,0.876812,0.992754,0.826087,0.384058,0.913793,0.434783,0.637681
S2__corrently.io__2.0.0__openapi.yaml,Corrently.io,corrently.io,S2,3.x,26,10,26,26,26,15,7,7,21,23,1.000000,1.000000,1.000000,0.576923,0.269231,0.700000,0.807692,0.884615
S2__covid19-api.com__1.2.6__openapi.yaml,COVID-19 data API,covid19-api.com,S2,3.x,9,0,9,9,9,9,0,0,9,9,1.000000,1.000000,1.000000,1.000000,0.000000,,1.000000,1.000000
S2__cpy.re__peertube__5.1.0__openapi.yaml,PeerTube,cpy.re,S2,3.x,186,76,29,186,101,134,62,62,96,140,0.155914,1.000000,0.543011,0.720430,0.333333,0.815789,0.516129,0.752688
S2__credas.co.uk__pi__v1__openapi.yaml,Credas API,credas.co.uk,S2,3.x,37,19,6,36,36,37,17,17,37,37,0.162162,0.972973,0.972973,1.000000,0.459459,0.894737,1.000000,1.000000
S2__crediwatch.com__covid19__1.3.0__openapi.yaml,Crediwatch's Covid APIs,crediwatch.com,S2,3.x,5,0,0,5,5,5,0,0,5,5,0.000000,1.000000,1.000000,1.000000,0.000000,,1.000000,1.000000
S2__crossbrowsertesting.com__3.0.0__openapi.yaml,Crossbrowsertesting.com Screenshot Comparisons API,crossbrowsertesting.com,S2,3.x,3,0,3,3,0,3,0,0,3,3,1.000000,1.000000,0.000000,1.000000,0.000000,,1.000000,1.000000
S2__cycat.org__0.9__swagger.yaml,CyCAT.org API,cycat.org,S2,2.0,14,1,14,0,14,10,0,0,0,0,1.000000,0.000000,1.000000,0.714286,0.000000,0.000000,0.000000,0.000000
S2__d7networks.com__1.0.2__openapi.yaml,D7SMS,d7networks.com,S2,3.x,3,2,3,3,3,2,2,2,2,3,1.000000,1.000000,1.000000,0.666667,0.666667,1.000000,0.666667,1.000000
S2__daniweb.com__4__openapi.yaml,DaniWeb Connect API,daniweb.com,S2,3.x,67,29,64,0,0,50,28,28,67,67,0.955224,0.000000,0.000000,0.746269,0.417910,0.965517,1.000000,1.000000
S2__data2crm.com__1__swagger.yaml,Data2CRM.API,data2crm.com,S2,2.0,336,119,276,336,336,336,147,119,305,305,0.821429,1.000000,1.000000,1.000000,0.437500,1.000000,0.907738,0.907738
S2__dataatwork.org__1.0__swagger.yaml,Open Skills API,dataatwork.org,S2,2.0,13,0,13,13,0,12,0,0,13,13,1.000000,1.000000,0.000000,0.923077,0.000000,,1.000000,1.000000
S2__dataflowkit.com__1.3__openapi.yaml,Dataflow Kit Web Scraper,dataflowkit.com,S2,3.x,5,5,5,5,5,0,5,5,4,5,1.000000,1.000000,1.000000,0.000000,1.000000,1.000000,0.800000,1.000000
S2__datumbox.com__1.0__openapi.yaml,api.datumbox.com,datumbox.com,S2,3.x,14,14,14,14,14,0,14,14,0,14,1.000000,1.000000,1.000000,0.000000,1.000000,1.000000,0.000000,1.000000
S2__departureboard.io__2.0__openapi.yaml,departureboard.io API,departureboard.io,S2,3.x,6,0,0,6,6,6,0,0,0,0,0.000000,1.000000,1.000000,1.000000,0.000000,,0.000000,0.000000
S2__deutschebahn.com__fasta__2.1__swagger.yaml,FaSta - Station Facilities Status,deutschebahn.com,S2,2.0,3,0,3,0,3,3,0,0,3,3,1.000000,0.000000,1.000000,1.000000,0.000000,,1.000000,1.000000
S2__dev.to__1.0.0__openapi.yaml,Forem API V1,dev.to,S2,3.x,40,13,40,40,28,32,7,7,28,32,1.000000,1.000000,0.700000,0.800000,0.175000,0.538462,0.700000,0.800000
S2__digitallocker.gov.in__authpartner__1.0.0__openapi.yaml,Authorized Partner API Specification,digitallocker.gov.in,S2,3.x,22,13,22,22,22,5,13,13,21,22,1.000000,1.000000,1.000000,0.227273,0.590909,1.000000,0.954545,1.000000
S2__digitalnz.org__3__openapi.yaml,DigitalNZ API,digitalnz.org,S2,3.x,3,0,3,3,0,3,0,0,3,3,1.000000,1.000000,0.000000,1.000000,0.000000,,1.000000,1.000000
S2__digitalocean.com__2.0__openapi.yaml,DigitalOcean API,digitalocean.com,S2,3.x,290,96,290,290,290,244,100,90,290,290,1.000000,1.000000,1.000000,0.841379,0.344828,0.937500,1.000000,1.000000
S2__discourse.local__latest__openapi.yaml,Discourse API Documentation,discourse.local,S2,3.x,84,43,8,84,84,62,42,38,74,78,0.095238,1.000000,1.000000,0.738095,0.500000,0.883721,0.880952,0.928571
S2__dnd5eapi.co__0.1__openapi.yaml,D&D 5e API,dnd5eapi.co,S2,3.x,47,0,22,47,0,46,0,0,47,47,0.468085,1.000000,0.000000,0.978723,0.000000,,1.000000,1.000000
S2__docker.com__dvp__1.0.0__openapi.yaml,DVP Data API,docker.com,S2,3.x,8,2,8,8,8,5,2,2,8,8,1.000000,1.000000,1.000000,0.625000,0.250000,1.000000,1.000000,1.000000
S2__docker.com__engine__1.33__openapi.yaml,Docker Engine API,docker.com,S2,3.x,103,52,44,103,103,88,29,29,103,103,0.427184,1.000000,1.000000,0.854369,0.281553,0.557692,1.000000,1.000000
S2__docker.com__hub__beta__openapi.yaml,Docker HUB API,docker.com,S2,3.x,26,8,24,26,8,19,8,8,26,26,0.923077,1.000000,0.307692,0.730769,0.307692,1.000000,1.000000,1.000000
S2__dodo.ac__1.6.0__openapi.yaml,Nookipedia,dodo.ac,S2,3.x,30,0,30,30,0,30,0,0,30,30,1.000000,1.000000,0.000000,1.000000,0.000000,,1.000000,1.000000
S2__domainsdb.info__1.0__openapi.yaml,Domains-Index API,domainsdb.info,S2,3.x,14,0,0,13,5,13,0,0,11,11,0.000000,0.928571,0.357143,0.928571,0.000000,,0.785714,0.785714
S2__doqs.dev__1.0__openapi.yaml,doqs.dev | PDF filling API,doqs.dev,S2,3.x,14,7,0,14,14,11,7,7,14,14,0.000000,1.000000,1.000000,0.785714,0.500000,1.000000,1.000000,1.000000
S2__dracoon.team__4.42.3__openapi.yaml,DRACOON API,dracoon.team,S2,3.x,294,120,294,294,294,288,117,108,294,294,1.000000,1.000000,1.000000,0.979592,0.397959,0.900000,1.000000,1.000000
S2__drchrono.com__v4 (Hunt Valley)__openapi.yaml,,drchrono.com,S2,3.x,263,119,226,0,263,262,0,0,169,169,0.859316,0.000000,1.000000,0.996198,0.000000,0.000000,0.642586,0.642586
S2__e-conomic.com__v20.0.0__openapi.yaml,Visma e-conomic OpenAPI,e-conomic.com,S2,3.x,98,22,98,98,98,76,22,22,98,98,1.000000,1.000000,1.000000,0.775510,0.224490,1.000000,1.000000,1.000000
S2__ean-search.org__1.50.0__swagger.yaml,EAN-Search.org API,ean-search.org,S2,2.0,7,0,2,7,7,7,0,0,7,7,0.285714,1.000000,1.000000,1.000000,0.000000,,1.000000,1.000000
S2__ebay.com__buy-browse__v1.1.0__swagger.yaml,Browse API,ebay.com,S2,2.0,11,5,11,0,11,10,5,5,11,11,1.000000,0.000000,1.000000,0.909091,0.454545,1.000000,1.000000,1.000000
S2__ebay.com__buy-deal__v1.3.0__openapi.yaml,Deal API,ebay.com,S2,3.x,4,0,4,0,4,4,0,0,4,4,1.000000,0.000000,1.000000,1.000000,0.000000,,1.000000,1.000000
S2__ebay.com__commerce-taxonomy__v1.0.0__swagger.yaml,Taxonomy API,ebay.com,S2,2.0,8,0,8,7,8,8,0,0,8,8,1.000000,0.875000,1.000000,1.000000,0.000000,,1.000000,1.000000
S2__ebay.com__sell-account__v1.9.0__openapi.yaml,Account API,ebay.com,S2,3.x,36,11,36,0,36,28,11,11,30,32,1.000000,0.000000,1.000000,0.777778,0.305556,1.000000,0.833333,0.888889
S2__ebay.com__sell-analytics__1.2.0__openapi.yaml, Seller Service Metrics API ,ebay.com,S2,3.x,4,0,4,0,4,3,0,0,4,4,1.000000,0.000000,1.000000,0.750000,0.000000,,1.000000,1.000000
S2__ebay.com__sell-compliance__1.4.1__openapi.yaml,Compliance API,ebay.com,S2,3.x,3,1,3,0,3,2,1,1,2,3,1.000000,0.000000,1.000000,0.666667,0.333333,1.000000,0.666667,1.000000
S2__ebay.com__sell-feed__v1.3.1__openapi.yaml,Feed API,ebay.com,S2,3.x,23,7,23,0,23,20,7,7,17,22,1.000000,0.000000,1.000000,0.869565,0.304348,1.000000,0.739130,0.956522
S2__ebay.com__sell-fulfillment__v1.20.0__openapi.yaml,Fulfillment API,ebay.com,S2,3.x,15,7,15,10,15,15,6,6,12,15,1.000000,0.666667,1.000000,1.000000,0.400000,0.857143,0.800000,1.000000
S2__ebay.com__sell-logistics__v1_beta.0.0__openapi.yaml,Logistics API,ebay.com,S2,3.x,6,3,6,0,6,5,2,2,6,6,1.000000,0.000000,1.000000,0.833333,0.333333,0.666667,1.000000,1.000000
S2__ebay.com__sell-marketing__v1.15.0__openapi.yaml,Marketing API,ebay.com,S2,3.x,69,39,69,0,69,61,34,34,51,59,1.000000,0.000000,1.000000,0.884058,0.492754,0.871795,0.739130,0.855072
S2__ebay.com__sell-metadata__v1.6.0__openapi.yaml,Metadata API,ebay.com,S2,3.x,8,0,8,0,8,8,0,0,8,8,1.000000,0.000000,1.000000,1.000000,0.000000,,1.000000,1.000000
S2__ebi.ac.uk__1.0__swagger.yaml,CROssBAR Data API,ebi.ac.uk,S2,2.0,13,0,0,13,13,13,0,0,13,13,0.000000,1.000000,1.000000,1.000000,0.000000,,1.000000,1.000000
S2__edrv.io__v1__openapi.yaml,eDRV API,edrv.io,S2,3.x,57,22,57,0,57,43,23,22,25,27,1.000000,0.000000,1.000000,0.754386,0.403509,1.000000,0.438596,0.473684
S2__elevenlabs.io__1.0__openapi.yaml,ElevenLabs API Documentation,elevenlabs.io,S2,3.x,19,7,19,19,19,18,7,7,19,19,1.000000,1.000000,1.000000,0.947368,0.368421,1.000000,1.000000,1.000000
S2__elmah.io__v3__openapi.yaml,elmah.io API,elmah.io,S2,3.x,22,11,22,22,22,17,8,7,12,16,1.000000,1.000000,1.000000,0.772727,0.363636,0.636364,0.545455,0.727273
S2__enode.io__1.3.10__openapi.yaml,Enode API,enode.io,S2,3.x,28,9,16,28,28,21,7,7,21,23,0.571429,1.000000,1.000000,0.750000,0.250000,0.777778,0.750000,0.821429
S2__eos.local__1.0.0__openapi.yaml,Net API,eos.local,S2,3.x,4,4,4,4,4,0,4,4,4,4,1.000000,1.000000,1.000000,0.000000,1.000000,1.000000,1.000000,1.000000
S2__epa.gov__air__2019.10.15__swagger.yaml,U.S. EPA Enforcement and Compliance History Online (ECHO) - Clean Air Act,epa.gov,S2,2.0,16,8,16,16,0,16,0,0,16,16,1.000000,1.000000,0.000000,1.000000,0.000000,0.000000,1.000000,1.000000
S2__epa.gov__case__1.0.0__swagger.yaml,U.S. EPA Enforcement and Compliance History Online (ECHO) - Enforcement Case Search,epa.gov,S2,2.0,22,11,18,22,0,22,0,0,22,22,0.818182,1.000000,0.000000,1.000000,0.000000,0.000000,1.000000,1.000000
S2__epa.gov__cwa__2019.10.15__swagger.yaml,U.S. EPA Enforcement and Compliance History Online (ECHO) - Clean Water Act (CWA) Rest Services,epa.gov,S2,2.0,36,18,34,36,0,36,0,0,36,36,0.944444,1.000000,0.000000,1.000000,0.000000,0.000000,1.000000,1.000000
S2__epa.gov__dfr__0.0.0__swagger.yaml,U.S. EPA Enforcement and Compliance History Online (ECHO) - Detailed Facility Report (DFR),epa.gov,S2,2.0,94,47,86,94,0,84,0,0,94,94,0.914894,1.000000,0.000000,0.893617,0.000000,0.000000,1.000000,1.000000
S2__epa.gov__echo__2019.10.15__swagger.yaml,U.S. EPA Enforcement and Compliance History Online (ECHO) - All Data,epa.gov,S2,2.0,16,8,16,16,0,16,0,0,16,16,1.000000,1.000000,0.000000,1.000000,0.000000,0.000000,1.000000,1.000000
S2__epa.gov__rcra__2019.10.15__swagger.yaml,U.S. EPA Enforcement and Compliance History Online (ECHO) - Resource Conservation and Recovery Act ,epa.gov,S2,2.0,16,8,16,16,0,16,0,0,16,16,1.000000,1.000000,0.000000,1.000000,0.000000,0.000000,1.000000,1.000000
S2__epa.gov__sdw__2019.10.15__swagger.yaml,U.S. EPA Enforcement and Compliance History Online (ECHO) - Safe Drinking Water Act,epa.gov,S2,2.0,8,4,8,8,0,8,0,0,8,8,1.000000,1.000000,0.000000,1.000000,0.000000,0.000000,1.000000,1.000000
S2__etherpad.local__1.2.15__openapi.yaml,Etherpad API,etherpad.local,S2,3.x,96,48,2,64,96,86,0,0,96,96,0.020833,0.666667,1.000000,0.895833,0.000000,0.000000,1.000000,1.000000
S2__etsi.local__MEC010-2_AppPkgMgmt__2.1.1__openapi.yaml,"ETSI GS MEC 010-2 - Part 2: Application lifecycle, rules and requirements management",etsi.local,S2,3.x,16,6,16,16,16,12,6,6,16,16,1.000000,1.000000,1.000000,0.750000,0.375000,1.000000,1.000000,1.000000
S2__europeana.eu__version unknown__swagger.yaml,Europeana Search & Record API,europeana.eu,S2,2.0,9,1,0,9,9,9,1,1,9,9,0.000000,1.000000,1.000000,1.000000,0.111111,1.000000,1.000000,1.000000
S2__evemarketer.com__1.0.1__swagger.yaml,EVEMarketer Marketstat API,evemarketer.com,S2,2.0,4,2,0,4,0,4,0,0,4,4,0.000000,1.000000,0.000000,1.000000,0.000000,0.000000,1.000000,1.000000
S2__exavault.com__2.0__openapi.yaml,ExaVault,exavault.com,S2,3.x,59,26,59,59,59,59,23,22,58,58,1.000000,1.000000,1.000000,1.000000,0.389831,0.846154,0.983051,0.983051
S2__exhibitday.com__v1__swagger.yaml,Test the ExhibitDay API with Swagger,exhibitday.com,S2,2.0,23,6,22,0,23,22,0,0,23,23,0.956522,0.000000,1.000000,0.956522,0.000000,0.000000,1.000000,1.000000
S2__exlibrisgroup.com__tasklists__1.0__openapi.yaml,Ex Libris APIs,exlibrisgroup.com,S2,3.x,10,5,10,10,10,8,0,0,10,10,1.000000,1.000000,1.000000,0.800000,0.000000,0.000000,1.000000,1.000000
S2__exoapi.dev__1.0.0__openapi.yaml,ExoAPI,exoapi.dev,S2,3.x,4,2,4,0,4,2,2,2,4,4,1.000000,0.000000,1.000000,0.500000,0.500000,1.000000,1.000000,1.000000
S2__extendsclass.com__json-storage__0.1__openapi.yaml,JSON storage,extendsclass.com,S2,3.x,5,3,0,5,0,4,0,0,5,5,0.000000,1.000000,0.000000,0.800000,0.000000,0.000000,1.000000,1.000000
S2__facecheck.id__v1.02__openapi.yaml,Facial Recognition Reverse Image Face Search API,facecheck.id,S2,3.x,4,4,0,2,0,1,2,2,4,4,0.000000,0.500000,0.000000,0.250000,0.500000,0.500000,1.000000,1.000000
S2__fec.gov__1.0__openapi.yaml,OpenFEC,fec.gov,S2,3.x,92,0,92,0,0,92,0,0,92,92,1.000000,0.000000,0.000000,1.000000,0.000000,,1.000000,1.000000
S2__figshare.com__2.0.0__openapi.yaml,Figshare API,figshare.com,S2,3.x,136,56,133,136,135,115,46,46,135,135,0.977941,1.000000,0.992647,0.845588,0.338235,0.821429,0.992647,0.992647
S2__files.com__0.0.1__openapi.yaml,Files.com API,files.com,S2,3.x,222,80,222,222,222,176,75,75,184,185,1.000000,1.000000,1.000000,0.792793,0.337838,0.937500,0.828829,0.833333
S2__fire.com__1.0__openapi.yaml,Fire Financial Services Business API,fire.com,S2,3.x,42,16,42,42,42,31,9,9,31,31,1.000000,1.000000,1.000000,0.738095,0.214286,0.562500,0.738095,0.738095
S2__firmalyzer.com__iotvas__1.0__openapi.yaml,IoTVAS API,firmalyzer.com,S2,3.x,8,1,1,8,8,7,1,1,8,8,0.125000,1.000000,1.000000,0.875000,0.125000,1.000000,1.000000,1.000000
S2__flat.io__2.13.0__openapi.yaml,Flat API,flat.io,S2,3.x,81,32,51,81,81,74,23,23,81,81,0.629630,1.000000,1.000000,0.913580,0.283951,0.718750,1.000000,1.000000
S2__formapi.io__v1__openapi.yaml,API v1,formapi.io,S2,3.x,35,18,0,35,34,25,17,17,35,35,0.000000,1.000000,0.971429,0.714286,0.485714,0.944444,1.000000,1.000000
S2__frankiefinancial.io__1.5.3__swagger.yaml,Frankie Financial API,frankiefinancial.io,S2,2.0,46,36,46,46,46,46,29,29,45,46,1.000000,1.000000,1.000000,1.000000,0.630435,0.805556,0.978261,1.000000
S2__fulfillment.com__2.0__openapi.yaml,Fulfillment.com APIv2,fulfillment.com,S2,3.x,13,5,13,13,13,9,5,5,13,13,1.000000,1.000000,1.000000,0.692308,0.384615,1.000000,1.000000,1.000000
S2__fungenerators.com__barcode__1.5__openapi.yaml,Barcode API,fungenerators.com,S2,3.x,4,1,4,0,0,1,1,1,0,1,1.000000,0.000000,0.000000,0.250000,0.250000,1.000000,0.000000,0.250000
S2__fungenerators.com__fake-identity__1.5__swagger.yaml,Fake identity generation API,fungenerators.com,S2,2.0,12,0,12,0,0,10,0,0,0,0,1.000000,0.000000,0.000000,0.833333,0.000000,,0.000000,0.000000
S2__fungenerators.com__lottery__1.5__swagger.yaml,Random Lottery Number generator API,fungenerators.com,S2,2.0,3,0,3,0,0,2,0,0,0,0,1.000000,0.000000,0.000000,0.666667,0.000000,,0.000000,0.000000
S2__fungenerators.com__pirate__1.5__openapi.yaml,Pirates API,fungenerators.com,S2,3.x,4,0,4,0,0,4,0,0,0,0,1.000000,0.000000,0.000000,1.000000,0.000000,,0.000000,0.000000
S2__fungenerators.com__random-facts__1.5__openapi.yaml,Facts API,fungenerators.com,S2,3.x,12,1,12,0,0,11,0,0,0,0,1.000000,0.000000,0.000000,0.916667,0.000000,0.000000,0.000000,0.000000
S2__fungenerators.com__riddle__1.5__openapi.yaml,Fun Generators API,fungenerators.com,S2,3.x,6,2,6,0,0,6,0,0,0,0,1.000000,0.000000,0.000000,1.000000,0.000000,0.000000,0.000000,0.000000
S2__fungenerators.com__shakespeare__1.5__openapi.yaml,Shakespeare API,fungenerators.com,S2,3.x,5,0,5,0,0,4,0,0,0,0,1.000000,0.000000,0.000000,0.800000,0.000000,,0.000000,0.000000
S2__fungenerators.com__uuid__1.5__openapi.yaml,UUID Generation API,fungenerators.com,S2,3.x,3,1,3,0,0,3,0,0,0,0,1.000000,0.000000,0.000000,1.000000,0.000000,0.000000,0.000000,0.000000
S2__funtranslations.com__braile__2.3__swagger.yaml,FunTranslations Braille API,funtranslations.com,S2,2.0,5,0,5,0,0,5,0,0,0,0,1.000000,0.000000,0.000000,1.000000,0.000000,,0.000000,0.000000
S2__funtranslations.com__index__2.3__swagger.yaml,FunTranslations API,funtranslations.com,S2,2.0,36,0,36,0,0,36,0,0,0,0,1.000000,0.000000,0.000000,1.000000,0.000000,,0.000000,0.000000
S2__funtranslations.com__starwars__2.3__swagger.yaml,Starwars Translations API,funtranslations.com,S2,2.0,6,0,6,0,0,6,0,0,0,0,1.000000,0.000000,0.000000,1.000000,0.000000,,0.000000,0.000000
S2__gambitcomm.local__mimic__21.00__openapi.yaml,MIMIC REST API,gambitcomm.local,S2,3.x,356,152,355,356,356,310,12,12,356,356,0.997191,1.000000,1.000000,0.870787,0.033708,0.078947,1.000000,1.000000
S2__gamesparks.net__game-details__v2__openapi.yaml,GameSparks Game Details API,gamesparks.net,S2,3.x,76,36,2,76,76,73,24,24,76,76,0.026316,1.000000,1.000000,0.960526,0.315789,0.666667,1.000000,1.000000
S2__geodesystems.com__1.0.0__openapi.yaml,geodesystems.com:443,geodesystems.com,S2,3.x,241,0,241,241,241,241,0,0,0,0,1.000000,1.000000,1.000000,1.000000,0.000000,,0.000000,0.000000
S2__gerermesaffaires.com__1.0.6__openapi.yaml,GererMesAffaires {REST:API},gerermesaffaires.com,S2,3.x,280,111,280,0,0,265,105,105,181,236,1.000000,0.000000,0.000000,0.946429,0.375000,0.945946,0.646429,0.842857
S2__getpostman.com__1.20.0__openapi.yaml,Postman API,getpostman.com,S2,3.x,57,26,57,57,57,43,22,22,53,56,1.000000,1.000000,1.000000,0.754386,0.385965,0.846154,0.929825,0.982456
S2__getsandbox.com__v1__swagger.yaml,Sandbox API,getsandbox.com,S2,2.0,9,2,0,9,9,9,2,2,6,6,0.000000,1.000000,1.000000,1.000000,0.222222,1.000000,0.666667,0.666667
S2__gettyimages.com__3__openapi.yaml,Getty Images,gettyimages.com,S2,3.x,52,11,31,49,0,51,9,9,34,38,0.596154,0.942308,0.000000,0.980769,0.173077,0.818182,0.653846,0.730769
S2__giphy.com__1.0__openapi.yaml,Giphy API,giphy.com,S2,3.x,10,0,10,10,10,10,0,0,10,10,1.000000,1.000000,1.000000,1.000000,0.000000,,1.000000,1.000000
S2__gitea.io__1.20.0+dev-539-g5e389228f__openapi.yaml,Gitea API.,gitea.io,S2,3.x,345,110,1,345,345,318,92,85,340,340,0.002899,1.000000,1.000000,0.921739,0.266667,0.772727,0.985507,0.985507
S2__github.com__api.github.com.2022-11-28__1.1.4__openapi.yaml,GitHub v3 REST API,github.com,S2,3.x,845,263,737,845,845,812,220,209,744,761,0.872189,1.000000,1.000000,0.960947,0.260355,0.794677,0.880473,0.900592
S2__github.com__api.github.com__1.1.4__openapi.yaml,GitHub v3 REST API,github.com,S2,3.x,845,263,737,845,845,812,220,209,744,761,0.872189,1.000000,1.000000,0.960947,0.260355,0.794677,0.880473,0.900592
S2__github.com__ghes-2.18__1.1.4__openapi.yaml,GitHub v3 REST API,github.com,S2,3.x,509,164,362,509,508,460,149,140,464,470,0.711198,1.000000,0.998035,0.903733,0.292731,0.853659,0.911591,0.923379
S2__github.com__v0.1__openapi.yaml,Eqivo API,github.com,S2,3.x,29,29,29,29,0,0,28,28,29,29,1.000000,1.000000,0.000000,0.000000,0.965517,0.965517,1.000000,1.000000
S2__goog.io__0.1.0__openapi.yaml,goog.io | Unoffical Google Search API,goog.io,S2,3.x,6,1,6,6,6,4,1,1,6,6,1.000000,1.000000,1.000000,0.666667,0.166667,1.000000,1.000000,1.000000
S2__google.com__v3__openapi.yaml,Travel Partner API,google.com,S2,3.x,23,8,23,0,23,23,8,8,23,23,1.000000,0.000000,1.000000,1.000000,0.347826,1.000000,1.000000,1.000000
S2__google.home__2.0__openapi.yaml,Google Home,google.home,S2,3.x,30,18,30,30,30,2,16,16,28,29,1.000000,1.000000,1.000000,0.066667,0.533333,0.888889,0.933333,0.966667
S2__googleapis.com__accessapproval__v1__openapi.yaml,Access Approval API,googleapis.com,S2,3.x,7,4,7,0,7,7,4,4,7,7,1.000000,0.000000,1.000000,1.000000,0.571429,1.000000,1.000000,1.000000
S2__googleapis.com__accesscontextmanager__v1__openapi.yaml,Access Context Manager API,googleapis.com,S2,3.x,22,13,22,0,22,22,13,13,22,22,1.000000,0.000000,1.000000,1.000000,0.590909,1.000000,1.000000,1.000000
S2__googleapis.com__adexchangebuyer__v1.4__openapi.yaml,Ad Exchange Buyer API,googleapis.com,S2,3.x,38,19,38,0,38,38,16,16,33,34,1.000000,0.000000,1.000000,1.000000,0.421053,0.842105,0.868421,0.894737
S2__googleapis.com__admin__datatransfer_v1__openapi.yaml,Admin SDK API,googleapis.com,S2,3.x,5,1,5,0,5,5,1,1,5,5,1.000000,0.000000,1.000000,1.000000,0.200000,1.000000,1.000000,1.000000
S2__googleapis.com__admob__v1__openapi.yaml,AdMob API,googleapis.com,S2,3.x,6,2,6,0,6,6,2,2,6,6,1.000000,0.000000,1.000000,1.000000,0.333333,1.000000,1.000000,1.000000
S2__googleapis.com__adsense__v1.4__openapi.yaml,AdSense Management API,googleapis.com,S2,3.x,39,0,39,0,39,39,0,0,37,37,1.000000,0.000000,1.000000,1.000000,0.000000,,0.948718,0.948718
S2__googleapis.com__adsense__v2__openapi.yaml,AdSense Management API,googleapis.com,S2,3.x,24,3,24,0,24,24,3,3,24,24,1.000000,0.000000,1.000000,1.000000,0.125000,1.000000,1.000000,1.000000
S2__googleapis.com__adsensehost__v4.1__openapi.yaml,AdSense Host API,googleapis.com,S2,3.x,26,7,26,0,26,26,7,7,26,26,1.000000,0.000000,1.000000,1.000000,0.269231,1.000000,1.000000,1.000000
S2__googleapis.com__advisorynotifications__v1__openapi.yaml,Advisory Notifications API,googleapis.com,S2,3.x,3,1,3,0,3,3,1,1,3,3,1.000000,0.000000,1.000000,1.000000,0.333333,1.000000,1.000000,1.000000
S2__googleapis.com__aiplatform__v1beta1__openapi.yaml,Vertex AI API,googleapis.com,S2,3.x,173,111,172,0,173,173,110,110,173,173,0.994220,0.000000,1.000000,1.000000,0.635838,0.990991,1.000000,1.000000
S2__googleapis.com__alertcenter__v1beta1__openapi.yaml,Google Workspace Alert Center API,googleapis.com,S2,3.x,11,5,11,0,11,11,5,5,11,11,1.000000,0.000000,1.000000,1.000000,0.454545,1.000000,1.000000,1.000000
S2__googleapis.com__alloydb__v1__openapi.yaml,AlloyDB API,googleapis.com,S2,3.x,24,14,24,0,24,24,14,14,24,24,1.000000,0.000000,1.000000,1.000000,0.583333,1.000000,1.000000,1.000000
S2__googleapis.com__analytics__v3__openapi.yaml,Google Analytics API,googleapis.com,S2,3.x,88,43,88,0,88,88,42,42,78,79,1.000000,0.000000,1.000000,1.000000,0.477273,0.976744,0.886364,0.897727
S2__googleapis.com__analyticsadmin__v1alpha__openapi.yaml,Google Analytics Admin API,googleapis.com,S2,3.x,67,39,67,0,67,67,39,39,67,67,1.000000,0.000000,1.000000,1.000000,0.582090,1.000000,1.000000,1.000000
S2__googleapis.com__analyticsdata__v1beta__openapi.yaml,Google Analytics Data API,googleapis.com,S2,3.x,10,8,10,0,10,10,8,8,10,10,1.000000,0.000000,1.000000,1.000000,0.800000,1.000000,1.000000,1.000000
S2__googleapis.com__analyticshub__v1beta1__openapi.yaml,Analytics Hub API,googleapis.com,S2,3.x,12,7,12,0,12,12,7,7,12,12,1.000000,0.000000,1.000000,1.000000,0.583333,1.000000,1.000000,1.000000
S2__googleapis.com__androiddeviceprovisioning__v1__openapi.yaml,Android Device Provisioning Partner API,googleapis.com,S2,3.x,24,15,24,0,24,24,15,15,24,24,1.000000,0.000000,1.000000,1.000000,0.625000,1.000000,1.000000,1.000000
S2__googleapis.com__androidenterprise__v1__openapi.yaml,Google Play EMM API,googleapis.com,S2,3.x,76,32,76,0,76,76,21,21,61,62,1.000000,0.000000,1.000000,1.000000,0.276316,0.656250,0.802632,0.815789
S2__googleapis.com__androidmanagement__v1__openapi.yaml,Android Management API,googleapis.com,S2,3.x,17,9,17,0,17,17,7,7,17,17,1.000000,0.000000,1.000000,1.000000,0.411765,0.777778,1.000000,1.000000
S2__googleapis.com__androidpublisher__v3__openapi.yaml,Google Play Android Developer API,googleapis.com,S2,3.x,111,66,111,0,111,111,52,52,92,95,1.000000,0.000000,1.000000,1.000000,0.468468,0.787879,0.828829,0.855856
S2__googleapis.com__apigateway__v1alpha2__openapi.yaml,API Gateway API,googleapis.com,S2,3.x,8,3,8,0,8,8,3,3,8,8,1.000000,0.000000,1.000000,1.000000,0.375000,1.000000,1.000000,1.000000
S2__googleapis.com__apigee__v1__openapi.yaml,Apigee API,googleapis.com,S2,3.x,120,72,120,0,120,120,68,68,120,120,1.000000,0.000000,1.000000,1.000000,0.566667,0.944444,1.000000,1.000000
S2__googleapis.com__apigeeregistry__v1__openapi.yaml,Apigee Registry API,googleapis.com,S2,3.x,26,13,26,0,26,26,13,13,26,26,1.000000,0.000000,1.000000,1.000000,0.500000,1.000000,1.000000,1.000000
S2__googleapis.com__apikeys__v2__openapi.yaml,API Keys API,googleapis.com,S2,3.x,8,3,8,0,8,8,3,3,8,8,1.000000,0.000000,1.000000,1.000000,0.375000,1.000000,1.000000,1.000000
S2__googleapis.com__appengine__v1__openapi.yaml,App Engine Admin API,googleapis.com,S2,3.x,40,14,40,0,40,40,14,14,40,40,1.000000,0.000000,1.000000,1.000000,0.350000,1.000000,1.000000,1.000000
S2__googleapis.com__apphub__v1__openapi.yaml,App Hub API,googleapis.com,S2,3.x,21,9,21,0,21,21,9,9,21,21,1.000000,0.000000,1.000000,1.000000,0.428571,1.000000,1.000000,1.000000
S2__googleapis.com__area120tables__v1alpha1__openapi.yaml,Area120 Tables API,googleapis.com,S2,3.x,10,5,10,0,10,10,5,5,10,10,1.000000,0.000000,1.000000,1.000000,0.500000,1.000000,1.000000,1.000000
S2__googleapis.com__artifactregistry__v1beta2__openapi.yaml,Artifact Registry API,googleapis.com,S2,3.x,18,9,18,0,18,18,9,9,18,18,1.000000,0.000000,1.000000,1.000000,0.500000,1.000000,1.000000,1.000000
S2__googleapis.com__assuredworkloads__v1beta1__openapi.yaml,Assured Workloads API,googleapis.com,S2,3.x,11,5,11,0,11,11,4,4,11,11,1.000000,0.000000,1.000000,1.000000,0.363636,0.800000,1.000000,1.000000
S2__googleapis.com__authorizedbuyersmarketplace__v1__openapi.yaml,Authorized Buyers Marketplace API,googleapis.com,S2,3.x,27,18,27,0,27,27,18,18,27,27,1.000000,0.000000,1.000000,1.000000,0.666667,1.000000,1.000000,1.000000
S2__googleapis.com__automl__v1beta1__openapi.yaml,Cloud AutoML API,googleapis.com,S2,3.x,25,15,25,0,25,25,15,15,25,25,1.000000,0.000000,1.000000,1.000000,0.600000,1.000000,1.000000,1.000000
S2__googleapis.com__backupdr__v1__openapi.yaml,Backup and DR Service API,googleapis.com,S2,3.x,10,4,10,0,10,10,4,4,10,10,1.000000,0.000000,1.000000,1.000000,0.400000,1.000000,1.000000,1.000000
S2__googleapis.com__baremetalsolution__v2__openapi.yaml,Bare Metal Solution API,googleapis.com,S2,3.x,30,16,30,0,30,30,16,16,30,30,1.000000,0.000000,1.000000,1.000000,0.533333,1.000000,1.000000,1.000000
S2__googleapis.com__batch__v1__openapi.yaml,Batch API,googleapis.com,S2,3.x,9,3,9,0,9,9,3,3,9,9,1.000000,0.000000,1.000000,1.000000,0.333333,1.000000,1.000000,1.000000
S2__googleapis.com__beyondcorp__v1__openapi.yaml,BeyondCorp API,googleapis.com,S2,3.x,18,8,18,0,18,18,8,8,18,18,1.000000,0.000000,1.000000,1.000000,0.444444,1.000000,1.000000,1.000000
S2__googleapis.com__biglake__v1__openapi.yaml,BigLake API,googleapis.com,S2,3.x,10,5,10,0,10,10,5,5,10,10,1.000000,0.000000,1.000000,1.000000,0.500000,1.000000,1.000000,1.000000
S2__googleapis.com__bigquery__v2__openapi.yaml,BigQuery API,googleapis.com,S2,3.x,37,17,37,0,37,37,16,16,32,32,1.000000,0.000000,1.000000,1.000000,0.432432,0.941176,0.864865,0.864865
S2__googleapis.com__bigqueryconnection__v1beta1__openapi.yaml,BigQuery Connection API,googleapis.com,S2,3.x,8,5,8,0,8,8,5,5,8,8,1.000000,0.000000,1.000000,1.000000,0.625000,1.000000,1.000000,1.000000
S2__googleapis.com__bigquerydatapolicy__v1__openapi.yaml,BigQuery Data Policy API,googleapis.com,S2,3.x,9,6,9,0,9,9,6,6,9,9,1.000000,0.000000,1.000000,1.000000,0.666667,1.000000,1.000000,1.000000
S2__googleapis.com__bigquerydatatransfer__v1__openapi.yaml,BigQuery Data Transfer API,googleapis.com,S2,3.x,14,7,14,0,14,14,7,7,14,14,1.000000,0.000000,1.000000,1.000000,0.500000,1.000000,1.000000,1.000000
S2__googleapis.com__bigqueryreservation__v1beta1__openapi.yaml,BigQuery Reservation API,googleapis.com,S2,3.x,13,7,13,0,13,13,7,7,13,13,1.000000,0.000000,1.000000,1.000000,0.538462,1.000000,1.000000,1.000000
S2__googleapis.com__bigtableadmin__v2__openapi.yaml,Cloud Bigtable Admin API,googleapis.com,S2,3.x,27,17,27,0,27,27,17,17,27,27,1.000000,0.000000,1.000000,1.000000,0.629630,1.000000,1.000000,1.000000
S2__googleapis.com__billingbudgets__v1beta1__openapi.yaml,Cloud Billing Budget API,googleapis.com,S2,3.x,5,2,5,0,5,5,2,2,5,5,1.000000,0.000000,1.000000,1.000000,0.400000,1.000000,1.000000,1.000000
S2__googleapis.com__binaryauthorization__v1beta1__openapi.yaml,Binary Authorization API,googleapis.com,S2,3.x,9,5,9,0,9,9,5,5,9,9,1.000000,0.000000,1.000000,1.000000,0.555556,1.000000,1.000000,1.000000
S2__googleapis.com__blockchainnodeengine__v1__openapi.yaml,Blockchain Node Engine API,googleapis.com,S2,3.x,8,3,8,0,8,8,3,3,8,8,1.000000,0.000000,1.000000,1.000000,0.375000,1.000000,1.000000,1.000000
S2__googleapis.com__blogger__v3__openapi.yaml,Blogger API,googleapis.com,S2,3.x,33,13,33,0,33,33,6,6,30,30,1.000000,0.000000,1.000000,1.000000,0.181818,0.461538,0.909091,0.909091
S2__googleapis.com__books__v1__openapi.yaml,Books API,googleapis.com,S2,3.x,51,20,51,0,51,51,4,4,51,51,1.000000,0.000000,1.000000,1.000000,0.078431,0.200000,1.000000,1.000000
S2__googleapis.com__businessprofileperformance__v1__openapi.yaml,Business Profile Performance API,googleapis.com,S2,3.x,3,0,3,0,3,3,0,0,3,3,1.000000,0.000000,1.000000,1.000000,0.000000,,1.000000,1.000000
S2__googleapis.com__calendar__v3__openapi.yaml,Calendar API,googleapis.com,S2,3.x,37,22,37,0,37,37,19,19,31,32,1.000000,0.000000,1.000000,1.000000,0.513514,0.863636,0.837838,0.864865
S2__googleapis.com__certificatemanager__v1__openapi.yaml,Certificate Manager API,googleapis.com,S2,3.x,18,8,18,0,18,18,8,8,18,18,1.000000,0.000000,1.000000,1.000000,0.444444,1.000000,1.000000,1.000000
S2__googleapis.com__chat__v1__openapi.yaml,Google Chat API,googleapis.com,S2,3.x,17,9,17,0,17,17,9,9,17,17,1.000000,0.000000,1.000000,1.000000,0.529412,1.000000,1.000000,1.000000
S2__googleapis.com__checks__v1alpha__openapi.yaml,Checks API,googleapis.com,S2,3.x,8,3,8,0,8,8,3,3,8,8,1.000000,0.000000,1.000000,1.000000,0.375000,1.000000,1.000000,1.000000
S2__googleapis.com__chromemanagement__v1__openapi.yaml,Chrome Management API,googleapis.com,S2,3.x,18,1,18,0,18,18,1,1,18,18,1.000000,0.000000,1.000000,1.000000,0.055556,1.000000,1.000000,1.000000
S2__googleapis.com__chromepolicy__v1__openapi.yaml,Chrome Policy API,googleapis.com,S2,3.x,14,12,14,0,14,14,12,12,14,14,1.000000,0.000000,1.000000,1.000000,0.857143,1.000000,1.000000,1.000000
S2__googleapis.com__civicinfo__v2__openapi.yaml,Google Civic Information API,googleapis.com,S2,3.x,5,0,5,0,5,5,0,0,5,5,1.000000,0.000000,1.000000,1.000000,0.000000,,1.000000,1.000000
S2__googleapis.com__classroom__v1__openapi.yaml,Google Classroom API,googleapis.com,S2,3.x,61,26,61,0,61,61,25,25,61,61,1.000000,0.000000,1.000000,1.000000,0.409836,0.961538,1.000000,1.000000
S2__googleapis.com__cloudasset__v1beta1__openapi.yaml,Cloud Asset API,googleapis.com,S2,3.x,3,1,3,0,3,3,1,1,3,3,1.000000,0.000000,1.000000,1.000000,0.333333,1.000000,1.000000,1.000000
S2__googleapis.com__cloudbilling__v1__openapi.yaml,Cloud Billing API,googleapis.com,S2,3.x,18,8,18,0,18,18,8,8,18,18,1.000000,0.000000,1.000000,1.000000,0.444444,1.000000,1.000000,1.000000
S2__googleapis.com__cloudbuild__v2__openapi.yaml,Cloud Build API,googleapis.com,S2,3.x,18,10,18,0,18,18,10,10,18,18,1.000000,0.000000,1.000000,1.000000,0.555556,1.000000,1.000000,1.000000
S2__googleapis.com__cloudchannel__v1__openapi.yaml,Cloud Channel API,googleapis.com,S2,3.x,43,24,43,0,43,43,24,24,43,43,1.000000,0.000000,1.000000,1.000000,0.558140,1.000000,1.000000,1.000000
S2__googleapis.com__clouddebugger__v2__openapi.yaml,Cloud Debugger API (Deprecated),googleapis.com,S2,3.x,8,3,8,0,8,8,3,3,8,8,1.000000,0.000000,1.000000,1.000000,0.375000,1.000000,1.000000,1.000000
S2__googleapis.com__clouddeploy__v1__openapi.yaml,Cloud Deploy API,googleapis.com,S2,3.x,30,17,30,0,30,30,17,17,30,30,1.000000,0.000000,1.000000,1.000000,0.566667,1.000000,1.000000,1.000000
S2__googleapis.com__clouderrorreporting__v1beta1__openapi.yaml,Error Reporting API,googleapis.com,S2,3.x,6,2,6,0,6,6,2,2,6,6,1.000000,0.000000,1.000000,1.000000,0.333333,1.000000,1.000000,1.000000
S2__googleapis.com__cloudfunctions__v2__openapi.yaml,Cloud Functions API,googleapis.com,S2,3.x,18,11,18,0,18,18,11,11,18,18,1.000000,0.000000,1.000000,1.000000,0.611111,1.000000,1.000000,1.000000
S2__googleapis.com__cloudidentity__v1beta1__openapi.yaml,Cloud Identity API,googleapis.com,S2,3.x,35,15,35,0,35,35,15,15,35,35,1.000000,0.000000,1.000000,1.000000,0.428571,1.000000,1.000000,1.000000
S2__googleapis.com__cloudiot__v1__openapi.yaml,Cloud IoT API,googleapis.com,S2,3.x,16,10,16,0,16,16,10,10,16,16,1.000000,0.000000,1.000000,1.000000,0.625000,1.000000,1.000000,1.000000
S2__googleapis.com__cloudkms__v1__openapi.yaml,Cloud Key Management Service (KMS) API,googleapis.com,S2,3.x,31,21,31,0,31,31,21,21,31,31,1.000000,0.000000,1.000000,1.000000,0.677419,1.000000,1.000000,1.000000
S2__googleapis.com__cloudprofiler__v2__openapi.yaml,Cloud Profiler API,googleapis.com,S2,3.x,4,3,4,0,4,4,3,3,4,4,1.000000,0.000000,1.000000,1.000000,0.750000,1.000000,1.000000,1.000000
S2__googleapis.com__cloudresourcemanager__v3__openapi.yaml,Cloud Resource Manager API,googleapis.com,S2,3.x,28,13,28,0,28,28,13,13,28,28,1.000000,0.000000,1.000000,1.000000,0.464286,1.000000,1.000000,1.000000
S2__googleapis.com__cloudscheduler__v1beta1__openapi.yaml,Cloud Scheduler API,googleapis.com,S2,3.x,9,5,9,0,9,9,5,5,9,9,1.000000,0.000000,1.000000,1.000000,0.555556,1.000000,1.000000,1.000000
S2__googleapis.com__cloudsearch__v1__openapi.yaml,Cloud Search API,googleapis.com,S2,3.x,44,20,44,0,44,44,20,20,44,44,1.000000,0.000000,1.000000,1.000000,0.454545,1.000000,1.000000,1.000000
S2__googleapis.com__cloudshell__v1__openapi.yaml,Cloud Shell API,googleapis.com,S2,3.x,7,5,7,0,7,7,5,5,7,7,1.000000,0.000000,1.000000,1.000000,0.714286,1.000000,1.000000,1.000000
S2__googleapis.com__cloudsupport__v2__openapi.yaml,Google Cloud Support API,googleapis.com,S2,3.x,13,6,13,0,13,13,6,6,13,13,1.000000,0.000000,1.000000,1.000000,0.461538,1.000000,1.000000,1.000000
S2__googleapis.com__cloudtasks__v2beta3__openapi.yaml,Cloud Tasks API,googleapis.com,S2,3.x,16,11,16,0,16,16,11,11,16,16,1.000000,0.000000,1.000000,1.000000,0.687500,1.000000,1.000000,1.000000
S2__googleapis.com__cloudtrace__v2beta1__openapi.yaml,Cloud Trace API,googleapis.com,S2,3.x,5,2,5,0,5,5,2,2,5,5,1.000000,0.000000,1.000000,1.000000,0.400000,1.000000,1.000000,1.000000
S2__googleapis.com__composer__v1beta1__openapi.yaml,Cloud Composer API,googleapis.com,S2,3.x,22,13,22,0,22,22,13,13,22,22,1.000000,0.000000,1.000000,1.000000,0.590909,1.000000,1.000000,1.000000
S2__googleapis.com__compute__v1__openapi.yaml,Compute Engine API,googleapis.com,S2,3.x,758,395,758,0,758,758,348,348,753,753,1.000000,0.000000,1.000000,1.000000,0.459103,0.881013,0.993404,0.993404
S2__googleapis.com__connectors__v2__openapi.yaml,Connectors API,googleapis.com,S2,3.x,15,8,15,0,15,15,7,7,15,15,1.000000,0.000000,1.000000,1.000000,0.466667,0.875000,1.000000,1.000000
S2__googleapis.com__contactcenteraiplatform__v1alpha1__openapi.yaml,Contact Center AI Platform API,googleapis.com,S2,3.x,9,3,9,0,9,9,3,3,9,9,1.000000,0.000000,1.000000,1.000000,0.333333,1.000000,1.000000,1.000000
S2__googleapis.com__contactcenterinsights__v1__openapi.yaml,Contact Center AI Insights API,googleapis.com,S2,3.x,27,16,27,0,27,27,15,15,27,27,1.000000,0.000000,1.000000,1.000000,0.555556,0.937500,1.000000,1.000000
S2__googleapis.com__container__v1beta1__openapi.yaml,Kubernetes Engine API,googleapis.com,S2,3.x,62,42,62,0,62,62,42,42,62,62,1.000000,0.000000,1.000000,1.000000,0.677419,1.000000,1.000000,1.000000
S2__googleapis.com__containeranalysis__v1alpha1__openapi.yaml,Container Analysis API,googleapis.com,S2,3.x,16,8,16,0,16,16,8,8,16,16,1.000000,0.000000,1.000000,1.000000,0.500000,1.000000,1.000000,1.000000
S2__googleapis.com__content__v2.1__openapi.yaml,Content API for Shopping,googleapis.com,S2,3.x,175,95,175,0,175,175,87,87,153,161,1.000000,0.000000,1.000000,1.000000,0.497143,0.915789,0.874286,0.920000
S2__googleapis.com__contentwarehouse__v1__openapi.yaml,Document AI Warehouse API,googleapis.com,S2,3.x,22,16,22,0,22,22,16,16,22,22,1.000000,0.000000,1.000000,1.000000,0.727273,1.000000,1.000000,1.000000
S2__googleapis.com__datacatalog__v1beta1__openapi.yaml,Google Cloud Data Catalog API,googleapis.com,S2,3.x,23,14,23,0,23,23,14,14,23,23,1.000000,0.000000,1.000000,1.000000,0.608696,1.000000,1.000000,1.000000
S2__googleapis.com__dataflow__v1b3__openapi.yaml,Dataflow API,googleapis.com,S2,3.x,41,21,41,0,41,41,21,21,41,41,1.000000,0.000000,1.000000,1.000000,0.512195,1.000000,1.000000,1.000000
S2__googleapis.com__dataform__v1beta1__openapi.yaml,Dataform API,googleapis.com,S2,3.x,43,21,43,0,43,43,21,21,43,43,1.000000,0.000000,1.000000,1.000000,0.488372,1.000000,1.000000,1.000000
S2__googleapis.com__datafusion__v1beta1__openapi.yaml,Cloud Data Fusion API,googleapis.com,S2,3.x,18,9,18,0,18,18,9,9,18,18,1.000000,0.000000,1.000000,1.000000,0.500000,1.000000,1.000000,1.000000
S2__googleapis.com__datalabeling__v1beta1__openapi.yaml,Data Labeling API,googleapis.com,S2,3.x,28,14,28,0,28,28,14,14,28,28,1.000000,0.000000,1.000000,1.000000,0.500000,1.000000,1.000000,1.000000
S2__googleapis.com__datalineage__v1__openapi.yaml,Data Lineage API,googleapis.com,S2,3.x,13,7,13,0,13,13,7,7,13,13,1.000000,0.000000,1.000000,1.000000,0.538462,1.000000,1.000000,1.000000
S2__googleapis.com__datamigration__v1beta1__openapi.yaml,Database Migration API,googleapis.com,S2,3.x,20,13,20,0,20,20,13,13,20,20,1.000000,0.000000,1.000000,1.000000,0.650000,1.000000,1.000000,1.000000
S2__googleapis.com__datapipelines__v1__openapi.yaml,Data pipelines API,googleapis.com,S2,3.x,8,4,8,0,8,8,4,4,8,8,1.000000,0.000000,1.000000,1.000000,0.500000,1.000000,1.000000,1.000000
S2__googleapis.com__dataplex__v1__openapi.yaml,Cloud Dataplex API,googleapis.com,S2,3.x,40,19,40,0,40,40,19,19,40,40,1.000000,0.000000,1.000000,1.000000,0.475000,1.000000,1.000000,1.000000
S2__googleapis.com__dataportability__v1beta__openapi.yaml,Data Portability API,googleapis.com,S2,3.x,4,3,4,0,4,4,3,3,4,4,1.000000,0.000000,1.000000,1.000000,0.750000,1.000000,1.000000,1.000000
S2__googleapis.com__dataproc__v1__openapi.yaml,Cloud Dataproc API,googleapis.com,S2,3.x,41,28,41,0,41,41,27,27,41,41,1.000000,0.000000,1.000000,1.000000,0.658537,0.964286,1.000000,1.000000
S2__googleapis.com__datastore__v1beta3__openapi.yaml,Cloud Datastore API,googleapis.com,S2,3.x,8,8,8,0,8,8,8,8,8,8,1.000000,0.000000,1.000000,1.000000,1.000000,1.000000,1.000000,1.000000
S2__googleapis.com__datastream__v1alpha1__openapi.yaml,Datastream API,googleapis.com,S2,3.x,20,10,20,0,20,20,8,8,20,20,1.000000,0.000000,1.000000,1.000000,0.400000,0.800000,1.000000,1.000000
S2__googleapis.com__deploymentmanager__v2__openapi.yaml,Cloud Deployment Manager V2 API,googleapis.com,S2,3.x,18,7,18,0,18,18,7,7,18,18,1.000000,0.000000,1.000000,1.000000,0.388889,1.000000,1.000000,1.000000
S2__googleapis.com__dfareporting__v4__openapi.yaml,Campaign Manager 360 API,googleapis.com,S2,3.x,209,89,209,0,209,209,86,86,199,199,1.000000,0.000000,1.000000,1.000000,0.411483,0.966292,0.952153,0.952153
S2__googleapis.com__dialogflow__v3beta1__openapi.yaml,Dialogflow API,googleapis.com,S2,3.x,63,40,63,0,63,63,39,39,63,63,1.000000,0.000000,1.000000,1.000000,0.619048,0.975000,1.000000,1.000000
S2__googleapis.com__digitalassetlinks__v1__openapi.yaml,Digital Asset Links API,googleapis.com,S2,3.x,3,1,3,0,3,3,1,1,3,3,1.000000,0.000000,1.000000,1.000000,0.333333,1.000000,1.000000,1.000000
S2__googleapis.com__discoveryengine__v1alpha__openapi.yaml,Discovery Engine API,googleapis.com,S2,3.x,44,31,44,0,44,44,31,31,44,44,1.000000,0.000000,1.000000,1.000000,0.704545,1.000000,1.000000,1.000000
S2__googleapis.com__displayvideo__v4__openapi.yaml,Display & Video 360 API,googleapis.com,S2,3.x,3,1,3,0,3,3,1,1,3,3,1.000000,0.000000,1.000000,1.000000,0.333333,1.000000,1.000000,1.000000
S2__googleapis.com__dlp__v2__openapi.yaml,Sensitive Data Protection (DLP),googleapis.com,S2,3.x,28,15,28,0,28,28,15,15,28,28,1.000000,0.000000,1.000000,1.000000,0.535714,1.000000,1.000000,1.000000
S2__googleapis.com__dns__v2__openapi.yaml,Cloud DNS API,googleapis.com,S2,3.x,40,18,40,0,40,40,18,18,35,35,1.000000,0.000000,1.000000,1.000000,0.450000,1.000000,0.875000,0.875000
S2__googleapis.com__docs__v1__openapi.yaml,Google Docs API,googleapis.com,S2,3.x,3,2,3,0,3,3,2,2,3,3,1.000000,0.000000,1.000000,1.000000,0.666667,1.000000,1.000000,1.000000
S2__googleapis.com__documentai__v1beta3__openapi.yaml,Cloud Document AI API,googleapis.com,S2,3.x,26,17,26,0,26,26,16,16,26,26,1.000000,0.000000,1.000000,1.000000,0.615385,0.941176,1.000000,1.000000
S2__googleapis.com__domains__v1alpha2__openapi.yaml,Cloud Domains API,googleapis.com,S2,3.x,22,11,22,0,22,22,11,11,22,22,1.000000,0.000000,1.000000,1.000000,0.500000,1.000000,1.000000,1.000000
S2__googleapis.com__domainsrdap__v1__openapi.yaml,Domains RDAP API,googleapis.com,S2,3.x,10,0,10,0,10,10,0,0,10,10,1.000000,0.000000,1.000000,1.000000,0.000000,,1.000000,1.000000
S2__googleapis.com__doubleclickbidmanager__v2__openapi.yaml,DoubleClick Bid Manager API,googleapis.com,S2,3.x,7,2,7,0,7,7,2,2,6,6,1.000000,0.000000,1.000000,1.000000,0.285714,1.000000,0.857143,0.857143
S2__googleapis.com__doubleclicksearch__v2__openapi.yaml,Search Ads 360 API,googleapis.com,S2,3.x,11,5,11,0,11,11,5,5,10,10,1.000000,0.000000,1.000000,1.000000,0.454545,1.000000,0.909091,0.909091
S2__googleapis.com__drive__v3__openapi.yaml,Google Drive API,googleapis.com,S2,3.x,50,20,50,0,50,50,18,18,40,41,1.000000,0.000000,1.000000,1.000000,0.360000,0.900000,0.800000,0.820000
S2__googleapis.com__drivelabels__v2__openapi.yaml,Drive Labels API,googleapis.com,S2,3.x,16,10,16,0,16,16,10,10,16,16,1.000000,0.000000,1.000000,1.000000,0.625000,1.000000,1.000000,1.000000
S2__googleapis.com__essentialcontacts__v1__openapi.yaml,Essential Contacts API,googleapis.com,S2,3.x,7,3,7,0,7,7,3,3,7,7,1.000000,0.000000,1.000000,1.000000,0.428571,1.000000,1.000000,1.000000
S2__googleapis.com__eventarc__v1beta1__openapi.yaml,Eventarc API,googleapis.com,S2,3.x,11,5,11,0,11,11,5,5,11,11,1.000000,0.000000,1.000000,1.000000,0.454545,1.000000,1.000000,1.000000
S2__googleapis.com__factchecktools__v1alpha1__openapi.yaml,Fact Check Tools API,googleapis.com,S2,3.x,6,2,6,0,6,6,2,2,6,6,1.000000,0.000000,1.000000,1.000000,0.333333,1.000000,1.000000,1.000000
S2__googleapis.com__file__v1beta1__openapi.yaml,Cloud Filestore API,googleapis.com,S2,3.x,16,8,16,0,16,16,8,8,16,16,1.000000,0.000000,1.000000,1.000000,0.500000,1.000000,1.000000,1.000000
S2__googleapis.com__firebase__v1beta1__openapi.yaml,Firebase Management API,googleapis.com,S2,3.x,21,11,21,0,21,21,11,11,21,21,1.000000,0.000000,1.000000,1.000000,0.523810,1.000000,1.000000,1.000000
S2__googleapis.com__firebaseappcheck__v1__openapi.yaml,Firebase App Check API,googleapis.com,S2,3.x,24,14,24,0,24,24,14,14,24,24,1.000000,0.000000,1.000000,1.000000,0.583333,1.000000,1.000000,1.000000
S2__googleapis.com__firebaseappdistribution__v1__openapi.yaml,Firebase App Distribution API,googleapis.com,S2,3.x,18,11,18,0,18,18,11,11,18,18,1.000000,0.000000,1.000000,1.000000,0.611111,1.000000,1.000000,1.000000
S2__googleapis.com__firebasedatabase__v1beta__openapi.yaml,Firebase Realtime Database API,googleapis.com,S2,3.x,7,4,7,0,7,7,4,4,7,7,1.000000,0.000000,1.000000,1.000000,0.571429,1.000000,1.000000,1.000000
S2__googleapis.com__firebasedynamiclinks__v1__openapi.yaml,Firebase Dynamic Links API,googleapis.com,S2,3.x,5,4,5,0,5,5,4,4,5,5,1.000000,0.000000,1.000000,1.000000,0.800000,1.000000,1.000000,1.000000
S2__googleapis.com__firebasehosting__v1beta1__openapi.yaml,Firebase Hosting API,googleapis.com,S2,3.x,21,11,21,0,21,21,11,11,21,21,1.000000,0.000000,1.000000,1.000000,0.523810,1.000000,1.000000,1.000000
S2__googleapis.com__firebaseml__v1beta2__openapi.yaml,Firebase ML API,googleapis.com,S2,3.x,6,2,6,0,6,6,2,2,6,6,1.000000,0.000000,1.000000,1.000000,0.333333,1.000000,1.000000,1.000000
S2__googleapis.com__firebaserules__v1__openapi.yaml,Firebase Rules API,googleapis.com,S2,3.x,9,4,9,0,9,9,4,4,9,9,1.000000,0.000000,1.000000,1.000000,0.444444,1.000000,1.000000,1.000000
S2__googleapis.com__firebasestorage__v1beta__openapi.yaml,Cloud Storage for Firebase API,googleapis.com,S2,3.x,4,2,4,0,4,4,2,2,4,4,1.000000,0.000000,1.000000,1.000000,0.500000,1.000000,1.000000,1.000000
S2__googleapis.com__firestore__v1beta2__openapi.yaml,Cloud Firestore API,googleapis.com,S2,3.x,8,4,8,0,8,8,4,4,8,8,1.000000,0.000000,1.000000,1.000000,0.500000,1.000000,1.000000,1.000000
S2__googleapis.com__fitness__v1__openapi.yaml,Fitness API,googleapis.com,S2,3.x,13,5,13,0,13,13,5,5,11,11,1.000000,0.000000,1.000000,1.000000,0.384615,1.000000,0.846154,0.846154
S2__googleapis.com__forms__v1__openapi.yaml,Google Forms API,googleapis.com,S2,3.x,9,4,9,0,9,9,4,4,9,9,1.000000,0.000000,1.000000,1.000000,0.444444,1.000000,1.000000,1.000000
S2__googleapis.com__gamesConfiguration__v1configuration__openapi.yaml,Google Play Game Services Publishing API,googleapis.com,S2,3.x,10,4,10,0,10,10,4,4,8,8,1.000000,0.000000,1.000000,1.000000,0.400000,1.000000,0.800000,0.800000
S2__googleapis.com__gamesManagement__v1management__openapi.yaml,Google Play Game Management,googleapis.com,S2,3.x,18,16,18,0,18,18,3,3,5,8,1.000000,0.000000,1.000000,1.000000,0.166667,0.187500,0.277778,0.444444
S2__googleapis.com__games__v1__openapi.yaml,Google Play Game Services,googleapis.com,S2,3.x,35,13,35,0,35,35,6,6,34,34,1.000000,0.000000,1.000000,1.000000,0.171429,0.461538,0.971429,0.971429
S2__googleapis.com__gameservices__v1__openapi.yaml,Game Services API,googleapis.com,S2,3.x,8,3,8,0,8,8,3,3,8,8,1.000000,0.000000,1.000000,1.000000,0.375000,1.000000,1.000000,1.000000
S2__googleapis.com__genomics__v2alpha1__openapi.yaml,Genomics API,googleapis.com,S2,3.x,5,4,5,0,5,5,4,4,5,5,1.000000,0.000000,1.000000,1.000000,0.800000,1.000000,1.000000,1.000000
S2__googleapis.com__gkebackup__v1__openapi.yaml,Backup for GKE API,googleapis.com,S2,3.x,19,8,19,0,19,19,8,8,19,19,1.000000,0.000000,1.000000,1.000000,0.421053,1.000000,1.000000,1.000000
S2__googleapis.com__gkehub__v2alpha__openapi.yaml,GKE Hub API,googleapis.com,S2,3.x,4,1,4,0,4,4,1,1,4,4,1.000000,0.000000,1.000000,1.000000,0.250000,1.000000,1.000000,1.000000
S2__googleapis.com__gkeonprem__v1__openapi.yaml,Anthos On-Prem API,googleapis.com,S2,3.x,30,18,30,0,30,30,15,15,30,30,1.000000,0.000000,1.000000,1.000000,0.500000,0.833333,1.000000,1.000000
S2__googleapis.com__gmail__v1__openapi.yaml,Gmail API,googleapis.com,S2,3.x,79,39,79,0,79,79,32,32,63,66,1.000000,0.000000,1.000000,1.000000,0.405063,0.820513,0.797468,0.835443
S2__googleapis.com__gmailpostmastertools__v1beta1__openapi.yaml,Gmail Postmaster Tools API,googleapis.com,S2,3.x,3,0,3,0,3,3,0,0,3,3,1.000000,0.000000,1.000000,1.000000,0.000000,,1.000000,1.000000
S2__googleapis.com__groupssettings__v1__openapi.yaml,Groups Settings API,googleapis.com,S2,3.x,3,2,3,0,3,3,2,2,3,3,1.000000,0.000000,1.000000,1.000000,0.666667,1.000000,1.000000,1.000000
S2__googleapis.com__healthcare__v1beta1__openapi.yaml,Cloud Healthcare API,googleapis.com,S2,3.x,83,44,83,0,83,83,44,44,83,83,1.000000,0.000000,1.000000,1.000000,0.530120,1.000000,1.000000,1.000000
S2__googleapis.com__homegraph__v1__openapi.yaml,HomeGraph API,googleapis.com,S2,3.x,5,4,5,0,5,5,4,4,5,5,1.000000,0.000000,1.000000,1.000000,0.800000,1.000000,1.000000,1.000000
S2__googleapis.com__iam__v2__openapi.yaml,Identity and Access Management (IAM) API,googleapis.com,S2,3.x,5,2,5,0,5,5,2,2,5,5,1.000000,0.000000,1.000000,1.000000,0.400000,1.000000,1.000000,1.000000
S2__googleapis.com__iamcredentials__v1__openapi.yaml,IAM Service Account Credentials API,googleapis.com,S2,3.x,4,4,4,0,4,4,4,4,4,4,1.000000,0.000000,1.000000,1.000000,1.000000,1.000000,1.000000,1.000000
S2__googleapis.com__iap__v1beta1__openapi.yaml,Cloud Identity-Aware Proxy API,googleapis.com,S2,3.x,3,3,3,0,3,3,3,3,3,3,1.000000,0.000000,1.000000,1.000000,1.000000,1.000000,1.000000,1.000000
S2__googleapis.com__ideahub__v1alpha__openapi.yaml,Idea Hub API,googleapis.com,S2,3.x,5,2,5,0,5,5,2,2,5,5,1.000000,0.000000,1.000000,1.000000,0.400000,1.000000,1.000000,1.000000
S2__googleapis.com__identitytoolkit__v2__openapi.yaml,Identity Toolkit API,googleapis.com,S2,3.x,24,15,24,0,24,24,15,15,24,24,1.000000,0.000000,1.000000,1.000000,0.625000,1.000000,1.000000,1.000000
S2__googleapis.com__identitytoolkit__v3__openapi.yaml,Google Identity Toolkit API,googleapis.com,S2,3.x,20,17,20,0,20,20,17,17,20,20,1.000000,0.000000,1.000000,1.000000,0.850000,1.000000,1.000000,1.000000
S2__googleapis.com__ids__v1__openapi.yaml,Cloud IDS API,googleapis.com,S2,3.x,11,5,11,0,11,11,5,5,11,11,1.000000,0.000000,1.000000,1.000000,0.454545,1.000000,1.000000,1.000000
S2__googleapis.com__integrations__v1__openapi.yaml,Application Integration API,googleapis.com,S2,3.x,40,22,40,0,40,40,22,22,40,40,1.000000,0.000000,1.000000,1.000000,0.550000,1.000000,1.000000,1.000000
S2__googleapis.com__jobs__v4__openapi.yaml,Cloud Talent Solution API,googleapis.com,S2,3.x,16,10,16,0,16,16,10,10,16,16,1.000000,0.000000,1.000000,1.000000,0.625000,1.000000,1.000000,1.000000
S2__googleapis.com__keep__v1__openapi.yaml,Google Keep API,googleapis.com,S2,3.x,6,3,6,0,6,6,3,3,6,6,1.000000,0.000000,1.000000,1.000000,0.500000,1.000000,1.000000,1.000000
S2__googleapis.com__kmsinventory__v1__openapi.yaml,KMS Inventory API,googleapis.com,S2,3.x,3,0,3,0,3,3,0,0,3,3,1.000000,0.000000,1.000000,1.000000,0.000000,,1.000000,1.000000
S2__googleapis.com__language__v2__openapi.yaml,Cloud Natural Language API,googleapis.com,S2,3.x,5,5,5,0,5,5,5,5,5,5,1.000000,0.000000,1.000000,1.000000,1.000000,1.000000,1.000000,1.000000
S2__googleapis.com__libraryagent__v1__openapi.yaml,Library Agent API,googleapis.com,S2,3.x,5,2,5,0,5,5,0,0,5,5,1.000000,0.000000,1.000000,1.000000,0.000000,0.000000,1.000000,1.000000
S2__googleapis.com__licensing__v1__openapi.yaml,Enterprise License Manager API,googleapis.com,S2,3.x,7,3,7,0,7,7,3,3,7,7,1.000000,0.000000,1.000000,1.000000,0.428571,1.000000,1.000000,1.000000
S2__googleapis.com__lifesciences__v2beta__openapi.yaml,Cloud Life Sciences API,googleapis.com,S2,3.x,5,2,5,0,5,5,2,2,5,5,1.000000,0.000000,1.000000,1.000000,0.400000,1.000000,1.000000,1.000000
S2__googleapis.com__logging__v2__openapi.yaml,Cloud Logging API,googleapis.com,S2,3.x,42,21,42,0,42,42,21,21,42,42,1.000000,0.000000,1.000000,1.000000,0.500000,1.000000,1.000000,1.000000
S2__googleapis.com__looker__v1__openapi.yaml,Looker (Google Cloud core) API,googleapis.com,S2,3.x,14,8,14,0,14,14,8,8,14,14,1.000000,0.000000,1.000000,1.000000,0.571429,1.000000,1.000000,1.000000
S2__googleapis.com__managedidentities__v1alpha1__openapi.yaml,Managed Service for Microsoft Active Directory API,googleapis.com,S2,3.x,29,19,29,0,29,29,19,19,29,29,1.000000,0.000000,1.000000,1.000000,0.655172,1.000000,1.000000,1.000000
S2__googleapis.com__manufacturers__v1__openapi.yaml,Manufacturer Center API,googleapis.com,S2,3.x,8,2,8,0,8,8,2,2,8,8,1.000000,0.000000,1.000000,1.000000,0.250000,1.000000,1.000000,1.000000
S2__googleapis.com__marketingplatformadmin__v1alpha__openapi.yaml,Google Marketing Platform Admin API,googleapis.com,S2,3.x,4,2,4,0,4,4,2,2,4,4,1.000000,0.000000,1.000000,1.000000,0.500000,1.000000,1.000000,1.000000
S2__googleapis.com__memcache__v1beta2__openapi.yaml,Cloud Memorystore for Memcached API,googleapis.com,S2,3.x,13,8,13,0,13,13,8,8,13,13,1.000000,0.000000,1.000000,1.000000,0.615385,1.000000,1.000000,1.000000
S2__googleapis.com__metastore__v1__openapi.yaml,Dataproc Metastore API,googleapis.com,S2,3.x,23,14,23,0,23,23,14,14,23,23,1.000000,0.000000,1.000000,1.000000,0.608696,1.000000,1.000000,1.000000
S2__googleapis.com__migrationcenter__v1alpha1__openapi.yaml,Migration Center API,googleapis.com,S2,3.x,30,17,30,0,30,30,17,17,30,30,1.000000,0.000000,1.000000,1.000000,0.566667,1.000000,1.000000,1.000000
S2__googleapis.com__ml__v1__openapi.yaml,AI Platform Training & Prediction API,googleapis.com,S2,3.x,29,18,29,0,29,29,18,18,29,29,1.000000,0.000000,1.000000,1.000000,0.620690,1.000000,1.000000,1.000000
S2__googleapis.com__monitoring__v3__openapi.yaml,Cloud Monitoring API,googleapis.com,S2,3.x,32,17,32,0,32,32,17,17,32,32,1.000000,0.000000,1.000000,1.000000,0.531250,1.000000,1.000000,1.000000
S2__googleapis.com__my-business__v4__openapi.yaml,Google My Business API,googleapis.com,S2,3.x,50,27,50,0,50,50,27,27,50,50,1.000000,0.000000,1.000000,1.000000,0.540000,1.000000,1.000000,1.000000
S2__googleapis.com__mybusinessaccountmanagement__v1__openapi.yaml,My Business Account Management API,googleapis.com,S2,3.x,11,6,11,0,11,11,6,6,11,11,1.000000,0.000000,1.000000,1.000000,0.545455,1.000000,1.000000,1.000000
S2__googleapis.com__mybusinessbusinesscalls__v1__openapi.yaml,My Business Business Calls API,googleapis.com,S2,3.x,3,1,3,0,3,3,1,1,3,3,1.000000,0.000000,1.000000,1.000000,0.333333,1.000000,1.000000,1.000000
S2__googleapis.com__mybusinessbusinessinformation__v1__openapi.yaml,My Business Business Information API,googleapis.com,S2,3.x,11,3,11,0,11,11,3,3,11,11,1.000000,0.000000,1.000000,1.000000,0.272727,1.000000,1.000000,1.000000
S2__googleapis.com__mybusinesslodging__v1__openapi.yaml,My Business Lodging API,googleapis.com,S2,3.x,3,1,3,0,3,3,1,1,3,3,1.000000,0.000000,1.000000,1.000000,0.333333,1.000000,1.000000,1.000000
S2__googleapis.com__mybusinessplaceactions__v1__openapi.yaml,My Business Place Actions API,googleapis.com,S2,3.x,6,2,6,0,6,6,2,2,6,6,1.000000,0.000000,1.000000,1.000000,0.333333,1.000000,1.000000,1.000000
S2__googleapis.com__mybusinessqanda__v1__openapi.yaml,My Business Q&A API,googleapis.com,S2,3.x,7,3,7,0,7,7,3,3,7,7,1.000000,0.000000,1.000000,1.000000,0.428571,1.000000,1.000000,1.000000
S2__googleapis.com__mybusinessverifications__v1__openapi.yaml,My Business Verifications API,googleapis.com,S2,3.x,5,3,5,0,5,5,3,3,5,5,1.000000,0.000000,1.000000,1.000000,0.600000,1.000000,1.000000,1.000000
S2__googleapis.com__networkconnectivity__v1alpha1__openapi.yaml,Network Connectivity API,googleapis.com,S2,3.x,15,7,15,0,15,15,7,7,15,15,1.000000,0.000000,1.000000,1.000000,0.466667,1.000000,1.000000,1.000000
S2__googleapis.com__networkmanagement__v1beta1__openapi.yaml,Network Management API,googleapis.com,S2,3.x,12,6,12,0,12,12,6,6,12,12,1.000000,0.000000,1.000000,1.000000,0.500000,1.000000,1.000000,1.000000
S2__googleapis.com__networksecurity__v1beta1__openapi.yaml,Network Security API,googleapis.com,S2,3.x,37,19,37,0,37,37,19,19,37,37,1.000000,0.000000,1.000000,1.000000,0.513514,1.000000,1.000000,1.000000
S2__googleapis.com__networkservices__v1beta1__openapi.yaml,Network Services API,googleapis.com,S2,3.x,31,15,31,0,31,31,15,15,31,31,1.000000,0.000000,1.000000,1.000000,0.483871,1.000000,1.000000,1.000000
S2__googleapis.com__notebooks__v2__openapi.yaml,Notebooks API,googleapis.com,S2,3.x,22,14,22,0,22,22,14,14,22,22,1.000000,0.000000,1.000000,1.000000,0.636364,1.000000,1.000000,1.000000
S2__googleapis.com__oauth2__v2__openapi.yaml,Google OAuth2 API,googleapis.com,S2,3.x,3,1,0,0,3,3,0,0,3,3,0.000000,0.000000,1.000000,1.000000,0.000000,0.000000,1.000000,1.000000
S2__googleapis.com__ondemandscanning__v1beta1__openapi.yaml,On-Demand Scanning API,googleapis.com,S2,3.x,7,3,7,0,7,7,1,1,7,7,1.000000,0.000000,1.000000,1.000000,0.142857,0.333333,1.000000,1.000000
S2__googleapis.com__orgpolicy__v2__openapi.yaml,Organization Policy API,googleapis.com,S2,3.x,9,3,9,0,9,9,3,3,9,9,1.000000,0.000000,1.000000,1.000000,0.333333,1.000000,1.000000,1.000000
S2__googleapis.com__osconfig__v1__openapi.yaml,OS Config API,googleapis.com,S2,3.x,17,7,17,0,17,17,7,7,17,17,1.000000,0.000000,1.000000,1.000000,0.411765,1.000000,1.000000,1.000000
S2__googleapis.com__oslogin__v1__openapi.yaml,Cloud OS Login API,googleapis.com,S2,3.x,6,3,6,0,6,6,3,3,6,6,1.000000,0.000000,1.000000,1.000000,0.500000,1.000000,1.000000,1.000000
S2__googleapis.com__paymentsresellersubscription__v1__openapi.yaml,Payments Reseller Subscription API,googleapis.com,S2,3.x,10,7,10,0,10,10,7,7,10,10,1.000000,0.000000,1.000000,1.000000,0.700000,1.000000,1.000000,1.000000
S2__googleapis.com__people__v1__openapi.yaml,People API,googleapis.com,S2,3.x,23,10,23,0,23,23,10,10,23,23,1.000000,0.000000,1.000000,1.000000,0.434783,1.000000,1.000000,1.000000
S2__googleapis.com__places__v1__openapi.yaml,Places API (New),googleapis.com,S2,3.x,4,3,4,0,4,4,3,3,4,4,1.000000,0.000000,1.000000,1.000000,0.750000,1.000000,1.000000,1.000000
S2__googleapis.com__playablelocations__v3__openapi.yaml,Playable Locations API,googleapis.com,S2,3.x,3,3,3,0,3,3,3,3,3,3,1.000000,0.000000,1.000000,1.000000,1.000000,1.000000,1.000000,1.000000
S2__googleapis.com__playdeveloperreporting__v1alpha1__openapi.yaml,Google Play Developer Reporting API,googleapis.com,S2,3.x,7,1,7,0,7,7,1,1,7,7,1.000000,0.000000,1.000000,1.000000,0.142857,1.000000,1.000000,1.000000
S2__googleapis.com__plus__v1__openapi.yaml,Google+ API,googleapis.com,S2,3.x,9,0,9,0,9,9,0,0,9,9,1.000000,0.000000,1.000000,1.000000,0.000000,,1.000000,1.000000
S2__googleapis.com__policysimulator__v1__openapi.yaml,Policy Simulator API,googleapis.com,S2,3.x,6,2,6,0,6,6,2,2,6,6,1.000000,0.000000,1.000000,1.000000,0.333333,1.000000,1.000000,1.000000
S2__googleapis.com__poly__v1__openapi.yaml,Poly API,googleapis.com,S2,3.x,4,0,4,0,4,4,0,0,4,4,1.000000,0.000000,1.000000,1.000000,0.000000,,1.000000,1.000000
S2__googleapis.com__privateca__v1beta1__openapi.yaml,Certificate Authority API,googleapis.com,S2,3.x,8,3,8,0,8,8,3,3,8,8,1.000000,0.000000,1.000000,1.000000,0.375000,1.000000,1.000000,1.000000
S2__googleapis.com__prod_tt_sasportal__v1alpha1__openapi.yaml,SAS Portal API (Testing),googleapis.com,S2,3.x,24,16,24,0,24,24,16,16,24,24,1.000000,0.000000,1.000000,1.000000,0.666667,1.000000,1.000000,1.000000
S2__googleapis.com__proximitybeacon__v1beta1__openapi.yaml,Proximity Beacon API,googleapis.com,S2,3.x,17,9,17,0,17,17,5,5,17,17,1.000000,0.000000,1.000000,1.000000,0.294118,0.555556,1.000000,1.000000
S2__googleapis.com__pubsub__v1beta2__openapi.yaml,Cloud Pub/Sub API,googleapis.com,S2,3.x,16,8,16,0,16,16,8,8,16,16,1.000000,0.000000,1.000000,1.000000,0.500000,1.000000,1.000000,1.000000
S2__googleapis.com__pubsublite__v1__openapi.yaml,Pub/Sub Lite API,googleapis.com,S2,3.x,20,10,20,0,20,20,10,10,20,20,1.000000,0.000000,1.000000,1.000000,0.500000,1.000000,1.000000,1.000000
S2__googleapis.com__rapidmigrationassessment__v1__openapi.yaml,Rapid Migration Assessment API,googleapis.com,S2,3.x,12,7,12,0,12,12,7,7,12,12,1.000000,0.000000,1.000000,1.000000,0.583333,1.000000,1.000000,1.000000
S2__googleapis.com__readerrevenuesubscriptionlinking__v1__openapi.yaml,Reader Revenue Subscription Linking API,googleapis.com,S2,3.x,3,1,3,0,3,3,1,1,3,3,1.000000,0.000000,1.000000,1.000000,0.333333,1.000000,1.000000,1.000000
S2__googleapis.com__realtimebidding__v1__openapi.yaml,Real-time Bidding API,googleapis.com,S2,3.x,28,18,28,0,28,28,18,18,28,28,1.000000,0.000000,1.000000,1.000000,0.642857,1.000000,1.000000,1.000000
S2__googleapis.com__recaptchaenterprise__v1__openapi.yaml,reCAPTCHA Enterprise API,googleapis.com,S2,3.x,15,8,15,0,15,15,8,8,15,15,1.000000,0.000000,1.000000,1.000000,0.533333,1.000000,1.000000,1.000000
S2__googleapis.com__recommendationengine__v1beta1__openapi.yaml,Recommendations AI (Beta),googleapis.com,S2,3.x,17,9,17,0,17,17,9,9,17,17,1.000000,0.000000,1.000000,1.000000,0.529412,1.000000,1.000000,1.000000
S2__googleapis.com__recommender__v1beta1__openapi.yaml,Recommender API,googleapis.com,S2,3.x,12,6,12,0,12,12,6,6,12,12,1.000000,0.000000,1.000000,1.000000,0.500000,1.000000,1.000000,1.000000
S2__googleapis.com__redis__v1beta1__openapi.yaml,Google Cloud Memorystore for Redis API,googleapis.com,S2,3.x,16,9,16,0,16,16,8,8,16,16,1.000000,0.000000,1.000000,1.000000,0.500000,0.888889,1.000000,1.000000
S2__googleapis.com__remotebuildexecution__v1alpha__openapi.yaml,Remote Build Execution API,googleapis.com,S2,3.x,8,4,8,0,8,8,4,4,8,8,1.000000,0.000000,1.000000,1.000000,0.500000,1.000000,1.000000,1.000000
S2__googleapis.com__reseller__v1__openapi.yaml,Google Workspace Reseller API,googleapis.com,S2,3.x,17,12,17,0,17,17,7,7,16,16,1.000000,0.000000,1.000000,1.000000,0.411765,0.583333,0.941176,0.941176
S2__googleapis.com__resourcesettings__v1__openapi.yaml,Resource Settings API,googleapis.com,S2,3.x,3,1,3,0,3,3,1,1,3,3,1.000000,0.000000,1.000000,1.000000,0.333333,1.000000,1.000000,1.000000
S2__googleapis.com__retail__v2__openapi.yaml,Vertex AI Search for Retail API,googleapis.com,S2,3.x,40,29,40,0,40,40,29,29,40,40,1.000000,0.000000,1.000000,1.000000,0.725000,1.000000,1.000000,1.000000
S2__googleapis.com__run__v2__openapi.yaml,Cloud Run Admin API,googleapis.com,S2,3.x,17,8,17,0,17,17,8,8,17,17,1.000000,0.000000,1.000000,1.000000,0.470588,1.000000,1.000000,1.000000
S2__googleapis.com__runtimeconfig__v1beta1__openapi.yaml,Cloud Runtime Configuration API,googleapis.com,S2,3.x,13,7,13,0,13,13,7,7,13,13,1.000000,0.000000,1.000000,1.000000,0.538462,1.000000,1.000000,1.000000
S2__googleapis.com__safebrowsing__v4__openapi.yaml,Safe Browsing API,googleapis.com,S2,3.x,7,4,5,0,7,7,4,4,7,7,0.714286,0.000000,1.000000,1.000000,0.571429,1.000000,1.000000,1.000000
S2__googleapis.com__sasportal__v1alpha1__openapi.yaml,SAS Portal API,googleapis.com,S2,3.x,24,16,24,0,24,24,16,16,24,24,1.000000,0.000000,1.000000,1.000000,0.666667,1.000000,1.000000,1.000000
S2__googleapis.com__script__v1__openapi.yaml,Apps Script API,googleapis.com,S2,3.x,16,6,16,0,16,16,6,6,16,16,1.000000,0.000000,1.000000,1.000000,0.375000,1.000000,1.000000,1.000000
S2__googleapis.com__searchads360__v0__openapi.yaml,Search Ads 360 Reporting API,googleapis.com,S2,3.x,5,2,5,0,5,5,2,2,5,5,1.000000,0.000000,1.000000,1.000000,0.400000,1.000000,1.000000,1.000000
S2__googleapis.com__searchconsole__v1__openapi.yaml,Google Search Console API,googleapis.com,S2,3.x,11,5,11,0,11,11,3,3,7,7,1.000000,0.000000,1.000000,1.000000,0.272727,0.600000,0.636364,0.636364
S2__googleapis.com__secretmanager__v1beta1__openapi.yaml,Secret Manager API,googleapis.com,S2,3.x,15,8,15,0,15,15,8,8,15,15,1.000000,0.000000,1.000000,1.000000,0.533333,1.000000,1.000000,1.000000
S2__googleapis.com__securitycenter__v1beta2__openapi.yaml,Security Command Center API,googleapis.com,S2,3.x,3,1,3,0,3,3,1,1,3,3,1.000000,0.000000,1.000000,1.000000,0.333333,1.000000,1.000000,1.000000
S2__googleapis.com__serviceconsumermanagement__v1beta1__openapi.yaml,Service Consumer Management API,googleapis.com,S2,3.x,7,3,7,0,7,7,3,3,7,7,1.000000,0.000000,1.000000,1.000000,0.428571,1.000000,1.000000,1.000000
S2__googleapis.com__servicecontrol__v1__openapi.yaml,Service Control API,googleapis.com,S2,3.x,3,3,3,0,3,3,3,3,3,3,1.000000,0.000000,1.000000,1.000000,1.000000,1.000000,1.000000,1.000000
S2__googleapis.com__servicedirectory__v1beta1__openapi.yaml,Service Directory API,googleapis.com,S2,3.x,14,8,14,0,14,14,8,8,14,14,1.000000,0.000000,1.000000,1.000000,0.571429,1.000000,1.000000,1.000000
S2__googleapis.com__servicemanagement__v1__openapi.yaml,Service Management API,googleapis.com,S2,3.x,19,9,19,0,19,19,8,8,19,19,1.000000,0.000000,1.000000,1.000000,0.421053,0.888889,1.000000,1.000000
S2__googleapis.com__servicenetworking__v1__openapi.yaml,Service Networking API,googleapis.com,S2,3.x,25,17,25,0,25,25,17,17,25,25,1.000000,0.000000,1.000000,1.000000,0.680000,1.000000,1.000000,1.000000
S2__googleapis.com__serviceusage__v1beta1__openapi.yaml,Service Usage API,googleapis.com,S2,3.x,16,9,16,0,16,16,8,8,16,16,1.000000,0.000000,1.000000,1.000000,0.500000,0.888889,1.000000,1.000000
S2__googleapis.com__sheets__v4__openapi.yaml,Google Sheets API,googleapis.com,S2,3.x,17,13,17,0,17,17,13,13,17,17,1.000000,0.000000,1.000000,1.000000,0.764706,1.000000,1.000000,1.000000
S2__googleapis.com__siteVerification__v1__openapi.yaml,Google Site Verification API,googleapis.com,S2,3.x,7,4,7,0,7,7,4,4,6,6,1.000000,0.000000,1.000000,1.000000,0.571429,1.000000,0.857143,0.857143
S2__googleapis.com__slides__v1__openapi.yaml,Google Slides API,googleapis.com,S2,3.x,5,2,5,0,5,5,2,2,5,5,1.000000,0.000000,1.000000,1.000000,0.400000,1.000000,1.000000,1.000000
S2__googleapis.com__smartdevicemanagement__v1__openapi.yaml,Smart Device Management API,googleapis.com,S2,3.x,5,1,5,0,5,5,1,1,5,5,1.000000,0.000000,1.000000,1.000000,0.200000,1.000000,1.000000,1.000000
S2__googleapis.com__sourcerepo__v1__openapi.yaml,Cloud Source Repositories API,googleapis.com,S2,3.x,11,6,11,0,11,11,6,6,11,11,1.000000,0.000000,1.000000,1.000000,0.545455,1.000000,1.000000,1.000000
S2__googleapis.com__spanner__v1__openapi.yaml,Cloud Spanner API,googleapis.com,S2,3.x,40,25,40,0,40,40,24,24,40,40,1.000000,0.000000,1.000000,1.000000,0.600000,0.960000,1.000000,1.000000
S2__googleapis.com__speech__v1p1beta1__openapi.yaml,Cloud Speech-to-Text API,googleapis.com,S2,3.x,11,5,11,0,11,11,5,5,11,11,1.000000,0.000000,1.000000,1.000000,0.454545,1.000000,1.000000,1.000000
S2__googleapis.com__sql__v1beta4__openapi.yaml,Cloud SQL Admin API,googleapis.com,S2,3.x,58,35,58,0,58,58,27,27,58,58,1.000000,0.000000,1.000000,1.000000,0.465517,0.771429,1.000000,1.000000
S2__googleapis.com__storage__v1beta2__openapi.yaml,Cloud Storage JSON API,googleapis.com,S2,3.x,34,19,34,0,34,34,19,19,28,29,1.000000,0.000000,1.000000,1.000000,0.558824,1.000000,0.823529,0.852941
S2__googleapis.com__storagetransfer__v1__openapi.yaml,Storage Transfer API,googleapis.com,S2,3.x,15,8,15,0,15,15,8,8,15,15,1.000000,0.000000,1.000000,1.000000,0.533333,1.000000,1.000000,1.000000
S2__googleapis.com__streetviewpublish__v1__openapi.yaml,Street View Publish API,googleapis.com,S2,3.x,14,7,14,0,14,14,7,7,14,14,1.000000,0.000000,1.000000,1.000000,0.500000,1.000000,1.000000,1.000000
S2__googleapis.com__sts__v1__openapi.yaml,Security Token Service API,googleapis.com,S2,3.x,3,3,3,0,3,3,3,3,3,3,1.000000,0.000000,1.000000,1.000000,1.000000,1.000000,1.000000,1.000000
S2__googleapis.com__tagmanager__v2__openapi.yaml,Tag Manager API,googleapis.com,S2,3.x,54,30,54,0,54,54,18,18,51,53,1.000000,0.000000,1.000000,1.000000,0.333333,0.600000,0.944444,0.981481
S2__googleapis.com__tasks__v1__openapi.yaml,Google Tasks API,googleapis.com,S2,3.x,14,8,14,0,14,14,6,6,11,11,1.000000,0.000000,1.000000,1.000000,0.428571,0.750000,0.785714,0.785714
S2__googleapis.com__testing__v1__openapi.yaml,Cloud Testing API,googleapis.com,S2,3.x,10,6,10,0,10,10,5,5,10,10,1.000000,0.000000,1.000000,1.000000,0.500000,0.833333,1.000000,1.000000
S2__googleapis.com__texttospeech__v1beta1__openapi.yaml,Cloud Text-to-Speech API,googleapis.com,S2,3.x,5,2,5,0,5,5,2,2,5,5,1.000000,0.000000,1.000000,1.000000,0.400000,1.000000,1.000000,1.000000
S2__googleapis.com__toolresults__v1beta3__openapi.yaml,Cloud Tool Results API,googleapis.com,S2,3.x,29,10,29,0,29,29,9,9,29,29,1.000000,0.000000,1.000000,1.000000,0.310345,0.900000,1.000000,1.000000
S2__googleapis.com__tpu__v2alpha1__openapi.yaml,Cloud TPU API,googleapis.com,S2,3.x,19,10,19,0,19,19,9,9,19,19,1.000000,0.000000,1.000000,1.000000,0.473684,0.900000,1.000000,1.000000
S2__googleapis.com__transcoder__v1beta1__openapi.yaml,Transcoder API,googleapis.com,S2,3.x,6,2,6,0,6,6,2,2,6,6,1.000000,0.000000,1.000000,1.000000,0.333333,1.000000,1.000000,1.000000
S2__googleapis.com__translate__v2__openapi.yaml,Google Cloud Translation API,googleapis.com,S2,3.x,5,2,5,0,5,5,2,2,5,5,1.000000,0.000000,1.000000,1.000000,0.400000,1.000000,1.000000,1.000000
S2__googleapis.com__translate__v3beta1__openapi.yaml,Cloud Translation API,googleapis.com,S2,3.x,14,8,14,0,14,14,8,8,14,14,1.000000,0.000000,1.000000,1.000000,0.571429,1.000000,1.000000,1.000000
S2__googleapis.com__vault__v1__openapi.yaml,Google Vault API,googleapis.com,S2,3.x,32,16,32,0,32,32,16,16,32,32,1.000000,0.000000,1.000000,1.000000,0.500000,1.000000,1.000000,1.000000
S2__googleapis.com__versionhistory__v1__openapi.yaml,versionhistory.googleapis.com API,googleapis.com,S2,3.x,4,0,4,0,4,4,0,0,4,4,1.000000,0.000000,1.000000,1.000000,0.000000,,1.000000,1.000000
S2__googleapis.com__videointelligence__v1__openapi.yaml,Cloud Video Intelligence API,googleapis.com,S2,3.x,8,3,8,0,8,8,2,2,8,8,1.000000,0.000000,1.000000,1.000000,0.250000,0.666667,1.000000,1.000000
S2__googleapis.com__vision__v1p2beta1__openapi.yaml,Cloud Vision API,googleapis.com,S2,3.x,8,8,8,0,8,8,8,8,8,8,1.000000,0.000000,1.000000,1.000000,1.000000,1.000000,1.000000,1.000000
S2__googleapis.com__vmmigration__v1alpha1__openapi.yaml,VM Migration API,googleapis.com,S2,3.x,34,18,34,0,34,34,18,18,34,34,1.000000,0.000000,1.000000,1.000000,0.529412,1.000000,1.000000,1.000000
S2__googleapis.com__vmwareengine__v1__openapi.yaml,VMware Engine API,googleapis.com,S2,3.x,43,20,43,0,43,43,20,20,43,43,1.000000,0.000000,1.000000,1.000000,0.465116,1.000000,1.000000,1.000000
S2__googleapis.com__vpcaccess__v1beta1__openapi.yaml,Serverless VPC Access API,googleapis.com,S2,3.x,7,2,7,0,7,7,2,2,7,7,1.000000,0.000000,1.000000,1.000000,0.285714,1.000000,1.000000,1.000000
S2__googleapis.com__walletobjects__v1__openapi.yaml,Google Wallet API,googleapis.com,S2,3.x,97,65,97,0,97,97,65,65,97,97,1.000000,0.000000,1.000000,1.000000,0.670103,1.000000,1.000000,1.000000
S2__googleapis.com__webmasters__v3__openapi.yaml,Search Console API,googleapis.com,S2,3.x,9,3,9,0,9,9,1,1,5,5,1.000000,0.000000,1.000000,1.000000,0.111111,0.333333,0.555556,0.555556
S2__googleapis.com__webrisk__v1__openapi.yaml,Web Risk API,googleapis.com,S2,3.x,8,2,8,0,8,8,2,2,8,8,1.000000,0.000000,1.000000,1.000000,0.250000,1.000000,1.000000,1.000000
S2__googleapis.com__websecurityscanner__v1__openapi.yaml,Web Security Scanner API,googleapis.com,S2,3.x,11,4,11,0,11,11,4,4,11,11,1.000000,0.000000,1.000000,1.000000,0.363636,1.000000,1.000000,1.000000
S2__googleapis.com__workflowexecutions__v1__openapi.yaml,Workflow Executions API,googleapis.com,S2,3.x,8,3,8,0,8,8,3,3,8,8,1.000000,0.000000,1.000000,1.000000,0.375000,1.000000,1.000000,1.000000
S2__googleapis.com__workflows__v1__openapi.yaml,Workflows API,googleapis.com,S2,3.x,8,2,8,0,8,8,2,2,8,8,1.000000,0.000000,1.000000,1.000000,0.250000,1.000000,1.000000,1.000000
S2__googleapis.com__workloadmanager__v1__openapi.yaml,Workload Manager API,googleapis.com,S2,3.x,14,4,14,0,14,14,4,4,14,14,1.000000,0.000000,1.000000,1.000000,0.285714,1.000000,1.000000,1.000000
S2__googleapis.com__workspaceevents__v1__openapi.yaml,Google Workspace Events API,googleapis.com,S2,3.x,6,3,6,0,6,6,3,3,6,6,1.000000,0.000000,1.000000,1.000000,0.500000,1.000000,1.000000,1.000000
S2__googleapis.com__workstations__v1__openapi.yaml,Cloud Workstations API,googleapis.com,S2,3.x,20,10,20,0,20,20,10,10,20,20,1.000000,0.000000,1.000000,1.000000,0.500000,1.000000,1.000000,1.000000
S2__googleapis.com__youtubeAnalytics__v2__openapi.yaml,YouTube Analytics API,googleapis.com,S2,3.x,8,3,8,0,8,8,3,3,8,8,1.000000,0.000000,1.000000,1.000000,0.375000,1.000000,1.000000,1.000000
S2__googleapis.com__youtube__v3__openapi.yaml,YouTube Data API v3,googleapis.com,S2,3.x,80,40,80,0,80,80,33,33,59,61,1.000000,0.000000,1.000000,1.000000,0.412500,0.825000,0.737500,0.762500
S2__googleapis.com__youtubereporting__v1__openapi.yaml,YouTube Reporting API,googleapis.com,S2,3.x,8,1,8,0,8,8,1,1,8,8,1.000000,0.000000,1.000000,1.000000,0.125000,1.000000,1.000000,1.000000
S2__gov.bc.ca__bcdc__3.0.1__openapi.yaml,BC Data Catalogue API,gov.bc.ca,S2,3.x,22,0,22,22,0,21,0,0,0,0,1.000000,1.000000,0.000000,0.954545,0.000000,,0.000000,0.000000
S2__gov.bc.ca__bcgnws__3.x.x__openapi.yaml,BC Geographical Names Web Service - REST API,gov.bc.ca,S2,3.x,14,0,14,14,0,14,0,0,0,0,1.000000,1.000000,0.000000,1.000000,0.000000,,0.000000,0.000000
S2__gov.bc.ca__geocoder__2.0.0__openapi.yaml,Geocoder REST API,gov.bc.ca,S2,3.x,16,0,16,16,0,16,0,0,0,0,1.000000,1.000000,0.000000,1.000000,0.000000,,0.000000,0.000000
S2__gov.bc.ca__geomark__4.1.2__openapi.yaml,GeoMark Web Service REST API,gov.bc.ca,S2,3.x,7,2,7,7,0,6,1,1,0,1,1.000000,1.000000,0.000000,0.857143,0.142857,0.500000,0.000000,0.142857
S2__gov.bc.ca__gwells__v1__openapi.yaml,"Groundwater Wells, Aquifers and Registry API",gov.bc.ca,S2,3.x,24,0,24,0,24,18,0,0,21,21,1.000000,0.000000,1.000000,0.750000,0.000000,,0.875000,0.875000
S2__gov.bc.ca__jobposting__1.0.0__openapi.yaml,WorkBC Job Posting API,gov.bc.ca,S2,3.x,5,1,5,5,0,0,1,1,5,5,1.000000,1.000000,0.000000,0.000000,0.200000,1.000000,1.000000,1.000000
S2__gov.bc.ca__open511__1.0.0__openapi.yaml,DriveBC's Open511 API,gov.bc.ca,S2,3.x,4,0,1,4,0,4,0,0,0,0,0.250000,1.000000,0.000000,1.000000,0.000000,,0.000000,0.000000
S2__gov.bc.ca__router__2.0.0__openapi.yaml,BC Route Planner REST API,gov.bc.ca,S2,3.x,24,12,24,24,0,24,0,0,0,0,1.000000,1.000000,0.000000,1.000000,0.000000,0.000000,0.000000,0.000000
S2__graphhopper.com__1.0.0__openapi.yaml,GraphHopper Directions API,graphhopper.com,S2,3.x,16,8,16,16,15,8,7,7,16,16,1.000000,1.000000,0.937500,0.500000,0.437500,0.875000,1.000000,1.000000
S2__greenpeace.org__1.0.0__swagger.yaml,Greenwire Public API,greenpeace.org,S2,2.0,6,0,6,0,0,6,0,0,6,6,1.000000,0.000000,0.000000,1.000000,0.000000,,1.000000,1.000000
S2__greip.io__1.0.0__openapi.yaml,Greip API,greip.io,S2,3.x,9,0,9,0,0,9,0,0,0,0,1.000000,0.000000,0.000000,1.000000,0.000000,,0.000000,0.000000
S2__groundhog-day.com__1.2.1__openapi.yaml,Groundhog Day API,groundhog-day.com,S2,3.x,5,0,5,5,5,3,0,0,4,4,1.000000,1.000000,1.000000,0.600000,0.000000,,0.800000,0.800000
S2__gsmtasks.com__2.4.13__openapi.yaml,GSMTasks Project API,gsmtasks.com,S2,3.x,261,126,17,0,261,257,125,125,243,245,0.065134,0.000000,1.000000,0.984674,0.478927,0.992063,0.931034,0.938697
S2__handwrytten.com__1.0.0__swagger.yaml,Handwrytten API,handwrytten.com,S2,2.0,30,23,15,29,29,22,21,21,30,30,0.500000,0.966667,0.966667,0.733333,0.700000,0.913043,1.000000,1.000000
S2__hetzner.cloud__1.0.0__openapi.yaml,Hetzner Cloud API,hetzner.cloud,S2,3.x,144,80,144,144,0,133,62,62,134,134,1.000000,1.000000,0.000000,0.923611,0.430556,0.775000,0.930556,0.930556
S2__hhs.gov__2__openapi.yaml,HHS Media Services API,hhs.gov,S2,3.x,31,0,31,31,0,31,0,0,31,31,1.000000,1.000000,0.000000,1.000000,0.000000,,1.000000,1.000000
S2__hsbc.com__atm__2.2.1__swagger.yaml,ATM Locator API,hsbc.com,S2,2.0,5,0,5,0,0,4,0,0,5,5,1.000000,0.000000,0.000000,0.800000,0.000000,,1.000000,1.000000
S2__hsbc.com__branches__2.2.1__swagger.yaml,Branch Locator API,hsbc.com,S2,2.0,6,0,6,0,0,5,0,0,6,6,1.000000,0.000000,0.000000,0.833333,0.000000,,1.000000,1.000000
S2__hsbc.com__product__2.2.1__swagger.yaml,Product Finder API,hsbc.com,S2,2.0,8,0,8,0,0,4,0,0,8,8,1.000000,0.000000,0.000000,0.500000,0.000000,,1.000000,1.000000
S2__httpbin.org__0.9.2__openapi.yaml,httpbin.org,httpbin.org,S2,3.x,73,19,1,73,0,40,2,2,0,2,0.013699,1.000000,0.000000,0.547945,0.027397,0.105263,0.000000,0.027397
S2__hubapi.com__auth__v1__openapi.yaml,Auth Oauth,hubapi.com,S2,3.x,4,1,0,0,4,3,1,1,4,4,0.000000,0.000000,1.000000,0.750000,0.250000,1.000000,1.000000,1.000000
S2__hubapi.com__automation__v4__openapi.yaml,Automation Actions V4,hubapi.com,S2,3.x,16,6,0,16,16,15,6,6,16,16,0.000000,1.000000,1.000000,0.937500,0.375000,1.000000,1.000000,1.000000
S2__hubapi.com__communication-preferences__v3__openapi.yaml,Subscriptions,hubapi.com,S2,3.x,4,2,4,4,4,1,2,2,4,4,1.000000,1.000000,1.000000,0.250000,0.500000,1.000000,1.000000,1.000000
S2__hubapi.com__crm__v3__openapi.yaml,CRM cards,hubapi.com,S2,3.x,6,2,6,6,6,5,2,2,6,6,1.000000,1.000000,1.000000,0.833333,0.333333,1.000000,1.000000,1.000000
S2__hubapi.com__files__v3__openapi.yaml,Files Files,hubapi.com,S2,3.x,19,6,18,18,19,15,6,6,19,19,0.947368,0.947368,1.000000,0.789474,0.315789,1.000000,1.000000,1.000000
S2__hubapi.com__marketing__v3__openapi.yaml,Marketing Events,hubapi.com,S2,3.x,16,12,15,15,16,13,11,11,16,16,0.937500,0.937500,1.000000,0.812500,0.687500,0.916667,1.000000,1.000000
S2__hubapi.com__webhooks__v3__openapi.yaml,Webhooks Webhooks,hubapi.com,S2,3.x,9,4,0,0,9,9,4,4,9,9,0.000000,0.000000,1.000000,1.000000,0.444444,1.000000,1.000000,1.000000
S2__hubhopper.com__v5__swagger.yaml,Hubhopper Partner Integration API(s) - Production,hubhopper.com,S2,2.0,7,0,6,0,0,7,0,0,7,7,0.857143,0.000000,0.000000,1.000000,0.000000,,1.000000,1.000000
S2__i-cue.solutions__v1__openapi.yaml,Growth Services,i-cue.solutions,S2,3.x,64,49,58,58,0,64,27,27,27,32,0.906250,0.906250,0.000000,1.000000,0.421875,0.551020,0.421875,0.500000
S2__ibanapi.com__1.0.0__openapi.yaml,IBANAPI OpenApi Documentation,ibanapi.com,S2,3.x,3,0,3,3,3,2,0,0,3,3,1.000000,1.000000,1.000000,0.666667,0.000000,,1.000000,1.000000
S2__id4i.de__1.0.2__openapi.yaml,ID4i API,id4i.de,S2,3.x,107,38,52,104,107,94,44,38,105,107,0.485981,0.971963,1.000000,0.878505,0.411215,1.000000,0.981308,1.000000
S2__ideaconsult.net__enanomapper__4.0.0__openapi.yaml,eNanoMapper database,ideaconsult.net,S2,3.x,13,1,13,13,13,13,1,1,13,13,1.000000,1.000000,1.000000,1.000000,0.076923,1.000000,1.000000,1.000000
S2__ideal-postcodes.co.uk__3.7.0__openapi.yaml,API Reference - Ideal Postcodes,ideal-postcodes.co.uk,S2,3.x,26,5,26,26,26,26,5,5,26,26,1.000000,1.000000,1.000000,1.000000,0.192308,1.000000,1.000000,1.000000
S2__impala.travel__hotels__1.003__openapi.yaml,Impala Hotel Booking API,impala.travel,S2,3.x,10,3,10,10,10,9,3,3,10,10,1.000000,1.000000,1.000000,0.900000,0.300000,1.000000,1.000000,1.000000
S2__increase.com__0.0.1__openapi.yaml,Increase API,increase.com,S2,3.x,131,65,29,131,131,96,46,46,131,131,0.221374,1.000000,1.000000,0.732824,0.351145,0.707692,1.000000,1.000000
S2__infermedica.com__v2__swagger.yaml,Infermedica API,infermedica.com,S2,2.0,20,7,18,18,20,20,7,7,20,20,0.900000,0.900000,1.000000,1.000000,0.350000,1.000000,1.000000,1.000000
S2__influxdata.com__2.0.0__openapi.yaml,Influx OSS API Service,influxdata.com,S2,3.x,195,81,7,195,195,188,78,78,195,195,0.035897,1.000000,1.000000,0.964103,0.400000,0.962963,1.000000,1.000000
S2__inpe.br__dados-abertos__1.0__swagger.yaml,Dados Abertos - API,inpe.br,S2,2.0,6,0,0,6,6,4,0,0,0,0,0.000000,1.000000,1.000000,0.666667,0.000000,,0.000000,0.000000
S2__instagram.com__1.0.0__swagger.yaml,Instagram API,instagram.com,S2,2.0,27,3,27,27,0,25,0,0,27,27,1.000000,1.000000,0.000000,0.925926,0.000000,0.000000,1.000000,1.000000
S2__intel.com__product-catalogue__0.1.0__swagger.yaml,Intel Product Catalogue Service,intel.com,S2,2.0,4,0,4,4,4,4,0,0,4,4,1.000000,1.000000,1.000000,1.000000,0.000000,,1.000000,1.000000
S2__intellifi.nl__2.23.4+0.gb463b49.dirty__openapi.yaml,Brain Web API,intellifi.nl,S2,3.x,77,28,10,77,73,64,28,28,76,77,0.129870,1.000000,0.948052,0.831169,0.363636,1.000000,0.987013,1.000000
S2__interactivebrokers.com__1.0.0__openapi.yaml,IBKR 3rd Party Web API,interactivebrokers.com,S2,3.x,16,6,16,16,0,10,9,6,16,16,1.000000,1.000000,0.000000,0.625000,0.562500,1.000000,1.000000,1.000000
S2__ipqualityscore.com__1.0.0__openapi.yaml,IPQualityScore API,ipqualityscore.com,S2,3.x,3,0,3,3,3,3,0,0,3,3,1.000000,1.000000,1.000000,1.000000,0.000000,,1.000000,1.000000
S2__iqualify.com__v1__openapi.yaml,iQualify Management API,iqualify.com,S2,3.x,84,29,84,84,0,74,27,25,84,84,1.000000,1.000000,0.000000,0.880952,0.321429,0.862069,1.000000,1.000000
S2__isbndb.com__1.0.1__swagger.yaml,ISBNdb API,isbndb.com,S2,2.0,10,0,10,10,0,9,0,0,5,5,1.000000,1.000000,0.000000,0.900000,0.000000,,0.500000,0.500000
S2__ix-api.net__2.1.0__openapi.yaml,IX-API,ix-api.net,S2,3.x,77,26,77,0,77,65,28,26,77,77,1.000000,0.000000,1.000000,0.844156,0.363636,1.000000,1.000000,1.000000
S2__izettle.com__products__1.0.0__openapi.yaml,Product Library API,izettle.com,S2,3.x,32,11,8,32,32,27,11,11,25,27,0.250000,1.000000,1.000000,0.843750,0.343750,1.000000,0.781250,0.843750
S2__jellyfin.local__v1__openapi.yaml,Jellyfin API,jellyfin.local,S2,3.x,387,136,3,387,387,277,72,72,296,337,0.007752,1.000000,1.000000,0.715762,0.186047,0.529412,0.764858,0.870801
S2__jokes.one__1.1__swagger.yaml,Jokes One API,jokes.one,S2,2.0,12,4,12,0,0,10,0,0,4,4,1.000000,0.000000,0.000000,0.833333,0.000000,0.000000,0.333333,0.333333
S2__journy.io__1.0.0__openapi.yaml,Developer documentation,journy.io,S2,3.x,16,7,16,16,16,1,9,7,16,16,1.000000,1.000000,1.000000,0.062500,0.562500,1.000000,1.000000,1.000000
S2__just-eat.co.uk__1.0.0__openapi.yaml,Just Eat UK,just-eat.co.uk,S2,3.x,98,65,98,98,7,69,61,60,55,96,1.000000,1.000000,0.071429,0.704082,0.622449,0.923077,0.561224,0.979592
S2__keycloak.local__1__openapi.yaml,Keycloak Admin REST API,keycloak.local,S2,3.x,281,103,0,250,0,279,82,71,150,221,0.000000,0.889680,0.000000,0.992883,0.291815,0.689320,0.533808,0.786477
S2__klarna.com__payments__1.0.0__openapi.yaml,Klarna Payments API V1,klarna.com,S2,3.x,6,4,6,6,6,5,4,4,4,5,1.000000,1.000000,1.000000,0.833333,0.666667,1.000000,0.666667,0.833333
S2__kumpeapps.com__5.0.0__openapi.yaml,KumpeApps API,kumpeapps.com,S2,3.x,33,21,28,33,33,33,0,0,33,33,0.848485,1.000000,1.000000,1.000000,0.000000,0.000000,1.000000,1.000000
S2__lambdatest.com__1.0.1__openapi.yaml,LambdaTest Screenshots API Documentation,lambdatest.com,S2,3.x,9,2,9,9,9,5,1,1,9,9,1.000000,1.000000,1.000000,0.555556,0.111111,0.500000,1.000000,1.000000
S2__languagetool.org__1.1.2__swagger.yaml,LanguageTool API,languagetool.org,S2,2.0,5,3,4,5,0,4,0,0,5,5,0.800000,1.000000,0.000000,0.800000,0.000000,0.000000,1.000000,1.000000
S2__launchdarkly.com__5.3.0__swagger.yaml,LaunchDarkly REST API,launchdarkly.com,S2,2.0,105,38,1,104,103,92,0,0,105,105,0.009524,0.990476,0.980952,0.876190,0.000000,0.000000,1.000000,1.000000
S2__letmc.com__customer__v2-customer__openapi.yaml,"agentOS Api V2, Customer Login Call Group",letmc.com,S2,3.x,24,5,0,24,23,24,0,0,20,20,0.000000,1.000000,0.958333,1.000000,0.000000,0.000000,0.833333,0.833333
S2__letmc.com__diary__v3-diary__openapi.yaml,"agentOS API V3, Diary Call Group",letmc.com,S2,3.x,13,4,0,13,12,13,3,3,13,13,0.000000,1.000000,0.923077,1.000000,0.230769,0.750000,1.000000,1.000000
S2__lgtm.com__v1.0__openapi.yaml,LGTM API specification,lgtm.com,S2,3.x,29,8,29,29,29,25,5,5,27,28,1.000000,1.000000,1.000000,0.862069,0.172414,0.625000,0.931034,0.965517
S2__libretranslate.local__1.3.10__openapi.yaml,LibreTranslate,libretranslate.local,S2,3.x,6,4,0,6,0,0,4,4,6,6,0.000000,1.000000,0.000000,0.000000,0.666667,1.000000,1.000000,1.000000
S2__link.fish__2018-07-05__swagger.yaml,link.fish API,link.fish,S2,2.0,8,0,8,8,0,8,0,0,8,8,1.000000,1.000000,0.000000,1.000000,0.000000,,1.000000,1.000000
S2__linode.com__4.151.1__openapi.yaml,Linode API,linode.com,S2,3.x,350,149,350,350,348,271,118,118,350,350,1.000000,1.000000,0.994286,0.774286,0.337143,0.791946,1.000000,1.000000
S2__linqr.app__2.0__openapi.yaml,LinQR,linqr.app,S2,3.x,14,11,14,14,14,2,11,11,14,14,1.000000,1.000000,1.000000,0.142857,0.785714,1.000000,1.000000,1.000000
S2__linuxfoundation.org__reimbursement__1.0__swagger.yaml,Reimbursements API,linuxfoundation.org,S2,2.0,6,5,5,6,6,5,4,4,6,6,0.833333,1.000000,1.000000,0.833333,0.666667,0.800000,1.000000,1.000000
S2__listennotes.com__2.0__openapi.yaml,"Listen API: Podcast Search, Directory, and Insights API",listennotes.com,S2,3.x,24,3,24,24,24,24,3,3,24,24,1.000000,1.000000,1.000000,1.000000,0.125000,1.000000,1.000000,1.000000
S2__ljaero.com__dflight__V 1.0.0__openapi.yaml,DFlight API,ljaero.com,S2,3.x,24,24,24,24,24,24,24,24,24,24,1.000000,1.000000,1.000000,1.000000,1.000000,1.000000,1.000000,1.000000
S2__logoraisr.com__v1__openapi.yaml,API docs | logoraisr.com,logoraisr.com,S2,3.x,10,3,10,10,10,4,3,3,10,10,1.000000,1.000000,1.000000,0.400000,0.300000,1.000000,1.000000,1.000000
S2__loket.nl__V2__openapi.yaml,Loket.nl API,loket.nl,S2,3.x,663,234,663,663,661,663,226,226,663,663,1.000000,1.000000,0.996983,1.000000,0.340875,0.965812,1.000000,1.000000
S2__lufthansa.com__partner__1.0__openapi.yaml,LH Partner API,lufthansa.com,S2,3.x,16,1,16,16,16,16,0,0,16,16,1.000000,1.000000,1.000000,1.000000,0.000000,0.000000,1.000000,1.000000
S2__lufthansa.com__public__1.0__openapi.yaml,LH Public API,lufthansa.com,S2,3.x,15,0,15,15,15,15,0,0,15,15,1.000000,1.000000,1.000000,1.000000,0.000000,,1.000000,1.000000
S2__lumminary.com__1.0__swagger.yaml,Lumminary API,lumminary.com,S2,2.0,17,6,9,14,17,17,0,0,15,15,0.529412,0.823529,1.000000,1.000000,0.000000,0.000000,0.882353,0.882353
S2__magento.com__2.2.10__openapi.yaml,Magento B2B,magento.com,S2,3.x,455,219,421,455,425,332,197,196,455,455,0.925275,1.000000,0.934066,0.729670,0.432967,0.894977,1.000000,1.000000
S2__maif.local__otoroshi__1.5.0-dev__openapi.yaml,Otoroshi Admin API,maif.local,S2,3.x,101,46,100,101,101,61,45,44,101,101,0.990099,1.000000,1.000000,0.603960,0.445545,0.956522,1.000000,1.000000
S2__mailchimp.com__3.0.55__openapi.yaml,Mailchimp Marketing API,mailchimp.com,S2,3.x,271,97,271,271,271,256,78,78,271,271,1.000000,1.000000,1.000000,0.944649,0.287823,0.804124,1.000000,1.000000
S2__mailscript.com__0.4.0__openapi.yaml,Mailscript,mailscript.com,S2,3.x,38,17,1,38,38,19,16,16,38,38,0.026316,1.000000,1.000000,0.500000,0.421053,0.941176,1.000000,1.000000
S2__mashape.com__geodb__1.0.0__swagger.yaml,GeoDB Cities API,mashape.com,S2,2.0,26,0,26,26,26,26,0,0,26,26,1.000000,1.000000,1.000000,1.000000,0.000000,,1.000000,1.000000
S2__mastercard.com__CurrencyConversionCalculator__1.0.0__swagger.yaml,API for the Settlement Currency Rate converter,mastercard.com,S2,2.0,3,0,3,3,3,2,0,0,3,3,1.000000,1.000000,1.000000,0.666667,0.000000,,1.000000,1.000000
S2__mastercard.com__Locations__1.0.0__swagger.yaml,Locations API,mastercard.com,S2,2.0,7,0,7,7,0,5,0,0,7,7,1.000000,1.000000,0.000000,0.714286,0.000000,,1.000000,1.000000
S2__mastercard.com__MATCH__1.0.0__swagger.yaml,MATCH API,mastercard.com,S2,2.0,6,5,6,6,0,6,5,5,6,6,1.000000,1.000000,0.000000,1.000000,0.833333,1.000000,1.000000,1.000000
S2__mastercard.com__MDES__2.0.7__swagger.yaml,MDES Customer Service,mastercard.com,S2,2.0,15,14,15,0,0,14,14,14,15,15,1.000000,0.000000,0.000000,0.933333,0.933333,1.000000,1.000000,1.000000
S2__mastercard.com__PersonalizedLoyaltyOffers__1.3__swagger.yaml,Personalized Offers,mastercard.com,S2,2.0,8,2,8,8,0,8,0,0,8,8,1.000000,1.000000,0.000000,1.000000,0.000000,0.000000,1.000000,1.000000
S2__mastercard.com__SpendingPulse__1.0__swagger.yaml,Spending Pulse,mastercard.com,S2,2.0,4,0,4,4,0,4,0,0,4,4,1.000000,1.000000,0.000000,1.000000,0.000000,,1.000000,1.000000
S2__mastercard.com__masterpassqr__V1__swagger.yaml,Send Person to Merchant,mastercard.com,S2,2.0,15,11,15,15,15,15,11,11,15,15,1.000000,1.000000,1.000000,1.000000,0.733333,1.000000,1.000000,1.000000
S2__mastercard.com__open-banking-connect-pis__1.16.0__swagger.yaml,Open Banking - Payments initiation service,mastercard.com,S2,2.0,12,11,9,12,0,11,11,11,12,12,0.750000,1.000000,0.000000,0.916667,0.916667,1.000000,1.000000,1.000000
S2__mastodon.local__1.0__openapi.yaml,Mastodon API Specification (https://github.com/mastodon/mastodon),mastodon.local,S2,3.x,127,57,120,0,0,97,26,26,120,122,0.944882,0.000000,0.000000,0.763780,0.204724,0.456140,0.944882,0.960630
S2__math.tools__1.5__openapi.yaml,Numbers API,math.tools,S2,3.x,26,0,26,0,0,25,0,0,0,0,1.000000,0.000000,0.000000,0.961538,0.000000,,0.000000,0.000000
S2__mbus.local__0.3.5__openapi.yaml,M-Bus HTTPD API,mbus.local,S2,3.x,7,5,7,0,7,3,0,0,7,7,1.000000,0.000000,1.000000,0.428571,0.000000,0.000000,1.000000,1.000000
S2__mcw.edu__1.1__openapi.yaml,Rat Genome Database REST API,mcw.edu,S2,3.x,100,15,0,100,100,82,15,15,100,100,0.000000,1.000000,1.000000,0.820000,0.150000,1.000000,1.000000,1.000000
S2__medium.com__1.0__openapi.yaml,Medium API,medium.com,S2,3.x,32,0,32,32,0,31,0,0,32,32,1.000000,1.000000,0.000000,0.968750,0.000000,,1.000000,1.000000
S2__meilisearch.com__1.0.0__openapi.yaml,Meilisearch v1.1,meilisearch.com,S2,3.x,64,24,64,64,64,10,22,21,0,22,1.000000,1.000000,1.000000,0.156250,0.343750,0.875000,0.000000,0.343750
S2__meraki.com__1.32.0__openapi.yaml,Meraki Dashboard API,meraki.com,S2,3.x,616,230,616,616,616,613,223,223,565,567,1.000000,1.000000,1.000000,0.995130,0.362013,0.969565,0.917208,0.920455
S2__mercure.local__0.3.2__openapi.yaml,The Mercure protocol,mercure.local,S2,3.x,5,1,0,5,0,3,1,1,5,5,0.000000,1.000000,0.000000,0.600000,0.200000,1.000000,1.000000,1.000000
S2__mermade.org.uk__openapi-converter__1.0.0__openapi.yaml,Swagger2OpenAPI Converter,mermade.org.uk,S2,3.x,5,2,0,5,5,3,2,2,4,4,0.000000,1.000000,1.000000,0.600000,0.400000,1.000000,0.800000,0.800000
S2__meshery.local__0.4.27__openapi.yaml,Meshery API.,meshery.local,S2,3.x,75,20,75,75,75,23,9,8,44,50,1.000000,1.000000,1.000000,0.306667,0.120000,0.400000,0.586667,0.666667
S2__metadapi.com__1.0__openapi.yaml,Zip Code Data API,metadapi.com,S2,3.x,7,0,7,7,7,6,0,0,7,7,1.000000,1.000000,1.000000,0.857143,0.000000,,1.000000,1.000000
S2__meteosource.com__v1__openapi.yaml,Interactive documentation for your Premium plan,meteosource.com,S2,3.x,7,0,7,7,7,7,0,0,7,7,1.000000,1.000000,1.000000,1.000000,0.000000,,1.000000,1.000000
S2__microcks.local__1.7.0__openapi.yaml,Microcks API v1.7,microcks.local,S2,3.x,44,13,16,44,42,33,9,9,36,39,0.363636,1.000000,0.954545,0.750000,0.204545,0.692308,0.818182,0.886364
S2__microsoft.com__graph__1.0.1__openapi.yaml,OData Service for namespace microsoft.graph,microsoft.com,S2,3.x,11422,4193,5059,11422,11371,11012,3849,3849,11422,11422,0.442917,1.000000,0.995535,0.964104,0.336981,0.917959,1.000000,1.000000
S2__mineskin.org__1.0.0__openapi.yaml,MineSkin API,mineskin.org,S2,3.x,9,3,1,0,0,9,3,3,9,9,0.111111,0.000000,0.000000,1.000000,0.333333,1.000000,1.000000,1.000000
S2__mist.com__0.37.7__openapi.yaml,Mist API,mist.com,S2,3.x,779,313,779,779,779,735,285,282,779,779,1.000000,1.000000,1.000000,0.943517,0.365854,0.900958,1.000000,1.000000
S2__mon-voyage-pas-cher.com__0.0.1__swagger.yaml,Mon-voyage-pas-cher.com Public API,mon-voyage-pas-cher.com,S2,2.0,11,0,11,10,11,10,0,0,11,11,1.000000,0.909091,1.000000,0.909091,0.000000,,1.000000,1.000000
S2__monarchinitiative.org__1.1.14__openapi.yaml,BioLink API,monarchinitiative.org,S2,3.x,168,13,21,168,168,155,9,9,113,120,0.125000,1.000000,1.000000,0.922619,0.053571,0.692308,0.672619,0.714286
S2__motaword.com__1.0__openapi.yaml,MotaWord API,motaword.com,S2,3.x,222,102,170,209,222,161,70,70,222,222,0.765766,0.941441,1.000000,0.725225,0.315315,0.686275,1.000000,1.000000
S2__mozilla.com__kinto__1.22__openapi.yaml,Remote Settings PROD,mozilla.com,S2,3.x,19,2,0,0,19,12,1,1,16,16,0.000000,0.000000,1.000000,0.631579,0.052632,0.500000,0.842105,0.842105
S2__mtaa-api.herokuapp.com__1.0__openapi.yaml,Mtaa API Documentation,mtaa-api.herokuapp.com,S2,3.x,5,0,5,5,5,5,0,0,0,0,1.000000,1.000000,1.000000,1.000000,0.000000,,0.000000,0.000000
S2__musixmatch.com__1.1.0__swagger.yaml,Musixmatch API,musixmatch.com,S2,2.0,16,0,0,0,0,16,0,0,16,16,0.000000,0.000000,0.000000,1.000000,0.000000,,1.000000,1.000000
S2__mux.com__v1__openapi.yaml,Mux API,mux.com,S2,3.x,91,28,91,91,91,75,19,19,79,79,1.000000,1.000000,1.000000,0.824176,0.208791,0.678571,0.868132,0.868132
S2__n-auth.com__2.2__swagger.yaml,nextAuth API,n-auth.com,S2,2.0,55,21,55,55,55,52,18,15,29,41,1.000000,1.000000,1.000000,0.945455,0.327273,0.714286,0.527273,0.745455
S2__nasa.gov__asteroids neows__3.4.0__openapi.yaml,TechPort,nasa.gov,S2,3.x,3,0,3,0,0,2,0,0,2,2,1.000000,0.000000,0.000000,0.666667,0.000000,,0.666667,0.666667
S2__nativeads.com__1.0.0__swagger.yaml,Native Ads Publisher API,nativeads.com,S2,2.0,4,1,4,0,0,4,0,0,4,4,1.000000,0.000000,0.000000,1.000000,0.000000,0.000000,1.000000,1.000000
S2__naviplancentral.com__plan__v1__swagger.yaml,NaviPlan API,naviplancentral.com,S2,2.0,64,10,45,63,64,56,6,6,57,59,0.703125,0.984375,1.000000,0.875000,0.093750,0.600000,0.890625,0.921875
S2__nba.com__version__swagger.yaml,NBA Stats API,nba.com,S2,2.0,91,0,0,0,0,91,0,0,0,0,0.000000,0.000000,0.000000,1.000000,0.000000,,0.000000,0.000000
S2__nbg.gr__v3.1.5__openapi.yaml,Account and Transaction API Specification - UK,nbg.gr,S2,3.x,21,3,21,21,0,19,3,3,21,21,1.000000,1.000000,0.000000,0.904762,0.142857,1.000000,1.000000,1.000000
S2__ndhm.gov.in__ndhm-cm__0.5__openapi.yaml,Health Data Consent Manager,ndhm.gov.in,S2,3.x,22,21,21,22,0,21,21,21,22,22,0.954545,1.000000,0.000000,0.954545,0.954545,1.000000,1.000000,1.000000
S2__ndhm.gov.in__ndhm-gateway__0.5__openapi.yaml,Gateway,ndhm.gov.in,S2,3.x,48,44,43,48,0,44,44,44,48,48,0.895833,1.000000,0.000000,0.916667,0.916667,1.000000,1.000000,1.000000
S2__ndhm.gov.in__ndhm-healthid__1.0__openapi.yaml,Health ID Service,ndhm.gov.in,S2,3.x,73,58,40,73,73,73,58,57,73,73,0.547945,1.000000,1.000000,1.000000,0.794521,0.982759,1.000000,1.000000
S2__ndhm.gov.in__ndhm-hip__0.5__openapi.yaml,Health Repository Provider Specifications for HIP,ndhm.gov.in,S2,3.x,30,27,26,30,0,26,27,27,30,30,0.866667,1.000000,0.000000,0.866667,0.900000,1.000000,1.000000,1.000000
S2__ndhm.gov.in__ndhm-hiu__0.5__openapi.yaml,Health Repository Provider Specifications for HIU,ndhm.gov.in,S2,3.x,32,29,27,32,0,28,29,29,32,32,0.843750,1.000000,0.000000,0.875000,0.906250,1.000000,1.000000,1.000000
S2__netbox.dev__3.4__openapi.yaml,NetBox API,netbox.dev,S2,3.x,843,456,23,0,843,479,454,454,656,656,0.027284,0.000000,1.000000,0.568209,0.538553,0.995614,0.778173,0.778173
S2__netboxdemo.com__2.8__openapi.yaml,NetBox API,netboxdemo.com,S2,3.x,386,181,141,3,386,322,179,179,318,318,0.365285,0.007772,1.000000,0.834197,0.463731,0.988950,0.823834,0.823834
S2__netlify.com__2.16.0__swagger.yaml,Netlify's API documentation,netlify.com,S2,2.0,120,49,17,0,120,113,31,31,119,119,0.141667,0.000000,1.000000,0.941667,0.258333,0.632653,0.991667,0.991667
S2__neutrinoapi.net__3.6.4__openapi.yaml,Neutrino API,neutrinoapi.net,S2,3.x,28,10,28,28,28,18,10,10,28,28,1.000000,1.000000,1.000000,0.642857,0.357143,1.000000,1.000000,1.000000
S2__nexmo.com__account__1.0.4__openapi.yaml,Account API,nexmo.com,S2,3.x,8,4,4,8,8,8,4,4,8,8,0.500000,1.000000,1.000000,1.000000,0.500000,1.000000,1.000000,1.000000
S2__nexmo.com__application.v2__2.1.4__openapi.yaml,Application API,nexmo.com,S2,3.x,5,2,1,5,5,4,2,2,5,5,0.200000,1.000000,1.000000,0.800000,0.400000,1.000000,1.000000,1.000000
S2__nexmo.com__application__1.0.2__openapi.yaml,Nexmo Application API,nexmo.com,S2,3.x,5,2,5,5,5,4,2,2,4,4,1.000000,1.000000,1.000000,0.800000,0.400000,1.000000,0.800000,0.800000
S2__nexmo.com__conversation__2.0.1__openapi.yaml,Conversation API,nexmo.com,S2,3.x,23,8,5,23,23,19,8,8,22,23,0.217391,1.000000,1.000000,0.826087,0.347826,1.000000,0.956522,1.000000
S2__nexmo.com__external-accounts__0.1.5__openapi.yaml,External Accounts API,nexmo.com,S2,3.x,9,3,0,9,9,8,3,3,9,9,0.000000,1.000000,1.000000,0.888889,0.333333,1.000000,1.000000,1.000000
S2__nexmo.com__media__1.0.2__openapi.yaml,Media API,nexmo.com,S2,3.x,4,1,4,4,4,1,1,1,2,3,1.000000,1.000000,1.000000,0.250000,0.250000,1.000000,0.500000,0.750000
S2__nexmo.com__number-insight__1.2.1__openapi.yaml,Number Insight API,nexmo.com,S2,3.x,4,0,4,4,4,4,0,0,4,4,1.000000,1.000000,1.000000,1.000000,0.000000,,1.000000,1.000000
S2__nexmo.com__numbers__1.0.20__openapi.yaml,Numbers API,nexmo.com,S2,3.x,5,3,5,5,5,2,3,3,5,5,1.000000,1.000000,1.000000,0.400000,0.600000,1.000000,1.000000,1.000000
S2__nexmo.com__pricing__0.0.3__openapi.yaml,Pricing API,nexmo.com,S2,3.x,3,0,3,3,3,3,0,0,3,3,1.000000,1.000000,1.000000,1.000000,0.000000,,1.000000,1.000000
S2__nexmo.com__reports__2.2.2__openapi.yaml,Reports API,nexmo.com,S2,3.x,6,1,6,6,6,5,1,1,6,6,1.000000,1.000000,1.000000,0.833333,0.166667,1.000000,1.000000,1.000000
S2__nexmo.com__subaccounts__1.0.8__openapi.yaml,Subaccounts API,nexmo.com,S2,3.x,9,5,9,9,9,9,5,5,9,9,1.000000,1.000000,1.000000,1.000000,0.555556,1.000000,1.000000,1.000000
S2__nexmo.com__verify__1.2.4__openapi.yaml,Verify API,nexmo.com,S2,3.x,6,5,6,6,6,5,5,5,6,6,1.000000,1.000000,1.000000,0.833333,0.833333,1.000000,1.000000,1.000000
S2__nexmo.com__voice__1.3.10__openapi.yaml,Voice API,nexmo.com,S2,3.x,9,5,9,9,9,8,5,5,8,9,1.000000,1.000000,1.000000,0.888889,0.555556,1.000000,0.888889,1.000000
S2__nfusionsolutions.biz__1__openapi.yaml,nFusion Solutions Market Data API,nfusionsolutions.biz,S2,3.x,17,0,14,17,17,17,0,0,17,17,0.823529,1.000000,1.000000,1.000000,0.000000,,1.000000,1.000000
S2__nlpcloud.io__1.0.0__openapi.yaml,NLPCloud,nlpcloud.io,S2,3.x,5,3,0,5,5,0,3,3,5,5,0.000000,1.000000,1.000000,0.000000,0.600000,1.000000,1.000000,1.000000
S2__noosh.com__1.0__openapi.yaml,Noosh API application,noosh.com,S2,3.x,102,23,102,102,97,101,23,23,102,102,1.000000,1.000000,0.950980,0.990196,0.225490,1.000000,1.000000,1.000000
S2__nordigen.com__2.0 (v2)__openapi.yaml,Nordigen Account Information Services API,nordigen.com,S2,3.x,29,8,29,0,29,22,8,8,28,28,1.000000,0.000000,1.000000,0.758621,0.275862,1.000000,0.965517,0.965517
S2__notion.com__1.0.0__openapi.yaml,Notion API,notion.com,S2,3.x,13,5,13,13,13,13,7,5,13,13,1.000000,1.000000,1.000000,1.000000,0.538462,1.000000,1.000000,1.000000
S2__nowpayments.io__1.0.0__openapi.yaml,NOWPayments API,nowpayments.io,S2,3.x,16,3,16,16,16,16,2,2,13,15,1.000000,1.000000,1.000000,1.000000,0.125000,0.666667,0.812500,0.937500
S2__nrel.gov__transportation-incentives-laws__0.1.0__openapi.yaml,Transportation Laws and Incentives,nrel.gov,S2,3.x,4,0,0,4,4,4,0,0,4,4,0.000000,1.000000,1.000000,1.000000,0.000000,,1.000000,1.000000
S2__nrm.se__georg__2.1__swagger.yaml,Georg API,nrm.se,S2,2.0,5,1,5,5,5,5,1,1,4,5,1.000000,1.000000,1.000000,1.000000,0.200000,1.000000,0.800000,1.000000
S2__nytimes.com__books_api__3.0.0__openapi.yaml,Books API,nytimes.com,S2,3.x,6,0,0,6,6,6,0,0,6,6,0.000000,1.000000,1.000000,1.000000,0.000000,,1.000000,1.000000
S2__nytimes.com__community__3.0.0__openapi.yaml,Community API,nytimes.com,S2,3.x,4,0,0,4,4,3,0,0,4,4,0.000000,1.000000,1.000000,0.750000,0.000000,,1.000000,1.000000
S2__nytimes.com__most_popular_api__2.0.0__openapi.yaml,Most Popular API,nytimes.com,S2,3.x,3,0,0,3,3,3,0,0,3,3,0.000000,1.000000,1.000000,1.000000,0.000000,,1.000000,1.000000
S2__nytimes.com__movie_reviews__2.0.0__openapi.yaml,Movie Reviews API,nytimes.com,S2,3.x,3,0,0,0,0,3,0,0,3,3,0.000000,0.000000,0.000000,1.000000,0.000000,,1.000000,1.000000
S2__nytimes.com__timeswire__3.0.0__openapi.yaml,Times Newswire API,nytimes.com,S2,3.x,3,0,0,0,0,3,0,0,3,3,0.000000,0.000000,0.000000,1.000000,0.000000,,1.000000,1.000000
S2__o2.cz__sociodemo__1.2.0__swagger.yaml,Socio-demo API,o2.cz,S2,2.0,3,0,2,3,3,2,0,0,3,3,0.666667,1.000000,1.000000,0.666667,0.000000,,1.000000,1.000000
S2__obono.at__1.4.0.0__openapi.yaml,obono RKSV API,obono.at,S2,3.x,18,2,9,0,7,17,2,2,6,8,0.500000,0.000000,0.388889,0.944444,0.111111,1.000000,0.333333,0.444444
S2__okta.local__1.0.0__openapi.yaml,Users (Okta API),okta.local,S2,3.x,19,13,19,19,19,18,4,4,0,4,1.000000,1.000000,1.000000,0.947368,0.210526,0.307692,0.000000,0.210526
S2__onsched.com__consumer__v1__openapi.yaml,OnSched Consumer API,onsched.com,S2,3.x,38,9,38,38,0,36,7,7,33,36,1.000000,1.000000,0.000000,0.947368,0.184211,0.777778,0.868421,0.947368
S2__onsched.com__setup__v1__openapi.yaml,OnSched Setup API,onsched.com,S2,3.x,138,58,138,138,0,119,48,48,136,136,1.000000,1.000000,0.000000,0.862319,0.347826,0.827586,0.985507,0.985507
S2__openai.com__1.2.0__openapi.yaml,OpenAI API,openai.com,S2,3.x,28,16,0,28,28,10,15,15,28,28,0.000000,1.000000,1.000000,0.357143,0.535714,0.937500,1.000000,1.000000
S2__openalpr.com__3.0.1__swagger.yaml,OpenALPR CarCheck API,openalpr.com,S2,2.0,4,3,4,0,4,3,1,1,4,4,1.000000,0.000000,1.000000,0.750000,0.250000,0.333333,1.000000,1.000000
S2__openapi-generator.tech__6.5.0__openapi.yaml,OpenAPI Generator Online,openapi-generator.tech,S2,3.x,7,2,3,7,7,5,2,2,7,7,0.428571,1.000000,1.000000,0.714286,0.285714,1.000000,1.000000,1.000000
S2__openaq.local__2.0.0__openapi.yaml,OpenAQ,openaq.local,S2,3.x,35,0,0,35,35,27,0,0,35,35,0.000000,1.000000,1.000000,0.771429,0.000000,,1.000000,1.000000
S2__openbanking.org.uk__account-info-openapi__3.1.7__openapi.yaml,Account and Transaction API Specification,openbanking.org.uk,S2,3.x,29,1,0,29,29,29,1,1,29,29,0.000000,1.000000,1.000000,1.000000,0.034483,1.000000,1.000000,1.000000
S2__openbanking.org.uk__confirmation-funds-openapi__3.1.7__openapi.yaml,Confirmation of Funds API Specification,openbanking.org.uk,S2,3.x,4,2,0,4,4,4,2,2,4,4,0.000000,1.000000,1.000000,1.000000,0.500000,1.000000,1.000000,1.000000
S2__openbanking.org.uk__payment-initiation-openapi__3.1.7__openapi.yaml,Payment Initiation API,openbanking.org.uk,S2,3.x,41,15,0,41,41,41,15,15,41,41,0.000000,1.000000,1.000000,1.000000,0.365854,1.000000,1.000000,1.000000
S2__openbanking.org.uk__v1.3__openapi.yaml,Open Data API,openbanking.org.uk,S2,3.x,6,0,6,0,0,6,0,0,6,6,1.000000,0.000000,0.000000,1.000000,0.000000,,1.000000,1.000000
S2__openbankingproject.ch__1.3.8_2020-12-14 - Swiss edition 1.3.8.1-CH__openapi.yaml,Swiss NextGen Banking API-Framework,openbankingproject.ch,S2,3.x,34,12,34,34,34,34,12,12,34,34,1.000000,1.000000,1.000000,1.000000,0.352941,1.000000,1.000000,1.000000
S2__openchannel.io__market__2.0.24__openapi.yaml,OpenChannel Market API,openchannel.io,S2,3.x,72,31,48,72,0,71,1,1,58,58,0.666667,1.000000,0.000000,0.986111,0.013889,0.032258,0.805556,0.805556
S2__opendatanetwork.com__1.0.0__openapi.yaml,ODN API,opendatanetwork.com,S2,3.x,9,0,0,9,9,9,0,0,0,0,0.000000,1.000000,1.000000,1.000000,0.000000,,0.000000,0.000000
S2__openpolicy.local__0.28.0__openapi.yaml,Open Policy Agent (OPA) REST API,openpolicy.local,S2,3.x,15,8,15,15,15,15,8,8,15,15,1.000000,1.000000,1.000000,1.000000,0.533333,1.000000,1.000000,1.000000
S2__openstates.org__2021.11.12__openapi.yaml,Open States API v3,openstates.org,S2,3.x,11,0,9,11,11,11,0,0,11,11,0.818182,1.000000,1.000000,1.000000,0.000000,,1.000000,1.000000
S2__opensuse.org__obs__2.10.50__openapi.yaml,Open Build Service API,opensuse.org,S2,3.x,81,24,77,77,7,64,19,19,81,81,0.950617,0.950617,0.086420,0.790123,0.234568,0.791667,1.000000,1.000000
S2__opentargets.io__19.02.1__openapi.yaml,Open Targets Platform REST API,opentargets.io,S2,3.x,31,9,31,31,31,14,9,9,0,9,1.000000,1.000000,1.000000,0.451613,0.290323,1.000000,0.000000,0.290323
S2__opentrials.local__0.0.1__swagger.yaml,OpenTrials API,opentrials.local,S2,2.0,17,0,17,0,17,15,0,0,17,17,1.000000,0.000000,1.000000,0.882353,0.000000,,1.000000,1.000000
S2__openuv.io__v1__openapi.yaml,OpenUV - Global Real-Time UV Index Forecast API,openuv.io,S2,3.x,3,0,3,0,0,3,0,0,3,3,1.000000,0.000000,0.000000,1.000000,0.000000,,1.000000,1.000000
S2__optimade.local__1.1.0~develop__openapi.yaml,OPTIMADE API,optimade.local,S2,3.x,8,0,1,8,8,6,0,0,8,8,0.125000,1.000000,1.000000,0.750000,0.000000,,1.000000,1.000000
S2__opto22.com__groov__R4.2a__swagger.yaml,groov View Public API,opto22.com,S2,2.0,10,2,10,0,10,6,1,1,10,10,1.000000,0.000000,1.000000,0.600000,0.100000,0.500000,1.000000,1.000000
S2__opto22.com__pac__R1.0a__swagger.yaml,PAC Control REST API,opto22.com,S2,2.0,55,17,55,0,55,38,17,17,55,55,1.000000,0.000000,1.000000,0.690909,0.309091,1.000000,1.000000,1.000000
S2__orbit.love__v1__openapi.yaml,Orbit API,orbit.love,S2,3.x,33,11,3,33,0,31,12,11,0,12,0.090909,1.000000,0.000000,0.939394,0.363636,1.000000,0.000000,0.363636
S2__ornl.gov__daymet__1.0.2__swagger.yaml,Daymet Single Pixel Extraction Tool API,ornl.gov,S2,2.0,4,0,4,4,0,4,0,0,0,0,1.000000,1.000000,0.000000,1.000000,0.000000,,0.000000,0.000000
S2__orthanc-server.com__1.12.0__openapi.yaml,Orthanc API,orthanc-server.com,S2,3.x,291,101,291,291,0,237,76,76,225,252,1.000000,1.000000,0.000000,0.814433,0.261168,0.752475,0.773196,0.865979
S2__ote-godaddy.com__abuse__1.0.0__openapi.yaml,,ote-godaddy.com,S2,3.x,3,1,0,3,3,2,1,1,3,3,0.000000,1.000000,1.000000,0.666667,0.333333,1.000000,1.000000,1.000000
S2__oxforddictionaries.com__1.11.0__openapi.yaml,Oxford Dictionaries,oxforddictionaries.com,S2,3.x,26,0,26,26,0,26,0,0,26,26,1.000000,1.000000,0.000000,1.000000,0.000000,,1.000000,1.000000
S2__pandascore.co__2.23.1__openapi.yaml,PandaScore REST API for All Videogames,pandascore.co,S2,3.x,56,0,55,55,56,56,0,0,56,56,0.982143,0.982143,1.000000,1.000000,0.000000,,1.000000,1.000000
S2__parliament.uk__bills__v1__openapi.yaml,Bills API,parliament.uk,S2,3.x,19,0,0,19,8,16,0,0,16,16,0.000000,1.000000,0.421053,0.842105,0.000000,,0.842105,0.842105
S2__parliament.uk__commonsvotes__v1__swagger.yaml,Commons Votes API,parliament.uk,S2,2.0,5,0,5,5,5,5,0,0,5,5,1.000000,1.000000,1.000000,1.000000,0.000000,,1.000000,1.000000
S2__parliament.uk__erskine-may__v1__openapi.yaml,Erskine May API,parliament.uk,S2,3.x,11,0,0,11,0,10,0,0,11,11,0.000000,1.000000,0.000000,0.909091,0.000000,,1.000000,1.000000
S2__parliament.uk__lordsvotes__v1__openapi.yaml,Lords Votes API,parliament.uk,S2,3.x,5,0,5,5,0,5,0,0,5,5,1.000000,1.000000,0.000000,1.000000,0.000000,,1.000000,1.000000
S2__parliament.uk__members__v1__openapi.yaml,Members API,parliament.uk,S2,3.x,43,0,0,43,0,42,0,0,40,40,0.000000,1.000000,0.000000,0.976744,0.000000,,0.930233,0.930233
S2__parliament.uk__oralquestions__v1__openapi.yaml,House of Commons Oral and Written Questions API,parliament.uk,S2,3.x,4,0,4,4,3,4,0,0,4,4,1.000000,1.000000,0.750000,1.000000,0.000000,,1.000000,1.000000
S2__parliament.uk__search__Live__openapi.yaml,UK Parliament Search Service,parliament.uk,S2,3.x,3,0,0,3,0,2,0,0,2,2,0.000000,1.000000,0.000000,0.666667,0.000000,,0.666667,0.666667
S2__parliament.uk__statutoryinstruments__v1__openapi.yaml,Statutory Instruments API,parliament.uk,S2,3.x,10,0,0,10,10,8,0,0,10,10,0.000000,1.000000,1.000000,0.800000,0.000000,,1.000000,1.000000
S2__parliament.uk__treaties__v1__openapi.yaml,Treaties API,parliament.uk,S2,3.x,6,0,0,6,6,4,0,0,6,6,0.000000,1.000000,1.000000,0.666667,0.000000,,1.000000,1.000000
S2__parliament.uk__writtenquestions__v1__openapi.yaml,Written Questions Service API,parliament.uk,S2,3.x,7,0,0,7,0,7,0,0,7,7,0.000000,1.000000,0.000000,1.000000,0.000000,,1.000000,1.000000
S2__patrowl.local__1.0.0__openapi.yaml,Swagger API-REST for Patrowl Engines,patrowl.local,S2,3.x,12,1,12,12,12,4,1,1,10,10,1.000000,1.000000,1.000000,0.333333,0.083333,1.000000,0.833333,0.833333
S2__pay1.de__link__v1__openapi.yaml,PAYONE Link API,pay1.de,S2,3.x,4,2,0,4,4,3,2,2,4,4,0.000000,1.000000,1.000000,0.750000,0.500000,1.000000,1.000000,1.000000
S2__paylocity.com__2__openapi.yaml,Paylocity API,paylocity.com,S2,3.x,30,12,30,30,30,29,12,12,30,30,1.000000,1.000000,1.000000,0.966667,0.400000,1.000000,1.000000,1.000000
S2__payments.service.gov.uk__payments__1.0.3__swagger.yaml,GOV.UK Pay API,payments.service.gov.uk,S2,2.0,10,4,10,10,10,10,2,2,10,10,1.000000,1.000000,1.000000,1.000000,0.200000,0.500000,1.000000,1.000000
S2__pdfblocks.com__1.5.0__openapi.yaml,PDF Blocks API,pdfblocks.com,S2,3.x,12,12,12,12,12,0,12,12,12,12,1.000000,1.000000,1.000000,0.000000,1.000000,1.000000,1.000000,1.000000
S2__pdfbroker.io__v1__openapi.yaml,PdfBroker.io API,pdfbroker.io,S2,3.x,7,6,0,7,0,0,6,6,7,7,0.000000,1.000000,0.000000,0.000000,0.857143,1.000000,1.000000,1.000000
S2__pdfgeneratorapi.com__3.1.1__openapi.yaml,PDF Generator API,pdfgeneratorapi.com,S2,3.x,11,6,11,11,11,9,5,5,11,11,1.000000,1.000000,1.000000,0.818182,0.454545,0.833333,1.000000,1.000000
S2__pendo.io__1.0.0__swagger.yaml,Pendo Feedback API,pendo.io,S2,2.0,31,12,13,30,0,30,12,12,13,24,0.419355,0.967742,0.000000,0.967742,0.387097,1.000000,0.419355,0.774194
S2__peoplefinderspro.com__1.0.0__openapi.yaml,Self Service Developer API,peoplefinderspro.com,S2,3.x,5,5,5,5,1,5,5,5,0,5,1.000000,1.000000,0.200000,1.000000,1.000000,1.000000,0.000000,1.000000
S2__peoplegeneratorapi.live__v0__openapi.yaml,OpenAPI definition,peoplegeneratorapi.live,S2,3.x,46,0,0,0,46,2,0,0,46,46,0.000000,0.000000,1.000000,0.043478,0.000000,,1.000000,1.000000
S2__phantauth.net__1.0.0__openapi.yaml,PhantAuth,phantauth.net,S2,3.x,10,2,10,10,0,8,2,2,6,8,1.000000,1.000000,0.000000,0.800000,0.200000,1.000000,0.600000,0.800000
S2__pinecone.io__20230406.1__openapi.yaml,Pinecone API,pinecone.io,S2,3.x,15,9,15,15,15,5,9,9,15,15,1.000000,1.000000,1.000000,0.333333,0.600000,1.000000,1.000000,1.000000
S2__plaid.com__2020-09-14_1.345.1__openapi.yaml,The Plaid API,plaid.com,S2,3.x,200,200,200,200,200,0,200,200,200,200,1.000000,1.000000,1.000000,0.000000,1.000000,1.000000,1.000000,1.000000
S2__pocketsmith.com__2.0__openapi.yaml,PocketSmith,pocketsmith.com,S2,3.x,56,17,56,56,0,53,17,17,56,56,1.000000,1.000000,0.000000,0.946429,0.303571,1.000000,1.000000,1.000000
S2__portfoliooptimizer.io__1.0.9__openapi.yaml,Portfolio Optimizer,portfoliooptimizer.io,S2,3.x,94,94,94,94,0,0,94,94,94,94,1.000000,1.000000,0.000000,0.000000,1.000000,1.000000,1.000000,1.000000
S2__postmarkapp.com__account__0.9.0__swagger.yaml,Postmark Account-level API,postmarkapp.com,S2,2.0,23,14,2,23,23,23,7,7,23,23,0.086957,1.000000,1.000000,1.000000,0.304348,0.500000,1.000000,1.000000
S2__postmarkapp.com__server__1.0.0__swagger.yaml,Postmark API,postmarkapp.com,S2,2.0,43,12,0,43,41,43,9,9,43,43,0.000000,1.000000,0.953488,1.000000,0.209302,0.750000,1.000000,1.000000
S2__powerdns.local__0.0.13__swagger.yaml,PowerDNS Authoritative HTTP API,powerdns.local,S2,2.0,32,13,12,31,32,31,9,9,23,27,0.375000,0.968750,1.000000,0.968750,0.281250,0.692308,0.718750,0.843750
S2__presalytics.io__ooxml__0.1.0__openapi.yaml,OOXML Automation,presalytics.io,S2,3.x,148,15,148,148,148,133,14,14,147,147,1.000000,1.000000,1.000000,0.898649,0.094595,0.933333,0.993243,0.993243
S2__presalytics.io__story__0.3.1__openapi.yaml,Story,presalytics.io,S2,3.x,42,15,42,42,42,37,15,15,42,42,1.000000,1.000000,1.000000,0.880952,0.357143,1.000000,1.000000,1.000000
S2__pressassociation.io__2.0__openapi.yaml,TV API,pressassociation.io,S2,3.x,18,0,18,18,18,16,0,0,18,18,1.000000,1.000000,1.000000,0.888889,0.000000,,1.000000,1.000000
S2__probely.com__1.2.0__openapi.yaml,Probely Developers,probely.com,S2,3.x,147,66,9,147,0,107,64,64,147,147,0.061224,1.000000,0.000000,0.727891,0.435374,0.969697,1.000000,1.000000
S2__prss.org__2.0.0__openapi.yaml,ContentDepot,prss.org,S2,3.x,36,7,13,36,0,28,7,7,33,33,0.361111,1.000000,0.000000,0.777778,0.194444,1.000000,0.916667,0.916667
S2__qualpay.com__1.7.0__swagger.yaml,Qualpay Payment Gateway API,qualpay.com,S2,2.0,14,14,14,14,14,14,14,14,14,14,1.000000,1.000000,1.000000,1.000000,1.000000,1.000000,1.000000,1.000000
S2__qualtrics.com__0.2__openapi.yaml,Qualtrics API,qualtrics.com,S2,3.x,8,3,8,8,8,5,4,3,6,8,1.000000,1.000000,1.000000,0.625000,0.500000,1.000000,0.750000,1.000000
S2__quarantine.country__1.0__swagger.yaml,Coronavirus API,quarantine.country,S2,2.0,6,0,0,6,0,6,0,0,6,6,0.000000,1.000000,0.000000,1.000000,0.000000,,1.000000,1.000000
S2__quickchart.io__1.0.0__openapi.yaml,QuickChart API,quickchart.io,S2,3.x,4,2,4,4,0,2,2,2,4,4,1.000000,1.000000,0.000000,0.500000,0.500000,1.000000,1.000000,1.000000
S2__quotes.rest__5.1__openapi.yaml,They Said So Quotes API,quotes.rest,S2,3.x,45,18,45,0,0,42,2,2,6,8,1.000000,0.000000,0.000000,0.933333,0.044444,0.111111,0.133333,0.177778
S2__randomlovecraft.com__1.0__openapi.yaml,Random Lovecraft,randomlovecraft.com,S2,3.x,4,0,0,4,4,3,0,0,4,4,0.000000,1.000000,1.000000,0.750000,0.000000,,1.000000,1.000000
S2__randommer.io__v1__openapi.yaml,Randommer API,randommer.io,S2,3.x,25,7,0,22,0,25,3,3,0,3,0.000000,0.880000,0.000000,1.000000,0.120000,0.428571,0.000000,0.120000
S2__rapidapi.com__1.0.0__openapi.yaml,Moon API,rapidapi.com,S2,3.x,5,0,5,5,5,5,0,0,2,2,1.000000,1.000000,1.000000,1.000000,0.000000,,0.400000,0.400000
S2__rapidapi.com__football-prediction__2__openapi.yaml,Football Prediction API,rapidapi.com,S2,3.x,5,0,5,0,0,5,0,0,5,5,1.000000,0.000000,0.000000,1.000000,0.000000,,1.000000,1.000000
S2__rapidapi.com__idealspot-geodata__1.0__openapi.yaml,IdealSpot GeoData,rapidapi.com,S2,3.x,7,0,7,7,7,7,0,0,7,7,1.000000,1.000000,1.000000,1.000000,0.000000,,1.000000,1.000000
S2__rawg.io__v1.0__openapi.yaml,RAWG Video Games Database API,rawg.io,S2,3.x,30,0,1,30,30,30,0,0,30,30,0.033333,1.000000,1.000000,1.000000,0.000000,,1.000000,1.000000
S2__rbaskets.in__1.0.0__swagger.yaml,Request Baskets API,rbaskets.in,S2,2.0,20,6,20,20,0,19,6,6,12,16,1.000000,1.000000,0.000000,0.950000,0.300000,1.000000,0.600000,0.800000
S2__readme.io__2.0.0__openapi.yaml,API Endpoints,readme.io,S2,3.x,29,12,29,22,29,24,11,11,0,11,1.000000,0.758621,1.000000,0.827586,0.379310,0.916667,0.000000,0.379310
S2__rebilly.com__2.1__openapi.yaml,Rebilly REST API,rebilly.com,S2,3.x,184,87,178,184,184,183,76,75,184,184,0.967391,1.000000,1.000000,0.994565,0.413043,0.862069,1.000000,1.000000
S2__redhat.com__catalog_inventory__1.0.0__openapi.yaml,Catalog Inventory,redhat.com,S2,3.x,38,8,37,38,38,36,6,6,35,36,0.973684,1.000000,1.000000,0.947368,0.157895,0.750000,0.921053,0.947368
S2__redhat.local__patchman-engine__v1.15.3__openapi.yaml,Patchman-engine API,redhat.local,S2,3.x,21,2,21,21,21,19,2,2,20,20,1.000000,1.000000,1.000000,0.904762,0.095238,1.000000,0.952381,0.952381
S2__refugerestrooms.org__0.0.1__swagger.yaml,Refuge Restrooms API,refugerestrooms.org,S2,2.0,4,0,4,0,4,4,0,0,0,0,1.000000,0.000000,1.000000,1.000000,0.000000,,0.000000,0.000000
S2__remove.bg__1.0.0__openapi.yaml,Background Removal API,remove.bg,S2,3.x,3,2,3,2,0,0,2,2,3,3,1.000000,0.666667,0.000000,0.000000,0.666667,1.000000,1.000000,1.000000
S2__rentcast.io__1.0__openapi.yaml,RentCast API,rentcast.io,S2,3.x,10,0,10,10,10,10,0,0,10,10,1.000000,1.000000,1.000000,1.000000,0.000000,,1.000000,1.000000
S2__restful4up.local__1.0.0__openapi.yaml,RESTful4Up,restful4up.local,S2,3.x,4,4,4,0,4,0,4,4,4,4,1.000000,0.000000,1.000000,0.000000,1.000000,1.000000,1.000000,1.000000
S2__rev.ai__v1__openapi.yaml,Asynchronous Speech-To-Text API Documentation,rev.ai,S2,3.x,7,1,7,7,7,5,1,1,7,7,1.000000,1.000000,1.000000,0.714286,0.142857,1.000000,1.000000,1.000000
S2__reversepp.com__1.0__swagger.yaml,Reverse Planning Permission API,reversepp.com,S2,2.0,8,8,8,0,8,8,8,8,0,8,1.000000,0.000000,1.000000,1.000000,1.000000,1.000000,0.000000,1.000000
S2__ritekit.com__1.0.0__openapi.yaml,RiteKit API,ritekit.com,S2,3.x,13,0,13,13,13,12,0,0,0,0,1.000000,1.000000,1.000000,0.923077,0.000000,,0.000000,0.000000
S2__royalmail.com__click-and-drop__1.0.0__swagger.yaml,ChannelShipper & Royal Mail Public API,royalmail.com,S2,2.0,8,2,4,8,8,8,2,2,8,8,0.500000,1.000000,1.000000,1.000000,0.250000,1.000000,1.000000,1.000000
S2__rubrikinc.github.io__v1__openapi.yaml,Rubrik REST API,rubrikinc.github.io,S2,3.x,454,189,449,454,454,369,171,170,400,413,0.988987,1.000000,1.000000,0.812775,0.376652,0.899471,0.881057,0.909692
S2__rudder.example.local__17__openapi.yaml,Rudder API,rudder.example.local,S2,3.x,149,64,149,149,149,86,36,36,149,149,1.000000,1.000000,1.000000,0.577181,0.241611,0.562500,1.000000,1.000000
S2__rumble.run__2.15.0__openapi.yaml,Rumble API (deprecated),rumble.run,S2,3.x,116,34,0,116,116,75,25,25,116,116,0.000000,1.000000,1.000000,0.646552,0.215517,0.735294,1.000000,1.000000
S2__runscope.com__1.0.0__swagger.yaml,Runscope API,runscope.com,S2,2.0,29,10,4,29,0,27,9,9,21,25,0.137931,1.000000,0.000000,0.931034,0.310345,0.900000,0.724138,0.862069
S2__salesforce.local__einstein__2.0.1__openapi.yaml,Einstein Vision and Einstein Language,salesforce.local,S2,3.x,45,21,44,45,45,26,21,21,44,44,0.977778,1.000000,1.000000,0.577778,0.466667,1.000000,0.977778,0.977778
S2__schooldigger.com__v2.0__swagger.yaml,SchoolDigger API V2.0,schooldigger.com,S2,2.0,7,0,4,7,7,7,0,0,7,7,0.571429,1.000000,1.000000,1.000000,0.000000,,1.000000,1.000000
S2__seldon.local__wrapper__0.1__openapi.yaml,Seldon External API,seldon.local,S2,3.x,12,6,0,0,12,6,6,6,12,12,0.000000,0.000000,1.000000,0.500000,0.500000,1.000000,1.000000,1.000000
S2__setlist.fm__1.0__swagger.yaml,setlist.fm API,setlist.fm,S2,2.0,15,0,15,15,15,14,0,0,15,15,1.000000,1.000000,1.000000,0.933333,0.000000,,1.000000,1.000000
S2__sheerseo.com__0.0.1__swagger.yaml,SheerSEO API,sheerseo.com,S2,2.0,4,4,4,0,4,4,4,4,4,4,1.000000,0.000000,1.000000,1.000000,1.000000,1.000000,1.000000,1.000000
S2__shipengine.com__1.1.202304191404__openapi.yaml,ShipEngine API,shipengine.com,S2,3.x,90,42,90,90,90,63,33,33,90,90,1.000000,1.000000,1.000000,0.700000,0.366667,0.785714,1.000000,1.000000
S2__shop-pro.jp__1.0.0__openapi.yaml,カラーミーショップアプリストア API,shop-pro.jp,S2,3.x,18,8,3,18,17,10,8,8,15,15,0.166667,1.000000,0.944444,0.555556,0.444444,1.000000,0.833333,0.833333
S2__shorten.rest__1.0.0__openapi.yaml,Shorten.REST API Documentation,shorten.rest,S2,3.x,7,3,7,7,7,6,3,3,5,6,1.000000,1.000000,1.000000,0.857143,0.428571,1.000000,0.714286,0.857143
S2__shotstack.io__v1__openapi.yaml,Shotstack,shotstack.io,S2,3.x,5,1,5,5,5,4,1,1,4,4,1.000000,1.000000,1.000000,0.800000,0.200000,1.000000,0.800000,0.800000
S2__shutterstock.com__1.1.32__openapi.yaml,Shutterstock API Explorer,shutterstock.com,S2,3.x,118,29,110,118,117,99,28,27,105,111,0.932203,1.000000,0.991525,0.838983,0.237288,0.931034,0.889831,0.940678
S2__signl4.com__v1__openapi.yaml,SIGNL4 API,signl4.com,S2,3.x,101,44,48,100,1,85,36,36,101,101,0.475248,0.990099,0.009901,0.841584,0.356436,0.818182,1.000000,1.000000
S2__simplivpn.net__1.0__openapi.yaml,SimpliVPNAPI,simplivpn.net,S2,3.x,7,5,5,5,7,0,5,5,0,5,0.714286,0.714286,1.000000,0.000000,0.714286,1.000000,0.000000,0.714286
S2__simplyrets.com__1.0.0__swagger.yaml,SimplyRETS,simplyrets.com,S2,2.0,4,0,4,4,0,4,0,0,4,4,1.000000,1.000000,0.000000,1.000000,0.000000,,1.000000,1.000000
S2__skynewz-api-fortnite.herokuapp.com__3.1.5__swagger.yaml,FORTNITE REST API,skynewz-api-fortnite.herokuapp.com,S2,2.0,9,1,0,9,0,5,0,0,9,9,0.000000,1.000000,0.000000,0.555556,0.000000,0.000000,1.000000,1.000000
S2__slack.com__1.7.0__openapi.yaml,Slack Web API,slack.com,S2,3.x,174,94,174,0,174,159,91,91,174,174,1.000000,0.000000,1.000000,0.913793,0.522989,0.968085,1.000000,1.000000
S2__slicebox.local__2.0__swagger.yaml,Slicebox API,slicebox.local,S2,2.0,118,42,118,0,0,107,36,36,73,86,1.000000,0.000000,0.000000,0.906780,0.305085,0.857143,0.618644,0.728814
S2__slmonitor.com__2.1__openapi.yaml,SafetyLine,slmonitor.com,S2,3.x,16,13,16,16,16,16,10,10,16,16,1.000000,1.000000,1.000000,1.000000,0.625000,0.769231,1.000000,1.000000
S2__sms77.io__1.0.0__openapi.yaml,seven.io API,sms77.io,S2,3.x,15,10,0,0,15,14,0,0,9,9,0.000000,0.000000,1.000000,0.933333,0.000000,0.000000,0.600000,0.600000
S2__snyk.io__1.0.0__openapi.yaml,Snyk API,snyk.io,S2,3.x,103,59,32,103,100,91,52,52,53,78,0.310680,1.000000,0.970874,0.883495,0.504854,0.881356,0.514563,0.757282
S2__soundcloud.com__1.0.0__openapi.yaml,SoundCloud Public API Specification,soundcloud.com,S2,3.x,59,11,5,59,0,55,6,6,58,58,0.084746,1.000000,0.000000,0.932203,0.101695,0.545455,0.983051,0.983051
S2__spacetraders.io__2.0.0__openapi.yaml,SpaceTraders API,spacetraders.io,S2,3.x,40,23,40,40,40,37,13,13,40,40,1.000000,1.000000,1.000000,0.925000,0.325000,0.565217,1.000000,1.000000
S2__spinbot.net__1.0__swagger.yaml,Article Rewriter and Article Extractor API,spinbot.net,S2,2.0,5,4,5,5,5,5,0,0,5,5,1.000000,1.000000,1.000000,1.000000,0.000000,0.000000,1.000000,1.000000
S2__spinitron.com__1.0.0__openapi.yaml,Spinitron v2 API,spinitron.com,S2,3.x,9,1,6,9,0,8,1,1,9,9,0.666667,1.000000,0.000000,0.888889,0.111111,1.000000,1.000000,1.000000
S2__spoonacular.com__1.1__openapi.yaml,spoonacular API,spoonacular.com,S2,3.x,99,20,99,99,99,95,24,20,99,99,1.000000,1.000000,1.000000,0.959596,0.242424,1.000000,1.000000,1.000000
S2__sportsdata.io__cbb-v3-scores__1.0__openapi.yaml,CBB v3 Scores,sportsdata.io,S2,3.x,20,0,3,20,20,20,0,0,20,20,0.150000,1.000000,1.000000,1.000000,0.000000,,1.000000,1.000000
S2__sportsdata.io__cbb-v3-stats__1.0__openapi.yaml,CBB v3 Stats,sportsdata.io,S2,3.x,26,0,3,26,26,26,0,0,26,26,0.115385,1.000000,1.000000,1.000000,0.000000,,1.000000,1.000000
S2__sportsdata.io__cfb-v3-scores__1.0__openapi.yaml,CFB v3 Scores,sportsdata.io,S2,3.x,22,0,3,22,22,22,0,0,22,22,0.136364,1.000000,1.000000,1.000000,0.000000,,1.000000,1.000000
S2__sportsdata.io__csgo-v3-scores__1.0__openapi.yaml,CS:GO v3 Scores,sportsdata.io,S2,3.x,16,0,16,16,16,16,0,0,16,16,1.000000,1.000000,1.000000,1.000000,0.000000,,1.000000,1.000000
S2__sportsdata.io__csgo-v3-stats__1.0__openapi.yaml,CS:GO v3 Stats,sportsdata.io,S2,3.x,18,0,18,18,18,18,0,0,18,18,1.000000,1.000000,1.000000,1.000000,0.000000,,1.000000,1.000000
S2__sportsdata.io__golf-v2__1.0__openapi.yaml,Golf v2,sportsdata.io,S2,3.x,15,0,0,15,15,15,0,0,15,15,0.000000,1.000000,1.000000,1.000000,0.000000,,1.000000,1.000000
S2__sportsdata.io__lol-v3-projections__1.0__openapi.yaml,LoL v3 Projections,sportsdata.io,S2,3.x,3,0,2,3,3,3,0,0,3,3,0.666667,1.000000,1.000000,1.000000,0.000000,,1.000000,1.000000
S2__sportsdata.io__lol-v3-scores__1.0__openapi.yaml,LoL v3 Scores,sportsdata.io,S2,3.x,16,0,16,16,16,16,0,0,16,16,1.000000,1.000000,1.000000,1.000000,0.000000,,1.000000,1.000000
S2__sportsdata.io__lol-v3-stats__1.0__openapi.yaml,LoL v3 Stats,sportsdata.io,S2,3.x,21,0,21,21,21,21,0,0,21,21,1.000000,1.000000,1.000000,1.000000,0.000000,,1.000000,1.000000
S2__sportsdata.io__mlb-v3-projections__1.0__openapi.yaml,MLB v3 Projections,sportsdata.io,S2,3.x,7,0,2,7,7,7,0,0,7,7,0.285714,1.000000,1.000000,1.000000,0.000000,,1.000000,1.000000
S2__sportsdata.io__mlb-v3-rotoballer-articles__1.0__openapi.yaml,MLB v3 RotoBaller Articles,sportsdata.io,S2,3.x,3,0,0,3,3,3,0,0,3,3,0.000000,1.000000,1.000000,1.000000,0.000000,,1.000000,1.000000
S2__sportsdata.io__mlb-v3-rotoballer-premium-news__1.0__openapi.yaml,MLB v3 RotoBaller Premium News,sportsdata.io,S2,3.x,3,0,0,3,3,3,0,0,3,3,0.000000,1.000000,1.000000,1.000000,0.000000,,1.000000,1.000000
S2__sportsdata.io__mlb-v3-scores__1.0__openapi.yaml,MLB v3 Scores,sportsdata.io,S2,3.x,21,0,2,21,21,21,0,0,21,21,0.095238,1.000000,1.000000,1.000000,0.000000,,1.000000,1.000000
S2__sportsdata.io__mlb-v3-stats__1.0__openapi.yaml,MLB v3 Stats,sportsdata.io,S2,3.x,34,0,2,34,34,34,0,0,34,34,0.058824,1.000000,1.000000,1.000000,0.000000,,1.000000,1.000000
S2__sportsdata.io__nascar-v2__1.0__openapi.yaml,NASCAR v2,sportsdata.io,S2,3.x,6,0,0,6,6,6,0,0,6,6,0.000000,1.000000,1.000000,1.000000,0.000000,,1.000000,1.000000
S2__sportsdata.io__nba-v3-projections__1.0__openapi.yaml,NBA v3 Projections,sportsdata.io,S2,3.x,9,0,3,9,9,9,0,0,9,9,0.333333,1.000000,1.000000,1.000000,0.000000,,1.000000,1.000000
S2__sportsdata.io__nba-v3-rotoballer-articles__1.0__openapi.yaml,NBA v3 RotoBaller Articles,sportsdata.io,S2,3.x,3,0,0,3,3,3,0,0,3,3,0.000000,1.000000,1.000000,1.000000,0.000000,,1.000000,1.000000
S2__sportsdata.io__nba-v3-rotoballer-premium-news__1.0__openapi.yaml,NBA v3 RotoBaller Premium News,sportsdata.io,S2,3.x,3,0,0,3,3,3,0,0,3,3,0.000000,1.000000,1.000000,1.000000,0.000000,,1.000000,1.000000
S2__sportsdata.io__nba-v3-scores__1.0__openapi.yaml,NBA v3 Scores,sportsdata.io,S2,3.x,23,0,6,23,23,23,0,0,23,23,0.260870,1.000000,1.000000,1.000000,0.000000,,1.000000,1.000000
S2__sportsdata.io__nba-v3-stats__1.0__openapi.yaml,NBA v3 Stats,sportsdata.io,S2,3.x,30,0,3,30,30,30,0,0,30,30,0.100000,1.000000,1.000000,1.000000,0.000000,,1.000000,1.000000
S2__sportsdata.io__nfl-v3-play-by-play__1.0__openapi.yaml,NFL v3 Play-by-Play,sportsdata.io,S2,3.x,3,0,1,3,3,3,0,0,3,3,0.333333,1.000000,1.000000,1.000000,0.000000,,1.000000,1.000000
S2__sportsdata.io__nfl-v3-projections__1.0__openapi.yaml,NFL v3 Projections,sportsdata.io,S2,3.x,16,0,3,16,16,16,0,0,16,16,0.187500,1.000000,1.000000,1.000000,0.000000,,1.000000,1.000000
S2__sportsdata.io__nfl-v3-rotoballer-articles__1.0__openapi.yaml,NFL v3 RotoBaller Articles,sportsdata.io,S2,3.x,3,0,0,3,3,3,0,0,3,3,0.000000,1.000000,1.000000,1.000000,0.000000,,1.000000,1.000000
S2__sportsdata.io__nfl-v3-rotoballer-premium-news__1.0__openapi.yaml,NFL v3 RotoBaller Premium News,sportsdata.io,S2,3.x,4,0,0,4,4,4,0,0,4,4,0.000000,1.000000,1.000000,1.000000,0.000000,,1.000000,1.000000
S2__sportsdata.io__nfl-v3-scores__1.0__openapi.yaml,NFL v3 Scores,sportsdata.io,S2,3.x,40,0,25,40,40,40,0,0,40,40,0.625000,1.000000,1.000000,1.000000,0.000000,,1.000000,1.000000
S2__sportsdata.io__nfl-v3-stats__1.0__openapi.yaml,NFL v3 Stats,sportsdata.io,S2,3.x,76,0,28,76,76,76,0,0,76,76,0.368421,1.000000,1.000000,1.000000,0.000000,,1.000000,1.000000
S2__sportsdata.io__nhl-v3-projections__1.0__openapi.yaml,NHL v3 Projections,sportsdata.io,S2,3.x,5,0,2,5,5,5,0,0,5,5,0.400000,1.000000,1.000000,1.000000,0.000000,,1.000000,1.000000
S2__sportsdata.io__nhl-v3-scores__1.0__openapi.yaml,NHL v3 Scores,sportsdata.io,S2,3.x,21,0,1,21,21,21,0,0,21,21,0.047619,1.000000,1.000000,1.000000,0.000000,,1.000000,1.000000
S2__sportsdata.io__nhl-v3-stats__1.0__openapi.yaml,NHL v3 Stats,sportsdata.io,S2,3.x,30,0,2,30,30,30,0,0,30,30,0.066667,1.000000,1.000000,1.000000,0.000000,,1.000000,1.000000
S2__sportsdata.io__soccer-v3-projections__1.0__openapi.yaml,Soccer v3 Projections,sportsdata.io,S2,3.x,6,0,1,6,6,6,0,0,6,6,0.166667,1.000000,1.000000,1.000000,0.000000,,1.000000,1.000000
S2__sportsdata.io__soccer-v3-scores__1.0__openapi.yaml,Soccer v3 Scores,sportsdata.io,S2,3.x,24,0,0,24,24,24,0,0,24,24,0.000000,1.000000,1.000000,1.000000,0.000000,,1.000000,1.000000
S2__sportsdata.io__soccer-v3-stats__1.0__openapi.yaml,Soccer v3 Stats,sportsdata.io,S2,3.x,35,0,0,35,35,35,0,0,35,35,0.000000,1.000000,1.000000,1.000000,0.000000,,1.000000,1.000000
S2__spotify.com__1.0.0__openapi.yaml,Spotify Web API,spotify.com,S2,3.x,88,22,88,88,88,82,17,12,88,88,1.000000,1.000000,1.000000,0.931818,0.193182,0.545455,1.000000,1.000000
S2__spotify.com__sonallux__2023.2.27__openapi.yaml,Spotify Web API with fixes and improvements from sonallux,spotify.com,S2,3.x,89,22,89,89,89,83,19,13,89,89,1.000000,1.000000,1.000000,0.932584,0.213483,0.590909,1.000000,1.000000
S2__squareup.com__2.0__openapi.yaml,Square Connect API,squareup.com,S2,3.x,200,105,197,200,193,136,93,93,200,200,0.985000,1.000000,0.965000,0.680000,0.465000,0.885714,1.000000,1.000000
S2__statsocial.com__1.0.0__openapi.yaml,StatSocial Platform API,statsocial.com,S2,3.x,17,8,17,17,0,17,0,0,17,17,1.000000,1.000000,0.000000,1.000000,0.000000,0.000000,1.000000,1.000000
S2__stoplight.io__api-v1__openapi.yaml,Stoplight,stoplight.io,S2,3.x,5,4,5,5,5,4,2,2,5,5,1.000000,1.000000,1.000000,0.800000,0.400000,0.500000,1.000000,1.000000
S2__storecove.com__2.0.1__openapi.yaml,Storecove API,storecove.com,S2,3.x,29,13,29,29,29,21,13,13,24,24,1.000000,1.000000,1.000000,0.724138,0.448276,1.000000,0.827586,0.827586
S2__stream-io-api.com__v80.2.0__openapi.yaml,Stream Chat API,stream-io-api.com,S2,3.x,116,68,115,116,115,76,65,65,116,116,0.991379,1.000000,0.991379,0.655172,0.560345,0.955882,1.000000,1.000000
S2__stripe.com__2022-11-15__openapi.yaml,Stripe API,stripe.com,S2,3.x,452,209,447,0,452,389,452,209,452,452,0.988938,0.000000,1.000000,0.860619,1.000000,1.000000,1.000000,1.000000
S2__superset.apache.local__superset__v1__openapi.yaml,Superset,superset.apache.local,S2,3.x,120,31,105,0,0,97,29,29,120,120,0.875000,0.000000,0.000000,0.808333,0.241667,0.935484,1.000000,1.000000
S2__surevoip.co.uk__9dcb0dc8__openapi.yaml,The SureVoIP RESTful API,surevoip.co.uk,S2,3.x,28,4,1,28,1,6,2,2,11,11,0.035714,1.000000,0.035714,0.214286,0.071429,0.500000,0.392857,0.392857
S2__surrey.ca__open511__0.1__swagger.yaml,City of Surrey Open511 API,surrey.ca,S2,2.0,4,0,4,0,0,4,0,0,0,0,1.000000,0.000000,0.000000,1.000000,0.000000,,0.000000,0.000000
S2__svix.com__1.4__openapi.yaml,Svix API,svix.com,S2,3.x,53,22,53,53,53,53,18,18,53,53,1.000000,1.000000,1.000000,1.000000,0.339623,0.818182,1.000000,1.000000
S2__swaggerhub.com__1.0.66__swagger.yaml,SwaggerHub Registry API,swaggerhub.com,S2,2.0,87,40,24,87,87,87,22,22,70,75,0.275862,1.000000,1.000000,1.000000,0.252874,0.550000,0.804598,0.862069
S2__symanto.net__1.0__openapi.yaml,Psycholinguistic Text Analytics,symanto.net,S2,3.x,7,7,6,7,7,6,7,7,7,7,0.857143,1.000000,1.000000,0.857143,1.000000,1.000000,1.000000,1.000000
S2__taggun.io__1.15.0__swagger.yaml,TAGGUN Receipt OCR Scanning API,taggun.io,S2,2.0,18,15,0,18,18,18,10,10,18,18,0.000000,1.000000,1.000000,1.000000,0.555556,0.666667,1.000000,1.000000
S2__taxrates.io__1.0.0__openapi.yaml,Taxrates.io API,taxrates.io,S2,3.x,3,0,3,3,3,3,0,0,3,3,1.000000,1.000000,1.000000,1.000000,0.000000,,1.000000,1.000000
S2__tcgdex.net__2.0.0__openapi.yaml,TCGdex API,tcgdex.net,S2,3.x,33,0,2,2,2,17,0,0,33,33,0.060606,0.060606,0.060606,0.515152,0.000000,,1.000000,1.000000
S2__telegram.org__5.0.0__openapi.yaml,Telegram Bot API,telegram.org,S2,3.x,74,74,74,0,0,0,69,69,74,74,1.000000,0.000000,0.000000,0.000000,0.932432,0.932432,1.000000,1.000000
S2__telematicssdk.com__1.0.0__openapi.yaml,Quick start - Telematics SDK,telematicssdk.com,S2,3.x,9,0,9,9,9,9,0,0,6,6,1.000000,1.000000,1.000000,1.000000,0.000000,,0.666667,0.666667
S2__telnyx.com__2.0.0__openapi.yaml,Telnyx API,telnyx.com,S2,3.x,361,159,286,344,357,291,141,141,361,361,0.792244,0.952909,0.988920,0.806094,0.390582,0.886792,1.000000,1.000000
S2__telstra.com__3.x__openapi.yaml,Messaging API v3.x,telstra.com,S2,3.x,18,7,18,18,18,18,7,7,18,18,1.000000,1.000000,1.000000,1.000000,0.388889,1.000000,1.000000,1.000000
S2__testfire.net__altoroj__1.0.2__swagger.yaml,AltoroJ REST API,testfire.net,S2,2.0,12,6,12,2,12,11,6,6,0,6,1.000000,0.166667,1.000000,0.916667,0.500000,1.000000,0.000000,0.500000
S2__text2data.org__v3.4__swagger.yaml,Text Analytics & Sentiment Analysis API | api.text2data.com,text2data.org,S2,2.0,6,3,3,6,6,3,3,3,6,6,0.500000,1.000000,1.000000,0.500000,0.500000,1.000000,1.000000,1.000000
S2__tfl.gov.uk__v1__openapi.yaml,Transport for London Unified API,tfl.gov.uk,S2,3.x,84,0,0,84,80,63,0,0,84,84,0.000000,1.000000,0.952381,0.750000,0.000000,,1.000000,1.000000
S2__thebluealliance.com__3.8.2__openapi.yaml,The Blue Alliance API v3,thebluealliance.com,S2,3.x,64,0,64,0,64,64,0,0,64,64,1.000000,0.000000,1.000000,1.000000,0.000000,,1.000000,1.000000
S2__theracingapi.com__1.0.0__openapi.yaml,The Racing API,theracingapi.com,S2,3.x,51,0,51,51,51,50,0,0,51,51,1.000000,1.000000,1.000000,0.980392,0.000000,,1.000000,1.000000
S2__thesmsworks.co.uk__1.8.0__swagger.yaml,The SMS Works API,thesmsworks.co.uk,S2,2.0,18,9,18,0,1,15,9,9,18,18,1.000000,0.000000,0.055556,0.833333,0.500000,1.000000,1.000000,1.000000
S2__thetvdb.com__3.0.0__swagger.yaml,TheTVDB API v3,thetvdb.com,S2,2.0,31,3,31,0,0,23,1,1,31,31,1.000000,0.000000,0.000000,0.741935,0.032258,0.333333,1.000000,1.000000
S2__threatjammer.com__1.2.27__openapi.yaml,ThreatJammer.com User API,threatjammer.com,S2,3.x,97,27,97,97,97,68,28,27,97,97,1.000000,1.000000,1.000000,0.701031,0.288660,1.000000,1.000000,1.000000
S2__ticketmaster.com__discovery__v2__openapi.yaml,Discovery API,ticketmaster.com,S2,3.x,13,0,13,13,6,13,0,0,13,13,1.000000,1.000000,0.461538,1.000000,0.000000,,1.000000,1.000000
S2__ticketmaster.com__publish__v2__openapi.yaml,ticketmaster publish api,ticketmaster.com,S2,3.x,10,10,10,10,10,10,10,10,10,10,1.000000,1.000000,1.000000,1.000000,1.000000,1.000000,1.000000,1.000000
S2__tisane.ai__1.0.0__openapi.yaml,Tisane API Documentation,tisane.ai,S2,3.x,6,0,6,6,6,6,0,0,5,5,1.000000,1.000000,1.000000,1.000000,0.000000,,0.833333,0.833333
S2__tl-api.azurewebsites.net__2020-08-10_6-22__openapi.yaml,API,tl-api.azurewebsites.net,S2,3.x,27,12,0,26,27,15,8,8,25,25,0.000000,0.962963,1.000000,0.555556,0.296296,0.666667,0.925926,0.925926
S2__tokenjay.app__1.0.0__openapi.yaml,TokenJay API services,tokenjay.app,S2,3.x,27,4,0,15,27,12,4,4,27,27,0.000000,0.555556,1.000000,0.444444,0.148148,1.000000,1.000000,1.000000
S2__tokenmetrics.com__1.0.0__openapi.yaml,Endpoints,tokenmetrics.com,S2,3.x,14,0,14,14,14,14,0,0,0,0,1.000000,1.000000,1.000000,1.000000,0.000000,,0.000000,0.000000
S2__tradematic.com__1.0.2__swagger.yaml,Tradematic Cloud API,tradematic.com,S2,2.0,66,15,66,66,0,50,10,10,66,66,1.000000,1.000000,0.000000,0.757576,0.151515,0.666667,1.000000,1.000000
S2__trakt.tv__1.0.0__openapi.yaml,Trakt API,trakt.tv,S2,3.x,183,36,183,183,167,179,35,31,0,35,1.000000,1.000000,0.912568,0.978142,0.191257,0.861111,0.000000,0.191257
S2__transitfeeds.com__1.0.0__swagger.yaml,TransitFeeds API,transitfeeds.com,S2,2.0,4,0,4,4,4,4,0,0,4,4,1.000000,1.000000,1.000000,1.000000,0.000000,,1.000000,1.000000
S2__truesight.local__11.1.00__openapi.yaml,Hardware Sentry TrueSight Presentation Server REST API,truesight.local,S2,3.x,23,6,23,23,23,22,2,2,23,23,1.000000,1.000000,1.000000,0.956522,0.086957,0.333333,1.000000,1.000000
S2__truora.com__1.0.0__openapi.yaml,Checks API,truora.com,S2,3.x,25,11,25,20,24,17,10,10,21,22,1.000000,0.800000,0.960000,0.680000,0.400000,0.909091,0.840000,0.880000
S2__tsapi.net__v1__openapi.yaml,TSAPI,tsapi.net,S2,3.x,3,0,0,3,0,2,0,0,3,3,0.000000,1.000000,0.000000,0.666667,0.000000,,1.000000,1.000000
S2__turbinelabs.io__1.0__swagger.yaml,Turbine Labs API,turbinelabs.io,S2,2.0,44,13,41,44,0,42,13,13,44,44,0.931818,1.000000,0.000000,0.954545,0.295455,1.000000,1.000000,1.000000
S2__tvmaze.com__1.0__openapi.yaml,TVmaze user API,tvmaze.com,S2,3.x,42,15,9,42,0,35,10,10,33,33,0.214286,1.000000,0.000000,0.833333,0.238095,0.666667,0.785714,0.785714
S2__twilio.com__api__1.55.0__openapi.yaml,Twilio - Api,twilio.com,S2,3.x,194,60,147,0,194,193,60,60,162,162,0.757732,0.000000,1.000000,0.994845,0.309278,1.000000,0.835052,0.835052
S2__twilio.com__twilio_accounts_v1__1.55.0__openapi.yaml,Twilio - Accounts,twilio.com,S2,3.x,16,7,16,0,16,10,5,5,12,12,1.000000,0.000000,1.000000,0.625000,0.312500,0.714286,0.750000,0.750000
S2__twilio.com__twilio_autopilot_v1__1.53.0__openapi.yaml,Twilio - Autopilot,twilio.com,S2,3.x,52,20,4,0,52,50,20,20,43,43,0.076923,0.000000,1.000000,0.961538,0.384615,1.000000,0.826923,0.826923
S2__twilio.com__twilio_bulkexports_v1__1.55.0__openapi.yaml,Twilio - Bulkexports,twilio.com,S2,3.x,9,2,5,0,9,9,2,2,8,8,0.555556,0.000000,1.000000,1.000000,0.222222,1.000000,0.888889,0.888889
S2__twilio.com__twilio_chat_v1__1.55.0__openapi.yaml,Twilio - Chat,twilio.com,S2,3.x,40,15,1,0,40,38,15,15,32,32,0.025000,0.000000,1.000000,0.950000,0.375000,1.000000,0.800000,0.800000
S2__twilio.com__twilio_content_v1__1.55.0__openapi.yaml,Twilio - Content,twilio.com,S2,3.x,6,0,6,0,6,6,0,0,5,5,1.000000,0.000000,1.000000,1.000000,0.000000,,0.833333,0.833333
S2__twilio.com__twilio_conversations_v1__1.55.0__openapi.yaml,Twilio - Conversations,twilio.com,S2,3.x,101,36,99,0,101,93,36,36,83,83,0.980198,0.000000,1.000000,0.920792,0.356436,1.000000,0.821782,0.821782
S2__twilio.com__twilio_events_v1__1.55.0__openapi.yaml,Twilio - Events,twilio.com,S2,3.x,22,8,22,0,22,20,7,7,19,19,1.000000,0.000000,1.000000,0.909091,0.318182,0.875000,0.863636,0.863636
S2__twilio.com__twilio_fax_v1__1.29.1__openapi.yaml,Twilio - Fax,twilio.com,S2,3.x,6,0,6,0,6,6,0,0,4,4,1.000000,0.000000,1.000000,1.000000,0.000000,,0.666667,0.666667
S2__twilio.com__twilio_flex_v1__1.55.0__openapi.yaml,Twilio - Flex,twilio.com,S2,3.x,50,20,31,0,50,45,19,19,44,44,0.620000,0.000000,1.000000,0.900000,0.380000,0.950000,0.880000,0.880000
S2__twilio.com__twilio_insights_v1__1.55.0__openapi.yaml,Twilio - Insights,twilio.com,S2,3.x,17,2,16,0,17,16,2,2,17,17,0.941176,0.000000,1.000000,0.941176,0.117647,1.000000,1.000000,1.000000
S2__twilio.com__twilio_intelligence_v2__1.55.0__openapi.yaml,Twilio - Intelligence,twilio.com,S2,3.x,13,3,13,0,13,11,3,3,11,11,1.000000,0.000000,1.000000,0.846154,0.230769,1.000000,0.846154,0.846154
S2__twilio.com__twilio_ip_messaging_v1__1.55.0__openapi.yaml,Twilio - Ip_messaging,twilio.com,S2,3.x,40,15,0,0,40,38,15,15,32,32,0.000000,0.000000,1.000000,0.950000,0.375000,1.000000,0.800000,0.800000
S2__twilio.com__twilio_media_v1__1.55.0__openapi.yaml,Twilio - Media,twilio.com,S2,3.x,13,5,10,0,13,11,5,5,12,12,0.769231,0.000000,1.000000,0.846154,0.384615,1.000000,0.923077,0.923077
S2__twilio.com__twilio_messaging_v1__1.55.0__openapi.yaml,Twilio - Messaging,twilio.com,S2,3.x,50,17,1,0,50,45,14,14,42,42,0.020000,0.000000,1.000000,0.900000,0.280000,0.823529,0.840000,0.840000
S2__twilio.com__twilio_microvisor_v1__1.55.0__openapi.yaml,Twilio - Microvisor,twilio.com,S2,3.x,27,9,27,0,27,25,9,9,22,22,1.000000,0.000000,1.000000,0.925926,0.333333,1.000000,0.814815,0.814815
S2__twilio.com__twilio_monitor_v1__1.55.0__openapi.yaml,Twilio - Monitor,twilio.com,S2,3.x,4,0,1,0,4,4,0,0,4,4,0.250000,0.000000,1.000000,1.000000,0.000000,,1.000000,1.000000
S2__twilio.com__twilio_notify_v1__1.55.0__openapi.yaml,Twilio - Notify,twilio.com,S2,3.x,15,6,0,0,15,13,6,6,12,12,0.000000,0.000000,1.000000,0.866667,0.400000,1.000000,0.800000,0.800000
S2__twilio.com__twilio_numbers_v1__1.55.0__openapi.yaml,Twilio - Numbers,twilio.com,S2,3.x,5,1,5,0,5,4,1,1,5,5,1.000000,0.000000,1.000000,0.800000,0.200000,1.000000,1.000000,1.000000
S2__twilio.com__twilio_oauth_v1__1.53.0__openapi.yaml,Twilio - Oauth,twilio.com,S2,3.x,5,2,5,0,5,0,2,2,5,5,1.000000,0.000000,1.000000,0.000000,0.400000,1.000000,1.000000,1.000000
S2__twilio.com__twilio_preview__1.55.0__openapi.yaml,Twilio - Preview,twilio.com,S2,3.x,99,34,59,0,99,92,34,34,82,82,0.595960,0.000000,1.000000,0.929293,0.343434,1.000000,0.828283,0.828283
S2__twilio.com__twilio_pricing_v1__1.55.0__openapi.yaml,Twilio - Pricing,twilio.com,S2,3.x,7,0,0,0,7,7,0,0,7,7,0.000000,0.000000,1.000000,1.000000,0.000000,,1.000000,1.000000
S2__twilio.com__twilio_proxy_v1__1.55.0__openapi.yaml,Twilio - Proxy,twilio.com,S2,3.x,30,10,28,0,30,29,10,10,24,24,0.933333,0.000000,1.000000,0.966667,0.333333,1.000000,0.800000,0.800000
S2__twilio.com__twilio_routes_v2__1.55.0__openapi.yaml,Twilio - Routes,twilio.com,S2,3.x,6,3,4,0,6,6,3,3,6,6,0.666667,0.000000,1.000000,1.000000,0.500000,1.000000,1.000000,1.000000
S2__twilio.com__twilio_serverless_v1__1.55.0__openapi.yaml,Twilio - Serverless,twilio.com,S2,3.x,39,11,39,0,39,38,11,11,33,33,1.000000,0.000000,1.000000,0.974359,0.282051,1.000000,0.846154,0.846154
S2__twilio.com__twilio_studio_v1__1.55.0__openapi.yaml,Twilio - Studio,twilio.com,S2,3.x,20,3,20,0,20,20,3,3,17,17,1.000000,0.000000,1.000000,1.000000,0.150000,1.000000,0.850000,0.850000
S2__twilio.com__twilio_supersim_v1__1.55.0__openapi.yaml,Twilio - Supersim,twilio.com,S2,3.x,31,10,31,0,31,25,10,10,30,30,1.000000,0.000000,1.000000,0.806452,0.322581,1.000000,0.967742,0.967742
S2__twilio.com__twilio_sync_v1__1.55.0__openapi.yaml,Twilio - Sync,twilio.com,S2,3.x,48,18,18,0,48,47,18,18,38,38,0.375000,0.000000,1.000000,0.979167,0.375000,1.000000,0.791667,0.791667
S2__twilio.com__twilio_taskrouter_v1__1.55.0__openapi.yaml,Twilio - Taskrouter,twilio.com,S2,3.x,60,17,0,0,60,59,17,17,53,53,0.000000,0.000000,1.000000,0.983333,0.283333,1.000000,0.883333,0.883333
S2__twilio.com__twilio_trunking_v1__1.55.0__openapi.yaml,Twilio - Trunking,twilio.com,S2,3.x,24,8,3,0,24,23,8,8,19,19,0.125000,0.000000,1.000000,0.958333,0.333333,1.000000,0.791667,0.791667
S2__twilio.com__twilio_trusthub_v1__1.55.0__openapi.yaml,Twilio - Trusthub,twilio.com,S2,3.x,52,18,52,0,52,45,18,18,44,44,1.000000,0.000000,1.000000,0.865385,0.346154,1.000000,0.846154,0.846154
S2__twilio.com__twilio_verify_v2__1.55.0__openapi.yaml,Twilio - Verify,twilio.com,S2,3.x,53,21,52,0,53,51,21,21,45,45,0.981132,0.000000,1.000000,0.962264,0.396226,1.000000,0.849057,0.849057
S2__twilio.com__twilio_video_v1__1.55.0__openapi.yaml,Twilio - Video,twilio.com,S2,3.x,35,11,17,0,35,28,10,10,31,31,0.485714,0.000000,1.000000,0.800000,0.285714,0.909091,0.885714,0.885714
S2__twilio.com__twilio_voice_v1__1.55.0__openapi.yaml,Twilio - Voice,twilio.com,S2,3.x,32,12,7,0,32,25,12,12,26,26,0.218750,0.000000,1.000000,0.781250,0.375000,1.000000,0.812500,0.812500
S2__twilio.com__twilio_wireless_v1__1.55.0__openapi.yaml,Twilio - Wireless,twilio.com,S2,3.x,16,4,8,0,16,14,4,4,13,13,0.500000,0.000000,1.000000,0.875000,0.250000,1.000000,0.812500,0.812500
S2__twinehealth.com__v7.78.1__openapi.yaml,Fitbit Plus API,twinehealth.com,S2,3.x,62,19,62,62,62,48,19,19,62,62,1.000000,1.000000,1.000000,0.774194,0.306452,1.000000,1.000000,1.000000
S2__twitter.com__current__2.62__openapi.yaml,Twitter API v2,twitter.com,S2,3.x,80,18,80,80,80,75,18,18,80,80,1.000000,1.000000,1.000000,0.937500,0.225000,1.000000,1.000000,1.000000
S2__twitter.com__legacy__1.1__swagger.yaml,Twitter API,twitter.com,S2,2.0,83,32,83,0,83,74,0,0,0,0,1.000000,0.000000,1.000000,0.891566,0.000000,0.000000,0.000000,0.000000
S2__tyk.com__1.9__swagger.yaml,Gateway REST API,tyk.com,S2,2.0,18,7,18,0,0,18,6,6,18,18,1.000000,0.000000,0.000000,1.000000,0.333333,0.857143,1.000000,1.000000
S2__unicourt.com__1.0.0__openapi.yaml,UniCourt Enterprise APIs,unicourt.com,S2,3.x,158,8,158,158,158,149,8,8,158,158,1.000000,1.000000,1.000000,0.943038,0.050633,1.000000,1.000000,1.000000
S2__up.com.au__v1__openapi.yaml,Up API,up.com.au,S2,3.x,18,4,18,18,0,16,4,3,14,17,1.000000,1.000000,0.000000,0.888889,0.222222,0.750000,0.777778,0.944444
S2__uscann.net__1.0__swagger.yaml,Api Documentation,uscann.net,S2,2.0,5,5,0,5,5,5,5,5,5,5,0.000000,1.000000,1.000000,1.000000,1.000000,1.000000,1.000000,1.000000
S2__useapi.net__1.0__openapi.yaml,Midjourney REST API by useapi.net,useapi.net,S2,3.x,8,4,8,0,0,2,4,4,8,8,1.000000,0.000000,0.000000,0.250000,0.500000,1.000000,1.000000,1.000000
S2__uspto.gov__bdss__1.0.0__swagger.yaml,Bulk Data Storage System Services,uspto.gov,S2,2.0,7,0,7,7,7,4,0,0,0,0,1.000000,1.000000,1.000000,0.571429,0.000000,,0.000000,0.000000
S2__va.gov__benefits__1.0.0__openapi.yaml,Benefits Intake,va.gov,S2,3.x,6,4,3,6,6,3,1,1,6,6,0.500000,1.000000,1.000000,0.500000,0.166667,0.250000,1.000000,1.000000
S2__va.gov__facilities__0.0.1__openapi.yaml,VA Facilities,va.gov,S2,3.x,5,0,4,5,5,5,0,0,5,5,0.800000,1.000000,1.000000,1.000000,0.000000,,1.000000,1.000000
S2__vectara.io__1.0.0__openapi.yaml,Vectara REST API,vectara.io,S2,3.x,9,9,9,0,9,9,9,9,9,9,1.000000,0.000000,1.000000,1.000000,1.000000,1.000000,1.000000,1.000000
S2__velopayments.com__2.35.57__openapi.yaml,Velo Payments APIs,velopayments.com,S2,3.x,100,45,99,99,98,82,38,38,98,98,0.990000,0.990000,0.980000,0.820000,0.380000,0.844444,0.980000,0.980000
S2__vercel.com__0.0.1__openapi.yaml,Vercel API,vercel.com,S2,3.x,112,40,112,112,111,107,39,36,99,103,1.000000,1.000000,0.991071,0.955357,0.348214,0.900000,0.883929,0.919643
S2__vestorly.com__1.0.0__swagger.yaml,Vestorly API,vestorly.com,S2,2.0,51,19,51,0,51,51,17,17,51,51,1.000000,0.000000,1.000000,1.000000,0.333333,0.894737,1.000000,1.000000
S2__viator.com__1.0.0__openapi.yaml,Viator API Documentation &amp; Specification – Merchant Partners,viator.com,S2,3.x,28,15,28,28,28,28,15,15,28,28,1.000000,1.000000,1.000000,1.000000,0.535714,1.000000,1.000000,1.000000
S2__visiblethread.com__1.0__swagger.yaml,VisibleThread API,visiblethread.com,S2,2.0,12,4,12,12,8,8,2,2,8,8,1.000000,1.000000,0.666667,0.666667,0.166667,0.500000,0.666667,0.666667
S2__visma.com__1.0__openapi.yaml,Severa Public Rest API Documentation,visma.com,S2,3.x,512,162,98,510,512,428,158,157,512,512,0.191406,0.996094,1.000000,0.835938,0.308594,0.969136,1.000000,1.000000
S2__visma.net__1.0.14.784__openapi.yaml,Visma.net.ERP.SalesOrders.Api,visma.net,S2,3.x,19,4,19,19,19,18,4,4,19,19,1.000000,1.000000,1.000000,0.947368,0.210526,1.000000,1.000000,1.000000
S2__visma.net__9.66.02.1023__openapi.yaml,Visma Net API,visma.net,S2,3.x,490,229,254,480,488,486,153,153,488,489,0.518367,0.979592,0.995918,0.991837,0.312245,0.668122,0.995918,0.997959
S2__visualcrossing.com__weather__4.6__openapi.yaml,Visual Crossing Weather API,visualcrossing.com,S2,3.x,5,0,5,5,0,5,0,0,0,0,1.000000,1.000000,0.000000,1.000000,0.000000,,0.000000,0.000000
S2__visualstudio.com__v1__openapi.yaml,VSOnline,visualstudio.com,S2,3.x,141,101,0,0,4,125,63,61,82,112,0.000000,0.000000,0.028369,0.886525,0.446809,0.603960,0.581560,0.794326
S2__vmware.local__vrni__1.0.0__openapi.yaml,vRealize Network Insight API Reference,vmware.local,S2,3.x,161,62,159,161,161,128,38,38,122,122,0.987578,1.000000,1.000000,0.795031,0.236025,0.612903,0.757764,0.757764
S2__vocadb.net__1.0__openapi.yaml,VocaDbWeb,vocadb.net,S2,3.x,129,33,0,0,0,127,25,25,93,104,0.000000,0.000000,0.000000,0.984496,0.193798,0.757576,0.720930,0.806202
S2__vonage.com__account__1.11.8__openapi.yaml,Account API,vonage.com,S2,3.x,3,0,0,3,3,3,0,0,3,3,0.000000,1.000000,1.000000,1.000000,0.000000,,1.000000,1.000000
S2__voodoomfg.com__2.0.0__swagger.yaml,Voodoo Manufacturing 3D Print API,voodoomfg.com,S2,2.0,11,4,11,11,0,8,4,4,11,11,1.000000,1.000000,0.000000,0.727273,0.363636,1.000000,1.000000,1.000000
S2__vtex.local__Catalog-API-Seller-Portal__1.0.0__openapi.yaml,Catalog API - Seller Portal,vtex.local,S2,3.x,16,7,16,16,16,16,7,7,12,16,1.000000,1.000000,1.000000,1.000000,0.437500,1.000000,0.750000,1.000000
S2__vtex.local__Catalog-API__1.0__openapi.yaml,Catalog API,vtex.local,S2,3.x,162,62,162,162,64,162,55,55,115,121,1.000000,1.000000,0.395062,1.000000,0.339506,0.887097,0.709877,0.746914
S2__vtex.local__Checkout-API__1.0__openapi.yaml,Checkout API,vtex.local,S2,3.x,32,21,32,32,32,32,20,20,16,25,1.000000,1.000000,1.000000,1.000000,0.625000,0.952381,0.500000,0.781250
S2__vtex.local__Customer-Credit-API__1.0__openapi.yaml,Customer Credit API,vtex.local,S2,3.x,26,15,20,26,26,26,16,15,21,25,0.769231,1.000000,1.000000,1.000000,0.615385,1.000000,0.807692,0.961538
S2__vtex.local__GiftCard-Hub-API__1.0__openapi.yaml,GiftCard Hub API,vtex.local,S2,3.x,15,6,15,15,15,15,6,6,15,15,1.000000,1.000000,1.000000,1.000000,0.400000,1.000000,1.000000,1.000000
S2__vtex.local__Giftcard-API__1.0__openapi.yaml,GiftCard API,vtex.local,S2,3.x,11,5,10,11,11,11,5,5,11,11,0.909091,1.000000,1.000000,1.000000,0.454545,1.000000,1.000000,1.000000
S2__vtex.local__Headless-CMS-API__0.31.2__openapi.yaml,VTEX Headless CMS,vtex.local,S2,3.x,3,0,3,3,3,3,0,0,3,3,1.000000,1.000000,1.000000,1.000000,0.000000,,1.000000,1.000000
S2__vtex.local__Intelligent-Search-API__0.1.12__openapi.yaml,Intelligent Search API,vtex.local,S2,3.x,7,0,7,7,0,7,0,0,7,7,1.000000,1.000000,0.000000,1.000000,0.000000,,1.000000,1.000000
S2__vtex.local__License-Manager-API__1.0__openapi.yaml,License Manager API,vtex.local,S2,3.x,12,4,12,12,12,8,4,4,12,12,1.000000,1.000000,1.000000,0.666667,0.333333,1.000000,1.000000,1.000000
S2__vtex.local__Logistics-API__1.0__openapi.yaml,Logistics API,vtex.local,S2,3.x,53,22,53,53,46,53,14,14,16,27,1.000000,1.000000,0.867925,1.000000,0.264151,0.636364,0.301887,0.509434
S2__vtex.local__Marketplace-APIs-__1.0__openapi.yaml,Suggestions,vtex.local,S2,3.x,15,7,15,15,15,15,7,7,4,9,1.000000,1.000000,1.000000,1.000000,0.466667,1.000000,0.266667,0.600000
S2__vtex.local__Marketplace-APIs__1.0__openapi.yaml,Marketplace API,vtex.local,S2,3.x,23,11,23,23,23,23,8,8,3,10,1.000000,1.000000,1.000000,1.000000,0.347826,0.727273,0.130435,0.434783
S2__vtex.local__Marketplace-Protocol__1.0__openapi.yaml,Marketplace Protocol,vtex.local,S2,3.x,15,15,15,15,15,15,15,15,4,15,1.000000,1.000000,1.000000,1.000000,1.000000,1.000000,0.266667,1.000000
S2__vtex.local__Master-Data-API-__1.0__openapi.yaml,Master Data API - v2,vtex.local,S2,3.x,26,12,26,26,26,26,11,11,16,19,1.000000,1.000000,1.000000,1.000000,0.423077,0.916667,0.615385,0.730769
S2__vtex.local__MasterData-API-__1.0__openapi.yaml,MasterData API - v1,vtex.local,S2,3.x,20,10,15,20,20,20,10,9,9,18,0.750000,1.000000,1.000000,1.000000,0.500000,0.900000,0.450000,0.900000
S2__vtex.local__Orders-API-(PII-version)__1.0__openapi.yaml,Orders API (PII version),vtex.local,S2,3.x,6,5,6,6,6,6,3,3,4,4,1.000000,1.000000,1.000000,1.000000,0.500000,0.600000,0.666667,0.666667
S2__vtex.local__Orders-API__1.0__openapi.yaml,Orders API,vtex.local,S2,3.x,28,13,28,28,28,28,11,11,19,23,1.000000,1.000000,1.000000,1.000000,0.392857,0.846154,0.678571,0.821429
S2__vtex.local__Payments-Gateway-API__1.0__openapi.yaml,Payments Gateway API,vtex.local,S2,3.x,22,12,22,22,22,22,12,12,7,17,1.000000,1.000000,1.000000,1.000000,0.545455,1.000000,0.318182,0.772727
S2__vtex.local__Policies-System-API__1.0.0__openapi.yaml,Policies System API,vtex.local,S2,3.x,6,3,6,6,5,6,3,3,5,5,1.000000,1.000000,0.833333,1.000000,0.500000,1.000000,0.833333,0.833333
S2__vtex.local__Price-Simulations__1.0__openapi.yaml,Price Simulations API,vtex.local,S2,3.x,7,4,7,7,0,7,4,4,7,7,1.000000,1.000000,0.000000,1.000000,0.571429,1.000000,1.000000,1.000000
S2__vtex.local__Pricing-API__1.0__openapi.yaml,Pricing API,vtex.local,S2,3.x,14,3,14,14,13,14,3,3,9,12,1.000000,1.000000,0.928571,1.000000,0.214286,1.000000,0.642857,0.857143
S2__vtex.local__Profile-System__1.0__openapi.yaml,Profile System,vtex.local,S2,3.x,27,9,27,27,27,27,9,9,23,23,1.000000,1.000000,1.000000,1.000000,0.333333,1.000000,0.851852,0.851852
S2__vtex.local__Promotions-__1.0__openapi.yaml,Promotions & Taxes API,vtex.local,S2,3.x,31,16,31,31,27,31,12,12,19,25,1.000000,1.000000,0.870968,1.000000,0.387097,0.750000,0.612903,0.806452
S2__vtex.local__Recurrence-(v1-__1.0__openapi.yaml,Subscription (v1 - deprecated),vtex.local,S2,3.x,11,5,11,11,11,11,5,5,0,5,1.000000,1.000000,1.000000,1.000000,0.454545,1.000000,0.000000,0.454545
S2__vtex.local__Reviews-and-Ratings-API__1.0__openapi.yaml,Reviews and Ratings API,vtex.local,S2,3.x,8,3,8,8,8,8,4,3,8,8,1.000000,1.000000,1.000000,1.000000,0.500000,1.000000,1.000000,1.000000
S2__vtex.local__SKU-Bindings-API__1.0__openapi.yaml,SKU Bindings API,vtex.local,S2,3.x,12,7,12,12,11,12,2,2,5,7,1.000000,1.000000,0.916667,1.000000,0.166667,0.285714,0.416667,0.583333
S2__vtex.local__Search-API__1.0__openapi.yaml,Legacy Search API,vtex.local,S2,3.x,15,0,15,15,12,15,0,0,11,11,1.000000,1.000000,0.800000,1.000000,0.000000,,0.733333,0.733333
S2__vtex.local__Session-Manager-API__1.0__openapi.yaml,Session Manager API,vtex.local,S2,3.x,4,2,4,4,4,1,2,2,0,2,1.000000,1.000000,1.000000,0.250000,0.500000,1.000000,0.000000,0.500000
S2__vtex.local__Subscriptions-API-(v2)__1.0__openapi.yaml,Subscriptions API (v2 - DEPRECATED),vtex.local,S2,3.x,31,9,31,31,31,31,6,6,2,7,1.000000,1.000000,1.000000,1.000000,0.193548,0.666667,0.064516,0.225806
S2__vtex.local__Subscriptions-API-(v3)__1.0__openapi.yaml,Subscriptions API (v3),vtex.local,S2,3.x,20,9,20,20,2,20,6,6,18,18,1.000000,1.000000,0.100000,1.000000,0.300000,0.666667,0.900000,0.900000
S2__vtex.local__VTEX-Do-API__1.0__openapi.yaml,VTEX Do API,vtex.local,S2,3.x,8,4,8,8,8,8,4,4,8,8,1.000000,1.000000,1.000000,1.000000,0.500000,1.000000,1.000000,1.000000
S2__vtex.local__VTEX_TEMPLATE__1.0.0__openapi.yaml,Pets Api,vtex.local,S2,3.x,3,1,0,3,3,2,0,0,3,3,0.000000,1.000000,1.000000,0.666667,0.000000,0.000000,1.000000,1.000000
S2__walletobjects.googleapis.com__pay-passes__v1__openapi.yaml,Google Pay Passes API,walletobjects.googleapis.com,S2,3.x,95,64,95,0,95,95,64,64,95,95,1.000000,0.000000,1.000000,1.000000,0.673684,1.000000,1.000000,1.000000
S2__walmart.com__inventory__1.0.0__openapi.yaml,Inventory Management,walmart.com,S2,3.x,7,3,7,7,7,7,3,3,7,7,1.000000,1.000000,1.000000,1.000000,0.428571,1.000000,1.000000,1.000000
S2__walmart.com__item__3.0.1__swagger.yaml,Item API,walmart.com,S2,2.0,6,2,6,6,6,6,0,0,0,0,1.000000,1.000000,1.000000,1.000000,0.000000,0.000000,0.000000,0.000000
S2__walmart.com__order__3.0.1__swagger.yaml,Orders API,walmart.com,S2,2.0,9,4,9,9,9,9,3,3,0,3,1.000000,1.000000,1.000000,1.000000,0.333333,0.750000,0.000000,0.333333
S2__walmart.com__price__1.0.0__openapi.yaml,Price Management,walmart.com,S2,3.x,8,6,8,8,8,8,6,6,8,8,1.000000,1.000000,1.000000,1.000000,0.750000,1.000000,1.000000,1.000000
S2__warwick.ac.uk__enterobase__v2.0__openapi.yaml,Enterobase-API,warwick.ac.uk,S2,3.x,26,9,26,0,0,26,13,9,0,13,1.000000,0.000000,0.000000,1.000000,0.500000,1.000000,0.000000,0.500000
S2__waterlinked.com__1.0.0__swagger.yaml,The Water Linked Underwater GPS API,waterlinked.com,S2,2.0,38,15,35,38,38,16,13,13,33,36,0.921053,1.000000,1.000000,0.421053,0.342105,0.866667,0.868421,0.947368
S2__wealthreader.com__1.0.0__openapi.yaml,Wealth Reader API,wealthreader.com,S2,3.x,3,1,3,3,0,1,1,1,3,3,1.000000,1.000000,0.000000,0.333333,0.333333,1.000000,1.000000,1.000000
S2__weatherbit.io__2.0.0__swagger.yaml,Weatherbit - Interactive Swagger UI Documentation,weatherbit.io,S2,2.0,47,0,47,47,0,47,0,0,47,47,1.000000,1.000000,0.000000,1.000000,0.000000,,1.000000,1.000000
S2__weber-gesamtausgabe.de__1.0.0__swagger.yaml,WeGA API,weber-gesamtausgabe.de,S2,2.0,10,0,6,10,0,9,0,0,10,10,0.600000,1.000000,0.000000,0.900000,0.000000,,1.000000,1.000000
S2__webflow.com__2023-03-23T154040Z__openapi.yaml,Lucidtech API,webflow.com,S2,3.x,80,33,0,0,0,80,32,32,80,80,0.000000,0.000000,0.000000,1.000000,0.400000,0.969697,1.000000,1.000000
S2__webscraping.ai__3.0.0__openapi.yaml,WebScraping.AI,webscraping.ai,S2,3.x,4,0,4,4,4,3,0,0,4,4,1.000000,1.000000,1.000000,0.750000,0.000000,,1.000000,1.000000
S2__whapi.com__accounts__2.0.0__swagger.yaml,Accounts API,whapi.com,S2,2.0,9,5,9,9,9,9,4,4,9,9,1.000000,1.000000,1.000000,1.000000,0.444444,0.800000,1.000000,1.000000
S2__whapi.com__bets__2.0.0__openapi.yaml,Bets API,whapi.com,S2,3.x,6,4,6,5,6,6,3,3,6,6,1.000000,0.833333,1.000000,1.000000,0.500000,0.750000,1.000000,1.000000
S2__whapi.com__sessions__2.0.0__swagger.yaml,Sessions API,whapi.com,S2,2.0,4,1,4,4,4,4,1,1,4,4,1.000000,1.000000,1.000000,1.000000,0.250000,1.000000,1.000000,1.000000
S2__whapi.com__sportsdata__2__swagger.yaml,SportsData API,whapi.com,S2,2.0,15,0,15,15,15,15,0,0,15,15,1.000000,1.000000,1.000000,1.000000,0.000000,,1.000000,1.000000
S2__whatsapp.local__1.0__openapi.yaml,WhatsApp Business API,whatsapp.local,S2,3.x,53,26,1,53,53,21,27,24,25,42,0.018868,1.000000,1.000000,0.396226,0.509434,0.923077,0.471698,0.792453
S2__wikipathways.org__1.0__openapi.yaml,WikiPathways Webservices,wikipathways.org,S2,3.x,27,1,27,0,0,27,0,0,0,0,1.000000,0.000000,0.000000,1.000000,0.000000,0.000000,0.000000,0.000000
S2__wiremock.org__admin__2.35.0__openapi.yaml,WireMock,wiremock.org,S2,3.x,33,21,15,30,0,7,13,13,13,19,0.454545,0.909091,0.000000,0.212121,0.393939,0.619048,0.393939,0.575758
S2__worldtimeapi.org__20210108__openapi.yaml,World Time API,worldtimeapi.org,S2,3.x,12,0,0,12,0,8,0,0,12,12,0.000000,1.000000,0.000000,0.666667,0.000000,,1.000000,1.000000
S2__wyjyt-geo-calculate.azurewebsites.net__1.0.0__openapi.yaml,Wyjyt - Geo Calculate,wyjyt-geo-calculate.azurewebsites.net,S2,3.x,4,4,4,4,4,0,4,4,4,4,1.000000,1.000000,1.000000,0.000000,1.000000,1.000000,1.000000,1.000000
S2__xero.com__xero-payroll-au__2.9.4__openapi.yaml,Xero Payroll AU API,xero.com,S2,3.x,29,13,5,29,29,29,13,13,29,29,0.172414,1.000000,1.000000,1.000000,0.448276,1.000000,1.000000,1.000000
S2__xero.com__xero_accounting__2.9.4__openapi.yaml,Xero Accounting API,xero.com,S2,3.x,224,94,0,220,224,224,94,94,223,223,0.000000,0.982143,1.000000,1.000000,0.419643,1.000000,0.995536,0.995536
S2__xero.com__xero_assets__2.9.4__openapi.yaml,Xero Assets API,xero.com,S2,3.x,6,2,6,6,6,6,2,2,6,6,1.000000,1.000000,1.000000,1.000000,0.333333,1.000000,1.000000,1.000000
S2__xero.com__xero_bankfeeds__2.9.4__openapi.yaml,Xero Bank Feeds API,xero.com,S2,3.x,7,3,6,7,7,7,3,3,7,7,0.857143,1.000000,1.000000,1.000000,0.428571,1.000000,1.000000,1.000000
S2__xero.com__xero_files__2.9.4__openapi.yaml,Xero Files API,xero.com,S2,3.x,16,5,13,16,16,16,5,5,13,13,0.812500,1.000000,1.000000,1.000000,0.312500,1.000000,0.812500,0.812500
S2__xtrf.eu__2.0__openapi.yaml,XTRF Home Portal API,xtrf.eu,S2,3.x,284,142,277,280,284,259,129,129,202,249,0.975352,0.985915,1.000000,0.911972,0.454225,0.908451,0.711268,0.876761
S2__yodlee.com__1.1.0__openapi.yaml,Yodlee Core APIs,yodlee.com,S2,3.x,70,26,70,70,70,46,20,20,66,67,1.000000,1.000000,1.000000,0.657143,0.285714,0.769231,0.942857,0.957143
S2__youneedabudget.com__1.0.0__openapi.yaml,YNAB API Endpoints,youneedabudget.com,S2,3.x,31,7,31,31,31,30,6,6,31,31,1.000000,1.000000,1.000000,0.967742,0.193548,0.857143,1.000000,1.000000
S2__zalando.com__v1.0__swagger.yaml,Zalando Shop,zalando.com,S2,2.0,20,0,20,20,0,19,0,0,20,20,1.000000,1.000000,0.000000,0.950000,0.000000,,1.000000,1.000000
S2__zapier.com__nla__1.0.0__openapi.yaml,Zapier Natural Language Actions (NLA) API - Beta,zapier.com,S2,3.x,5,1,5,5,5,2,1,1,3,3,1.000000,1.000000,1.000000,0.400000,0.200000,1.000000,0.600000,0.600000
S2__zappiti.com__4.15.174__swagger.yaml,Zappiti Player API,zappiti.com,S2,2.0,7,7,2,7,0,7,7,7,7,7,0.285714,1.000000,0.000000,1.000000,1.000000,1.000000,1.000000,1.000000
S2__zeit.co__v2019-01-07__openapi.yaml,ZEIT API,zeit.co,S2,3.x,5,1,0,5,5,5,1,1,4,4,0.000000,1.000000,1.000000,1.000000,0.200000,1.000000,0.800000,0.800000
S2__zeno.fm__0.6-99cfdac__openapi.yaml,Aggregators API Service,zeno.fm,S2,3.x,18,6,18,0,18,9,6,6,16,16,1.000000,0.000000,1.000000,0.500000,0.333333,1.000000,0.888889,0.888889
S2__zoom.us__2.0.0__openapi.yaml,Zoom API,zoom.us,S2,3.x,373,138,373,373,373,338,138,137,301,342,1.000000,1.000000,1.000000,0.906166,0.369973,0.992754,0.806971,0.916890
S2__zuora.com__2021-08-20__openapi.yaml,API Reference: Billing,zuora.com,S2,3.x,428,212,357,428,428,428,181,181,427,427,0.834112,1.000000,1.000000,1.000000,0.422897,0.853774,0.997664,0.997664
