clean_file,spec_version,n_ops_original,n_ops_converted,status
S1__6-dot-authentiqio.appspot.com-6-swagger.yaml,3.x,12,12,ok
S1__ably.io-1.1.0-openapi.yaml,3.x,22,22,ok
S1__adafruit.com-2.0.0-swagger.yaml,3.x,71,71,ok
S1__adobe.com-aem-2.5.0-pre-swagger.yaml,3.x,44,44,ok
S1__adyen.com-AccountService-5-openapi.yaml,3.x,16,16,ok
S1__adyen.com-CheckoutService-46-openapi.yaml,3.x,5,5,ok
S1__adyen.com-FundService-5-openapi.yaml,3.x,6,6,ok
S1__adyen.com-MarketPayNotificationService-5-openapi.yaml,3.x,14,14,ok
S1__adyen.com-NotificationConfigurationService-1-openapi.yaml,3.x,6,6,ok
S1__adyen.com-PaymentService-46-openapi.yaml,3.x,11,11,ok
S1__adyen.com-PayoutService-30-openapi.yaml,3.x,6,6,ok
S1__afterbanks.com-3.0.0-swagger.yaml,3.x,3,3,ok
S1__agco-ats.com-v1-swagger.yaml,3.x,191,191,ok
S1__aiception.com-1.0.0-swagger.yaml,3.x,10,10,ok
S1__akeneo.com-1.0.0-swagger.yaml,3.x,103,103,ok
S1__amazonaws.com-AWSMigrationHub-2017-05-31-swagger.yaml,3.x,16,16,ok
S1__amazonaws.com-acm-2015-12-08-swagger.yaml,3.x,13,13,ok
S1__amazonaws.com-acm-pca-2017-08-22-swagger.yaml,3.x,20,20,ok
S1__amazonaws.com-alexaforbusiness-2017-11-09-swagger.yaml,3.x,93,93,ok
S1__amazonaws.com-amplify-2017-07-25-swagger.yaml,3.x,33,33,ok
S1__amazonaws.com-apigateway-2015-07-09-swagger.yaml,3.x,120,120,ok
S1__amazonaws.com-apigatewaymanagementapi-2018-11-29-swagger.yaml,3.x,3,3,ok
S1__amazonaws.com-apigatewayv2-2018-11-29-swagger.yaml,3.x,59,59,ok
S1__amazonaws.com-application-autoscaling-2016-02-06-swagger.yaml,3.x,10,10,ok
S1__amazonaws.com-application-insights-2018-11-25-swagger.yaml,3.x,17,17,ok
S1__amazonaws.com-appmesh-2019-01-25-swagger.yaml,3.x,28,28,ok
S1__amazonaws.com-appstream-2016-12-01-swagger.yaml,3.x,47,47,ok
S1__amazonaws.com-appsync-2017-07-25-swagger.yaml,3.x,36,36,ok
S1__amazonaws.com-athena-2017-05-18-swagger.yaml,3.x,19,19,ok
S1__amazonaws.com-autoscaling-2011-01-01-swagger.yaml,3.x,108,108,ok
S1__amazonaws.com-autoscaling-plans-2018-01-06-swagger.yaml,3.x,6,6,ok
S1__amazonaws.com-backup-2018-11-15-swagger.yaml,3.x,43,43,ok
S1__amazonaws.com-batch-2016-08-10-swagger.yaml,3.x,16,16,ok
S1__amazonaws.com-budgets-2016-10-20-swagger.yaml,3.x,14,14,ok
S1__amazonaws.com-ce-2017-10-25-swagger.yaml,3.x,9,9,ok
S1__amazonaws.com-chime-2018-05-01-swagger.yaml,3.x,58,58,ok
S1__amazonaws.com-cloud9-2017-09-23-swagger.yaml,3.x,10,10,ok
S1__amazonaws.com-clouddirectory-2017-01-11-swagger.yaml,3.x,66,66,ok
S1__amazonaws.com-cloudformation-2010-05-15-swagger.yaml,3.x,90,90,ok
S1__amazonaws.com-cloudfront-2019-03-26-swagger.yaml,3.x,45,45,ok
S1__amazonaws.com-cloudhsm-2014-05-30-swagger.yaml,3.x,20,20,ok
S1__amazonaws.com-cloudhsmv2-2017-04-28-swagger.yaml,3.x,13,13,ok
S1__amazonaws.com-cloudsearch-2013-01-01-swagger.yaml,3.x,48,48,ok
S1__amazonaws.com-cloudsearchdomain-2013-01-01-swagger.yaml,3.x,3,3,ok
S1__amazonaws.com-cloudtrail-2013-11-01-swagger.yaml,3.x,14,14,ok
S1__amazonaws.com-codebuild-2016-10-06-swagger.yaml,3.x,19,19,ok
S1__amazonaws.com-codecommit-2015-04-13-swagger.yaml,3.x,54,54,ok
S1__amazonaws.com-codedeploy-2014-10-06-swagger.yaml,3.x,46,46,ok
S1__amazonaws.com-codepipeline-2015-07-09-swagger.yaml,3.x,36,36,ok
S1__amazonaws.com-codestar-2017-04-19-swagger.yaml,3.x,18,18,ok
S1__amazonaws.com-cognito-identity-2014-06-30-swagger.yaml,3.x,21,21,ok
S1__amazonaws.com-cognito-idp-2016-04-18-swagger.yaml,3.x,100,100,ok
S1__amazonaws.com-cognito-sync-2014-06-30-swagger.yaml,3.x,17,17,ok
S1__amazonaws.com-comprehend-2017-11-27-swagger.yaml,3.x,45,45,ok
S1__amazonaws.com-comprehendmedical-2018-10-30-swagger.yaml,3.x,11,11,ok
S1__amazonaws.com-config-2014-11-12-swagger.yaml,3.x,64,64,ok
S1__amazonaws.com-connect-2017-08-08-swagger.yaml,3.x,21,21,ok
S1__amazonaws.com-cur-2017-01-06-swagger.yaml,3.x,4,4,ok
S1__amazonaws.com-datapipeline-2012-10-29-swagger.yaml,3.x,19,19,ok
S1__amazonaws.com-datasync-2018-11-09-swagger.yaml,3.x,27,27,ok
S1__amazonaws.com-dax-2017-04-19-swagger.yaml,3.x,21,21,ok
S1__amazonaws.com-devicefarm-2015-06-23-swagger.yaml,3.x,67,67,ok
S1__amazonaws.com-directconnect-2012-10-25-swagger.yaml,3.x,53,53,ok
S1__amazonaws.com-discovery-2015-11-01-swagger.yaml,3.x,25,25,ok
S1__amazonaws.com-dlm-2018-01-12-swagger.yaml,3.x,5,5,ok
S1__amazonaws.com-dms-2016-01-01-swagger.yaml,3.x,47,47,ok
S1__amazonaws.com-docdb-2014-10-31-swagger.yaml,3.x,84,84,ok
S1__amazonaws.com-ds-2015-04-16-swagger.yaml,3.x,50,50,ok
S1__amazonaws.com-dynamodb-2012-08-10-swagger.yaml,3.x,36,36,ok
S1__amazonaws.com-ec2-2016-11-15-swagger.yaml,3.x,718,718,ok
S1__amazonaws.com-ecr-2015-09-21-swagger.yaml,3.x,26,26,ok
S1__amazonaws.com-ecs-2014-11-13-swagger.yaml,3.x,45,45,ok
S1__amazonaws.com-eks-2017-11-01-swagger.yaml,3.x,11,11,ok
S1__amazonaws.com-elasticache-2015-02-02-swagger.yaml,3.x,92,92,ok
S1__amazonaws.com-elasticbeanstalk-2010-12-01-swagger.yaml,3.x,88,88,ok
S1__amazonaws.com-elasticfilesystem-2015-02-01-swagger.yaml,3.x,14,14,ok
S1__amazonaws.com-elasticloadbalancingv2-2015-12-01-swagger.yaml,3.x,68,68,ok
S1__amazonaws.com-elasticmapreduce-2009-03-31-swagger.yaml,3.x,29,29,ok
S1__amazonaws.com-elastictranscoder-2012-09-25-swagger.yaml,3.x,17,17,ok
S1__amazonaws.com-email-2010-12-01-swagger.yaml,3.x,142,142,ok
S1__amazonaws.com-es-2015-01-01-swagger.yaml,3.x,23,23,ok
S1__amazonaws.com-eventbridge-2015-10-07-swagger.yaml,3.x,31,31,ok
S1__amazonaws.com-events-2015-10-07-swagger.yaml,3.x,31,31,ok
S1__amazonaws.com-firehose-2015-08-04-swagger.yaml,3.x,12,12,ok
S1__amazonaws.com-fms-2018-01-01-swagger.yaml,3.x,14,14,ok
S1__amazonaws.com-forecast-2018-06-26-swagger.yaml,3.x,26,26,ok
S1__amazonaws.com-fsx-2018-03-01-swagger.yaml,3.x,11,11,ok
S1__amazonaws.com-gamelift-2015-10-01-swagger.yaml,3.x,73,73,ok
S1__amazonaws.com-glacier-2012-06-01-swagger.yaml,3.x,33,33,ok
S1__amazonaws.com-globalaccelerator-2018-08-08-swagger.yaml,3.x,17,17,ok
S1__amazonaws.com-glue-2017-03-31-swagger.yaml,3.x,123,123,ok
S1__amazonaws.com-greengrass-2017-06-07-swagger.yaml,3.x,90,90,ok
S1__amazonaws.com-groundstation-2019-05-23-swagger.yaml,3.x,25,25,ok
S1__amazonaws.com-guardduty-2017-11-28-swagger.yaml,3.x,45,45,ok
S1__amazonaws.com-health-2016-08-04-swagger.yaml,3.x,6,6,ok
S1__amazonaws.com-iam-2010-05-08-swagger.yaml,3.x,280,280,ok
S1__amazonaws.com-importexport-2010-06-01-swagger.yaml,3.x,12,12,ok
S1__amazonaws.com-inspector-2016-02-16-swagger.yaml,3.x,37,37,ok
S1__amazonaws.com-iot-2015-05-28-swagger.yaml,3.x,178,178,ok
S1__amazonaws.com-iot-data-2015-05-28-swagger.yaml,3.x,4,4,ok
S1__amazonaws.com-iot-jobs-data-2017-09-29-swagger.yaml,3.x,4,4,ok
S1__amazonaws.com-iot1click-devices-2018-05-14-swagger.yaml,3.x,13,13,ok
S1__amazonaws.com-iot1click-projects-2018-05-14-swagger.yaml,3.x,16,16,ok
S1__amazonaws.com-iotanalytics-2017-11-27-swagger.yaml,3.x,34,34,ok
S1__amazonaws.com-iotevents-2018-07-27-swagger.yaml,3.x,16,16,ok
S1__amazonaws.com-iotevents-data-2018-10-23-swagger.yaml,3.x,4,4,ok
S1__amazonaws.com-iotthingsgraph-2018-09-06-swagger.yaml,3.x,35,35,ok
S1__amazonaws.com-kafka-2018-11-14-swagger.yaml,3.x,18,18,ok
S1__amazonaws.com-kinesis-2013-12-02-swagger.yaml,3.x,27,27,ok
S1__amazonaws.com-kinesisanalyticsv2-2018-05-23-swagger.yaml,3.x,24,24,ok
S1__amazonaws.com-kinesisvideo-2017-09-30-swagger.yaml,3.x,10,10,ok
S1__amazonaws.com-kms-2014-11-01-swagger.yaml,3.x,41,41,ok
S1__amazonaws.com-lakeformation-2017-03-31-swagger.yaml,3.x,13,13,ok
S1__amazonaws.com-lambda-2015-03-31-swagger.yaml,3.x,39,39,ok
S1__amazonaws.com-lex-models-2017-04-19-swagger.yaml,3.x,36,36,ok
S1__amazonaws.com-license-manager-2018-08-01-swagger.yaml,3.x,15,15,ok
S1__amazonaws.com-lightsail-2016-11-28-swagger.yaml,3.x,105,105,ok
S1__amazonaws.com-logs-2014-03-28-swagger.yaml,3.x,39,39,ok
S1__amazonaws.com-machinelearning-2014-12-12-swagger.yaml,3.x,28,28,ok
S1__amazonaws.com-macie-2017-12-19-swagger.yaml,3.x,7,7,ok
S1__amazonaws.com-managedblockchain-2018-09-24-swagger.yaml,3.x,18,18,ok
S1__amazonaws.com-mediaconnect-2018-11-14-swagger.yaml,3.x,17,17,ok
S1__amazonaws.com-mediaconvert-2017-08-29-swagger.yaml,3.x,25,25,ok
S1__amazonaws.com-medialive-2017-10-14-swagger.yaml,3.x,31,31,ok
S1__amazonaws.com-mediapackage-2017-10-12-swagger.yaml,3.x,18,18,ok
S1__amazonaws.com-mediapackage-vod-2018-11-07-swagger.yaml,3.x,12,12,ok
S1__amazonaws.com-mediastore-2017-09-01-swagger.yaml,3.x,18,18,ok
S1__amazonaws.com-mediastore-data-2017-09-01-swagger.yaml,3.x,4,4,ok
S1__amazonaws.com-mediatailor-2018-04-23-swagger.yaml,3.x,7,7,ok
S1__amazonaws.com-meteringmarketplace-2016-01-14-swagger.yaml,3.x,4,4,ok
S1__amazonaws.com-mobile-2017-07-01-swagger.yaml,3.x,9,9,ok
S1__amazonaws.com-monitoring-2010-08-01-swagger.yaml,3.x,46,46,ok
S1__amazonaws.com-mq-2017-11-27-swagger.yaml,3.x,22,22,ok
S1__amazonaws.com-mturk-requester-2017-01-17-swagger.yaml,3.x,39,39,ok
S1__amazonaws.com-neptune-2014-10-31-swagger.yaml,3.x,114,114,ok
S1__amazonaws.com-opsworks-2013-02-18-swagger.yaml,3.x,74,74,ok
S1__amazonaws.com-opsworkscm-2016-11-01-swagger.yaml,3.x,16,16,ok
S1__amazonaws.com-organizations-2016-11-28-swagger.yaml,3.x,46,46,ok
S1__amazonaws.com-personalize-2018-05-22-swagger.yaml,3.x,36,36,ok
S1__amazonaws.com-pinpoint-2016-12-01-swagger.yaml,3.x,79,79,ok
S1__amazonaws.com-pinpoint-email-2018-07-26-swagger.yaml,3.x,42,42,ok
S1__amazonaws.com-polly-2016-06-10-swagger.yaml,3.x,9,9,ok
S1__amazonaws.com-pricing-2017-10-15-swagger.yaml,3.x,3,3,ok
S1__amazonaws.com-qldb-2019-01-02-swagger.yaml,3.x,15,15,ok
S1__amazonaws.com-quicksight-2018-04-01-swagger.yaml,3.x,16,16,ok
S1__amazonaws.com-ram-2018-01-04-swagger.yaml,3.x,17,17,ok
S1__amazonaws.com-rds-2014-10-31-swagger.yaml,3.x,222,222,ok
S1__amazonaws.com-rds-data-2018-08-01-swagger.yaml,3.x,6,6,ok
S1__amazonaws.com-redshift-2012-12-01-swagger.yaml,3.x,164,164,ok
S1__amazonaws.com-rekognition-2016-06-27-swagger.yaml,3.x,34,34,ok
S1__amazonaws.com-resource-groups-2017-11-27-swagger.yaml,3.x,12,12,ok
S1__amazonaws.com-resourcegroupstaggingapi-2017-01-26-swagger.yaml,3.x,5,5,ok
S1__amazonaws.com-robomaker-2018-06-29-swagger.yaml,3.x,36,36,ok
S1__amazonaws.com-route53-2013-04-01-swagger.yaml,3.x,56,56,ok
S1__amazonaws.com-route53domains-2014-05-15-swagger.yaml,3.x,24,24,ok
S1__amazonaws.com-route53resolver-2018-04-01-swagger.yaml,3.x,22,22,ok
S1__amazonaws.com-runtime.lex-2016-11-28-swagger.yaml,3.x,5,5,ok
S1__amazonaws.com-s3-2006-03-01-swagger.yaml,3.x,86,86,ok
S1__amazonaws.com-s3control-2018-08-20-swagger.yaml,3.x,8,8,ok
S1__amazonaws.com-sagemaker-2017-07-24-swagger.yaml,3.x,75,75,ok
S1__amazonaws.com-sdb-2009-04-15-swagger.yaml,3.x,20,20,ok
S1__amazonaws.com-secretsmanager-2017-10-17-swagger.yaml,3.x,18,18,ok
S1__amazonaws.com-securityhub-2018-10-26-swagger.yaml,3.x,38,38,ok
S1__amazonaws.com-serverlessrepo-2017-09-08-swagger.yaml,3.x,13,13,ok
S1__amazonaws.com-service-quotas-2019-06-24-swagger.yaml,3.x,16,16,ok
S1__amazonaws.com-servicecatalog-2015-12-10-swagger.yaml,3.x,83,83,ok
S1__amazonaws.com-servicediscovery-2017-03-14-swagger.yaml,3.x,20,20,ok
S1__amazonaws.com-shield-2016-06-02-swagger.yaml,3.x,18,18,ok
S1__amazonaws.com-signer-2017-08-25-swagger.yaml,3.x,9,9,ok
S1__amazonaws.com-sms-2016-10-24-swagger.yaml,3.x,28,28,ok
S1__amazonaws.com-sms-voice-2018-09-05-swagger.yaml,3.x,8,8,ok
S1__amazonaws.com-snowball-2016-06-30-swagger.yaml,3.x,18,18,ok
S1__amazonaws.com-sns-2010-03-31-swagger.yaml,3.x,66,66,ok
S1__amazonaws.com-sqs-2012-11-05-swagger.yaml,3.x,40,40,ok
S1__amazonaws.com-ssm-2014-11-06-swagger.yaml,3.x,120,120,ok
S1__amazonaws.com-states-2016-11-23-swagger.yaml,3.x,22,22,ok
S1__amazonaws.com-storagegateway-2013-06-30-swagger.yaml,3.x,73,73,ok
S1__amazonaws.com-streams.dynamodb-2012-08-10-swagger.yaml,3.x,4,4,ok
S1__amazonaws.com-sts-2011-06-15-swagger.yaml,3.x,16,16,ok
S1__amazonaws.com-support-2013-04-15-swagger.yaml,3.x,14,14,ok
S1__amazonaws.com-swf-2012-01-25-swagger.yaml,3.x,37,37,ok
S1__amazonaws.com-textract-2018-06-27-swagger.yaml,3.x,6,6,ok
S1__amazonaws.com-transcribe-2017-10-26-swagger.yaml,3.x,9,9,ok
S1__amazonaws.com-transfer-2018-11-05-swagger.yaml,3.x,18,18,ok
S1__amazonaws.com-translate-2017-07-01-swagger.yaml,3.x,5,5,ok
S1__amazonaws.com-waf-2015-08-24-swagger.yaml,3.x,76,76,ok
S1__amazonaws.com-waf-regional-2016-11-28-swagger.yaml,3.x,80,80,ok
S1__amazonaws.com-workdocs-2016-05-01-swagger.yaml,3.x,41,41,ok
S1__amazonaws.com-worklink-2018-09-25-swagger.yaml,3.x,30,30,ok
S1__amazonaws.com-workmail-2017-10-01-swagger.yaml,3.x,33,33,ok
S1__amazonaws.com-workspaces-2015-04-08-swagger.yaml,3.x,35,35,ok
S1__amazonaws.com-xray-2016-04-12-swagger.yaml,3.x,20,20,ok
S1__anchore.io-0.1.12-swagger.yaml,3.x,83,83,ok
S1__apache.org-qakka-v1-swagger.yaml,3.x,9,9,ok
S1__apacta.com-0.0.1-swagger.yaml,3.x,137,137,ok
S1__api2cart.com-1.0.0-swagger.yaml,3.x,128,128,ok
S1__api2pdf.com-1.0.0-openapi.yaml,3.x,9,9,ok
S1__apigee.net-marketcheck-cars-1.6-swagger.yaml,3.x,19,19,ok
S1__appveyor.com-1.0.0-swagger.yaml,3.x,51,51,ok
S1__archive.org-search-1.0.0-swagger.yaml,3.x,3,3,ok
S1__art19.com-1.0.0-swagger.yaml,3.x,22,22,ok
S1__atlassian.com-jira-v3-swagger.yaml,3.x,315,315,ok
S1__ato.gov.au-0.0.6-swagger.yaml,3.x,74,74,ok
S1__aucklandmuseum.com-2.0.0-swagger.yaml,3.x,6,6,ok
S1__authentiq.io-1.0-swagger.yaml,3.x,9,9,ok
S1__avaza.com-v1-swagger.yaml,3.x,53,53,ok
S1__aviationdata.systems-v1-swagger.yaml,3.x,6,6,ok
S1__axesso.de-1.0.0-swagger.yaml,3.x,4,4,ok
S1__azure.com-EnterpriseKnowledgeGraph-EnterpriseKnowledgeGraphSwagger-2018-12-03-swagger.yaml,3.x,7,7,ok
S1__azure.com-addons-addons-swagger-2018-03-01-swagger.yaml,3.x,5,5,ok
S1__azure.com-adhybridhealthservice-ADHybridHealthService-2014-01-01-swagger.yaml,3.x,74,74,ok
S1__azure.com-advisor-2017-04-19-swagger.yaml,3.x,15,15,ok
S1__azure.com-alertsmanagement-SmartDetectorAlertRulesApi-2019-06-01-swagger.yaml,3.x,6,6,ok
S1__azure.com-analysisservices-2017-08-01-swagger.yaml,3.x,16,16,ok
S1__azure.com-apimanagement-2017-03-01-swagger.yaml,3.x,6,6,ok
S1__azure.com-apimanagement-apimapis-2019-01-01-swagger.yaml,3.x,60,60,ok
S1__azure.com-appconfiguration-2019-02-01-preview-swagger.yaml,3.x,11,11,ok
S1__azure.com-applicationinsights-QueryPackQueries_API-2019-09-01-preview-swagger.yaml,3.x,5,5,ok
S1__azure.com-applicationinsights-componentProactiveDetection_API-2018-05-01-preview-swagger.yaml,3.x,3,3,ok
S1__azure.com-applicationinsights-swagger-2018-04-20-swagger.yaml,3.x,7,7,ok
S1__azure.com-attestation-2018-09-01-preview-swagger.yaml,3.x,6,6,ok
S1__azure.com-authorization-authorization-RoleAssignmentsCalls-2018-09-01-preview-swagger.yaml,3.x,10,10,ok
S1__azure.com-automation-python2package-2018-06-30-swagger.yaml,3.x,5,5,ok
S1__azure.com-automation-softwareUpdateConfiguration-2017-05-15-preview-swagger.yaml,3.x,4,4,ok
S1__azure.com-automation-webhook-2015-10-31-swagger.yaml,3.x,6,6,ok
S1__azure.com-azsadmin-AcquiredPlan-2015-11-01-swagger.yaml,3.x,4,4,ok
S1__azure.com-azsadmin-Activation-2016-01-01-swagger.yaml,3.x,4,4,ok
S1__azure.com-azsadmin-Alert-2016-05-01-swagger.yaml,3.x,4,4,ok
S1__azure.com-azsadmin-BackupLocations-2018-09-01-swagger.yaml,3.x,4,4,ok
S1__azure.com-azsadmin-Commerce-2015-06-01-preview-swagger.yaml,3.x,3,3,ok
S1__azure.com-azsadmin-DiskMigrationJobs-2018-07-30-preview-swagger.yaml,3.x,4,4,ok
S1__azure.com-azsadmin-GalleryItem-2015-04-01-swagger.yaml,3.x,4,4,ok
S1__azure.com-azsadmin-InfraRole-2016-05-01-swagger.yaml,3.x,3,3,ok
S1__azure.com-azsadmin-Network-2015-06-15-swagger.yaml,3.x,5,5,ok
S1__azure.com-azsadmin-Quotas-2018-02-09-swagger.yaml,3.x,4,4,ok
S1__azure.com-azsadmin-Quotas-2019-08-08-preview-swagger.yaml,3.x,4,4,ok
S1__azure.com-azsadmin-UpdateRuns-2016-05-01-swagger.yaml,3.x,5,5,ok
S1__azure.com-azure-kusto-2019-09-07-swagger.yaml,3.x,34,34,ok
S1__azure.com-azureactivedirectory-2017-04-01-swagger.yaml,3.x,6,6,ok
S1__azure.com-azuredata-2017-03-01-preview-swagger.yaml,3.x,11,11,ok
S1__azure.com-azurestack-CustomerSubscription-2017-06-01-swagger.yaml,3.x,4,4,ok
S1__azure.com-azurestack-Registration-2017-06-01-swagger.yaml,3.x,6,6,ok
S1__azure.com-batch-BatchManagement-2019-08-01-swagger.yaml,3.x,35,35,ok
S1__azure.com-batch-BatchService-2019-08-01.10.0-swagger.yaml,3.x,72,72,ok
S1__azure.com-batchai-BatchAI-2018-05-01-swagger.yaml,3.x,29,29,ok
S1__azure.com-billing-2017-02-27-preview-swagger.yaml,3.x,4,4,ok
S1__azure.com-billing-2019-10-01-preview-swagger.yaml,3.x,95,95,ok
S1__azure.com-blockchain-2018-06-01-preview-swagger.yaml,3.x,21,21,ok
S1__azure.com-blueprint-blueprintAssignment-2018-11-01-preview-swagger.yaml,3.x,5,5,ok
S1__azure.com-botservice-2018-07-12-swagger.yaml,3.x,27,27,ok
S1__azure.com-cdn-2019-06-15-preview-swagger.yaml,3.x,35,35,ok
S1__azure.com-cdn-cdnwebapplicationfirewall-2019-06-15-preview-swagger.yaml,3.x,6,6,ok
S1__azure.com-cognitiveservices-2017-04-18-swagger.yaml,3.x,14,14,ok
S1__azure.com-cognitiveservices-ComputerVision-1.0-swagger.yaml,3.x,9,9,ok
S1__azure.com-cognitiveservices-ContentModerator-1.0-swagger.yaml,3.x,35,35,ok
S1__azure.com-cognitiveservices-Face-1.0-swagger.yaml,3.x,63,63,ok
S1__azure.com-cognitiveservices-FormRecognizer-1.0-preview-swagger.yaml,3.x,6,6,ok
S1__azure.com-cognitiveservices-LUIS-Runtime-3.0-preview-swagger.yaml,3.x,4,4,ok
S1__azure.com-cognitiveservices-Personalizer-v1.0-swagger.yaml,3.x,3,3,ok
S1__azure.com-cognitiveservices-QnAMaker-4.0-swagger.yaml,3.x,15,15,ok
S1__azure.com-cognitiveservices-TextAnalytics-v2.1-swagger.yaml,3.x,4,4,ok
S1__azure.com-compute-2019-03-01-swagger.yaml,3.x,109,109,ok
S1__azure.com-compute-disk-2019-03-01-swagger.yaml,3.x,16,16,ok
S1__azure.com-compute-gallery-2019-07-01-swagger.yaml,3.x,21,21,ok
S1__azure.com-compute-runCommands-2019-03-01-swagger.yaml,3.x,4,4,ok
S1__azure.com-consumption-2019-06-01-swagger.yaml,3.x,25,25,ok
S1__azure.com-containerinstance-containerInstance-2018-10-01-swagger.yaml,3.x,16,16,ok
S1__azure.com-containerregistry-2019-08-15-preview-swagger.yaml,3.x,25,25,ok
S1__azure.com-containerregistry-containerregistry_build-2019-06-01-preview-swagger.yaml,3.x,13,13,ok
S1__azure.com-containerservice-managedClusters-2019-08-01-swagger.yaml,3.x,19,19,ok
S1__azure.com-cosmos-db-2019-08-01-swagger.yaml,3.x,100,100,ok
S1__azure.com-cost-management-costmanagement-2019-04-01-preview-swagger.yaml,3.x,13,13,ok
S1__azure.com-customer-insights-2017-04-26-swagger.yaml,3.x,66,66,ok
S1__azure.com-customproviders-2018-09-01-preview-swagger.yaml,3.x,11,11,ok
S1__azure.com-databox-2019-09-01-swagger.yaml,3.x,16,16,ok
S1__azure.com-databoxedge-2019-07-01-swagger.yaml,3.x,49,49,ok
S1__azure.com-databricks-2018-04-01-swagger.yaml,3.x,7,7,ok
S1__azure.com-datacatalog-2016-03-30-swagger.yaml,3.x,6,6,ok
S1__azure.com-datafactory-2018-06-01-swagger.yaml,3.x,76,76,ok
S1__azure.com-datalake-analytics-account-2016-11-01-swagger.yaml,3.x,31,31,ok
S1__azure.com-datalake-analytics-catalog-2016-11-01-swagger.yaml,3.x,45,45,ok
S1__azure.com-datalake-analytics-job-2017-09-01-preview-swagger.yaml,3.x,13,13,ok
S1__azure.com-datalake-store-account-2016-11-01-swagger.yaml,3.x,26,26,ok
S1__azure.com-datalake-store-filesystem-2016-11-01-swagger.yaml,3.x,3,3,ok
S1__azure.com-datamigration-2018-03-15-preview-swagger.yaml,3.x,26,26,ok
S1__azure.com-datashare-DataShare-2018-11-01-preview-swagger.yaml,3.x,50,50,ok
S1__azure.com-deploymentmanager-2018-09-01-preview-swagger.yaml,3.x,21,21,ok
S1__azure.com-deviceprovisioningservices-iotdps-2018-01-22-swagger.yaml,3.x,18,18,ok
S1__azure.com-devops-2019-07-01-preview-swagger.yaml,3.x,8,8,ok
S1__azure.com-devspaces-2019-04-01-swagger.yaml,3.x,9,9,ok
S1__azure.com-devtestlabs-DTL-2018-09-15-swagger.yaml,3.x,132,132,ok
S1__azure.com-dns-2018-05-01-swagger.yaml,3.x,14,14,ok
S1__azure.com-domainservices-2017-06-01-swagger.yaml,3.x,12,12,ok
S1__azure.com-engagementfabric-EngagementFabric-2018-09-01-preview-swagger.yaml,3.x,16,16,ok
S1__azure.com-eventgrid-EventGrid-2019-06-01-swagger.yaml,3.x,40,40,ok
S1__azure.com-eventhub-EventHub-2017-04-01-swagger.yaml,3.x,43,43,ok
S1__azure.com-eventhub-EventHub-preview-2018-01-01-preview-swagger.yaml,3.x,26,26,ok
S1__azure.com-frontdoor-2019-05-01-swagger.yaml,3.x,13,13,ok
S1__azure.com-frontdoor-webapplicationfirewall-2019-03-01-swagger.yaml,3.x,5,5,ok
S1__azure.com-guestconfiguration-2018-11-20-swagger.yaml,3.x,7,7,ok
S1__azure.com-hanaonazure-2017-11-03-preview-swagger.yaml,3.x,15,15,ok
S1__azure.com-hardwaresecuritymodules-dedicatedhsm-2018-10-31-preview-swagger.yaml,3.x,6,6,ok
S1__azure.com-hdinsight-applications-2018-06-01-preview-swagger.yaml,3.x,4,4,ok
S1__azure.com-hdinsight-job-2018-11-01-preview-swagger.yaml,3.x,10,10,ok
S1__azure.com-healthcareapis-healthcare-apis-2019-09-16-swagger.yaml,3.x,9,9,ok
S1__azure.com-hybriddatamanager-hybriddata-2016-06-01-swagger.yaml,3.x,29,29,ok
S1__azure.com-imagebuilder-2019-05-01-preview-swagger.yaml,3.x,10,10,ok
S1__azure.com-imds-2019-08-15-swagger.yaml,3.x,4,4,ok
S1__azure.com-intune-2015-01-14-preview-swagger.yaml,3.x,33,33,ok
S1__azure.com-iotcentral-2018-09-01-swagger.yaml,3.x,10,10,ok
S1__azure.com-iothub-2019-07-01-preview-swagger.yaml,3.x,32,32,ok
S1__azure.com-iotspaces-2017-10-01-preview-swagger.yaml,3.x,8,8,ok
S1__azure.com-keyvault-2016-10-01-swagger.yaml,3.x,67,67,ok
S1__azure.com-keyvault-2018-02-14-swagger.yaml,3.x,12,12,ok
S1__azure.com-labservices-ML-2018-10-15-swagger.yaml,3.x,55,55,ok
S1__azure.com-locationbasedservices-2017-01-01-preview-swagger.yaml,3.x,10,10,ok
S1__azure.com-logic-2019-05-01-swagger.yaml,3.x,106,106,ok
S1__azure.com-machinelearning-commitmentPlans-2016-05-01-preview-swagger.yaml,3.x,12,12,ok
S1__azure.com-machinelearning-webservices-2017-01-01-swagger.yaml,3.x,9,9,ok
S1__azure.com-machinelearning-workspaces-2016-04-01-swagger.yaml,3.x,9,9,ok
S1__azure.com-machinelearningcompute-machineLearningCompute-2017-06-01-preview-swagger.yaml,3.x,10,10,ok
S1__azure.com-machinelearningcompute-machineLearningCompute-2017-08-01-preview-swagger.yaml,3.x,10,10,ok
S1__azure.com-machinelearningexperimentation-machineLearningExperimentation-2017-05-01-preview-swagger.yaml,3.x,17,17,ok
S1__azure.com-machinelearningservices-artifact-2019-08-01-swagger.yaml,3.x,18,18,ok
S1__azure.com-machinelearningservices-datastore-2019-08-01-swagger.yaml,3.x,8,8,ok
S1__azure.com-machinelearningservices-execution-2019-08-01-swagger.yaml,3.x,4,4,ok
S1__azure.com-machinelearningservices-machineLearningServices-2019-06-01-swagger.yaml,3.x,20,20,ok
S1__azure.com-machinelearningservices-modelManagement-2019-08-01-swagger.yaml,3.x,23,23,ok
S1__azure.com-machinelearningservices-runHistory-2019-08-01-swagger.yaml,3.x,26,26,ok
S1__azure.com-maintenance-Maintenance-2018-06-01-preview-swagger.yaml,3.x,18,18,ok
S1__azure.com-managednetwork-managedNetwork-2019-06-01-preview-swagger.yaml,3.x,19,19,ok
S1__azure.com-managedservices-2019-06-01-swagger.yaml,3.x,9,9,ok
S1__azure.com-managementgroups-management-2018-03-01-preview-swagger.yaml,3.x,13,13,ok
S1__azure.com-managementpartner-ManagementPartner-2018-02-01-swagger.yaml,3.x,6,6,ok
S1__azure.com-maps-maps-management-2018-05-01-swagger.yaml,3.x,10,10,ok
S1__azure.com-mariadb-2018-06-01-swagger.yaml,3.x,29,29,ok
S1__azure.com-marketplaceordering-Agreements-2015-06-01-swagger.yaml,3.x,7,7,ok
S1__azure.com-mediaservices-Accounts-2018-03-30-preview-swagger.yaml,3.x,10,10,ok
S1__azure.com-mediaservices-MediaGraphs-2019-09-01-preview-swagger.yaml,3.x,8,8,ok
S1__azure.com-mediaservices-media-2015-10-01-swagger.yaml,3.x,10,10,ok
S1__azure.com-migrate-2018-02-02-swagger.yaml,3.x,24,24,ok
S1__azure.com-migrateprojects-migrate-2018-09-01-preview-swagger.yaml,3.x,23,23,ok
S1__azure.com-mixedreality-remote-rendering-2019-12-02-preview-swagger.yaml,3.x,8,8,ok
S1__azure.com-mobileengagement-mobile-engagement-2014-12-01-swagger.yaml,3.x,37,37,ok
S1__azure.com-monitor-actionGroups_API-2019-06-01-swagger.yaml,3.x,7,7,ok
S1__azure.com-monitor-activityLogAlerts_API-2017-04-01-swagger.yaml,3.x,6,6,ok
S1__azure.com-monitor-guestDiagnosticSettingsAssociation_API-2018-06-01-preview-swagger.yaml,3.x,6,6,ok
S1__azure.com-monitor-guestDiagnosticSettings_API-2018-06-01-preview-swagger.yaml,3.x,6,6,ok
S1__azure.com-monitor-metricAlert_API-2018-03-01-swagger.yaml,3.x,8,8,ok
S1__azure.com-monitor-scheduledQueryRule_API-2018-04-16-swagger.yaml,3.x,6,6,ok
S1__azure.com-msi-ManagedIdentity-2018-11-30-swagger.yaml,3.x,7,7,ok
S1__azure.com-mysql-2017-12-01-swagger.yaml,3.x,29,29,ok
S1__azure.com-netapp-2019-07-01-swagger.yaml,3.x,24,24,ok
S1__azure.com-network-2015-05-01-preview-swagger.yaml,3.x,87,87,ok
S1__azure.com-network-applicationSecurityGroup-2019-07-01-swagger.yaml,3.x,6,6,ok
S1__azure.com-network-expressRouteCrossConnection-2019-07-01-swagger.yaml,3.x,12,12,ok
S1__azure.com-network-virtualWan-2019-07-01-swagger.yaml,3.x,49,49,ok
S1__azure.com-notificationhubs-2017-04-01-swagger.yaml,3.x,28,28,ok
S1__azure.com-operationalinsights-Clusters-2019-08-01-preview-swagger.yaml,3.x,6,6,ok
S1__azure.com-operationsmanagement-OperationsManagement-2015-11-01-preview-swagger.yaml,3.x,15,15,ok
S1__azure.com-peering-2019-08-01-preview-swagger.yaml,3.x,26,26,ok
S1__azure.com-policyinsights-policyEvents-2018-04-04-swagger.yaml,3.x,9,9,ok
S1__azure.com-policyinsights-policyStates-2018-07-01-preview-swagger.yaml,3.x,18,18,ok
S1__azure.com-policyinsights-policyTrackedResources-2018-07-01-preview-swagger.yaml,3.x,4,4,ok
S1__azure.com-policyinsights-remediations-2018-07-01-preview-swagger.yaml,3.x,24,24,ok
S1__azure.com-portal-2019-01-01-preview-swagger.yaml,3.x,7,7,ok
S1__azure.com-postgresql-2017-12-01-swagger.yaml,3.x,29,29,ok
S1__azure.com-powerbidedicated-2017-10-01-swagger.yaml,3.x,12,12,ok
S1__azure.com-powerbiembedded-2016-01-29-swagger.yaml,3.x,12,12,ok
S1__azure.com-privatedns-2018-09-01-swagger.yaml,3.x,17,17,ok
S1__azure.com-recoveryservices-vaults-2016-06-01-swagger.yaml,3.x,11,11,ok
S1__azure.com-recoveryservicesbackup-bms-2017-07-01-swagger.yaml,3.x,15,15,ok
S1__azure.com-recoveryservicessiterecovery-service-2018-07-10-swagger.yaml,3.x,124,124,ok
S1__azure.com-redis-2018-03-01-swagger.yaml,3.x,26,26,ok
S1__azure.com-relay-2017-04-01-swagger.yaml,3.x,34,34,ok
S1__azure.com-reservations-2019-04-01-swagger.yaml,3.x,14,14,ok
S1__azure.com-resourcegraph-2018-09-01-preview-swagger.yaml,3.x,4,4,ok
S1__azure.com-resourcegraph-graphquery-2018-09-01-preview-swagger.yaml,3.x,6,6,ok
S1__azure.com-resourcehealth-ResourceHealth-2018-07-01-preview-swagger.yaml,3.x,10,10,ok
S1__azure.com-resources-2019-08-01-swagger.yaml,3.x,78,78,ok
S1__azure.com-resources-features-2015-12-01-swagger.yaml,3.x,5,5,ok
S1__azure.com-resources-links-2016-09-01-swagger.yaml,3.x,6,6,ok
S1__azure.com-resources-locks-2016-09-01-swagger.yaml,3.x,17,17,ok
S1__azure.com-resources-managedapplications-2016-09-01-preview-swagger.yaml,3.x,18,18,ok
S1__azure.com-resources-managedapplications-2018-06-01-swagger.yaml,3.x,14,14,ok
S1__azure.com-resources-policyAssignments-2019-06-01-swagger.yaml,3.x,9,9,ok
S1__azure.com-resources-subscriptions-2019-06-01-swagger.yaml,3.x,5,5,ok
S1__azure.com-scheduler-2016-03-01-swagger.yaml,3.x,15,15,ok
S1__azure.com-search-2015-08-19-swagger.yaml,3.x,13,13,ok
S1__azure.com-search-searchindex-2019-05-06-swagger.yaml,3.x,9,9,ok
S1__azure.com-search-searchservice-2019-05-06-swagger.yaml,3.x,31,31,ok
S1__azure.com-security-deviceSecurityGroups-2019-08-01-swagger.yaml,3.x,4,4,ok
S1__azure.com-securityinsights-SecurityInsights-2019-01-01-preview-swagger.yaml,3.x,45,45,ok
S1__azure.com-serialconsole-2018-05-01-swagger.yaml,3.x,4,4,ok
S1__azure.com-servermanagement-2016-07-01-preview-swagger.yaml,3.x,25,25,ok
S1__azure.com-service-map-arm-service-map-2015-11-01-preview-swagger.yaml,3.x,25,25,ok
S1__azure.com-servicebus-servicebus-preview-2018-01-01-preview-swagger.yaml,3.x,17,17,ok
S1__azure.com-servicefabric-1.0.0-swagger.yaml,3.x,77,77,ok
S1__azure.com-servicefabric-6.5.0.36-swagger.yaml,3.x,234,234,ok
S1__azure.com-servicefabric-application-2019-03-01-swagger.yaml,3.x,19,19,ok
S1__azure.com-servicefabricmesh-2018-09-01-preview-swagger.yaml,3.x,36,36,ok
S1__azure.com-signalr-2018-10-01-swagger.yaml,3.x,12,12,ok
S1__azure.com-softwareplan-2019-06-01-preview-swagger.yaml,3.x,8,8,ok
S1__azure.com-sql-DatabaseSchema-2018-06-01-preview-swagger.yaml,3.x,6,6,ok
S1__azure.com-sql-backupLongTermRetentionPolicies-2014-04-01-swagger.yaml,3.x,3,3,ok
S1__azure.com-sql-backupLongTermRetentionVaults-2014-04-01-swagger.yaml,3.x,3,3,ok
S1__azure.com-sql-backups-2014-04-01-swagger.yaml,3.x,4,4,ok
S1__azure.com-sql-dataMasking-2014-04-01-swagger.yaml,3.x,4,4,ok
S1__azure.com-sql-databases-2014-04-01-swagger.yaml,3.x,11,11,ok
S1__azure.com-sql-disasterRecoveryConfigurations-2014-04-01-swagger.yaml,3.x,6,6,ok
S1__azure.com-sql-firewallRules-2014-04-01-swagger.yaml,3.x,4,4,ok
S1__azure.com-sql-importExport-2014-04-01-swagger.yaml,3.x,3,3,ok
S1__azure.com-sql-replicationLinks-2014-04-01-swagger.yaml,3.x,5,5,ok
S1__azure.com-sql-serverAzureADAdministrators-2014-04-01-swagger.yaml,3.x,4,4,ok
S1__azure.com-sqlvirtualmachine-sqlvm-2017-03-01-preview-swagger.yaml,3.x,17,17,ok
S1__azure.com-storSimple1200Series-StorSimple-2016-10-01-swagger.yaml,3.x,94,94,ok
S1__azure.com-storage-2017-10-01-swagger.yaml,3.x,14,14,ok
S1__azure.com-storage-2019-04-01-swagger.yaml,3.x,19,19,ok
S1__azure.com-storage-DataLakeStorage-2019-10-31-swagger.yaml,3.x,10,10,ok
S1__azure.com-storagecache-2019-08-01-preview-swagger.yaml,3.x,18,18,ok
S1__azure.com-storageimportexport-2016-11-01-swagger.yaml,3.x,10,10,ok
S1__azure.com-storagesync-2019-03-01-swagger.yaml,3.x,37,37,ok
S1__azure.com-storsimple8000series-storsimple-2017-06-01-swagger.yaml,3.x,92,92,ok
S1__azure.com-streamanalytics-functions-2016-03-01-swagger.yaml,3.x,7,7,ok
S1__azure.com-subscription-subscriptionDefinitions-2017-11-01-preview-swagger.yaml,3.x,5,5,ok
S1__azure.com-timeseriesinsights-2018-08-15-preview-swagger.yaml,3.x,22,22,ok
S1__azure.com-timeseriesinsights-2018-11-01-preview-swagger.yaml,3.x,13,13,ok
S1__azure.com-trafficmanager-2018-04-01-swagger.yaml,3.x,16,16,ok
S1__azure.com-visualstudio-Csm-2017-11-01-preview-swagger.yaml,3.x,15,15,ok
S1__azure.com-visualstudio-Projects-2018-08-01-preview-swagger.yaml,3.x,4,4,ok
S1__azure.com-vmwarecloudsimple-2019-04-01-swagger.yaml,3.x,32,32,ok
S1__azure.com-web-AppServiceCertificateOrders-2018-02-01-swagger.yaml,3.x,20,20,ok
S1__azure.com-web-AppServiceEnvironments-2018-02-01-swagger.yaml,3.x,42,42,ok
S1__azure.com-web-AppServicePlans-2018-02-01-swagger.yaml,3.x,29,29,ok
S1__azure.com-web-Certificates-2018-11-01-swagger.yaml,3.x,6,6,ok
S1__azure.com-web-DeletedWebApps-2018-02-01-swagger.yaml,3.x,3,3,ok
S1__azure.com-web-Diagnostics-2018-02-01-swagger.yaml,3.x,22,22,ok
S1__azure.com-web-Domains-2018-02-01-swagger.yaml,3.x,15,15,ok
S1__azure.com-web-Provider-2018-02-01-swagger.yaml,3.x,3,3,ok
S1__azure.com-web-Recommendations-2018-02-01-swagger.yaml,3.x,15,15,ok
S1__azure.com-web-ResourceHealthMetadata-2018-02-01-swagger.yaml,3.x,6,6,ok
S1__azure.com-web-ResourceProvider-2018-02-01-swagger.yaml,3.x,17,17,ok
S1__azure.com-web-TopLevelDomains-2018-02-01-swagger.yaml,3.x,3,3,ok
S1__azure.com-web-WebApps-2018-11-01-swagger.yaml,3.x,349,349,ok
S1__azure.com-web-logicAppsManagementClient-2016-06-01-swagger.yaml,3.x,26,26,ok
S1__azure.com-web-service-2015-08-01-swagger.yaml,3.x,295,295,ok
S1__azure.com-windowsiot-WindowsIotServices-2019-06-01-swagger.yaml,3.x,8,8,ok
S1__azure.com-workloadmonitor-Microsoft.WorkloadMonitor-2018-08-31-preview-swagger.yaml,3.x,13,13,ok
S1__bbc.co.uk-1.0.0-swagger.yaml,3.x,75,75,ok
S1__bbc.com-1.0.0-openapi.yaml,3.x,25,25,ok
S1__bbci.co.uk-1.0-openapi.yaml,3.x,29,29,ok
S1__bclaws.ca-bclaws-1.0.0-openapi.yaml,3.x,7,7,ok
S1__beanstream.com-1.0.1-swagger.yaml,3.x,15,15,ok
S1__beezup.com-2.0-swagger.yaml,3.x,199,199,ok
S1__bhagavadgita.io-1.0-swagger.yaml,3.x,6,6,ok
S1__bigoven.com-partner-swagger.yaml,3.x,68,68,ok
S1__bikewise.org-v2-swagger.yaml,3.x,4,4,ok
S1__billbee.io-v1-swagger.yaml,3.x,67,67,ok
S1__bitbucket.org-2.0-swagger.yaml,3.x,182,182,ok
S1__blazemeter.com-4-swagger.yaml,3.x,14,14,ok
S1__bluemix.net-containers-3.0.0-swagger.yaml,3.x,47,47,ok
S1__botify.com-1.0.0-swagger.yaml,3.x,42,42,ok
S1__box.com-2.0-openapi.yaml,3.x,173,173,ok
S1__brandlovers.com-1.0.0-swagger.yaml,3.x,36,36,ok
S1__brex.io-1.0.0-openapi.yaml,3.x,25,25,ok
S1__browshot.com-1.17.0-swagger.yaml,3.x,17,17,ok
S1__bufferapp.com-1-swagger.yaml,3.x,18,18,ok
S1__bulksms.com-1.0.0-swagger.yaml,3.x,11,11,ok
S1__bungie.net-2.0.0-swagger.yaml,3.x,94,94,ok
S1__callcontrol.com-2015-11-01-swagger.yaml,3.x,6,6,ok
S1__callfire.com-V2-swagger.yaml,3.x,119,119,ok
S1__cambase.io-1.0-swagger.yaml,3.x,17,17,ok
S1__cenit.io-v1-swagger.yaml,3.x,40,40,ok
S1__channel4.com-1.0.0-swagger.yaml,3.x,68,68,ok
S1__circuitsandbox.net-2.9.178-swagger.yaml,3.x,110,110,ok
S1__cisco.com-0.0.3-swagger.yaml,3.x,19,19,ok
S1__citrixonline.com-gotomeeting-1.0.0-swagger.yaml,3.x,26,26,ok
S1__citrixonline.com-scim-NA-swagger.yaml,3.x,17,17,ok
S1__citycontext.com-1.0.0-swagger.yaml,3.x,3,3,ok
S1__clarify.io-1.3.7-swagger.yaml,3.x,21,21,ok
S1__clever-cloud.com-1.0.0-swagger.yaml,3.x,274,274,ok
S1__clever.com-1.2.0-swagger.yaml,3.x,44,44,ok
S1__clickmeter.com-v2-swagger.yaml,3.x,108,108,ok
S1__cloudmersive.com-ocr-v1-swagger.yaml,3.x,16,16,ok
S1__cnab-online.herokuapp.com-1.0.0-swagger.yaml,3.x,4,4,ok
S1__collegefootballdata.com-1.5.0-swagger.yaml,3.x,30,30,ok
S1__consumerfinance.gov-1.0-swagger.yaml,3.x,6,6,ok
S1__contribly.com-1.0.0-swagger.yaml,3.x,44,44,ok
S1__core.ac.uk-2.0-swagger.yaml,3.x,18,18,ok
S1__cpy.re-peertube-1.3.1-openapi.yaml,3.x,72,72,ok
S1__crossbrowsertesting.com-3.0.0-swagger.yaml,3.x,3,3,ok
S1__crucible.local-1.0.0-swagger.yaml,3.x,79,79,ok
S1__data.gov-3.0-swagger.yaml,3.x,3,3,ok
S1__data2crm.com-1-swagger.yaml,3.x,95,95,ok
S1__dataatwork.org-1.0-swagger.yaml,3.x,13,13,ok
S1__datumbox.com-1.0-swagger.yaml,3.x,14,14,ok
S1__deeparteffects.com-2017-02-10T162446Z-swagger.yaml,3.x,3,3,ok
S1__departureboard.io-2.0-openapi.yaml,3.x,6,6,ok
S1__deutschebahn.com-fahrplan-v1-swagger.yaml,3.x,4,4,ok
S1__deutschebahn.com-fasta-v1-swagger.yaml,3.x,5,5,ok
S1__deutschebahn.com-flinkster-v1-swagger.yaml,3.x,10,10,ok
S1__deutschebahn.com-reisezentren-v1-swagger.yaml,3.x,4,4,ok
S1__deutschebahn.com-stada-2.2.01-swagger.yaml,3.x,4,4,ok
S1__digitallinguistics.io-0.3.1-swagger.yaml,3.x,18,18,ok
S1__dracoon.team-4.5.0-swagger.yaml,3.x,167,167,ok
S1__dropx.io-1.0.0-swagger.yaml,3.x,7,7,ok
S1__dweet.io-2.0-swagger.yaml,3.x,13,13,ok
S1__ebay.com-buy-browse-v1_beta.24.0-swagger.yaml,3.x,10,10,ok
S1__ebay.com-buy-feed-v1_beta.16.0-swagger.yaml,3.x,3,3,ok
S1__ebay.com-buy-marketing-v1_beta.1.0-swagger.yaml,3.x,3,3,ok
S1__ebay.com-commerce-taxonomy-v1_beta.4.0-swagger.yaml,3.x,7,7,ok
S1__ebay.com-sell-fulfillment-1.3.0-swagger.yaml,3.x,5,5,ok
S1__elmah.io-v3-swagger.yaml,3.x,14,14,ok
S1__envoice.in-v1-swagger.yaml,3.x,42,42,ok
S1__epa.gov-air-0.0.0-swagger.yaml,3.x,16,16,ok
S1__epa.gov-case-1.0.0-swagger.yaml,3.x,22,22,ok
S1__epa.gov-cwa-0.0.0-swagger.yaml,3.x,36,36,ok
S1__epa.gov-dfr-0.0.0-swagger.yaml,3.x,94,94,ok
S1__epa.gov-echo-1.0.0-swagger.yaml,3.x,16,16,ok
S1__epa.gov-rcra-0.0.0-swagger.yaml,3.x,16,16,ok
S1__epa.gov-sdw-0.0.0-swagger.yaml,3.x,8,8,ok
S1__etmdb.com-1.0.0-swagger.yaml,3.x,27,27,ok
S1__europeana.eu-2.3.0-swagger.yaml,3.x,13,13,ok
S1__evemarketer.com-1.0.1-swagger.yaml,3.x,4,4,ok
S1__evetech.net-0.8.6-swagger.yaml,3.x,205,205,ok
S1__exavault.com-1.0.0-swagger.yaml,3.x,35,35,ok
S1__fec.gov-1.0-swagger.yaml,3.x,91,91,ok
S1__fecru.local-1.0.0-swagger.yaml,3.x,113,113,ok
S1__firebrowse.org-1.1.38-swagger.yaml,3.x,30,30,ok
S1__fisheye.local-1.0.0-swagger.yaml,3.x,16,16,ok
S1__flat.io-2.8.0-swagger.yaml,3.x,70,70,ok
S1__flickr.com-1.0.0-swagger.yaml,3.x,25,25,ok
S1__formapi.io-v1-swagger.yaml,3.x,7,7,ok
S1__fungenerators.com-lottery-1.5-swagger.yaml,3.x,3,3,ok
S1__fungenerators.com-qrcode-1.5-swagger.yaml,3.x,9,9,ok
S1__funtranslations.com-braile-2.3-swagger.yaml,3.x,5,5,ok
S1__funtranslations.com-index-2.3-swagger.yaml,3.x,36,36,ok
S1__funtranslations.com-starwars-2.3-swagger.yaml,3.x,6,6,ok
S1__gamesparks.net-game-details-v2-swagger.yaml,3.x,88,88,ok
S1__geneea.com-1.0-swagger.yaml,3.x,11,11,ok
S1__geodesystems.com-1.0.0-swagger.yaml,3.x,236,236,ok
S1__getgo.com-gototraining-1.0.0-swagger.yaml,3.x,22,22,ok
S1__getgo.com-gotowebinar-1.0.0-swagger.yaml,3.x,38,38,ok
S1__getsandbox.com-v1-swagger.yaml,3.x,9,9,ok
S1__gettyimages.com-3-swagger.yaml,3.x,45,45,ok
S1__giphy.com-1.0-swagger.yaml,3.x,10,10,ok
S1__gisgraphy.com-4.0.0-swagger.yaml,3.x,6,6,ok
S1__gitea.io-1.1.1-swagger.yaml,3.x,190,190,ok
S1__github.com-v3-swagger.yaml,3.x,244,244,ok
S1__gitlab.com-v3-swagger.yaml,3.x,358,358,ok
S1__googleapis.com-accessapproval-v1beta1-swagger.yaml,3.x,5,5,ok
S1__googleapis.com-accesscontextmanager-v1-swagger.yaml,3.x,10,10,ok
S1__googleapis.com-adexchangebuyer-v1.4-swagger.yaml,3.x,38,38,ok
S1__googleapis.com-adexchangebuyer2-v2beta1-swagger.yaml,3.x,33,33,ok
S1__googleapis.com-adexchangeseller-v2.0-swagger.yaml,3.x,14,14,ok
S1__googleapis.com-admin-datatransfer_v1-swagger.yaml,3.x,5,5,ok
S1__googleapis.com-admin-directory_v1-swagger.yaml,3.x,113,113,ok
S1__googleapis.com-admin-reports_v1-swagger.yaml,3.x,6,6,ok
S1__googleapis.com-adsense-v1.4-swagger.yaml,3.x,39,39,ok
S1__googleapis.com-adsensehost-v4.1-swagger.yaml,3.x,26,26,ok
S1__googleapis.com-alertcenter-v1beta1-swagger.yaml,3.x,11,11,ok
S1__googleapis.com-analytics-v3-swagger.yaml,3.x,88,88,ok
S1__googleapis.com-androiddeviceprovisioning-v1-swagger.yaml,3.x,23,23,ok
S1__googleapis.com-androidenterprise-v1-swagger.yaml,3.x,86,86,ok
S1__googleapis.com-androidmanagement-v1-swagger.yaml,3.x,13,13,ok
S1__googleapis.com-androidpublisher-v3-swagger.yaml,3.x,56,56,ok
S1__googleapis.com-appengine-v1beta5-swagger.yaml,3.x,20,20,ok
S1__googleapis.com-appstate-v1-swagger.yaml,3.x,5,5,ok
S1__googleapis.com-bigquery-v2-swagger.yaml,3.x,31,31,ok
S1__googleapis.com-bigqueryconnection-v1beta1-swagger.yaml,3.x,8,8,ok
S1__googleapis.com-bigquerydatatransfer-v1-swagger.yaml,3.x,12,12,ok
S1__googleapis.com-bigqueryreservation-v1alpha2-swagger.yaml,3.x,10,10,ok
S1__googleapis.com-bigtableadmin-v2-swagger.yaml,3.x,22,22,ok
S1__googleapis.com-binaryauthorization-v1beta1-swagger.yaml,3.x,8,8,ok
S1__googleapis.com-blogger-v3-swagger.yaml,3.x,33,33,ok
S1__googleapis.com-books-v1-swagger.yaml,3.x,51,51,ok
S1__googleapis.com-calendar-v3-swagger.yaml,3.x,37,37,ok
S1__googleapis.com-chat-v1-swagger.yaml,3.x,6,6,ok
S1__googleapis.com-civicinfo-v2-swagger.yaml,3.x,5,5,ok
S1__googleapis.com-classroom-v1-swagger.yaml,3.x,56,56,ok
S1__googleapis.com-cloudasset-v1beta1-swagger.yaml,3.x,3,3,ok
S1__googleapis.com-cloudbilling-v1-swagger.yaml,3.x,12,12,ok
S1__googleapis.com-cloudbuild-v1alpha1-swagger.yaml,3.x,5,5,ok
S1__googleapis.com-clouddebugger-v2-swagger.yaml,3.x,8,8,ok
S1__googleapis.com-clouderrorreporting-v1beta1-swagger.yaml,3.x,6,6,ok
S1__googleapis.com-cloudfunctions-v1beta2-swagger.yaml,3.x,10,10,ok
S1__googleapis.com-cloudidentity-v1beta1-swagger.yaml,3.x,9,9,ok
S1__googleapis.com-cloudiot-v1-swagger.yaml,3.x,16,16,ok
S1__googleapis.com-cloudiot-v1beta1-swagger.yaml,3.x,12,12,ok
S1__googleapis.com-cloudkms-v1-swagger.yaml,3.x,23,23,ok
S1__googleapis.com-cloudmonitoring-v2beta2-swagger.yaml,3.x,6,6,ok
S1__googleapis.com-cloudprivatecatalog-v1beta1-swagger.yaml,3.x,3,3,ok
S1__googleapis.com-cloudprivatecatalogproducer-v1beta1-swagger.yaml,3.x,19,19,ok
S1__googleapis.com-cloudprofiler-v2-swagger.yaml,3.x,3,3,ok
S1__googleapis.com-cloudresourcemanager-v2beta1-swagger.yaml,3.x,12,12,ok
S1__googleapis.com-cloudscheduler-v1beta1-swagger.yaml,3.x,9,9,ok
S1__googleapis.com-cloudsearch-v1-swagger.yaml,3.x,31,31,ok
S1__googleapis.com-cloudshell-v1alpha1-swagger.yaml,3.x,6,6,ok
S1__googleapis.com-cloudtasks-v2beta3-swagger.yaml,3.x,15,15,ok
S1__googleapis.com-clouduseraccounts-alpha-swagger.yaml,3.x,23,23,ok
S1__googleapis.com-composer-v1beta1-swagger.yaml,3.x,7,7,ok
S1__googleapis.com-compute-v1-swagger.yaml,3.x,480,480,ok
S1__googleapis.com-consumersurveys-v2-swagger.yaml,3.x,11,11,ok
S1__googleapis.com-container-v1-swagger.yaml,3.x,59,59,ok
S1__googleapis.com-container-v1beta1-swagger.yaml,3.x,54,54,ok
S1__googleapis.com-containeranalysis-v1alpha1-swagger.yaml,3.x,16,16,ok
S1__googleapis.com-content-v2.1-swagger.yaml,3.x,94,94,ok
S1__googleapis.com-dataflow-v1b3-swagger.yaml,3.x,30,30,ok
S1__googleapis.com-datafusion-v1beta1-swagger.yaml,3.x,13,13,ok
S1__googleapis.com-dataproc-v1alpha1-swagger.yaml,3.x,14,14,ok
S1__googleapis.com-dataproc-v1beta2-swagger.yaml,3.x,25,25,ok
S1__googleapis.com-datastore-v1beta3-swagger.yaml,3.x,7,7,ok
S1__googleapis.com-deploymentmanager-alpha-swagger.yaml,3.x,37,37,ok
S1__googleapis.com-deploymentmanager-v2-swagger.yaml,3.x,18,18,ok
S1__googleapis.com-deploymentmanager-v2beta-swagger.yaml,3.x,32,32,ok
S1__googleapis.com-dfareporting-v3.3-swagger.yaml,3.x,204,204,ok
S1__googleapis.com-dialogflow-v2-swagger.yaml,3.x,28,28,ok
S1__googleapis.com-dlp-v2beta2-swagger.yaml,3.x,18,18,ok
S1__googleapis.com-dns-v2beta1-swagger.yaml,3.x,21,21,ok
S1__googleapis.com-docs-v1-swagger.yaml,3.x,3,3,ok
S1__googleapis.com-domainsrdap-v1-swagger.yaml,3.x,10,10,ok
S1__googleapis.com-doubleclickbidmanager-v1-swagger.yaml,3.x,9,9,ok
S1__googleapis.com-doubleclicksearch-v2-swagger.yaml,3.x,10,10,ok
S1__googleapis.com-drive-v3-swagger.yaml,3.x,46,46,ok
S1__googleapis.com-factchecktools-v1alpha1-swagger.yaml,3.x,6,6,ok
S1__googleapis.com-file-v1beta1-swagger.yaml,3.x,8,8,ok
S1__googleapis.com-firebase-v1beta1-swagger.yaml,3.x,19,19,ok
S1__googleapis.com-firebasedynamiclinks-v1-swagger.yaml,3.x,5,5,ok
S1__googleapis.com-firebasehosting-v1beta1-swagger.yaml,3.x,11,11,ok
S1__googleapis.com-firebaserules-v1-swagger.yaml,3.x,9,9,ok
S1__googleapis.com-firestore-v1beta2-swagger.yaml,3.x,8,8,ok
S1__googleapis.com-fitness-v1-swagger.yaml,3.x,13,13,ok
S1__googleapis.com-fusiontables-v2-swagger.yaml,3.x,34,34,ok
S1__googleapis.com-games-v1-swagger.yaml,3.x,53,53,ok
S1__googleapis.com-gamesConfiguration-v1configuration-swagger.yaml,3.x,13,13,ok
S1__googleapis.com-gamesManagement-v1management-swagger.yaml,3.x,27,27,ok
S1__googleapis.com-genomics-v2alpha1-swagger.yaml,3.x,4,4,ok
S1__googleapis.com-gmail-v1-swagger.yaml,3.x,68,68,ok
S1__googleapis.com-groupssettings-v1-swagger.yaml,3.x,3,3,ok
S1__googleapis.com-healthcare-v1alpha2-swagger.yaml,3.x,43,43,ok
S1__googleapis.com-homegraph-v1-swagger.yaml,3.x,5,5,ok
S1__googleapis.com-iam-v1-swagger.yaml,3.x,24,24,ok
S1__googleapis.com-iamcredentials-v1-swagger.yaml,3.x,4,4,ok
S1__googleapis.com-iap-v1beta1-swagger.yaml,3.x,3,3,ok
S1__googleapis.com-identitytoolkit-v3-swagger.yaml,3.x,20,20,ok
S1__googleapis.com-jobs-v3p1beta1-swagger.yaml,3.x,12,12,ok
S1__googleapis.com-language-v1beta2-swagger.yaml,3.x,6,6,ok
S1__googleapis.com-libraryagent-v1-swagger.yaml,3.x,5,5,ok
S1__googleapis.com-licensing-v1-swagger.yaml,3.x,7,7,ok
S1__googleapis.com-logging-v2beta1-swagger.yaml,3.x,13,13,ok
S1__googleapis.com-manufacturers-v1-swagger.yaml,3.x,4,4,ok
S1__googleapis.com-mirror-v1-swagger.yaml,3.x,24,24,ok
S1__googleapis.com-ml-v1beta1-swagger.yaml,3.x,16,16,ok
S1__googleapis.com-monitoring-v3-swagger.yaml,3.x,24,24,ok
S1__googleapis.com-oauth2-v2-swagger.yaml,3.x,4,4,ok
S1__googleapis.com-oslogin-v1-swagger.yaml,3.x,5,5,ok
S1__googleapis.com-partners-v2-swagger.yaml,3.x,17,17,ok
S1__googleapis.com-people-v1-swagger.yaml,3.x,14,14,ok
S1__googleapis.com-playmoviespartner-v1-swagger.yaml,3.x,6,6,ok
S1__googleapis.com-plus-v1-swagger.yaml,3.x,9,9,ok
S1__googleapis.com-plusDomains-v1-swagger.yaml,3.x,10,10,ok
S1__googleapis.com-poly-v1-swagger.yaml,3.x,4,4,ok
S1__googleapis.com-prediction-v1.6-swagger.yaml,3.x,8,8,ok
S1__googleapis.com-proximitybeacon-v1beta1-swagger.yaml,3.x,17,17,ok
S1__googleapis.com-pubsub-v1beta2-swagger.yaml,3.x,16,16,ok
S1__googleapis.com-recommender-v1beta1-swagger.yaml,3.x,5,5,ok
S1__googleapis.com-redis-v1beta1-swagger.yaml,3.x,11,11,ok
S1__googleapis.com-remotebuildexecution-v1alpha-swagger.yaml,3.x,7,7,ok
S1__googleapis.com-remotebuildexecution-v2-swagger.yaml,3.x,9,9,ok
S1__googleapis.com-replicapool-v1beta1-swagger.yaml,3.x,10,10,ok
S1__googleapis.com-replicapool-v1beta2-swagger.yaml,3.x,12,12,ok
S1__googleapis.com-replicapoolupdater-v1beta1-swagger.yaml,3.x,10,10,ok
S1__googleapis.com-reseller-v1-swagger.yaml,3.x,17,17,ok
S1__googleapis.com-resourceviews-v1beta1-swagger.yaml,3.x,14,14,ok
S1__googleapis.com-resourceviews-v1beta2-swagger.yaml,3.x,11,11,ok
S1__googleapis.com-run-v1alpha1-swagger.yaml,3.x,37,37,ok
S1__googleapis.com-runtimeconfig-v1beta1-swagger.yaml,3.x,13,13,ok
S1__googleapis.com-safebrowsing-v4-swagger.yaml,3.x,7,7,ok
S1__googleapis.com-script-v1-swagger.yaml,3.x,16,16,ok
S1__googleapis.com-securitycenter-v1p1alpha1-swagger.yaml,3.x,3,3,ok
S1__googleapis.com-servicebroker-v1alpha1-swagger.yaml,3.x,14,14,ok
S1__googleapis.com-serviceconsumermanagement-v1-swagger.yaml,3.x,12,12,ok
S1__googleapis.com-servicecontrol-v1-swagger.yaml,3.x,3,3,ok
S1__googleapis.com-servicemanagement-v1-swagger.yaml,3.x,21,21,ok
S1__googleapis.com-servicenetworking-v1-swagger.yaml,3.x,8,8,ok
S1__googleapis.com-serviceusage-v1beta1-swagger.yaml,3.x,6,6,ok
S1__googleapis.com-serviceuser-v1-swagger.yaml,3.x,4,4,ok
S1__googleapis.com-sheets-v4-swagger.yaml,3.x,17,17,ok
S1__googleapis.com-siteVerification-v1-swagger.yaml,3.x,7,7,ok
S1__googleapis.com-slides-v1-swagger.yaml,3.x,5,5,ok
S1__googleapis.com-sourcerepo-v1-swagger.yaml,3.x,11,11,ok
S1__googleapis.com-spanner-v1-swagger.yaml,3.x,28,28,ok
S1__googleapis.com-spectrum-v1explorer-swagger.yaml,3.x,6,6,ok
S1__googleapis.com-speech-v1beta1-swagger.yaml,3.x,3,3,ok
S1__googleapis.com-speech-v1p1beta1-swagger.yaml,3.x,6,6,ok
S1__googleapis.com-sqladmin-v1beta3-swagger.yaml,3.x,24,24,ok
S1__googleapis.com-sqladmin-v1beta4-swagger.yaml,3.x,44,44,ok
S1__googleapis.com-storage-v1-swagger.yaml,3.x,52,52,ok
S1__googleapis.com-storage-v1beta2-swagger.yaml,3.x,34,34,ok
S1__googleapis.com-storagetransfer-v1-swagger.yaml,3.x,10,10,ok
S1__googleapis.com-streetviewpublish-v1-swagger.yaml,3.x,9,9,ok
S1__googleapis.com-surveys-v2-swagger.yaml,3.x,8,8,ok
S1__googleapis.com-tagmanager-v1-swagger.yaml,3.x,49,49,ok
S1__googleapis.com-taskqueue-v1beta2-swagger.yaml,3.x,8,8,ok
S1__googleapis.com-tasks-v1-swagger.yaml,3.x,14,14,ok
S1__googleapis.com-testing-v1-swagger.yaml,3.x,5,5,ok
S1__googleapis.com-toolresults-v1beta3-swagger.yaml,3.x,26,26,ok
S1__googleapis.com-toolresults-v1beta3firstparty-swagger.yaml,3.x,24,24,ok
S1__googleapis.com-tpu-v1alpha1-swagger.yaml,3.x,12,12,ok
S1__googleapis.com-tracing-v2-swagger.yaml,3.x,4,4,ok
S1__googleapis.com-translate-v2-swagger.yaml,3.x,5,5,ok
S1__googleapis.com-translate-v3beta1-swagger.yaml,3.x,12,12,ok
S1__googleapis.com-urlshortener-v1-swagger.yaml,3.x,3,3,ok
S1__googleapis.com-vault-v1-swagger.yaml,3.x,28,28,ok
S1__googleapis.com-videointelligence-v1-swagger.yaml,3.x,8,8,ok
S1__googleapis.com-vision-v1p2beta1-swagger.yaml,3.x,8,8,ok
S1__googleapis.com-webmasters-v3-swagger.yaml,3.x,9,9,ok
S1__googleapis.com-websecurityscanner-v1-swagger.yaml,3.x,11,11,ok
S1__googleapis.com-youtube-v3-swagger.yaml,3.x,73,73,ok
S1__googleapis.com-youtubeAnalytics-v1beta1-swagger.yaml,3.x,8,8,ok
S1__googleapis.com-youtubeAnalytics-v2-swagger.yaml,3.x,8,8,ok
S1__googleapis.com-youtubereporting-v1-swagger.yaml,3.x,8,8,ok
S1__gov.bc.ca-bcdc-3.0.1-openapi.yaml,3.x,22,22,ok
S1__gov.bc.ca-bcgnws-3.x.x-openapi.yaml,3.x,14,14,ok
S1__gov.bc.ca-geocoder-2.0.0-openapi.yaml,3.x,16,16,ok
S1__gov.bc.ca-geomark-4.1.2-openapi.yaml,3.x,7,7,ok
S1__gov.bc.ca-gwells-v1-openapi.yaml,3.x,24,24,ok
S1__gov.bc.ca-jobposting-1.0.0-openapi.yaml,3.x,5,5,ok
S1__gov.bc.ca-news-1.0-openapi.yaml,3.x,27,27,ok
S1__gov.bc.ca-open511-1.0.0-openapi.yaml,3.x,4,4,ok
S1__gov.bc.ca-router-2.0.0-openapi.yaml,3.x,24,24,ok
S1__greenpeace.org-1.0.0-swagger.yaml,3.x,6,6,ok
S1__gsa.gov-0.1-swagger.yaml,3.x,5,5,ok
S1__hackathonwatch.com-0.1-swagger.yaml,3.x,4,4,ok
S1__haloapi.com-metadata-1.0-swagger.yaml,3.x,37,37,ok
S1__haloapi.com-profile-1.0-swagger.yaml,3.x,3,3,ok
S1__haloapi.com-stats-1.0-swagger.yaml,3.x,28,28,ok
S1__haloapi.com-ugc-1.0-swagger.yaml,3.x,4,4,ok
S1__handwrytten.com-1.0.0-swagger.yaml,3.x,30,30,ok
S1__healthcare.gov-1.0.0-swagger.yaml,3.x,16,16,ok
S1__here.com-tracking-2.0.0-swagger.yaml,3.x,57,57,ok
S1__hetras-certification.net-booking-v0-swagger.yaml,3.x,19,19,ok
S1__hetras-certification.net-hotel-v0-swagger.yaml,3.x,21,21,ok
S1__hhs.gov-2-swagger.yaml,3.x,32,32,ok
S1__highwaysengland.co.uk-v1-swagger.yaml,3.x,10,10,ok
S1__hillbillysoftware.com-shinobi-v1-swagger.yaml,3.x,58,58,ok
S1__hsbc.com-1.0.0-swagger.yaml,3.x,19,19,ok
S1__icons8.com-1.0.0-swagger.yaml,3.x,8,8,ok
S1__idtbeyond.com-1.1.7-swagger.yaml,3.x,14,14,ok
S1__ijenko.net-3.0.0-swagger.yaml,3.x,67,67,ok
S1__illumidesk.com-1.0-swagger.yaml,3.x,143,143,ok
S1__import.io-schedule-1.0-swagger.yaml,3.x,4,4,ok
S1__inboxroute.com-0.9-swagger.yaml,3.x,8,8,ok
S1__infermedica.com-v2-swagger.yaml,3.x,16,16,ok
S1__instagram.com-1.0.0-swagger.yaml,3.x,27,27,ok
S1__instawell.com-1.0-swagger.yaml,3.x,8,8,ok
S1__iqualify.com-v1-swagger.yaml,3.x,64,64,ok
S1__isbndb.com-1.0.1-swagger.yaml,3.x,10,10,ok
S1__isendpro.com-1.1.1-swagger.yaml,3.x,14,14,ok
S1__iva-api.com-2.0-swagger.yaml,3.x,153,153,ok
S1__je-apis.com-2.0.0.0-swagger.yaml,3.x,70,70,ok
S1__jira.local-1.0.0-swagger.yaml,3.x,324,324,ok
S1__jirafe.com-2.0.0-swagger.yaml,3.x,6,6,ok
S1__jokes.one-1.1-swagger.yaml,3.x,12,12,ok
S1__jumpseller.com-1-swagger.yaml,3.x,104,104,ok
S1__just-eat.co.uk-v1-swagger.yaml,3.x,11,11,ok
S1__keyserv.solutions-1.2.5-swagger.yaml,3.x,24,24,ok
S1__kubernetes.io-v1.17.0-swagger.yaml,3.x,1113,1113,ok
S1__launchdarkly.com-2.0.5-swagger.yaml,3.x,46,46,ok
S1__learnifier.com-1.1.0-swagger.yaml,3.x,34,34,ok
S1__letmc.com-basic-tier-v2-basic-tier-swagger.yaml,3.x,45,45,ok
S1__letmc.com-customer-v2-customer-swagger.yaml,3.x,23,23,ok
S1__letmc.com-diary-v3-diary-swagger.yaml,3.x,8,8,ok
S1__letmc.com-free-tier-v2-free-tier-swagger.yaml,3.x,43,43,ok
S1__letmc.com-reporting-v3-reporting-swagger.yaml,3.x,4,4,ok
S1__link.fish-2018-07-05-swagger.yaml,3.x,8,8,ok
S1__listennotes.com-2.0-openapi.yaml,3.x,16,16,ok
S1__lotadata.com-2.0.0-swagger.yaml,3.x,4,4,ok
S1__lufthansa.com-partner-1.0-swagger.yaml,3.x,16,16,ok
S1__lufthansa.com-public-1.0-swagger.yaml,3.x,15,15,ok
S1__lumminary.com-1.0-swagger.yaml,3.x,17,17,ok
S1__lyft.com-1.0.0-swagger.yaml,3.x,16,16,ok
S1__magento.com-2.1-swagger.yaml,3.x,355,355,ok
S1__magick.nu-1.0-swagger.yaml,3.x,8,8,ok
S1__maif.local-otoroshi-1.1.2-swagger.yaml,3.x,52,52,ok
S1__mandrillapp.com-1.0-swagger.yaml,3.x,90,90,ok
S1__mashape.com-geodb-1.0.0-swagger.yaml,3.x,24,24,ok
S1__math.tools-1.5-openapi.yaml,3.x,26,26,ok
S1__mcw.edu-1.1-swagger.yaml,3.x,92,92,ok
S1__medium.com-1.0.0-swagger.yaml,3.x,5,5,ok
S1__mercedes-benz.com-configurator-1.0-swagger.yaml,3.x,24,24,ok
S1__mercedes-benz.com-dealer-1.0-swagger.yaml,3.x,3,3,ok
S1__mercedes-benz.com-diagnostics-1.0-swagger.yaml,3.x,4,4,ok
S1__mercedes-benz.com-image-1.0-swagger.yaml,3.x,8,8,ok
S1__miataru.com-1.0.0-swagger.yaml,3.x,5,5,ok
S1__microsoft.com-cognitiveservices-ComputerVision-2.1-swagger.yaml,3.x,9,9,ok
S1__microsoft.com-cognitiveservices-ImageSearch-1.0-swagger.yaml,3.x,3,3,ok
S1__microsoft.com-cognitiveservices-NewsSearch-1.0-swagger.yaml,3.x,3,3,ok
S1__microsoft.com-cognitiveservices-Prediction-1.1-swagger.yaml,3.x,4,4,ok
S1__microsoft.com-cognitiveservices-Prediction-3.0-swagger.yaml,3.x,8,8,ok
S1__microsoft.com-cognitiveservices-Training-2.1-swagger.yaml,3.x,41,41,ok
S1__microsoft.com-cognitiveservices-Training-3.1-swagger.yaml,3.x,46,46,ok
S1__microsoft.com-cognitiveservices-VideoSearch-1.0-swagger.yaml,3.x,3,3,ok
S1__motaword.com-1.0-swagger.yaml,3.x,47,47,ok
S1__mozilla.com-kinto-1.22-swagger.yaml,3.x,19,19,ok
S1__musixmatch.com-1.1.0-swagger.yaml,3.x,16,16,ok
S1__n-auth.com-0.0.3-swagger.yaml,3.x,17,17,ok
S1__namsor.com-2.0.5-openapi.yaml,3.x,81,81,ok
S1__nativeads.com-1.0.0-swagger.yaml,3.x,4,4,ok
S1__naviplancentral.com-factfinder-v1-swagger.yaml,3.x,151,151,ok
S1__naviplancentral.com-plan-v1-swagger.yaml,3.x,64,64,ok
S1__nba.com-1.0.0-swagger.yaml,3.x,91,91,ok
S1__nebl.io-1.2.1-swagger.yaml,3.x,49,49,ok
S1__neowsapp.com-1.0-swagger.yaml,3.x,7,7,ok
S1__netatmo.net-1.1.1-swagger.yaml,3.x,20,20,ok
S1__netlicensing.io-2.x-swagger.yaml,3.x,40,40,ok
S1__netlify.com-0.1.0-swagger.yaml,3.x,75,75,ok
S1__neutrinoapi.com-3.3.5-swagger.yaml,3.x,26,26,ok
S1__nexmo.com-account-1.0.0-openapi.yaml,3.x,7,7,ok
S1__nexmo.com-application-1.0.2-openapi.yaml,3.x,5,5,ok
S1__nexmo.com-external-accounts-0.1.1-openapi.yaml,3.x,9,9,ok
S1__nexmo.com-media-1.0.0-openapi.yaml,3.x,4,4,ok
S1__nexmo.com-messages-1.0.2-openapi.yaml,3.x,3,3,ok
S1__nexmo.com-number-insight-1.0.4-openapi.yaml,3.x,4,4,ok
S1__nexmo.com-numbers-1.0.10-openapi.yaml,3.x,5,5,ok
S1__nexmo.com-stitch-1.6.0-openapi.yaml,3.x,22,22,ok
S1__nexmo.com-subaccounts-1.0.2-openapi.yaml,3.x,8,8,ok
S1__nexmo.com-verify-1.0.6-openapi.yaml,3.x,4,4,ok
S1__nexmo.com-voice-1.2.0-openapi.yaml,3.x,9,9,ok
S1__nfusionsolutions.biz-1-swagger.yaml,3.x,17,17,ok
S1__noosh.com-1.0-swagger.yaml,3.x,63,63,ok
S1__npr.org-authorization-2-swagger.yaml,3.x,4,4,ok
S1__npr.org-identity-2-swagger.yaml,3.x,4,4,ok
S1__npr.org-listening-2-swagger.yaml,3.x,9,9,ok
S1__nrel.gov-transportation-incentives-laws-0.1.0-swagger.yaml,3.x,4,4,ok
S1__nsidc.org-1.0.0-swagger.yaml,3.x,4,4,ok
S1__nytimes.com-books_api-3.0.0-swagger.yaml,3.x,6,6,ok
S1__nytimes.com-movie_reviews-2.0.0-swagger.yaml,3.x,3,3,ok
S1__nytimes.com-timeswire-3.0.0-swagger.yaml,3.x,3,3,ok
S1__o2.cz-sociodemo-1.2.0-swagger.yaml,3.x,3,3,ok
S1__obono.at-1.4.0.0-swagger.yaml,3.x,18,18,ok
S1__oceandrivers.com-1.0-swagger.yaml,3.x,10,10,ok
S1__openalpr.com-2.0.1-swagger.yaml,3.x,4,4,ok
S1__openapi-converter.herokuapp.com-1.0.0-swagger.yaml,3.x,5,5,ok
S1__openapi.space-1.0.0-swagger.yaml,3.x,15,15,ok
S1__opendatanetwork.com-1.0.0-swagger.yaml,3.x,9,9,ok
S1__opendatasoft.com-2.1.0-swagger.yaml,3.x,34,34,ok
S1__openfintech.io-2017-08-24-swagger.yaml,3.x,18,18,ok
S1__openlinksw.com-osdb-1.0.0-openapi.yaml,3.x,10,10,ok
S1__openstf.io-2.3.0-swagger.yaml,3.x,10,10,ok
S1__opentargets.io-19.02.1-swagger.yaml,3.x,31,31,ok
S1__opentrials.local-0.0.1-swagger.yaml,3.x,17,17,ok
S1__opto22.com-groov-R3.3a-swagger.yaml,3.x,8,8,ok
S1__opto22.com-pac-R1.0a-swagger.yaml,3.x,55,55,ok
S1__orghunter.com-1.0.0-swagger.yaml,3.x,6,6,ok
S1__ornl.gov-daymet-1.0.2-swagger.yaml,3.x,4,4,ok
S1__osf.io-2.0-swagger.yaml,3.x,153,153,ok
S1__osisoft.com-1.11.1.5383-swagger.yaml,3.x,413,413,ok
S1__owler.com-1.0.0-swagger.yaml,3.x,13,13,ok
S1__pandorabots.com-1.0.0-swagger.yaml,3.x,13,13,ok
S1__patientview.org-1.0-swagger.yaml,3.x,15,15,ok
S1__patrowl.local-1.0.0-openapi.yaml,3.x,12,12,ok
S1__payments.service.gov.uk-payments-1.0.3-swagger.yaml,3.x,16,16,ok
S1__payrun.io-19.20.3.207-swagger.yaml,3.x,298,298,ok
S1__peel-ci.com-1.0.0-swagger.yaml,3.x,4,4,ok
S1__personio.de-personnel-1.0-swagger.yaml,3.x,13,13,ok
S1__pims.io-1.0-swagger.yaml,3.x,28,28,ok
S1__polygon.io-1.0.0-swagger.yaml,3.x,10,10,ok
S1__postmarkapp.com-account-0.9.0-swagger.yaml,3.x,23,23,ok
S1__postmarkapp.com-server-1.0.0-swagger.yaml,3.x,49,49,ok
S1__posty-api.herokuapp.com-v1-swagger.yaml,3.x,28,28,ok
S1__ptv.vic.gov.au-v3-swagger.yaml,3.x,25,25,ok
S1__qualpay.com-1.7.0-swagger.yaml,3.x,16,16,ok
S1__quotes.rest-2.1-swagger.yaml,3.x,22,22,ok
S1__rapidapi.com-football-prediction-2-openapi.yaml,3.x,5,5,ok
S1__rbaskets.in-1.0.0-swagger.yaml,3.x,20,20,ok
S1__rebilly.com-2.1-swagger.yaml,3.x,149,149,ok
S1__receptive.io-1.0.0-swagger.yaml,3.x,28,28,ok
S1__redirection.io-1.1.0-swagger.yaml,3.x,89,89,ok
S1__refugerestrooms.org-0.0.1-swagger.yaml,3.x,4,4,ok
S1__reloadly.com-1.0.0-swagger.yaml,3.x,14,14,ok
S1__reverb.com-3.0-swagger.yaml,3.x,162,162,ok
S1__ritc.io-1.0.0-swagger.yaml,3.x,66,66,ok
S1__ritekit.com-1.0.0-swagger.yaml,3.x,13,13,ok
S1__roaring.io-1.0-swagger.yaml,3.x,11,11,ok
S1__rottentomatoes.com-1.0-swagger.yaml,3.x,18,18,ok
S1__rummblelabs.com-1.0.0-swagger.yaml,3.x,15,15,ok
S1__runscope.com-1.0.0-swagger.yaml,3.x,29,29,ok
S1__salesloft.com-v2-swagger.yaml,3.x,60,60,ok
S1__schooldigger.com-v1-swagger.yaml,3.x,6,6,ok
S1__scrapewebsite.email-0.1-swagger.yaml,3.x,3,3,ok
S1__semantria.com-4.0-swagger.yaml,3.x,41,41,ok
S1__setlist.fm-1.0-swagger.yaml,3.x,15,15,ok
S1__sheerseo.com-0.0.1-swagger.yaml,3.x,4,4,ok
S1__sheetlabs.com-rig-veda-1.1-swagger.yaml,3.x,7,7,ok
S1__sheetlabs.com-vedic-society-1.1-swagger.yaml,3.x,4,4,ok
S1__skynewz-api-fortnite.herokuapp.com-3.1.5-swagger.yaml,3.x,9,9,ok
S1__slicebox.local-2.0-swagger.yaml,3.x,118,118,ok
S1__slideroom.com-v2-swagger.yaml,3.x,11,11,ok
S1__smart-me.com-v1-swagger.yaml,3.x,42,42,ok
S1__solarvps.com-1.0.0-swagger.yaml,3.x,20,20,ok
S1__sonar.trading-1.0-swagger.yaml,3.x,4,4,ok
S1__spinbot.net-1.0-swagger.yaml,3.x,4,4,ok
S1__spinitron.com-1.0.0-swagger.yaml,3.x,9,9,ok
S1__sportsdata.io-cbb-v3-scores-1.0-swagger.yaml,3.x,13,13,ok
S1__sportsdata.io-cbb-v3-stats-1.0-swagger.yaml,3.x,23,23,ok
S1__sportsdata.io-cfb-v3-scores-1.0-swagger.yaml,3.x,13,13,ok
S1__sportsdata.io-csgo-v3-scores-1.0-swagger.yaml,3.x,16,16,ok
S1__sportsdata.io-csgo-v3-stats-1.0-swagger.yaml,3.x,18,18,ok
S1__sportsdata.io-golf-v2-1.0-swagger.yaml,3.x,14,14,ok
S1__sportsdata.io-lol-v3-scores-1.0-swagger.yaml,3.x,16,16,ok
S1__sportsdata.io-lol-v3-stats-1.0-swagger.yaml,3.x,21,21,ok
S1__sportsdata.io-mlb-v3-projections-1.0-swagger.yaml,3.x,4,4,ok
S1__sportsdata.io-mlb-v3-rotoballer-articles-1.0-swagger.yaml,3.x,3,3,ok
S1__sportsdata.io-mlb-v3-rotoballer-premium-news-1.0-swagger.yaml,3.x,3,3,ok
S1__sportsdata.io-mlb-v3-scores-1.0-swagger.yaml,3.x,17,17,ok
S1__sportsdata.io-mlb-v3-stats-1.0-swagger.yaml,3.x,32,32,ok
S1__sportsdata.io-nascar-v2-1.0-swagger.yaml,3.x,6,6,ok
S1__sportsdata.io-nba-v3-projections-1.0-swagger.yaml,3.x,6,6,ok
S1__sportsdata.io-nba-v3-rotoballer-articles-1.0-swagger.yaml,3.x,3,3,ok
S1__sportsdata.io-nba-v3-rotoballer-premium-news-1.0-swagger.yaml,3.x,3,3,ok
S1__sportsdata.io-nba-v3-scores-1.0-swagger.yaml,3.x,16,16,ok
S1__sportsdata.io-nba-v3-stats-1.0-swagger.yaml,3.x,28,28,ok
S1__sportsdata.io-nfl-v3-play-by-play-1.0-swagger.yaml,3.x,3,3,ok
S1__sportsdata.io-nfl-v3-projections-1.0-swagger.yaml,3.x,13,13,ok
S1__sportsdata.io-nfl-v3-rotoballer-articles-1.0-swagger.yaml,3.x,3,3,ok
S1__sportsdata.io-nfl-v3-rotoballer-premium-news-1.0-swagger.yaml,3.x,4,4,ok
S1__sportsdata.io-nfl-v3-scores-1.0-swagger.yaml,3.x,32,32,ok
S1__sportsdata.io-nfl-v3-stats-1.0-swagger.yaml,3.x,73,73,ok
S1__sportsdata.io-nhl-v3-projections-1.0-swagger.yaml,3.x,3,3,ok
S1__sportsdata.io-nhl-v3-scores-1.0-swagger.yaml,3.x,17,17,ok
S1__sportsdata.io-nhl-v3-stats-1.0-swagger.yaml,3.x,28,28,ok
S1__sportsdata.io-soccer-v3-projections-1.0-swagger.yaml,3.x,3,3,ok
S1__sportsdata.io-soccer-v3-scores-1.0-swagger.yaml,3.x,23,23,ok
S1__sportsdata.io-soccer-v3-stats-1.0-swagger.yaml,3.x,33,33,ok
S1__spotify.com-v1-swagger.yaml,3.x,37,37,ok
S1__squareup.com-2.0-swagger.yaml,3.x,96,96,ok
S1__stackexchange.com-2.0-swagger.yaml,3.x,124,124,ok
S1__staging-ecotaco.com-1.0.0-swagger.yaml,3.x,27,27,ok
S1__statsocial.com-1.0.0-swagger.yaml,3.x,17,17,ok
S1__storecove.com-2.0.1-swagger.yaml,3.x,21,21,ok
S1__stripe.com-2019-09-09-swagger.yaml,3.x,348,348,ok
S1__surrey.ca-open511-0.1-swagger.yaml,3.x,4,4,ok
S1__swagger.io-generator-2.4.8-swagger.yaml,3.x,7,7,ok
S1__swaggerhub.com-1.0.47-swagger.yaml,3.x,24,24,ok
S1__synq.fm-1.9.1-swagger.yaml,3.x,7,7,ok
S1__taggun.io-1.2.221-swagger.yaml,3.x,10,10,ok
S1__taxamo.com-1-swagger.yaml,3.x,36,36,ok
S1__taxrates.io-3.0-swagger.yaml,3.x,4,4,ok
S1__tfl.gov.uk-v1-swagger.yaml,3.x,85,85,ok
S1__thenounproject.com-1.0.0-swagger.yaml,3.x,13,13,ok
S1__thesmsworks.co.uk-1.3.0-swagger.yaml,3.x,15,15,ok
S1__thetvdb.com-2.2.0-swagger.yaml,3.x,29,29,ok
S1__tomtom.com-maps-1.0.0-openapi.yaml,3.x,10,10,ok
S1__tomtom.com-routing-1.0.0-openapi.yaml,3.x,4,4,ok
S1__tomtom.com-search-1.0.0-openapi.yaml,3.x,19,19,ok
S1__traccar.org-4.6-swagger.yaml,3.x,61,61,ok
S1__transavia.com-1.0-swagger.yaml,3.x,5,5,ok
S1__transitfeeds.com-1.0.0-swagger.yaml,3.x,4,4,ok
S1__trashnothing.com-1.0.0-swagger.yaml,3.x,56,56,ok
S1__trello.com-1.0-swagger.yaml,3.x,324,324,ok
S1__turbinelabs.io-1.0-swagger.yaml,3.x,44,44,ok
S1__tvmaze.com-1.0-swagger.yaml,3.x,35,35,ok
S1__twilio.com-2010-04-01-swagger.yaml,3.x,116,116,ok
S1__twinehealth.com-v7.78.1-swagger.yaml,3.x,62,62,ok
S1__twitter.com-labs-1.5-openapi.yaml,3.x,6,6,ok
S1__twitter.com-legacy-1.1-swagger.yaml,3.x,83,83,ok
S1__tyk.com-1.9-swagger.yaml,3.x,18,18,ok
S1__uebermaps.com-2.0-swagger.yaml,3.x,56,56,ok
S1__vatapi.com-1-swagger.yaml,3.x,11,11,ok
S1__versioneye.com-2.0-swagger.yaml,3.x,46,46,ok
S1__vestorly.com-1.0.0-swagger.yaml,3.x,51,51,ok
S1__victorops.com-0.0.3-swagger.yaml,3.x,72,72,ok
S1__vimeo.com-3.4-openapi.yaml,3.x,326,326,ok
S1__visagecloud.com-1.1-swagger.yaml,3.x,52,52,ok
S1__visiblethread.com-1.0-swagger.yaml,3.x,12,12,ok
S1__vocadb.net-v1-swagger.yaml,3.x,117,117,ok
S1__vonage.com-account-1.11.7-openapi.yaml,3.x,3,3,ok
S1__vonage.com-vgis-1.0.1-openapi.yaml,3.x,20,20,ok
S1__voodoomfg.com-2.0.0-swagger.yaml,3.x,11,11,ok
S1__waag.org-v1-swagger.yaml,3.x,47,47,ok
S1__walmart.com-inventory-3.0.1-swagger.yaml,3.x,4,4,ok
S1__walmart.com-item-3.0.1-swagger.yaml,3.x,6,6,ok
S1__walmart.com-order-3.0.1-swagger.yaml,3.x,9,9,ok
S1__warwick.ac.uk-enterobase-v2.0-swagger.yaml,3.x,26,26,ok
S1__watchful.li-1.0.0-swagger.yaml,3.x,59,59,ok
S1__waterlinked.com-1.0.0-swagger.yaml,3.x,27,27,ok
S1__wavecell.com-v1-swagger.yaml,3.x,4,4,ok
S1__wealthport.com-1.0-swagger.yaml,3.x,26,26,ok
S1__weatherbit.io-2.0.0-swagger.yaml,3.x,64,64,ok
S1__weber-gesamtausgabe.de-1.0.0-swagger.yaml,3.x,8,8,ok
S1__wedpax.com-v1-swagger.yaml,3.x,66,66,ok
S1__whapi.com-accounts-2.0.0-swagger.yaml,3.x,9,9,ok
S1__whapi.com-bets-2.0.0-swagger.yaml,3.x,6,6,ok
S1__whapi.com-locations-2.0-swagger.yaml,3.x,5,5,ok
S1__whapi.com-sessions-2.0.0-swagger.yaml,3.x,4,4,ok
S1__whapi.com-sportsdata-2-swagger.yaml,3.x,15,15,ok
S1__whatsapp.local-1.0-openapi.yaml,3.x,53,53,ok
S1__wikimedia.org-1.0.0-swagger.yaml,3.x,35,35,ok
S1__windows.net-batch-BatchService-2018-08-01.7.0-swagger.yaml,3.x,73,73,ok
S1__windows.net-graphrbac-1.6-swagger.yaml,3.x,52,52,ok
S1__winsms.co.za-1.0.0-swagger.yaml,3.x,10,10,ok
S1__wmata.com-bus-route-1.0-swagger.yaml,3.x,12,12,ok
S1__wmata.com-incidents-1.0-swagger.yaml,3.x,6,6,ok
S1__wmata.com-rail-station-1.0-swagger.yaml,3.x,16,16,ok
S1__wordnik.com-4.0-swagger.yaml,3.x,28,28,ok
S1__wowza.com-1-swagger.yaml,3.x,104,104,ok
S1__xero.com-2.0-swagger.yaml,3.x,151,151,ok
S1__youneedabudget.com-1.0.0-swagger.yaml,3.x,28,28,ok
S1__yunbi.com-v2-swagger.yaml,3.x,22,22,ok
S1__zappiti.com-4.15.174-swagger.yaml,3.x,7,7,ok
S1__zoom.us-2.0.0-swagger.yaml,3.x,114,114,ok
S1__zoomconnect.com-1-swagger.yaml,3.x,54,54,ok
S1__zuora.com-2019-09-19-swagger.yaml,3.x,382,382,ok
S2__1password.com__events__1.2.0__openapi.yaml,3.x,5,5,ok
S2__1password.local__connect__1.5.7__openapi.yaml,3.x,13,13,ok
S2__6-dot-authentiqio.appspot.com__6__openapi.yaml,3.x,12,12,ok
S2__ably.io__platform__1.1.0__openapi.yaml,3.x,22,22,ok
S2__ably.net__control__1.0.14__openapi.yaml,3.x,22,22,ok
S2__ably.net__control__v1__openapi.yaml,3.x,22,22,ok
S2__adafruit.com__2.0.0__swagger.yaml,2.0,71,71,ok
S2__adobe.com__aem__3.7.1-pre.0__openapi.yaml,3.x,48,48,ok
S2__adyen.com__AccountService__6__openapi.yaml,3.x,20,20,ok
S2__adyen.com__BalancePlatformService__2__openapi.yaml,3.x,42,42,ok
S2__adyen.com__DisputeService-v30__30__openapi.yaml,3.x,5,5,ok
S2__adyen.com__FundService__6__openapi.yaml,3.x,8,8,ok
S2__adyen.com__GrantService-v3__3__openapi.yaml,3.x,3,3,ok
S2__adyen.com__LegalEntityService__3__openapi.yaml,3.x,29,29,ok
S2__adyen.com__ManagementService-v3__3__openapi.yaml,3.x,132,132,ok
S2__adyen.com__NotificationConfigurationService__6__openapi.yaml,3.x,6,6,ok
S2__adyen.com__PayoutService__68__openapi.yaml,3.x,6,6,ok
S2__adyen.com__RecurringService__68__openapi.yaml,3.x,6,6,ok
S2__adyen.com__StoredValueService__46__openapi.yaml,3.x,6,6,ok
S2__adyen.com__TerminalAPI-v1__1__openapi.yaml,3.x,18,18,ok
S2__adyen.com__TfmAPIService__1__openapi.yaml,3.x,5,5,ok
S2__adyen.com__TransferService-v4__4__openapi.yaml,3.x,7,7,ok
S2__afterbanks.com__3.0.0__swagger.yaml,2.0,3,3,ok
S2__airbyte.local__config__1.0.0__openapi.yaml,3.x,102,102,ok
S2__alertersystem.com__1.7.0__openapi.yaml,3.x,500,500,ok
S2__amadeus.com__amadeus-points-of-interest__1.1.1__swagger.yaml,2.0,3,3,ok
S2__amadeus.com__amadeus-safe-place-__1.0.0__swagger.yaml,2.0,3,3,ok
S2__amadeus.com__amadeus-tours-and-activities__1.0.2__swagger.yaml,2.0,3,3,ok
S2__amazonaws.com__accessanalyzer__2019-11-01__openapi.yaml,3.x,28,28,ok
S2__amazonaws.com__account__2021-02-01__openapi.yaml,3.x,9,9,ok
S2__amazonaws.com__amp__2020-08-01__openapi.yaml,3.x,21,21,ok
S2__amazonaws.com__amplifybackend__2020-08-11__openapi.yaml,3.x,31,31,ok
S2__amazonaws.com__amplifyuibuilder__2021-08-11__openapi.yaml,3.x,25,25,ok
S2__amazonaws.com__appconfig__2019-10-09__openapi.yaml,3.x,43,43,ok
S2__amazonaws.com__appfabric__2023-05-19__openapi.yaml,3.x,26,26,ok
S2__amazonaws.com__appflow__2020-08-23__openapi.yaml,3.x,25,25,ok
S2__amazonaws.com__appintegrations__2020-07-29__openapi.yaml,3.x,15,15,ok
S2__amazonaws.com__application-autoscaling__2016-02-06__openapi.yaml,3.x,13,13,ok
S2__amazonaws.com__applicationcostprofiler__2020-09-10__openapi.yaml,3.x,6,6,ok
S2__amazonaws.com__apprunner__2020-05-15__openapi.yaml,3.x,35,35,ok
S2__amazonaws.com__arc-zonal-shift__2022-10-30__openapi.yaml,3.x,6,6,ok
S2__amazonaws.com__auditmanager__2017-07-25__openapi.yaml,3.x,62,62,ok
S2__amazonaws.com__autoscaling-plans__2018-01-06__openapi.yaml,3.x,6,6,ok
S2__amazonaws.com__backup-gateway__2021-01-01__openapi.yaml,3.x,25,25,ok
S2__amazonaws.com__backupstorage__2018-04-10__openapi.yaml,3.x,9,9,ok
S2__amazonaws.com__billingconductor__2021-07-30__openapi.yaml,3.x,31,31,ok
S2__amazonaws.com__braket__2019-09-01__openapi.yaml,3.x,13,13,ok
S2__amazonaws.com__ce__2017-10-25__openapi.yaml,3.x,38,38,ok
S2__amazonaws.com__chime-sdk-identity__2021-04-20__openapi.yaml,3.x,30,30,ok
S2__amazonaws.com__chime-sdk-media-pipelines__2021-07-15__openapi.yaml,3.x,19,19,ok
S2__amazonaws.com__chime-sdk-meetings__2021-07-15__openapi.yaml,3.x,16,16,ok
S2__amazonaws.com__chime-sdk-messaging__2021-05-15__openapi.yaml,3.x,51,51,ok
S2__amazonaws.com__chime-sdk-voice__2022-08-03__openapi.yaml,3.x,93,93,ok
S2__amazonaws.com__cleanrooms__2022-02-17__openapi.yaml,3.x,45,45,ok
S2__amazonaws.com__cloudcontrol__2021-09-30__openapi.yaml,3.x,8,8,ok
S2__amazonaws.com__codeartifact__2018-09-22__openapi.yaml,3.x,38,38,ok
S2__amazonaws.com__codecatalyst__2022-09-28__openapi.yaml,3.x,33,33,ok
S2__amazonaws.com__codeguru-reviewer__2019-09-19__openapi.yaml,3.x,14,14,ok
S2__amazonaws.com__codeguru-security__2018-05-10__openapi.yaml,3.x,13,13,ok
S2__amazonaws.com__codeguruprofiler__2019-07-18__openapi.yaml,3.x,23,23,ok
S2__amazonaws.com__codestar-connections__2019-12-01__openapi.yaml,3.x,12,12,ok
S2__amazonaws.com__codestar-notifications__2019-10-15__openapi.yaml,3.x,13,13,ok
S2__amazonaws.com__compute-optimizer__2019-11-01__openapi.yaml,3.x,21,21,ok
S2__amazonaws.com__connectcampaigns__2021-01-30__openapi.yaml,3.x,22,22,ok
S2__amazonaws.com__connectcases__2022-10-03__openapi.yaml,3.x,30,30,ok
S2__amazonaws.com__connectparticipant__2018-09-07__openapi.yaml,3.x,8,8,ok
S2__amazonaws.com__controltower__2018-05-10__openapi.yaml,3.x,4,4,ok
S2__amazonaws.com__customer-profiles__2020-08-15__openapi.yaml,3.x,51,51,ok
S2__amazonaws.com__databrew__2017-07-25__openapi.yaml,3.x,44,44,ok
S2__amazonaws.com__dataexchange__2017-07-25__openapi.yaml,3.x,29,29,ok
S2__amazonaws.com__detective__2018-10-26__openapi.yaml,3.x,24,24,ok
S2__amazonaws.com__devops-guru__2020-12-01__openapi.yaml,3.x,31,31,ok
S2__amazonaws.com__docdb-elastic__2022-11-28__openapi.yaml,3.x,13,13,ok
S2__amazonaws.com__drs__2020-02-26__openapi.yaml,3.x,47,47,ok
S2__amazonaws.com__ebs__2019-11-02__openapi.yaml,3.x,6,6,ok
S2__amazonaws.com__ecr-public__2020-10-30__openapi.yaml,3.x,23,23,ok
S2__amazonaws.com__elastic-inference__2017-07-25__openapi.yaml,3.x,6,6,ok
S2__amazonaws.com__elasticmapreduce__2009-03-31__openapi.yaml,3.x,54,54,ok
S2__amazonaws.com__emr-containers__2020-10-01__openapi.yaml,3.x,20,20,ok
S2__amazonaws.com__emr-serverless__2021-07-13__openapi.yaml,3.x,15,15,ok
S2__amazonaws.com__entityresolution__2018-05-10__openapi.yaml,3.x,16,16,ok
S2__amazonaws.com__evidently__2021-02-01__openapi.yaml,3.x,38,38,ok
S2__amazonaws.com__finspace-data__2020-07-13__openapi.yaml,3.x,31,31,ok
S2__amazonaws.com__finspace__2021-03-12__openapi.yaml,3.x,34,34,ok
S2__amazonaws.com__fis__2020-12-01__openapi.yaml,3.x,16,16,ok
S2__amazonaws.com__frauddetector__2019-11-15__openapi.yaml,3.x,73,73,ok
S2__amazonaws.com__gamesparks__2021-08-17__openapi.yaml,3.x,33,33,ok
S2__amazonaws.com__grafana__2020-08-18__openapi.yaml,3.x,19,19,ok
S2__amazonaws.com__greengrassv2__2020-11-30__openapi.yaml,3.x,29,29,ok
S2__amazonaws.com__healthlake__2017-07-01__openapi.yaml,3.x,13,13,ok
S2__amazonaws.com__honeycode__2020-03-01__openapi.yaml,3.x,15,15,ok
S2__amazonaws.com__identitystore__2020-06-15__openapi.yaml,3.x,19,19,ok
S2__amazonaws.com__imagebuilder__2019-12-02__openapi.yaml,3.x,56,56,ok
S2__amazonaws.com__inspector2__2020-06-08__openapi.yaml,3.x,46,46,ok
S2__amazonaws.com__internetmonitor__2021-06-03__openapi.yaml,3.x,10,10,ok
S2__amazonaws.com__iot-data__2015-05-28__openapi.yaml,3.x,7,7,ok
S2__amazonaws.com__iot-roborunner__2018-05-10__openapi.yaml,3.x,20,20,ok
S2__amazonaws.com__iotdeviceadvisor__2020-09-18__openapi.yaml,3.x,14,14,ok
S2__amazonaws.com__iotfleethub__2020-11-03__openapi.yaml,3.x,8,8,ok
S2__amazonaws.com__iotfleetwise__2021-06-17__openapi.yaml,3.x,50,50,ok
S2__amazonaws.com__iotsecuretunneling__2018-10-05__openapi.yaml,3.x,8,8,ok
S2__amazonaws.com__iotsitewise__2019-12-02__openapi.yaml,3.x,73,73,ok
S2__amazonaws.com__iottwinmaker__2021-11-29__openapi.yaml,3.x,34,34,ok
S2__amazonaws.com__iotwireless__2020-11-22__openapi.yaml,3.x,109,109,ok
S2__amazonaws.com__ivs-realtime__2020-07-14__openapi.yaml,3.x,15,15,ok
S2__amazonaws.com__ivs__2020-07-14__openapi.yaml,3.x,30,30,ok
S2__amazonaws.com__ivschat__2020-07-14__openapi.yaml,3.x,17,17,ok
S2__amazonaws.com__kafkaconnect__2021-09-14__openapi.yaml,3.x,12,12,ok
S2__amazonaws.com__kendra-ranking__2022-10-19__openapi.yaml,3.x,9,9,ok
S2__amazonaws.com__kendra__2019-02-03__openapi.yaml,3.x,66,66,ok
S2__amazonaws.com__keyspaces__2022-02-10__openapi.yaml,3.x,13,13,ok
S2__amazonaws.com__kinesis-video-archived-media__2017-09-30__openapi.yaml,3.x,6,6,ok
S2__amazonaws.com__license-manager-linux-subscriptions__2018-05-10__openapi.yaml,3.x,4,4,ok
S2__amazonaws.com__license-manager-user-subscriptions__2018-05-10__openapi.yaml,3.x,11,11,ok
S2__amazonaws.com__location__2020-11-19__openapi.yaml,3.x,58,58,ok
S2__amazonaws.com__lookoutequipment__2020-12-15__openapi.yaml,3.x,41,41,ok
S2__amazonaws.com__lookoutmetrics__2017-07-25__openapi.yaml,3.x,30,30,ok
S2__amazonaws.com__lookoutvision__2020-11-20__openapi.yaml,3.x,22,22,ok
S2__amazonaws.com__m2__2021-04-28__openapi.yaml,3.x,33,33,ok
S2__amazonaws.com__macie2__2020-01-01__openapi.yaml,3.x,79,79,ok
S2__amazonaws.com__managedblockchain-query__2023-05-04__openapi.yaml,3.x,6,6,ok
S2__amazonaws.com__marketplace-catalog__2018-09-17__openapi.yaml,3.x,12,12,ok
S2__amazonaws.com__mediapackagev2__2022-12-25__openapi.yaml,3.x,24,24,ok
S2__amazonaws.com__medical-imaging__2023-07-19__openapi.yaml,3.x,18,18,ok
S2__amazonaws.com__memorydb__2021-01-01__openapi.yaml,3.x,38,38,ok
S2__amazonaws.com__mgn__2020-02-26__openapi.yaml,3.x,65,65,ok
S2__amazonaws.com__migration-hub-refactor-spaces__2021-10-26__openapi.yaml,3.x,24,24,ok
S2__amazonaws.com__migrationhub-config__2019-06-30__openapi.yaml,3.x,3,3,ok
S2__amazonaws.com__migrationhuborchestrator__2021-08-28__openapi.yaml,3.x,28,28,ok
S2__amazonaws.com__migrationhubstrategy__2020-02-19__openapi.yaml,3.x,21,21,ok
S2__amazonaws.com__models.lex.v2__2020-08-07__openapi.yaml,3.x,92,92,ok
S2__amazonaws.com__mwaa__2020-07-01__openapi.yaml,3.x,11,11,ok
S2__amazonaws.com__network-firewall__2020-11-12__openapi.yaml,3.x,36,36,ok
S2__amazonaws.com__networkmanager__2019-07-05__openapi.yaml,3.x,85,85,ok
S2__amazonaws.com__nimble__2020-08-01__openapi.yaml,3.x,49,49,ok
S2__amazonaws.com__oam__2022-06-10__openapi.yaml,3.x,15,15,ok
S2__amazonaws.com__omics__2022-11-28__openapi.yaml,3.x,72,72,ok
S2__amazonaws.com__opensearch__2021-01-01__openapi.yaml,3.x,54,54,ok
S2__amazonaws.com__opensearchserverless__2021-11-01__openapi.yaml,3.x,31,31,ok
S2__amazonaws.com__osis__2022-01-01__openapi.yaml,3.x,14,14,ok
S2__amazonaws.com__outposts__2019-12-03__openapi.yaml,3.x,26,26,ok
S2__amazonaws.com__panorama__2019-07-24__openapi.yaml,3.x,34,34,ok
S2__amazonaws.com__payment-cryptography-data__2022-02-03__openapi.yaml,3.x,11,11,ok
S2__amazonaws.com__payment-cryptography__2021-09-14__openapi.yaml,3.x,20,20,ok
S2__amazonaws.com__personalize-events__2018-03-22__openapi.yaml,3.x,3,3,ok
S2__amazonaws.com__pi__2018-02-27__openapi.yaml,3.x,6,6,ok
S2__amazonaws.com__pinpoint-sms-voice-v2__2022-03-31__openapi.yaml,3.x,43,43,ok
S2__amazonaws.com__pipes__2015-10-07__openapi.yaml,3.x,10,10,ok
S2__amazonaws.com__privatenetworks__2021-12-03__openapi.yaml,3.x,25,25,ok
S2__amazonaws.com__proton__2020-07-20__openapi.yaml,3.x,87,87,ok
S2__amazonaws.com__rbin__2021-06-15__openapi.yaml,3.x,10,10,ok
S2__amazonaws.com__redshift-data__2019-12-20__openapi.yaml,3.x,10,10,ok
S2__amazonaws.com__redshift-serverless__2021-04-21__openapi.yaml,3.x,40,40,ok
S2__amazonaws.com__resiliencehub__2020-04-30__openapi.yaml,3.x,54,54,ok
S2__amazonaws.com__resource-explorer__2-2022-07-28__openapi.yaml,3.x,19,19,ok
S2__amazonaws.com__rolesanywhere__2018-05-10__openapi.yaml,3.x,28,28,ok
S2__amazonaws.com__route53-recovery-cluster__2019-12-02__openapi.yaml,3.x,4,4,ok
S2__amazonaws.com__route53-recovery-control-config__2020-11-02__openapi.yaml,3.x,23,23,ok
S2__amazonaws.com__route53-recovery-readiness__2019-12-02__openapi.yaml,3.x,32,32,ok
S2__amazonaws.com__rum__2018-05-10__openapi.yaml,3.x,17,17,ok
S2__amazonaws.com__runtime.lex.v2__2020-08-07__openapi.yaml,3.x,5,5,ok
S2__amazonaws.com__s3outposts__2017-07-25__openapi.yaml,3.x,5,5,ok
S2__amazonaws.com__sagemaker-a2i-runtime__2019-11-07__openapi.yaml,3.x,5,5,ok
S2__amazonaws.com__sagemaker-edge__2020-09-23__openapi.yaml,3.x,3,3,ok
S2__amazonaws.com__sagemaker-featurestore-runtime__2020-07-01__openapi.yaml,3.x,4,4,ok
S2__amazonaws.com__sagemaker-geospatial__2020-05-27__openapi.yaml,3.x,19,19,ok
S2__amazonaws.com__savingsplans__2019-06-28__openapi.yaml,3.x,9,9,ok
S2__amazonaws.com__scheduler__2021-06-30__openapi.yaml,3.x,12,12,ok
S2__amazonaws.com__schemas__2019-12-02__openapi.yaml,3.x,31,31,ok
S2__amazonaws.com__securitylake__2018-05-10__openapi.yaml,3.x,31,31,ok
S2__amazonaws.com__servicecatalog-appregistry__2020-06-24__openapi.yaml,3.x,24,24,ok
S2__amazonaws.com__simspaceweaver__2022-10-28__openapi.yaml,3.x,16,16,ok
S2__amazonaws.com__snow-device-management__2021-08-04__openapi.yaml,3.x,13,13,ok
S2__amazonaws.com__ssm-contacts__2021-05-03__openapi.yaml,3.x,39,39,ok
S2__amazonaws.com__ssm-incidents__2018-05-10__openapi.yaml,3.x,29,29,ok
S2__amazonaws.com__ssm-sap__2018-05-10__openapi.yaml,3.x,18,18,ok
S2__amazonaws.com__sso-admin__2020-07-20__openapi.yaml,3.x,37,37,ok
S2__amazonaws.com__sso-oidc__2019-06-10__openapi.yaml,3.x,3,3,ok
S2__amazonaws.com__sso__2019-06-10__openapi.yaml,3.x,4,4,ok
S2__amazonaws.com__support-app__2021-08-20__openapi.yaml,3.x,10,10,ok
S2__amazonaws.com__synthetics__2017-10-11__openapi.yaml,3.x,21,21,ok
S2__amazonaws.com__timestream-query__2018-11-01__openapi.yaml,3.x,13,13,ok
S2__amazonaws.com__timestream-write__2018-11-01__openapi.yaml,3.x,19,19,ok
S2__amazonaws.com__tnb__2008-10-21__openapi.yaml,3.x,33,33,ok
S2__amazonaws.com__transfer__2018-11-05__openapi.yaml,3.x,59,59,ok
S2__amazonaws.com__verifiedpermissions__2021-12-01__openapi.yaml,3.x,24,24,ok
S2__amazonaws.com__voice-id__2021-09-27__openapi.yaml,3.x,29,29,ok
S2__amazonaws.com__vpc-lattice__2022-11-30__openapi.yaml,3.x,52,52,ok
S2__amazonaws.com__wafv2__2019-07-29__openapi.yaml,3.x,53,53,ok
S2__amazonaws.com__wellarchitected__2020-03-31__openapi.yaml,3.x,56,56,ok
S2__amazonaws.com__wisdom__2020-10-19__openapi.yaml,3.x,31,31,ok
S2__amazonaws.com__workspaces-web__2020-07-08__openapi.yaml,3.x,58,58,ok
S2__amentum.space__atmosphere__1.1.1__openapi.yaml,3.x,3,3,ok
S2__amentum.space__aviation_radiation__1.5.0__openapi.yaml,3.x,7,7,ok
S2__amentum.space__space_radiation__1.1.2__openapi.yaml,3.x,3,3,ok
S2__anchore.io__0.1.20__openapi.yaml,3.x,109,109,ok
S2__apache.org__airflow__2.5.3__openapi.yaml,3.x,71,71,ok
S2__api.video__1__openapi.yaml,3.x,47,47,ok
S2__apicurio.local__registry__1.3.2.Final__openapi.yaml,3.x,33,33,ok
S2__apicurio.local__registry__2.4.x__openapi.yaml,3.x,65,65,ok
S2__apidapp.com__2019-02-14T164701Z__openapi.yaml,3.x,29,29,ok
S2__apideck.com__accounting__10.0.0__openapi.yaml,3.x,58,58,ok
S2__apideck.com__ats__10.0.0__openapi.yaml,3.x,12,12,ok
S2__apideck.com__connector__10.0.0__openapi.yaml,3.x,10,10,ok
S2__apideck.com__crm__10.0.0__openapi.yaml,3.x,40,40,ok
S2__apideck.com__customer-support__9.5.0__openapi.yaml,3.x,5,5,ok
S2__apideck.com__ecommerce__10.0.0__openapi.yaml,3.x,7,7,ok
S2__apideck.com__ecosystem__0.0.6__openapi.yaml,3.x,12,12,ok
S2__apideck.com__file-storage__10.0.0__openapi.yaml,3.x,33,33,ok
S2__apideck.com__hris__10.0.0__openapi.yaml,3.x,25,25,ok
S2__apideck.com__issue-tracking__10.0.0__openapi.yaml,3.x,15,15,ok
S2__apideck.com__lead__10.0.0__openapi.yaml,3.x,5,5,ok
S2__apideck.com__pos__10.0.0__openapi.yaml,3.x,46,46,ok
S2__apideck.com__proxy__10.0.0__openapi.yaml,3.x,5,5,ok
S2__apideck.com__sms__10.0.0__openapi.yaml,3.x,5,5,ok
S2__apideck.com__vault__10.0.0__openapi.yaml,3.x,27,27,ok
S2__apideck.com__webhook__10.0.0__openapi.yaml,3.x,10,10,ok
S2__apigee.local__registry__0.0.1__openapi.yaml,3.x,35,35,ok
S2__apis.guru__2.2.0__openapi.yaml,3.x,7,7,ok
S2__apisetu.gov.in__acko__3.0.0__openapi.yaml,3.x,3,3,ok
S2__apisetu.gov.in__bajajallianz__3.0.0__openapi.yaml,3.x,7,7,ok
S2__apisetu.gov.in__bhartiaxagi__3.0.0__openapi.yaml,3.x,5,5,ok
S2__apisetu.gov.in__cbse__3.0.0__openapi.yaml,3.x,16,16,ok
S2__apisetu.gov.in__cisce__3.0.0__openapi.yaml,3.x,5,5,ok
S2__apisetu.gov.in__ditch__3.0.0__openapi.yaml,3.x,4,4,ok
S2__apisetu.gov.in__dittripura__3.0.0__openapi.yaml,3.x,18,18,ok
S2__apisetu.gov.in__edistrictandaman__3.0.0__openapi.yaml,3.x,12,12,ok
S2__apisetu.gov.in__edistricthp__3.0.0__openapi.yaml,3.x,32,32,ok
S2__apisetu.gov.in__edistrictkerala__3.0.0__openapi.yaml,3.x,24,24,ok
S2__apisetu.gov.in__edistrictodisha__3.0.0__openapi.yaml,3.x,6,6,ok
S2__apisetu.gov.in__edistrictodishasp__3.0.0__openapi.yaml,3.x,7,7,ok
S2__apisetu.gov.in__edistrictpb__3.0.0__openapi.yaml,3.x,7,7,ok
S2__apisetu.gov.in__edistrictup__3.0.0__openapi.yaml,3.x,6,6,ok
S2__apisetu.gov.in__enibandhanjh__3.0.0__openapi.yaml,3.x,3,3,ok
S2__apisetu.gov.in__epfindia__3.0.0__openapi.yaml,3.x,3,3,ok
S2__apisetu.gov.in__epramanhp__3.0.0__openapi.yaml,3.x,14,14,ok
S2__apisetu.gov.in__eservicearunachal__3.0.0__openapi.yaml,3.x,6,6,ok
S2__apisetu.gov.in__futuregenerali__3.0.0__openapi.yaml,3.x,5,5,ok
S2__apisetu.gov.in__gadbih__3.0.0__openapi.yaml,3.x,4,4,ok
S2__apisetu.gov.in__goawrd__3.0.0__openapi.yaml,3.x,3,3,ok
S2__apisetu.gov.in__godigit__3.0.0__openapi.yaml,3.x,3,3,ok
S2__apisetu.gov.in__hsscboardmh__3.0.0__openapi.yaml,3.x,4,4,ok
S2__apisetu.gov.in__icicilombard__3.0.0__openapi.yaml,3.x,7,7,ok
S2__apisetu.gov.in__jac__3.0.0__openapi.yaml,3.x,4,4,ok
S2__apisetu.gov.in__jharsewa__3.0.0__openapi.yaml,3.x,7,7,ok
S2__apisetu.gov.in__kiadb__3.0.0__openapi.yaml,3.x,8,8,ok
S2__apisetu.gov.in__kotakgeneralinsurance__3.0.0__openapi.yaml,3.x,6,6,ok
S2__apisetu.gov.in__labourbih__3.0.0__openapi.yaml,3.x,7,7,ok
S2__apisetu.gov.in__legalmetrologyup__3.0.0__openapi.yaml,3.x,4,4,ok
S2__apisetu.gov.in__mbse__3.0.0__openapi.yaml,3.x,4,4,ok
S2__apisetu.gov.in__municipaladmin__3.0.0__openapi.yaml,3.x,4,4,ok
S2__apisetu.gov.in__nationalinsurance__3.0.0__openapi.yaml,3.x,10,10,ok
S2__apisetu.gov.in__newindia__3.0.0__openapi.yaml,3.x,7,7,ok
S2__apisetu.gov.in__nios__3.0.0__openapi.yaml,3.x,6,6,ok
S2__apisetu.gov.in__orientalinsurance__3.0.0__openapi.yaml,3.x,10,10,ok
S2__apisetu.gov.in__pblabour__3.0.0__openapi.yaml,3.x,3,3,ok
S2__apisetu.gov.in__phedharyana__3.0.0__openapi.yaml,3.x,3,3,ok
S2__apisetu.gov.in__pseb__3.0.0__openapi.yaml,3.x,5,5,ok
S2__apisetu.gov.in__reliancegeneral__3.0.0__openapi.yaml,3.x,6,6,ok
S2__apisetu.gov.in__sbigeneral__3.0.0__openapi.yaml,3.x,5,5,ok
S2__apisetu.gov.in__statisticsrajasthan__3.0.0__openapi.yaml,3.x,3,3,ok
S2__apisetu.gov.in__transport__3.0.0__openapi.yaml,3.x,5,5,ok
S2__apisetu.gov.in__ubseuk__3.0.0__openapi.yaml,3.x,3,3,ok
S2__apispot.io__whois__2.0__openapi.yaml,3.x,8,8,ok
S2__apiz.ebay.com__sell-finances__v1.15.0__openapi.yaml,3.x,7,7,ok
S2__appcenter.ms__v0.1__openapi.yaml,3.x,351,351,ok
S2__apple.com__app-store-connect__1.4.1__openapi.yaml,3.x,252,252,ok
S2__apple.com__sirikit-cloud-media__1.0.2__openapi.yaml,3.x,6,6,ok
S2__apptigent.com__2021.1.01__openapi.yaml,3.x,88,88,ok
S2__appveyor.com__1.0.0__swagger.yaml,2.0,53,53,ok
S2__appwrite.io__client__0.9.3__openapi.yaml,3.x,61,61,ok
S2__art19.com__1.0.0__openapi.yaml,3.x,22,22,ok
S2__asana.com__1.0__openapi.yaml,3.x,167,167,ok
S2__asuarez.dev__searchly__1.0__openapi.yaml,3.x,3,3,ok
S2__aucklandmuseum.com__2.0.0__swagger.yaml,2.0,6,6,ok
S2__authentiq.io__1.0__openapi.yaml,3.x,9,9,ok
S2__autodealerdata.com__1.0__openapi.yaml,3.x,35,35,ok
S2__autotask.net__v1__swagger.yaml,2.0,2958,2958,ok
S2__avaza.com__v1__swagger.yaml,2.0,86,86,ok
S2__azure.com__appconfiguration__1.0__swagger.yaml,2.0,9,9,ok
S2__azure.com__appplatform__2019-05-01-preview__swagger.yaml,2.0,33,33,ok
S2__azure.com__attestation__2018-09-01-preview__swagger.yaml,2.0,6,6,ok
S2__azure.com__azsadmin-FileContainer__2019-01-01__swagger.yaml,2.0,4,4,ok
S2__azure.com__cognitiveservices-AnomalyDetector__1.0__swagger.yaml,2.0,3,3,ok
S2__azure.com__customerlockbox__2018-02-28-preview__swagger.yaml,2.0,4,4,ok
S2__azure.com__digitaltwins__2020-03-01-preview__swagger.yaml,2.0,16,16,ok
S2__azure.com__frontdoor-networkexperiment__2019-11-01__swagger.yaml,2.0,14,14,ok
S2__azure.com__hybridcompute-HybridCompute__2019-12-12__swagger.yaml,2.0,13,13,ok
S2__azure.com__iotcentral__preview__swagger.yaml,2.0,30,30,ok
S2__azure.com__marketplace-Marketplace__2020-01-01__swagger.yaml,2.0,9,9,ok
S2__azure.com__migrate__2019-10-01__swagger.yaml,2.0,32,32,ok
S2__azure.com__monitor-privateLinkScopes_API__2019-10-17-preview__swagger.yaml,2.0,16,16,ok
S2__azure.com__resources-deploymentScripts__2019-10-01-preview__swagger.yaml,2.0,8,8,ok
S2__azure.com__support__2019-05-01-preview__swagger.yaml,2.0,14,14,ok
S2__azure.com__windowsesu__2019-09-16-preview__swagger.yaml,2.0,7,7,ok
S2__balldontlie.io__1.0.0__openapi.yaml,3.x,7,7,ok
S2__bbc.com__1.0.0__openapi.yaml,3.x,25,25,ok
S2__beezup.com__2.0__openapi.yaml,3.x,224,224,ok
S2__bhagavadgita.io__1.0__openapi.yaml,3.x,6,6,ok
S2__biapi.pro__2.0__openapi.yaml,3.x,167,167,ok
S2__bigoven.com__partner__openapi.yaml,3.x,66,66,ok
S2__bigredcloud.com__v1__openapi.yaml,3.x,111,111,ok
S2__billbee.io__v1__openapi.yaml,3.x,76,76,ok
S2__billingo.hu__3.0.7__openapi.yaml,3.x,31,31,ok
S2__bitbucket.org__2.0__openapi.yaml,3.x,305,305,ok
S2__bkk.hu__1.0.1__openapi.yaml,3.x,23,23,ok
S2__bluemix.net__containers__3.0.0__openapi.yaml,3.x,47,47,ok
S2__botify.com__1.0.0__openapi.yaml,3.x,26,26,ok
S2__botschaft.local__0.1.0__openapi.yaml,3.x,10,10,ok
S2__box.com__2.0.0__openapi.yaml,3.x,258,258,ok
S2__brainbi.net__1.0.0__openapi.yaml,3.x,14,14,ok
S2__braze.com__1.0.0__openapi.yaml,3.x,31,31,ok
S2__breadcrumbs.one__v1__openapi.yaml,3.x,5,5,ok
S2__brex.io__2021.12__openapi.yaml,3.x,54,54,ok
S2__bridgedb.org__0.9.0__swagger.yaml,2.0,13,13,ok
S2__britbox.co.uk__3.730.300-ref-1-39-0__openapi.yaml,3.x,121,121,ok
S2__browshot.com__1.17.0__swagger.yaml,2.0,17,17,ok
S2__bulksms.com__1.0.0__openapi.yaml,3.x,15,15,ok
S2__bungie.net__2.18.0__openapi.yaml,3.x,134,134,ok
S2__byautomata.io__1.0.1__openapi.yaml,3.x,4,4,ok
S2__c19qrserver.local__1.1__openapi.yaml,3.x,14,14,ok
S2__callcontrol.com__2015-11-01__swagger.yaml,2.0,6,6,ok
S2__callfire.com__V2__openapi.yaml,3.x,122,122,ok
S2__canada-holidays.ca__1.8.0__openapi.yaml,3.x,6,6,ok
S2__carbone.io__1.2.0__openapi.yaml,3.x,5,5,ok
S2__cdcgov.local__prime-data-hub__0.2.0-oas3__openapi.yaml,3.x,13,13,ok
S2__chain49.com__2.0__openapi.yaml,3.x,18,18,ok
S2__chaingateway.io__1.0.0__openapi.yaml,3.x,119,119,ok
S2__chaingateway.io__1.0__openapi.yaml,3.x,21,21,ok
S2__change.local__v1__openapi.yaml,3.x,8,8,ok
S2__channel4.com__1.0.0__swagger.yaml,2.0,68,68,ok
S2__chompthis.com__1.0.0-oas3__openapi.yaml,3.x,4,4,ok
S2__circl.lu__hashlookup__1.2__openapi.yaml,3.x,11,11,ok
S2__circleci.com__v1__openapi.yaml,3.x,22,22,ok
S2__cisco.com__0.0.3__swagger.yaml,2.0,19,19,ok
S2__clearblade.com__3.0__swagger.yaml,2.0,220,220,ok
S2__clever-cloud.com__1.0.0__openapi.yaml,3.x,324,324,ok
S2__clever.com__1.2.0__openapi.yaml,3.x,44,44,ok
S2__clickmeter.com__v2__openapi.yaml,3.x,104,104,ok
S2__clicksend.com__1.0.0__openapi.yaml,3.x,205,205,ok
S2__climate.com__4.0.11__openapi.yaml,3.x,26,26,ok
S2__climatekuul.com__1.0__openapi.yaml,3.x,26,26,ok
S2__cloud-elements.com__ecwid__api-v2__swagger.yaml,2.0,41,41,ok
S2__cloudrf.com__2.0.0__openapi.yaml,3.x,11,11,ok
S2__clubhouseapi.com__1__openapi.yaml,3.x,41,41,ok
S2__codat.io__assess__1.0__openapi.yaml,3.x,27,27,ok
S2__codat.io__bank-feeds__2.1.0__openapi.yaml,3.x,6,6,ok
S2__codat.io__banking__2.1.0__openapi.yaml,3.x,8,8,ok
S2__codat.io__commerce__2.1.0__openapi.yaml,3.x,11,11,ok
S2__codat.io__sync-for-commerce__1.1__openapi.yaml,3.x,17,17,ok
S2__codat.io__sync-for-expenses__prealpha__openapi.yaml,3.x,13,13,ok
S2__collegefootballdata.com__4.4.12__openapi.yaml,3.x,51,51,ok
S2__color.pizza__1.0.0__openapi.yaml,3.x,4,4,ok
S2__combell.com__v2__openapi.yaml,3.x,75,75,ok
S2__configcat.com__v1__openapi.yaml,3.x,63,63,ok
S2__conjur.local__5.3.0__openapi.yaml,3.x,40,40,ok
S2__contentgroove.com__1.0.0__openapi.yaml,3.x,15,15,ok
S2__contract-p.fit__1.0__openapi.yaml,3.x,138,138,ok
S2__corrently.io__2.0.0__openapi.yaml,3.x,26,26,ok
S2__covid19-api.com__1.2.6__openapi.yaml,3.x,9,9,ok
S2__cpy.re__peertube__5.1.0__openapi.yaml,3.x,186,186,ok
S2__credas.co.uk__pi__v1__openapi.yaml,3.x,37,37,ok
S2__crediwatch.com__covid19__1.3.0__openapi.yaml,3.x,5,5,ok
S2__crossbrowsertesting.com__3.0.0__openapi.yaml,3.x,3,3,ok
S2__cycat.org__0.9__swagger.yaml,2.0,14,14,ok
S2__d7networks.com__1.0.2__openapi.yaml,3.x,3,3,ok
S2__daniweb.com__4__openapi.yaml,3.x,67,67,ok
S2__data2crm.com__1__swagger.yaml,2.0,336,336,ok
S2__dataatwork.org__1.0__swagger.yaml,2.0,13,13,ok
S2__dataflowkit.com__1.3__openapi.yaml,3.x,5,5,ok
S2__datumbox.com__1.0__openapi.yaml,3.x,14,14,ok
S2__departureboard.io__2.0__openapi.yaml,3.x,6,6,ok
S2__deutschebahn.com__fasta__2.1__swagger.yaml,2.0,3,3,ok
S2__dev.to__1.0.0__openapi.yaml,3.x,40,40,ok
S2__digitallocker.gov.in__authpartner__1.0.0__openapi.yaml,3.x,22,22,ok
S2__digitalnz.org__3__openapi.yaml,3.x,3,3,ok
S2__digitalocean.com__2.0__openapi.yaml,3.x,290,290,ok
S2__discourse.local__latest__openapi.yaml,3.x,84,84,ok
S2__dnd5eapi.co__0.1__openapi.yaml,3.x,47,47,ok
S2__docker.com__dvp__1.0.0__openapi.yaml,3.x,8,8,ok
S2__docker.com__engine__1.33__openapi.yaml,3.x,103,103,ok
S2__docker.com__hub__beta__openapi.yaml,3.x,26,26,ok
S2__dodo.ac__1.6.0__openapi.yaml,3.x,30,30,ok
S2__domainsdb.info__1.0__openapi.yaml,3.x,14,14,ok
S2__doqs.dev__1.0__openapi.yaml,3.x,14,14,ok
S2__dracoon.team__4.42.3__openapi.yaml,3.x,294,294,ok
S2__drchrono.com__v4 (Hunt Valley)__openapi.yaml,3.x,263,263,ok
S2__e-conomic.com__v20.0.0__openapi.yaml,3.x,98,98,ok
S2__ean-search.org__1.50.0__swagger.yaml,2.0,7,7,ok
S2__ebay.com__buy-browse__v1.1.0__swagger.yaml,2.0,11,11,ok
S2__ebay.com__buy-deal__v1.3.0__openapi.yaml,3.x,4,4,ok
S2__ebay.com__commerce-taxonomy__v1.0.0__swagger.yaml,2.0,8,8,ok
S2__ebay.com__sell-account__v1.9.0__openapi.yaml,3.x,36,36,ok
S2__ebay.com__sell-analytics__1.2.0__openapi.yaml,3.x,4,4,ok
S2__ebay.com__sell-compliance__1.4.1__openapi.yaml,3.x,3,3,ok
S2__ebay.com__sell-feed__v1.3.1__openapi.yaml,3.x,23,23,ok
S2__ebay.com__sell-fulfillment__v1.20.0__openapi.yaml,3.x,15,15,ok
S2__ebay.com__sell-logistics__v1_beta.0.0__openapi.yaml,3.x,6,6,ok
S2__ebay.com__sell-marketing__v1.15.0__openapi.yaml,3.x,69,69,ok
S2__ebay.com__sell-metadata__v1.6.0__openapi.yaml,3.x,8,8,ok
S2__ebi.ac.uk__1.0__swagger.yaml,2.0,13,13,ok
S2__edrv.io__v1__openapi.yaml,3.x,57,57,ok
S2__elevenlabs.io__1.0__openapi.yaml,3.x,19,19,ok
S2__elmah.io__v3__openapi.yaml,3.x,22,22,ok
S2__enode.io__1.3.10__openapi.yaml,3.x,28,28,ok
S2__eos.local__1.0.0__openapi.yaml,3.x,4,4,ok
S2__epa.gov__air__2019.10.15__swagger.yaml,2.0,16,16,ok
S2__epa.gov__case__1.0.0__swagger.yaml,2.0,22,22,ok
S2__epa.gov__cwa__2019.10.15__swagger.yaml,2.0,36,36,ok
S2__epa.gov__dfr__0.0.0__swagger.yaml,2.0,94,94,ok
S2__epa.gov__echo__2019.10.15__swagger.yaml,2.0,16,16,ok
S2__epa.gov__rcra__2019.10.15__swagger.yaml,2.0,16,16,ok
S2__epa.gov__sdw__2019.10.15__swagger.yaml,2.0,8,8,ok
S2__etherpad.local__1.2.15__openapi.yaml,3.x,96,96,ok
S2__etsi.local__MEC010-2_AppPkgMgmt__2.1.1__openapi.yaml,3.x,16,16,ok
S2__europeana.eu__version unknown__swagger.yaml,2.0,9,9,ok
S2__evemarketer.com__1.0.1__swagger.yaml,2.0,4,4,ok
S2__exavault.com__2.0__openapi.yaml,3.x,59,59,ok
S2__exhibitday.com__v1__swagger.yaml,2.0,23,23,ok
S2__exlibrisgroup.com__tasklists__1.0__openapi.yaml,3.x,10,10,ok
S2__exoapi.dev__1.0.0__openapi.yaml,3.x,4,4,ok
S2__extendsclass.com__json-storage__0.1__openapi.yaml,3.x,5,5,ok
S2__facecheck.id__v1.02__openapi.yaml,3.x,4,4,ok
S2__fec.gov__1.0__openapi.yaml,3.x,92,92,ok
S2__figshare.com__2.0.0__openapi.yaml,3.x,136,136,ok
S2__files.com__0.0.1__openapi.yaml,3.x,222,222,ok
S2__fire.com__1.0__openapi.yaml,3.x,42,42,ok
S2__firmalyzer.com__iotvas__1.0__openapi.yaml,3.x,8,8,ok
S2__flat.io__2.13.0__openapi.yaml,3.x,81,81,ok
S2__formapi.io__v1__openapi.yaml,3.x,35,35,ok
S2__frankiefinancial.io__1.5.3__swagger.yaml,2.0,46,46,ok
S2__fulfillment.com__2.0__openapi.yaml,3.x,13,13,ok
S2__fungenerators.com__barcode__1.5__openapi.yaml,3.x,4,4,ok
S2__fungenerators.com__fake-identity__1.5__swagger.yaml,2.0,12,12,ok
S2__fungenerators.com__lottery__1.5__swagger.yaml,2.0,3,3,ok
S2__fungenerators.com__pirate__1.5__openapi.yaml,3.x,4,4,ok
S2__fungenerators.com__random-facts__1.5__openapi.yaml,3.x,12,12,ok
S2__fungenerators.com__riddle__1.5__openapi.yaml,3.x,6,6,ok
S2__fungenerators.com__shakespeare__1.5__openapi.yaml,3.x,5,5,ok
S2__fungenerators.com__uuid__1.5__openapi.yaml,3.x,3,3,ok
S2__funtranslations.com__braile__2.3__swagger.yaml,2.0,5,5,ok
S2__funtranslations.com__index__2.3__swagger.yaml,2.0,36,36,ok
S2__funtranslations.com__starwars__2.3__swagger.yaml,2.0,6,6,ok
S2__gambitcomm.local__mimic__21.00__openapi.yaml,3.x,356,356,ok
S2__gamesparks.net__game-details__v2__openapi.yaml,3.x,76,76,ok
S2__geodesystems.com__1.0.0__openapi.yaml,3.x,241,241,ok
S2__gerermesaffaires.com__1.0.6__openapi.yaml,3.x,280,280,ok
S2__getpostman.com__1.20.0__openapi.yaml,3.x,57,57,ok
S2__getsandbox.com__v1__swagger.yaml,2.0,9,9,ok
S2__gettyimages.com__3__openapi.yaml,3.x,52,52,ok
S2__giphy.com__1.0__openapi.yaml,3.x,10,10,ok
S2__gitea.io__1.20.0+dev-539-g5e389228f__openapi.yaml,3.x,345,345,ok
S2__github.com__api.github.com.2022-11-28__1.1.4__openapi.yaml,3.x,845,845,ok
S2__github.com__api.github.com__1.1.4__openapi.yaml,3.x,845,845,ok
S2__github.com__ghes-2.18__1.1.4__openapi.yaml,3.x,509,509,ok
S2__github.com__v0.1__openapi.yaml,3.x,29,29,ok
S2__goog.io__0.1.0__openapi.yaml,3.x,6,6,ok
S2__google.com__v3__openapi.yaml,3.x,23,23,ok
S2__google.home__2.0__openapi.yaml,3.x,30,30,ok
S2__googleapis.com__accessapproval__v1__openapi.yaml,3.x,7,7,ok
S2__googleapis.com__accesscontextmanager__v1__openapi.yaml,3.x,22,22,ok
S2__googleapis.com__adexchangebuyer__v1.4__openapi.yaml,3.x,38,38,ok
S2__googleapis.com__admin__datatransfer_v1__openapi.yaml,3.x,5,5,ok
S2__googleapis.com__admob__v1__openapi.yaml,3.x,6,6,ok
S2__googleapis.com__adsense__v1.4__openapi.yaml,3.x,39,39,ok
S2__googleapis.com__adsense__v2__openapi.yaml,3.x,24,24,ok
S2__googleapis.com__adsensehost__v4.1__openapi.yaml,3.x,26,26,ok
S2__googleapis.com__advisorynotifications__v1__openapi.yaml,3.x,3,3,ok
S2__googleapis.com__aiplatform__v1beta1__openapi.yaml,3.x,173,173,ok
S2__googleapis.com__alertcenter__v1beta1__openapi.yaml,3.x,11,11,ok
S2__googleapis.com__alloydb__v1__openapi.yaml,3.x,24,24,ok
S2__googleapis.com__analytics__v3__openapi.yaml,3.x,88,88,ok
S2__googleapis.com__analyticsadmin__v1alpha__openapi.yaml,3.x,67,67,ok
S2__googleapis.com__analyticsdata__v1beta__openapi.yaml,3.x,10,10,ok
S2__googleapis.com__analyticshub__v1beta1__openapi.yaml,3.x,12,12,ok
S2__googleapis.com__androiddeviceprovisioning__v1__openapi.yaml,3.x,24,24,ok
S2__googleapis.com__androidenterprise__v1__openapi.yaml,3.x,76,76,ok
S2__googleapis.com__androidmanagement__v1__openapi.yaml,3.x,17,17,ok
S2__googleapis.com__androidpublisher__v3__openapi.yaml,3.x,111,111,ok
S2__googleapis.com__apigateway__v1alpha2__openapi.yaml,3.x,8,8,ok
S2__googleapis.com__apigee__v1__openapi.yaml,3.x,120,120,ok
S2__googleapis.com__apigeeregistry__v1__openapi.yaml,3.x,26,26,ok
S2__googleapis.com__apikeys__v2__openapi.yaml,3.x,8,8,ok
S2__googleapis.com__appengine__v1__openapi.yaml,3.x,40,40,ok
S2__googleapis.com__apphub__v1__openapi.yaml,3.x,21,21,ok
S2__googleapis.com__area120tables__v1alpha1__openapi.yaml,3.x,10,10,ok
S2__googleapis.com__artifactregistry__v1beta2__openapi.yaml,3.x,18,18,ok
S2__googleapis.com__assuredworkloads__v1beta1__openapi.yaml,3.x,11,11,ok
S2__googleapis.com__authorizedbuyersmarketplace__v1__openapi.yaml,3.x,27,27,ok
S2__googleapis.com__automl__v1beta1__openapi.yaml,3.x,25,25,ok
S2__googleapis.com__backupdr__v1__openapi.yaml,3.x,10,10,ok
S2__googleapis.com__baremetalsolution__v2__openapi.yaml,3.x,30,30,ok
S2__googleapis.com__batch__v1__openapi.yaml,3.x,9,9,ok
S2__googleapis.com__beyondcorp__v1__openapi.yaml,3.x,18,18,ok
S2__googleapis.com__biglake__v1__openapi.yaml,3.x,10,10,ok
S2__googleapis.com__bigquery__v2__openapi.yaml,3.x,37,37,ok
S2__googleapis.com__bigqueryconnection__v1beta1__openapi.yaml,3.x,8,8,ok
S2__googleapis.com__bigquerydatapolicy__v1__openapi.yaml,3.x,9,9,ok
S2__googleapis.com__bigquerydatatransfer__v1__openapi.yaml,3.x,14,14,ok
S2__googleapis.com__bigqueryreservation__v1beta1__openapi.yaml,3.x,13,13,ok
S2__googleapis.com__bigtableadmin__v2__openapi.yaml,3.x,27,27,ok
S2__googleapis.com__billingbudgets__v1beta1__openapi.yaml,3.x,5,5,ok
S2__googleapis.com__binaryauthorization__v1beta1__openapi.yaml,3.x,9,9,ok
S2__googleapis.com__blockchainnodeengine__v1__openapi.yaml,3.x,8,8,ok
S2__googleapis.com__blogger__v3__openapi.yaml,3.x,33,33,ok
S2__googleapis.com__books__v1__openapi.yaml,3.x,51,51,ok
S2__googleapis.com__businessprofileperformance__v1__openapi.yaml,3.x,3,3,ok
S2__googleapis.com__calendar__v3__openapi.yaml,3.x,37,37,ok
S2__googleapis.com__certificatemanager__v1__openapi.yaml,3.x,18,18,ok
S2__googleapis.com__chat__v1__openapi.yaml,3.x,17,17,ok
S2__googleapis.com__checks__v1alpha__openapi.yaml,3.x,8,8,ok
S2__googleapis.com__chromemanagement__v1__openapi.yaml,3.x,18,18,ok
S2__googleapis.com__chromepolicy__v1__openapi.yaml,3.x,14,14,ok
S2__googleapis.com__civicinfo__v2__openapi.yaml,3.x,5,5,ok
S2__googleapis.com__classroom__v1__openapi.yaml,3.x,61,61,ok
S2__googleapis.com__cloudasset__v1beta1__openapi.yaml,3.x,3,3,ok
S2__googleapis.com__cloudbilling__v1__openapi.yaml,3.x,18,18,ok
S2__googleapis.com__cloudbuild__v2__openapi.yaml,3.x,18,18,ok
S2__googleapis.com__cloudchannel__v1__openapi.yaml,3.x,43,43,ok
S2__googleapis.com__clouddebugger__v2__openapi.yaml,3.x,8,8,ok
S2__googleapis.com__clouddeploy__v1__openapi.yaml,3.x,30,30,ok
S2__googleapis.com__clouderrorreporting__v1beta1__openapi.yaml,3.x,6,6,ok
S2__googleapis.com__cloudfunctions__v2__openapi.yaml,3.x,18,18,ok
S2__googleapis.com__cloudidentity__v1beta1__openapi.yaml,3.x,35,35,ok
S2__googleapis.com__cloudiot__v1__openapi.yaml,3.x,16,16,ok
S2__googleapis.com__cloudkms__v1__openapi.yaml,3.x,31,31,ok
S2__googleapis.com__cloudprofiler__v2__openapi.yaml,3.x,4,4,ok
S2__googleapis.com__cloudresourcemanager__v3__openapi.yaml,3.x,28,28,ok
S2__googleapis.com__cloudscheduler__v1beta1__openapi.yaml,3.x,9,9,ok
S2__googleapis.com__cloudsearch__v1__openapi.yaml,3.x,44,44,ok
S2__googleapis.com__cloudshell__v1__openapi.yaml,3.x,7,7,ok
S2__googleapis.com__cloudsupport__v2__openapi.yaml,3.x,13,13,ok
S2__googleapis.com__cloudtasks__v2beta3__openapi.yaml,3.x,16,16,ok
S2__googleapis.com__cloudtrace__v2beta1__openapi.yaml,3.x,5,5,ok
S2__googleapis.com__composer__v1beta1__openapi.yaml,3.x,22,22,ok
S2__googleapis.com__compute__v1__openapi.yaml,3.x,758,758,ok
S2__googleapis.com__connectors__v2__openapi.yaml,3.x,15,15,ok
S2__googleapis.com__contactcenteraiplatform__v1alpha1__openapi.yaml,3.x,9,9,ok
S2__googleapis.com__contactcenterinsights__v1__openapi.yaml,3.x,27,27,ok
S2__googleapis.com__container__v1beta1__openapi.yaml,3.x,62,62,ok
S2__googleapis.com__containeranalysis__v1alpha1__openapi.yaml,3.x,16,16,ok
S2__googleapis.com__content__v2.1__openapi.yaml,3.x,175,175,ok
S2__googleapis.com__contentwarehouse__v1__openapi.yaml,3.x,22,22,ok
S2__googleapis.com__datacatalog__v1beta1__openapi.yaml,3.x,23,23,ok
S2__googleapis.com__dataflow__v1b3__openapi.yaml,3.x,41,41,ok
S2__googleapis.com__dataform__v1beta1__openapi.yaml,3.x,43,43,ok
S2__googleapis.com__datafusion__v1beta1__openapi.yaml,3.x,18,18,ok
S2__googleapis.com__datalabeling__v1beta1__openapi.yaml,3.x,28,28,ok
S2__googleapis.com__datalineage__v1__openapi.yaml,3.x,13,13,ok
S2__googleapis.com__datamigration__v1beta1__openapi.yaml,3.x,20,20,ok
S2__googleapis.com__datapipelines__v1__openapi.yaml,3.x,8,8,ok
S2__googleapis.com__dataplex__v1__openapi.yaml,3.x,40,40,ok
S2__googleapis.com__dataportability__v1beta__openapi.yaml,3.x,4,4,ok
S2__googleapis.com__dataproc__v1__openapi.yaml,3.x,41,41,ok
S2__googleapis.com__datastore__v1beta3__openapi.yaml,3.x,8,8,ok
S2__googleapis.com__datastream__v1alpha1__openapi.yaml,3.x,20,20,ok
S2__googleapis.com__deploymentmanager__v2__openapi.yaml,3.x,18,18,ok
S2__googleapis.com__dfareporting__v4__openapi.yaml,3.x,209,209,ok
S2__googleapis.com__dialogflow__v3beta1__openapi.yaml,3.x,63,63,ok
S2__googleapis.com__digitalassetlinks__v1__openapi.yaml,3.x,3,3,ok
S2__googleapis.com__discoveryengine__v1alpha__openapi.yaml,3.x,44,44,ok
S2__googleapis.com__displayvideo__v4__openapi.yaml,3.x,3,3,ok
S2__googleapis.com__dlp__v2__openapi.yaml,3.x,28,28,ok
S2__googleapis.com__dns__v2__openapi.yaml,3.x,40,40,ok
S2__googleapis.com__docs__v1__openapi.yaml,3.x,3,3,ok
S2__googleapis.com__documentai__v1beta3__openapi.yaml,3.x,26,26,ok
S2__googleapis.com__domains__v1alpha2__openapi.yaml,3.x,22,22,ok
S2__googleapis.com__domainsrdap__v1__openapi.yaml,3.x,10,10,ok
S2__googleapis.com__doubleclickbidmanager__v2__openapi.yaml,3.x,7,7,ok
S2__googleapis.com__doubleclicksearch__v2__openapi.yaml,3.x,11,11,ok
S2__googleapis.com__drive__v3__openapi.yaml,3.x,50,50,ok
S2__googleapis.com__drivelabels__v2__openapi.yaml,3.x,16,16,ok
S2__googleapis.com__essentialcontacts__v1__openapi.yaml,3.x,7,7,ok
S2__googleapis.com__eventarc__v1beta1__openapi.yaml,3.x,11,11,ok
S2__googleapis.com__factchecktools__v1alpha1__openapi.yaml,3.x,6,6,ok
S2__googleapis.com__file__v1beta1__openapi.yaml,3.x,16,16,ok
S2__googleapis.com__firebase__v1beta1__openapi.yaml,3.x,21,21,ok
S2__googleapis.com__firebaseappcheck__v1__openapi.yaml,3.x,24,24,ok
S2__googleapis.com__firebaseappdistribution__v1__openapi.yaml,3.x,18,18,ok
S2__googleapis.com__firebasedatabase__v1beta__openapi.yaml,3.x,7,7,ok
S2__googleapis.com__firebasedynamiclinks__v1__openapi.yaml,3.x,5,5,ok
S2__googleapis.com__firebasehosting__v1beta1__openapi.yaml,3.x,21,21,ok
S2__googleapis.com__firebaseml__v1beta2__openapi.yaml,3.x,6,6,ok
S2__googleapis.com__firebaserules__v1__openapi.yaml,3.x,9,9,ok
S2__googleapis.com__firebasestorage__v1beta__openapi.yaml,3.x,4,4,ok
S2__googleapis.com__firestore__v1beta2__openapi.yaml,3.x,8,8,ok
S2__googleapis.com__fitness__v1__openapi.yaml,3.x,13,13,ok
S2__googleapis.com__forms__v1__openapi.yaml,3.x,9,9,ok
S2__googleapis.com__gamesConfiguration__v1configuration__openapi.yaml,3.x,10,10,ok
S2__googleapis.com__gamesManagement__v1management__openapi.yaml,3.x,18,18,ok
S2__googleapis.com__games__v1__openapi.yaml,3.x,35,35,ok
S2__googleapis.com__gameservices__v1__openapi.yaml,3.x,8,8,ok
S2__googleapis.com__genomics__v2alpha1__openapi.yaml,3.x,5,5,ok
S2__googleapis.com__gkebackup__v1__openapi.yaml,3.x,19,19,ok
S2__googleapis.com__gkehub__v2alpha__openapi.yaml,3.x,4,4,ok
S2__googleapis.com__gkeonprem__v1__openapi.yaml,3.x,30,30,ok
S2__googleapis.com__gmail__v1__openapi.yaml,3.x,79,79,ok
S2__googleapis.com__gmailpostmastertools__v1beta1__openapi.yaml,3.x,3,3,ok
S2__googleapis.com__groupssettings__v1__openapi.yaml,3.x,3,3,ok
S2__googleapis.com__healthcare__v1beta1__openapi.yaml,3.x,83,83,ok
S2__googleapis.com__homegraph__v1__openapi.yaml,3.x,5,5,ok
S2__googleapis.com__iam__v2__openapi.yaml,3.x,5,5,ok
S2__googleapis.com__iamcredentials__v1__openapi.yaml,3.x,4,4,ok
S2__googleapis.com__iap__v1beta1__openapi.yaml,3.x,3,3,ok
S2__googleapis.com__ideahub__v1alpha__openapi.yaml,3.x,5,5,ok
S2__googleapis.com__identitytoolkit__v2__openapi.yaml,3.x,24,24,ok
S2__googleapis.com__identitytoolkit__v3__openapi.yaml,3.x,20,20,ok
S2__googleapis.com__ids__v1__openapi.yaml,3.x,11,11,ok
S2__googleapis.com__integrations__v1__openapi.yaml,3.x,40,40,ok
S2__googleapis.com__jobs__v4__openapi.yaml,3.x,16,16,ok
S2__googleapis.com__keep__v1__openapi.yaml,3.x,6,6,ok
S2__googleapis.com__kmsinventory__v1__openapi.yaml,3.x,3,3,ok
S2__googleapis.com__language__v2__openapi.yaml,3.x,5,5,ok
S2__googleapis.com__libraryagent__v1__openapi.yaml,3.x,5,5,ok
S2__googleapis.com__licensing__v1__openapi.yaml,3.x,7,7,ok
S2__googleapis.com__lifesciences__v2beta__openapi.yaml,3.x,5,5,ok
S2__googleapis.com__logging__v2__openapi.yaml,3.x,42,42,ok
S2__googleapis.com__looker__v1__openapi.yaml,3.x,14,14,ok
S2__googleapis.com__managedidentities__v1alpha1__openapi.yaml,3.x,29,29,ok
S2__googleapis.com__manufacturers__v1__openapi.yaml,3.x,8,8,ok
S2__googleapis.com__marketingplatformadmin__v1alpha__openapi.yaml,3.x,4,4,ok
S2__googleapis.com__memcache__v1beta2__openapi.yaml,3.x,13,13,ok
S2__googleapis.com__metastore__v1__openapi.yaml,3.x,23,23,ok
S2__googleapis.com__migrationcenter__v1alpha1__openapi.yaml,3.x,30,30,ok
S2__googleapis.com__ml__v1__openapi.yaml,3.x,29,29,ok
S2__googleapis.com__monitoring__v3__openapi.yaml,3.x,32,32,ok
S2__googleapis.com__my-business__v4__openapi.yaml,3.x,50,50,ok
S2__googleapis.com__mybusinessaccountmanagement__v1__openapi.yaml,3.x,11,11,ok
S2__googleapis.com__mybusinessbusinesscalls__v1__openapi.yaml,3.x,3,3,ok
S2__googleapis.com__mybusinessbusinessinformation__v1__openapi.yaml,3.x,11,11,ok
S2__googleapis.com__mybusinesslodging__v1__openapi.yaml,3.x,3,3,ok
S2__googleapis.com__mybusinessplaceactions__v1__openapi.yaml,3.x,6,6,ok
S2__googleapis.com__mybusinessqanda__v1__openapi.yaml,3.x,7,7,ok
S2__googleapis.com__mybusinessverifications__v1__openapi.yaml,3.x,5,5,ok
S2__googleapis.com__networkconnectivity__v1alpha1__openapi.yaml,3.x,15,15,ok
S2__googleapis.com__networkmanagement__v1beta1__openapi.yaml,3.x,12,12,ok
S2__googleapis.com__networksecurity__v1beta1__openapi.yaml,3.x,37,37,ok
S2__googleapis.com__networkservices__v1beta1__openapi.yaml,3.x,31,31,ok
S2__googleapis.com__notebooks__v2__openapi.yaml,3.x,22,22,ok
S2__googleapis.com__oauth2__v2__openapi.yaml,3.x,3,3,ok
S2__googleapis.com__ondemandscanning__v1beta1__openapi.yaml,3.x,7,7,ok
S2__googleapis.com__orgpolicy__v2__openapi.yaml,3.x,9,9,ok
S2__googleapis.com__osconfig__v1__openapi.yaml,3.x,17,17,ok
S2__googleapis.com__oslogin__v1__openapi.yaml,3.x,6,6,ok
S2__googleapis.com__paymentsresellersubscription__v1__openapi.yaml,3.x,10,10,ok
S2__googleapis.com__people__v1__openapi.yaml,3.x,23,23,ok
S2__googleapis.com__places__v1__openapi.yaml,3.x,4,4,ok
S2__googleapis.com__playablelocations__v3__openapi.yaml,3.x,3,3,ok
S2__googleapis.com__playdeveloperreporting__v1alpha1__openapi.yaml,3.x,7,7,ok
S2__googleapis.com__plus__v1__openapi.yaml,3.x,9,9,ok
S2__googleapis.com__policysimulator__v1__openapi.yaml,3.x,6,6,ok
S2__googleapis.com__poly__v1__openapi.yaml,3.x,4,4,ok
S2__googleapis.com__privateca__v1beta1__openapi.yaml,3.x,8,8,ok
S2__googleapis.com__prod_tt_sasportal__v1alpha1__openapi.yaml,3.x,24,24,ok
S2__googleapis.com__proximitybeacon__v1beta1__openapi.yaml,3.x,17,17,ok
S2__googleapis.com__pubsub__v1beta2__openapi.yaml,3.x,16,16,ok
S2__googleapis.com__pubsublite__v1__openapi.yaml,3.x,20,20,ok
S2__googleapis.com__rapidmigrationassessment__v1__openapi.yaml,3.x,12,12,ok
S2__googleapis.com__readerrevenuesubscriptionlinking__v1__openapi.yaml,3.x,3,3,ok
S2__googleapis.com__realtimebidding__v1__openapi.yaml,3.x,28,28,ok
S2__googleapis.com__recaptchaenterprise__v1__openapi.yaml,3.x,15,15,ok
S2__googleapis.com__recommendationengine__v1beta1__openapi.yaml,3.x,17,17,ok
S2__googleapis.com__recommender__v1beta1__openapi.yaml,3.x,12,12,ok
S2__googleapis.com__redis__v1beta1__openapi.yaml,3.x,16,16,ok
S2__googleapis.com__remotebuildexecution__v1alpha__openapi.yaml,3.x,8,8,ok
S2__googleapis.com__reseller__v1__openapi.yaml,3.x,17,17,ok
S2__googleapis.com__resourcesettings__v1__openapi.yaml,3.x,3,3,ok
S2__googleapis.com__retail__v2__openapi.yaml,3.x,40,40,ok
S2__googleapis.com__run__v2__openapi.yaml,3.x,17,17,ok
S2__googleapis.com__runtimeconfig__v1beta1__openapi.yaml,3.x,13,13,ok
S2__googleapis.com__safebrowsing__v4__openapi.yaml,3.x,7,7,ok
S2__googleapis.com__sasportal__v1alpha1__openapi.yaml,3.x,24,24,ok
S2__googleapis.com__script__v1__openapi.yaml,3.x,16,16,ok
S2__googleapis.com__searchads360__v0__openapi.yaml,3.x,5,5,ok
S2__googleapis.com__searchconsole__v1__openapi.yaml,3.x,11,11,ok
S2__googleapis.com__secretmanager__v1beta1__openapi.yaml,3.x,15,15,ok
S2__googleapis.com__securitycenter__v1beta2__openapi.yaml,3.x,3,3,ok
S2__googleapis.com__serviceconsumermanagement__v1beta1__openapi.yaml,3.x,7,7,ok
S2__googleapis.com__servicecontrol__v1__openapi.yaml,3.x,3,3,ok
S2__googleapis.com__servicedirectory__v1beta1__openapi.yaml,3.x,14,14,ok
S2__googleapis.com__servicemanagement__v1__openapi.yaml,3.x,19,19,ok
S2__googleapis.com__servicenetworking__v1__openapi.yaml,3.x,25,25,ok
S2__googleapis.com__serviceusage__v1beta1__openapi.yaml,3.x,16,16,ok
S2__googleapis.com__sheets__v4__openapi.yaml,3.x,17,17,ok
S2__googleapis.com__siteVerification__v1__openapi.yaml,3.x,7,7,ok
S2__googleapis.com__slides__v1__openapi.yaml,3.x,5,5,ok
S2__googleapis.com__smartdevicemanagement__v1__openapi.yaml,3.x,5,5,ok
S2__googleapis.com__sourcerepo__v1__openapi.yaml,3.x,11,11,ok
S2__googleapis.com__spanner__v1__openapi.yaml,3.x,40,40,ok
S2__googleapis.com__speech__v1p1beta1__openapi.yaml,3.x,11,11,ok
S2__googleapis.com__sql__v1beta4__openapi.yaml,3.x,58,58,ok
S2__googleapis.com__storage__v1beta2__openapi.yaml,3.x,34,34,ok
S2__googleapis.com__storagetransfer__v1__openapi.yaml,3.x,15,15,ok
S2__googleapis.com__streetviewpublish__v1__openapi.yaml,3.x,14,14,ok
S2__googleapis.com__sts__v1__openapi.yaml,3.x,3,3,ok
S2__googleapis.com__tagmanager__v2__openapi.yaml,3.x,54,54,ok
S2__googleapis.com__tasks__v1__openapi.yaml,3.x,14,14,ok
S2__googleapis.com__testing__v1__openapi.yaml,3.x,10,10,ok
S2__googleapis.com__texttospeech__v1beta1__openapi.yaml,3.x,5,5,ok
S2__googleapis.com__toolresults__v1beta3__openapi.yaml,3.x,29,29,ok
S2__googleapis.com__tpu__v2alpha1__openapi.yaml,3.x,19,19,ok
S2__googleapis.com__transcoder__v1beta1__openapi.yaml,3.x,6,6,ok
S2__googleapis.com__translate__v2__openapi.yaml,3.x,5,5,ok
S2__googleapis.com__translate__v3beta1__openapi.yaml,3.x,14,14,ok
S2__googleapis.com__vault__v1__openapi.yaml,3.x,32,32,ok
S2__googleapis.com__versionhistory__v1__openapi.yaml,3.x,4,4,ok
S2__googleapis.com__videointelligence__v1__openapi.yaml,3.x,8,8,ok
S2__googleapis.com__vision__v1p2beta1__openapi.yaml,3.x,8,8,ok
S2__googleapis.com__vmmigration__v1alpha1__openapi.yaml,3.x,34,34,ok
S2__googleapis.com__vmwareengine__v1__openapi.yaml,3.x,43,43,ok
S2__googleapis.com__vpcaccess__v1beta1__openapi.yaml,3.x,7,7,ok
S2__googleapis.com__walletobjects__v1__openapi.yaml,3.x,97,97,ok
S2__googleapis.com__webmasters__v3__openapi.yaml,3.x,9,9,ok
S2__googleapis.com__webrisk__v1__openapi.yaml,3.x,8,8,ok
S2__googleapis.com__websecurityscanner__v1__openapi.yaml,3.x,11,11,ok
S2__googleapis.com__workflowexecutions__v1__openapi.yaml,3.x,8,8,ok
S2__googleapis.com__workflows__v1__openapi.yaml,3.x,8,8,ok
S2__googleapis.com__workloadmanager__v1__openapi.yaml,3.x,14,14,ok
S2__googleapis.com__workspaceevents__v1__openapi.yaml,3.x,6,6,ok
S2__googleapis.com__workstations__v1__openapi.yaml,3.x,20,20,ok
S2__googleapis.com__youtubeAnalytics__v2__openapi.yaml,3.x,8,8,ok
S2__googleapis.com__youtube__v3__openapi.yaml,3.x,80,80,ok
S2__googleapis.com__youtubereporting__v1__openapi.yaml,3.x,8,8,ok
S2__gov.bc.ca__bcdc__3.0.1__openapi.yaml,3.x,22,22,ok
S2__gov.bc.ca__bcgnws__3.x.x__openapi.yaml,3.x,14,14,ok
S2__gov.bc.ca__geocoder__2.0.0__openapi.yaml,3.x,16,16,ok
S2__gov.bc.ca__geomark__4.1.2__openapi.yaml,3.x,7,7,ok
S2__gov.bc.ca__gwells__v1__openapi.yaml,3.x,24,24,ok
S2__gov.bc.ca__jobposting__1.0.0__openapi.yaml,3.x,5,5,ok
S2__gov.bc.ca__open511__1.0.0__openapi.yaml,3.x,4,4,ok
S2__gov.bc.ca__router__2.0.0__openapi.yaml,3.x,24,24,ok
S2__graphhopper.com__1.0.0__openapi.yaml,3.x,16,16,ok
S2__greenpeace.org__1.0.0__swagger.yaml,2.0,6,6,ok
S2__greip.io__1.0.0__openapi.yaml,3.x,9,9,ok
S2__groundhog-day.com__1.2.1__openapi.yaml,3.x,5,5,ok
S2__gsmtasks.com__2.4.13__openapi.yaml,3.x,261,261,ok
S2__handwrytten.com__1.0.0__swagger.yaml,2.0,30,30,ok
S2__hetzner.cloud__1.0.0__openapi.yaml,3.x,144,144,ok
S2__hhs.gov__2__openapi.yaml,3.x,31,31,ok
S2__hsbc.com__atm__2.2.1__swagger.yaml,2.0,5,5,ok
S2__hsbc.com__branches__2.2.1__swagger.yaml,2.0,6,6,ok
S2__hsbc.com__product__2.2.1__swagger.yaml,2.0,8,8,ok
S2__httpbin.org__0.9.2__openapi.yaml,3.x,73,73,ok
S2__hubapi.com__auth__v1__openapi.yaml,3.x,4,4,ok
S2__hubapi.com__automation__v4__openapi.yaml,3.x,16,16,ok
S2__hubapi.com__communication-preferences__v3__openapi.yaml,3.x,4,4,ok
S2__hubapi.com__crm__v3__openapi.yaml,3.x,6,6,ok
S2__hubapi.com__files__v3__openapi.yaml,3.x,19,19,ok
S2__hubapi.com__marketing__v3__openapi.yaml,3.x,16,16,ok
S2__hubapi.com__webhooks__v3__openapi.yaml,3.x,9,9,ok
S2__hubhopper.com__v5__swagger.yaml,2.0,7,7,ok
S2__i-cue.solutions__v1__openapi.yaml,3.x,64,64,ok
S2__ibanapi.com__1.0.0__openapi.yaml,3.x,3,3,ok
S2__id4i.de__1.0.2__openapi.yaml,3.x,107,107,ok
S2__ideaconsult.net__enanomapper__4.0.0__openapi.yaml,3.x,13,13,ok
S2__ideal-postcodes.co.uk__3.7.0__openapi.yaml,3.x,26,26,ok
S2__impala.travel__hotels__1.003__openapi.yaml,3.x,10,10,ok
S2__increase.com__0.0.1__openapi.yaml,3.x,131,131,ok
S2__infermedica.com__v2__swagger.yaml,2.0,20,20,ok
S2__influxdata.com__2.0.0__openapi.yaml,3.x,195,195,ok
S2__inpe.br__dados-abertos__1.0__swagger.yaml,2.0,6,6,ok
S2__instagram.com__1.0.0__swagger.yaml,2.0,27,27,ok
S2__intel.com__product-catalogue__0.1.0__swagger.yaml,2.0,4,4,ok
S2__intellifi.nl__2.23.4+0.gb463b49.dirty__openapi.yaml,3.x,77,77,ok
S2__interactivebrokers.com__1.0.0__openapi.yaml,3.x,16,16,ok
S2__ipqualityscore.com__1.0.0__openapi.yaml,3.x,3,3,ok
S2__iqualify.com__v1__openapi.yaml,3.x,84,84,ok
S2__isbndb.com__1.0.1__swagger.yaml,2.0,10,10,ok
S2__ix-api.net__2.1.0__openapi.yaml,3.x,77,77,ok
S2__izettle.com__products__1.0.0__openapi.yaml,3.x,32,32,ok
S2__jellyfin.local__v1__openapi.yaml,3.x,387,387,ok
S2__jokes.one__1.1__swagger.yaml,2.0,12,12,ok
S2__journy.io__1.0.0__openapi.yaml,3.x,16,16,ok
S2__just-eat.co.uk__1.0.0__openapi.yaml,3.x,98,98,ok
S2__keycloak.local__1__openapi.yaml,3.x,281,281,ok
S2__klarna.com__payments__1.0.0__openapi.yaml,3.x,6,6,ok
S2__kumpeapps.com__5.0.0__openapi.yaml,3.x,33,33,ok
S2__lambdatest.com__1.0.1__openapi.yaml,3.x,9,9,ok
S2__languagetool.org__1.1.2__swagger.yaml,2.0,5,5,ok
S2__launchdarkly.com__5.3.0__swagger.yaml,2.0,105,105,ok
S2__letmc.com__customer__v2-customer__openapi.yaml,3.x,24,24,ok
S2__letmc.com__diary__v3-diary__openapi.yaml,3.x,13,13,ok
S2__lgtm.com__v1.0__openapi.yaml,3.x,29,29,ok
S2__libretranslate.local__1.3.10__openapi.yaml,3.x,6,6,ok
S2__link.fish__2018-07-05__swagger.yaml,2.0,8,8,ok
S2__linode.com__4.151.1__openapi.yaml,3.x,350,350,ok
S2__linqr.app__2.0__openapi.yaml,3.x,14,14,ok
S2__linuxfoundation.org__reimbursement__1.0__swagger.yaml,2.0,6,6,ok
S2__listennotes.com__2.0__openapi.yaml,3.x,24,24,ok
S2__ljaero.com__dflight__V 1.0.0__openapi.yaml,3.x,24,24,ok
S2__logoraisr.com__v1__openapi.yaml,3.x,10,10,ok
S2__loket.nl__V2__openapi.yaml,3.x,663,663,ok
S2__lufthansa.com__partner__1.0__openapi.yaml,3.x,16,16,ok
S2__lufthansa.com__public__1.0__openapi.yaml,3.x,15,15,ok
S2__lumminary.com__1.0__swagger.yaml,2.0,17,17,ok
S2__magento.com__2.2.10__openapi.yaml,3.x,455,455,ok
S2__maif.local__otoroshi__1.5.0-dev__openapi.yaml,3.x,101,101,ok
S2__mailchimp.com__3.0.55__openapi.yaml,3.x,271,271,ok
S2__mailscript.com__0.4.0__openapi.yaml,3.x,38,38,ok
S2__mashape.com__geodb__1.0.0__swagger.yaml,2.0,26,26,ok
S2__mastercard.com__CurrencyConversionCalculator__1.0.0__swagger.yaml,2.0,3,3,ok
S2__mastercard.com__Locations__1.0.0__swagger.yaml,2.0,7,7,ok
S2__mastercard.com__MATCH__1.0.0__swagger.yaml,2.0,6,6,ok
S2__mastercard.com__MDES__2.0.7__swagger.yaml,2.0,15,15,ok
S2__mastercard.com__PersonalizedLoyaltyOffers__1.3__swagger.yaml,2.0,8,8,ok
S2__mastercard.com__SpendingPulse__1.0__swagger.yaml,2.0,4,4,ok
S2__mastercard.com__masterpassqr__V1__swagger.yaml,2.0,15,15,ok
S2__mastercard.com__open-banking-connect-pis__1.16.0__swagger.yaml,2.0,12,12,ok
S2__mastodon.local__1.0__openapi.yaml,3.x,127,127,ok
S2__math.tools__1.5__openapi.yaml,3.x,26,26,ok
S2__mbus.local__0.3.5__openapi.yaml,3.x,7,7,ok
S2__mcw.edu__1.1__openapi.yaml,3.x,100,100,ok
S2__medium.com__1.0__openapi.yaml,3.x,32,32,ok
S2__meilisearch.com__1.0.0__openapi.yaml,3.x,64,64,ok
S2__meraki.com__1.32.0__openapi.yaml,3.x,616,616,ok
S2__mercure.local__0.3.2__openapi.yaml,3.x,5,5,ok
S2__mermade.org.uk__openapi-converter__1.0.0__openapi.yaml,3.x,5,5,ok
S2__meshery.local__0.4.27__openapi.yaml,3.x,75,75,ok
S2__metadapi.com__1.0__openapi.yaml,3.x,7,7,ok
S2__meteosource.com__v1__openapi.yaml,3.x,7,7,ok
S2__microcks.local__1.7.0__openapi.yaml,3.x,44,44,ok
S2__microsoft.com__graph__1.0.1__openapi.yaml,3.x,11422,11422,ok
S2__mineskin.org__1.0.0__openapi.yaml,3.x,9,9,ok
S2__mist.com__0.37.7__openapi.yaml,3.x,779,779,ok
S2__mon-voyage-pas-cher.com__0.0.1__swagger.yaml,2.0,11,11,ok
S2__monarchinitiative.org__1.1.14__openapi.yaml,3.x,168,168,ok
S2__motaword.com__1.0__openapi.yaml,3.x,222,222,ok
S2__mozilla.com__kinto__1.22__openapi.yaml,3.x,19,19,ok
S2__mtaa-api.herokuapp.com__1.0__openapi.yaml,3.x,5,5,ok
S2__musixmatch.com__1.1.0__swagger.yaml,2.0,16,16,ok
S2__mux.com__v1__openapi.yaml,3.x,91,91,ok
S2__n-auth.com__2.2__swagger.yaml,2.0,55,55,ok
S2__nasa.gov__asteroids neows__3.4.0__openapi.yaml,3.x,3,3,ok
S2__nativeads.com__1.0.0__swagger.yaml,2.0,4,4,ok
S2__naviplancentral.com__plan__v1__swagger.yaml,2.0,64,64,ok
S2__nba.com__version__swagger.yaml,2.0,91,91,ok
S2__nbg.gr__v3.1.5__openapi.yaml,3.x,21,21,ok
S2__ndhm.gov.in__ndhm-cm__0.5__openapi.yaml,3.x,22,22,ok
S2__ndhm.gov.in__ndhm-gateway__0.5__openapi.yaml,3.x,48,48,ok
S2__ndhm.gov.in__ndhm-healthid__1.0__openapi.yaml,3.x,73,73,ok
S2__ndhm.gov.in__ndhm-hip__0.5__openapi.yaml,3.x,30,30,ok
S2__ndhm.gov.in__ndhm-hiu__0.5__openapi.yaml,3.x,32,32,ok
S2__netbox.dev__3.4__openapi.yaml,3.x,843,843,ok
S2__netboxdemo.com__2.8__openapi.yaml,3.x,386,386,ok
S2__netlify.com__2.16.0__swagger.yaml,2.0,120,120,ok
S2__neutrinoapi.net__3.6.4__openapi.yaml,3.x,28,28,ok
S2__nexmo.com__account__1.0.4__openapi.yaml,3.x,8,8,ok
S2__nexmo.com__application.v2__2.1.4__openapi.yaml,3.x,5,5,ok
S2__nexmo.com__application__1.0.2__openapi.yaml,3.x,5,5,ok
S2__nexmo.com__conversation__2.0.1__openapi.yaml,3.x,23,23,ok
S2__nexmo.com__external-accounts__0.1.5__openapi.yaml,3.x,9,9,ok
S2__nexmo.com__media__1.0.2__openapi.yaml,3.x,4,4,ok
S2__nexmo.com__number-insight__1.2.1__openapi.yaml,3.x,4,4,ok
S2__nexmo.com__numbers__1.0.20__openapi.yaml,3.x,5,5,ok
S2__nexmo.com__pricing__0.0.3__openapi.yaml,3.x,3,3,ok
S2__nexmo.com__reports__2.2.2__openapi.yaml,3.x,6,6,ok
S2__nexmo.com__subaccounts__1.0.8__openapi.yaml,3.x,9,9,ok
S2__nexmo.com__verify__1.2.4__openapi.yaml,3.x,6,6,ok
S2__nexmo.com__voice__1.3.10__openapi.yaml,3.x,9,9,ok
S2__nfusionsolutions.biz__1__openapi.yaml,3.x,17,17,ok
S2__nlpcloud.io__1.0.0__openapi.yaml,3.x,5,5,ok
S2__noosh.com__1.0__openapi.yaml,3.x,102,102,ok
S2__nordigen.com__2.0 (v2)__openapi.yaml,3.x,29,29,ok
S2__notion.com__1.0.0__openapi.yaml,3.x,13,13,ok
S2__nowpayments.io__1.0.0__openapi.yaml,3.x,16,16,ok
S2__nrel.gov__transportation-incentives-laws__0.1.0__openapi.yaml,3.x,4,4,ok
S2__nrm.se__georg__2.1__swagger.yaml,2.0,5,5,ok
S2__nytimes.com__books_api__3.0.0__openapi.yaml,3.x,6,6,ok
S2__nytimes.com__community__3.0.0__openapi.yaml,3.x,4,4,ok
S2__nytimes.com__most_popular_api__2.0.0__openapi.yaml,3.x,3,3,ok
S2__nytimes.com__movie_reviews__2.0.0__openapi.yaml,3.x,3,3,ok
S2__nytimes.com__timeswire__3.0.0__openapi.yaml,3.x,3,3,ok
S2__o2.cz__sociodemo__1.2.0__swagger.yaml,2.0,3,3,ok
S2__obono.at__1.4.0.0__openapi.yaml,3.x,18,18,ok
S2__okta.local__1.0.0__openapi.yaml,3.x,19,19,ok
S2__onsched.com__consumer__v1__openapi.yaml,3.x,38,38,ok
S2__onsched.com__setup__v1__openapi.yaml,3.x,138,138,ok
S2__openai.com__1.2.0__openapi.yaml,3.x,28,28,ok
S2__openalpr.com__3.0.1__swagger.yaml,2.0,4,4,ok
S2__openapi-generator.tech__6.5.0__openapi.yaml,3.x,7,7,ok
S2__openaq.local__2.0.0__openapi.yaml,3.x,35,35,ok
S2__openbanking.org.uk__account-info-openapi__3.1.7__openapi.yaml,3.x,29,29,ok
S2__openbanking.org.uk__confirmation-funds-openapi__3.1.7__openapi.yaml,3.x,4,4,ok
S2__openbanking.org.uk__payment-initiation-openapi__3.1.7__openapi.yaml,3.x,41,41,ok
S2__openbanking.org.uk__v1.3__openapi.yaml,3.x,6,6,ok
S2__openbankingproject.ch__1.3.8_2020-12-14 - Swiss edition 1.3.8.1-CH__openapi.yaml,3.x,34,34,ok
S2__openchannel.io__market__2.0.24__openapi.yaml,3.x,72,72,ok
S2__opendatanetwork.com__1.0.0__openapi.yaml,3.x,9,9,ok
S2__openpolicy.local__0.28.0__openapi.yaml,3.x,15,15,ok
S2__openstates.org__2021.11.12__openapi.yaml,3.x,11,11,ok
S2__opensuse.org__obs__2.10.50__openapi.yaml,3.x,81,81,ok
S2__opentargets.io__19.02.1__openapi.yaml,3.x,31,31,ok
S2__opentrials.local__0.0.1__swagger.yaml,2.0,17,17,ok
S2__openuv.io__v1__openapi.yaml,3.x,3,3,ok
S2__optimade.local__1.1.0~develop__openapi.yaml,3.x,8,8,ok
S2__opto22.com__groov__R4.2a__swagger.yaml,2.0,10,10,ok
S2__opto22.com__pac__R1.0a__swagger.yaml,2.0,55,55,ok
S2__orbit.love__v1__openapi.yaml,3.x,33,33,ok
S2__ornl.gov__daymet__1.0.2__swagger.yaml,2.0,4,4,ok
S2__orthanc-server.com__1.12.0__openapi.yaml,3.x,291,291,ok
S2__ote-godaddy.com__abuse__1.0.0__openapi.yaml,3.x,3,3,ok
S2__oxforddictionaries.com__1.11.0__openapi.yaml,3.x,26,26,ok
S2__pandascore.co__2.23.1__openapi.yaml,3.x,56,56,ok
S2__parliament.uk__bills__v1__openapi.yaml,3.x,19,19,ok
S2__parliament.uk__commonsvotes__v1__swagger.yaml,2.0,5,5,ok
S2__parliament.uk__erskine-may__v1__openapi.yaml,3.x,11,11,ok
S2__parliament.uk__lordsvotes__v1__openapi.yaml,3.x,5,5,ok
S2__parliament.uk__members__v1__openapi.yaml,3.x,43,43,ok
S2__parliament.uk__oralquestions__v1__openapi.yaml,3.x,4,4,ok
S2__parliament.uk__search__Live__openapi.yaml,3.x,3,3,ok
S2__parliament.uk__statutoryinstruments__v1__openapi.yaml,3.x,10,10,ok
S2__parliament.uk__treaties__v1__openapi.yaml,3.x,6,6,ok
S2__parliament.uk__writtenquestions__v1__openapi.yaml,3.x,7,7,ok
S2__patrowl.local__1.0.0__openapi.yaml,3.x,12,12,ok
S2__pay1.de__link__v1__openapi.yaml,3.x,4,4,ok
S2__paylocity.com__2__openapi.yaml,3.x,30,30,ok
S2__payments.service.gov.uk__payments__1.0.3__swagger.yaml,2.0,10,10,ok
S2__pdfblocks.com__1.5.0__openapi.yaml,3.x,12,12,ok
S2__pdfbroker.io__v1__openapi.yaml,3.x,7,7,ok
S2__pdfgeneratorapi.com__3.1.1__openapi.yaml,3.x,11,11,ok
S2__pendo.io__1.0.0__swagger.yaml,2.0,31,31,ok
S2__peoplefinderspro.com__1.0.0__openapi.yaml,3.x,5,5,ok
S2__peoplegeneratorapi.live__v0__openapi.yaml,3.x,46,46,ok
S2__phantauth.net__1.0.0__openapi.yaml,3.x,10,10,ok
S2__pinecone.io__20230406.1__openapi.yaml,3.x,15,15,ok
S2__plaid.com__2020-09-14_1.345.1__openapi.yaml,3.x,200,200,ok
S2__pocketsmith.com__2.0__openapi.yaml,3.x,56,56,ok
S2__portfoliooptimizer.io__1.0.9__openapi.yaml,3.x,94,94,ok
S2__postmarkapp.com__account__0.9.0__swagger.yaml,2.0,23,23,ok
S2__postmarkapp.com__server__1.0.0__swagger.yaml,2.0,43,43,ok
S2__powerdns.local__0.0.13__swagger.yaml,2.0,32,32,ok
S2__presalytics.io__ooxml__0.1.0__openapi.yaml,3.x,148,148,ok
S2__presalytics.io__story__0.3.1__openapi.yaml,3.x,42,42,ok
S2__pressassociation.io__2.0__openapi.yaml,3.x,18,18,ok
S2__probely.com__1.2.0__openapi.yaml,3.x,147,147,ok
S2__prss.org__2.0.0__openapi.yaml,3.x,36,36,ok
S2__qualpay.com__1.7.0__swagger.yaml,2.0,14,14,ok
S2__qualtrics.com__0.2__openapi.yaml,3.x,8,8,ok
S2__quarantine.country__1.0__swagger.yaml,2.0,6,6,ok
S2__quickchart.io__1.0.0__openapi.yaml,3.x,4,4,ok
S2__quotes.rest__5.1__openapi.yaml,3.x,45,45,ok
S2__randomlovecraft.com__1.0__openapi.yaml,3.x,4,4,ok
S2__randommer.io__v1__openapi.yaml,3.x,25,25,ok
S2__rapidapi.com__1.0.0__openapi.yaml,3.x,5,5,ok
S2__rapidapi.com__football-prediction__2__openapi.yaml,3.x,5,5,ok
S2__rapidapi.com__idealspot-geodata__1.0__openapi.yaml,3.x,7,7,ok
S2__rawg.io__v1.0__openapi.yaml,3.x,30,30,ok
S2__rbaskets.in__1.0.0__swagger.yaml,2.0,20,20,ok
S2__readme.io__2.0.0__openapi.yaml,3.x,29,29,ok
S2__rebilly.com__2.1__openapi.yaml,3.x,184,184,ok
S2__redhat.com__catalog_inventory__1.0.0__openapi.yaml,3.x,38,38,ok
S2__redhat.local__patchman-engine__v1.15.3__openapi.yaml,3.x,21,21,ok
S2__refugerestrooms.org__0.0.1__swagger.yaml,2.0,4,4,ok
S2__remove.bg__1.0.0__openapi.yaml,3.x,3,3,ok
S2__rentcast.io__1.0__openapi.yaml,3.x,10,10,ok
S2__restful4up.local__1.0.0__openapi.yaml,3.x,4,4,ok
S2__rev.ai__v1__openapi.yaml,3.x,7,7,ok
S2__reversepp.com__1.0__swagger.yaml,2.0,8,8,ok
S2__ritekit.com__1.0.0__openapi.yaml,3.x,13,13,ok
S2__royalmail.com__click-and-drop__1.0.0__swagger.yaml,2.0,8,8,ok
S2__rubrikinc.github.io__v1__openapi.yaml,3.x,454,454,ok
S2__rudder.example.local__17__openapi.yaml,3.x,149,149,ok
S2__rumble.run__2.15.0__openapi.yaml,3.x,116,116,ok
S2__runscope.com__1.0.0__swagger.yaml,2.0,29,29,ok
S2__salesforce.local__einstein__2.0.1__openapi.yaml,3.x,45,45,ok
S2__schooldigger.com__v2.0__swagger.yaml,2.0,7,7,ok
S2__seldon.local__wrapper__0.1__openapi.yaml,3.x,12,12,ok
S2__setlist.fm__1.0__swagger.yaml,2.0,15,15,ok
S2__sheerseo.com__0.0.1__swagger.yaml,2.0,4,4,ok
S2__shipengine.com__1.1.202304191404__openapi.yaml,3.x,90,90,ok
S2__shop-pro.jp__1.0.0__openapi.yaml,3.x,18,18,ok
S2__shorten.rest__1.0.0__openapi.yaml,3.x,7,7,ok
S2__shotstack.io__v1__openapi.yaml,3.x,5,5,ok
S2__shutterstock.com__1.1.32__openapi.yaml,3.x,118,118,ok
S2__signl4.com__v1__openapi.yaml,3.x,101,101,ok
S2__simplivpn.net__1.0__openapi.yaml,3.x,7,7,ok
S2__simplyrets.com__1.0.0__swagger.yaml,2.0,4,4,ok
S2__skynewz-api-fortnite.herokuapp.com__3.1.5__swagger.yaml,2.0,9,9,ok
S2__slack.com__1.7.0__openapi.yaml,3.x,174,174,ok
S2__slicebox.local__2.0__swagger.yaml,2.0,118,118,ok
S2__slmonitor.com__2.1__openapi.yaml,3.x,16,16,ok
S2__sms77.io__1.0.0__openapi.yaml,3.x,15,15,ok
S2__snyk.io__1.0.0__openapi.yaml,3.x,103,103,ok
S2__soundcloud.com__1.0.0__openapi.yaml,3.x,59,59,ok
S2__spacetraders.io__2.0.0__openapi.yaml,3.x,40,40,ok
S2__spinbot.net__1.0__swagger.yaml,2.0,5,5,ok
S2__spinitron.com__1.0.0__openapi.yaml,3.x,9,9,ok
S2__spoonacular.com__1.1__openapi.yaml,3.x,99,99,ok
S2__sportsdata.io__cbb-v3-scores__1.0__openapi.yaml,3.x,20,20,ok
S2__sportsdata.io__cbb-v3-stats__1.0__openapi.yaml,3.x,26,26,ok
S2__sportsdata.io__cfb-v3-scores__1.0__openapi.yaml,3.x,22,22,ok
S2__sportsdata.io__csgo-v3-scores__1.0__openapi.yaml,3.x,16,16,ok
S2__sportsdata.io__csgo-v3-stats__1.0__openapi.yaml,3.x,18,18,ok
S2__sportsdata.io__golf-v2__1.0__openapi.yaml,3.x,15,15,ok
S2__sportsdata.io__lol-v3-projections__1.0__openapi.yaml,3.x,3,3,ok
S2__sportsdata.io__lol-v3-scores__1.0__openapi.yaml,3.x,16,16,ok
S2__sportsdata.io__lol-v3-stats__1.0__openapi.yaml,3.x,21,21,ok
S2__sportsdata.io__mlb-v3-projections__1.0__openapi.yaml,3.x,7,7,ok
S2__sportsdata.io__mlb-v3-rotoballer-articles__1.0__openapi.yaml,3.x,3,3,ok
S2__sportsdata.io__mlb-v3-rotoballer-premium-news__1.0__openapi.yaml,3.x,3,3,ok
S2__sportsdata.io__mlb-v3-scores__1.0__openapi.yaml,3.x,21,21,ok
S2__sportsdata.io__mlb-v3-stats__1.0__openapi.yaml,3.x,34,34,ok
S2__sportsdata.io__nascar-v2__1.0__openapi.yaml,3.x,6,6,ok
S2__sportsdata.io__nba-v3-projections__1.0__openapi.yaml,3.x,9,9,ok
S2__sportsdata.io__nba-v3-rotoballer-articles__1.0__openapi.yaml,3.x,3,3,ok
S2__sportsdata.io__nba-v3-rotoballer-premium-news__1.0__openapi.yaml,3.x,3,3,ok
S2__sportsdata.io__nba-v3-scores__1.0__openapi.yaml,3.x,23,23,ok
S2__sportsdata.io__nba-v3-stats__1.0__openapi.yaml,3.x,30,30,ok
S2__sportsdata.io__nfl-v3-play-by-play__1.0__openapi.yaml,3.x,3,3,ok
S2__sportsdata.io__nfl-v3-projections__1.0__openapi.yaml,3.x,16,16,ok
S2__sportsdata.io__nfl-v3-rotoballer-articles__1.0__openapi.yaml,3.x,3,3,ok
S2__sportsdata.io__nfl-v3-rotoballer-premium-news__1.0__openapi.yaml,3.x,4,4,ok
S2__sportsdata.io__nfl-v3-scores__1.0__openapi.yaml,3.x,40,40,ok
S2__sportsdata.io__nfl-v3-stats__1.0__openapi.yaml,3.x,76,76,ok
S2__sportsdata.io__nhl-v3-projections__1.0__openapi.yaml,3.x,5,5,ok
S2__sportsdata.io__nhl-v3-scores__1.0__openapi.yaml,3.x,21,21,ok
S2__sportsdata.io__nhl-v3-stats__1.0__openapi.yaml,3.x,30,30,ok
S2__sportsdata.io__soccer-v3-projections__1.0__openapi.yaml,3.x,6,6,ok
S2__sportsdata.io__soccer-v3-scores__1.0__openapi.yaml,3.x,24,24,ok
S2__sportsdata.io__soccer-v3-stats__1.0__openapi.yaml,3.x,35,35,ok
S2__spotify.com__1.0.0__openapi.yaml,3.x,88,88,ok
S2__spotify.com__sonallux__2023.2.27__openapi.yaml,3.x,89,89,ok
S2__squareup.com__2.0__openapi.yaml,3.x,200,200,ok
S2__statsocial.com__1.0.0__openapi.yaml,3.x,17,17,ok
S2__stoplight.io__api-v1__openapi.yaml,3.x,5,5,ok
S2__storecove.com__2.0.1__openapi.yaml,3.x,29,29,ok
S2__stream-io-api.com__v80.2.0__openapi.yaml,3.x,116,116,ok
S2__stripe.com__2022-11-15__openapi.yaml,3.x,452,452,ok
S2__superset.apache.local__superset__v1__openapi.yaml,3.x,120,120,ok
S2__surevoip.co.uk__9dcb0dc8__openapi.yaml,3.x,28,28,ok
S2__surrey.ca__open511__0.1__swagger.yaml,2.0,4,4,ok
S2__svix.com__1.4__openapi.yaml,3.x,53,53,ok
S2__swaggerhub.com__1.0.66__swagger.yaml,2.0,87,87,ok
S2__symanto.net__1.0__openapi.yaml,3.x,7,7,ok
S2__taggun.io__1.15.0__swagger.yaml,2.0,18,18,ok
S2__taxrates.io__1.0.0__openapi.yaml,3.x,3,3,ok
S2__tcgdex.net__2.0.0__openapi.yaml,3.x,33,33,ok
S2__telegram.org__5.0.0__openapi.yaml,3.x,74,74,ok
S2__telematicssdk.com__1.0.0__openapi.yaml,3.x,9,9,ok
S2__telnyx.com__2.0.0__openapi.yaml,3.x,361,361,ok
S2__telstra.com__3.x__openapi.yaml,3.x,18,18,ok
S2__testfire.net__altoroj__1.0.2__swagger.yaml,2.0,12,12,ok
S2__text2data.org__v3.4__swagger.yaml,2.0,6,6,ok
S2__tfl.gov.uk__v1__openapi.yaml,3.x,84,84,ok
S2__thebluealliance.com__3.8.2__openapi.yaml,3.x,64,64,ok
S2__theracingapi.com__1.0.0__openapi.yaml,3.x,51,51,ok
S2__thesmsworks.co.uk__1.8.0__swagger.yaml,2.0,18,18,ok
S2__thetvdb.com__3.0.0__swagger.yaml,2.0,31,31,ok
S2__threatjammer.com__1.2.27__openapi.yaml,3.x,97,97,ok
S2__ticketmaster.com__discovery__v2__openapi.yaml,3.x,13,13,ok
S2__ticketmaster.com__publish__v2__openapi.yaml,3.x,10,10,ok
S2__tisane.ai__1.0.0__openapi.yaml,3.x,6,6,ok
S2__tl-api.azurewebsites.net__2020-08-10_6-22__openapi.yaml,3.x,27,27,ok
S2__tokenjay.app__1.0.0__openapi.yaml,3.x,27,27,ok
S2__tokenmetrics.com__1.0.0__openapi.yaml,3.x,14,14,ok
S2__tradematic.com__1.0.2__swagger.yaml,2.0,66,66,ok
S2__trakt.tv__1.0.0__openapi.yaml,3.x,183,183,ok
S2__transitfeeds.com__1.0.0__swagger.yaml,2.0,4,4,ok
S2__truesight.local__11.1.00__openapi.yaml,3.x,23,23,ok
S2__truora.com__1.0.0__openapi.yaml,3.x,25,25,ok
S2__tsapi.net__v1__openapi.yaml,3.x,3,3,ok
S2__turbinelabs.io__1.0__swagger.yaml,2.0,44,44,ok
S2__tvmaze.com__1.0__openapi.yaml,3.x,42,42,ok
S2__twilio.com__api__1.55.0__openapi.yaml,3.x,194,194,ok
S2__twilio.com__twilio_accounts_v1__1.55.0__openapi.yaml,3.x,16,16,ok
S2__twilio.com__twilio_autopilot_v1__1.53.0__openapi.yaml,3.x,52,52,ok
S2__twilio.com__twilio_bulkexports_v1__1.55.0__openapi.yaml,3.x,9,9,ok
S2__twilio.com__twilio_chat_v1__1.55.0__openapi.yaml,3.x,40,40,ok
S2__twilio.com__twilio_content_v1__1.55.0__openapi.yaml,3.x,6,6,ok
S2__twilio.com__twilio_conversations_v1__1.55.0__openapi.yaml,3.x,101,101,ok
S2__twilio.com__twilio_events_v1__1.55.0__openapi.yaml,3.x,22,22,ok
S2__twilio.com__twilio_fax_v1__1.29.1__openapi.yaml,3.x,6,6,ok
S2__twilio.com__twilio_flex_v1__1.55.0__openapi.yaml,3.x,50,50,ok
S2__twilio.com__twilio_insights_v1__1.55.0__openapi.yaml,3.x,17,17,ok
S2__twilio.com__twilio_intelligence_v2__1.55.0__openapi.yaml,3.x,13,13,ok
S2__twilio.com__twilio_ip_messaging_v1__1.55.0__openapi.yaml,3.x,40,40,ok
S2__twilio.com__twilio_media_v1__1.55.0__openapi.yaml,3.x,13,13,ok
S2__twilio.com__twilio_messaging_v1__1.55.0__openapi.yaml,3.x,50,50,ok
S2__twilio.com__twilio_microvisor_v1__1.55.0__openapi.yaml,3.x,27,27,ok
S2__twilio.com__twilio_monitor_v1__1.55.0__openapi.yaml,3.x,4,4,ok
S2__twilio.com__twilio_notify_v1__1.55.0__openapi.yaml,3.x,15,15,ok
S2__twilio.com__twilio_numbers_v1__1.55.0__openapi.yaml,3.x,5,5,ok
S2__twilio.com__twilio_oauth_v1__1.53.0__openapi.yaml,3.x,5,5,ok
S2__twilio.com__twilio_preview__1.55.0__openapi.yaml,3.x,99,99,ok
S2__twilio.com__twilio_pricing_v1__1.55.0__openapi.yaml,3.x,7,7,ok
S2__twilio.com__twilio_proxy_v1__1.55.0__openapi.yaml,3.x,30,30,ok
S2__twilio.com__twilio_routes_v2__1.55.0__openapi.yaml,3.x,6,6,ok
S2__twilio.com__twilio_serverless_v1__1.55.0__openapi.yaml,3.x,39,39,ok
S2__twilio.com__twilio_studio_v1__1.55.0__openapi.yaml,3.x,20,20,ok
S2__twilio.com__twilio_supersim_v1__1.55.0__openapi.yaml,3.x,31,31,ok
S2__twilio.com__twilio_sync_v1__1.55.0__openapi.yaml,3.x,48,48,ok
S2__twilio.com__twilio_taskrouter_v1__1.55.0__openapi.yaml,3.x,60,60,ok
S2__twilio.com__twilio_trunking_v1__1.55.0__openapi.yaml,3.x,24,24,ok
S2__twilio.com__twilio_trusthub_v1__1.55.0__openapi.yaml,3.x,52,52,ok
S2__twilio.com__twilio_verify_v2__1.55.0__openapi.yaml,3.x,53,53,ok
S2__twilio.com__twilio_video_v1__1.55.0__openapi.yaml,3.x,35,35,ok
S2__twilio.com__twilio_voice_v1__1.55.0__openapi.yaml,3.x,32,32,ok
S2__twilio.com__twilio_wireless_v1__1.55.0__openapi.yaml,3.x,16,16,ok
S2__twinehealth.com__v7.78.1__openapi.yaml,3.x,62,62,ok
S2__twitter.com__current__2.62__openapi.yaml,3.x,80,80,ok
S2__twitter.com__legacy__1.1__swagger.yaml,2.0,83,83,ok
S2__tyk.com__1.9__swagger.yaml,2.0,18,18,ok
S2__unicourt.com__1.0.0__openapi.yaml,3.x,158,158,ok
S2__up.com.au__v1__openapi.yaml,3.x,18,18,ok
S2__uscann.net__1.0__swagger.yaml,2.0,5,5,ok
S2__useapi.net__1.0__openapi.yaml,3.x,8,8,ok
S2__uspto.gov__bdss__1.0.0__swagger.yaml,2.0,7,7,ok
S2__va.gov__benefits__1.0.0__openapi.yaml,3.x,6,6,ok
S2__va.gov__facilities__0.0.1__openapi.yaml,3.x,5,5,ok
S2__vectara.io__1.0.0__openapi.yaml,3.x,9,9,ok
S2__velopayments.com__2.35.57__openapi.yaml,3.x,100,100,ok
S2__vercel.com__0.0.1__openapi.yaml,3.x,112,112,ok
S2__vestorly.com__1.0.0__swagger.yaml,2.0,51,51,ok
S2__viator.com__1.0.0__openapi.yaml,3.x,28,28,ok
S2__visiblethread.com__1.0__swagger.yaml,2.0,12,12,ok
S2__visma.com__1.0__openapi.yaml,3.x,512,512,ok
S2__visma.net__1.0.14.784__openapi.yaml,3.x,19,19,ok
S2__visma.net__9.66.02.1023__openapi.yaml,3.x,490,490,ok
S2__visualcrossing.com__weather__4.6__openapi.yaml,3.x,5,5,ok
S2__visualstudio.com__v1__openapi.yaml,3.x,141,141,ok
S2__vmware.local__vrni__1.0.0__openapi.yaml,3.x,161,161,ok
S2__vocadb.net__1.0__openapi.yaml,3.x,129,129,ok
S2__vonage.com__account__1.11.8__openapi.yaml,3.x,3,3,ok
S2__voodoomfg.com__2.0.0__swagger.yaml,2.0,11,11,ok
S2__vtex.local__Catalog-API-Seller-Portal__1.0.0__openapi.yaml,3.x,16,16,ok
S2__vtex.local__Catalog-API__1.0__openapi.yaml,3.x,162,162,ok
S2__vtex.local__Checkout-API__1.0__openapi.yaml,3.x,32,32,ok
S2__vtex.local__Customer-Credit-API__1.0__openapi.yaml,3.x,26,26,ok
S2__vtex.local__GiftCard-Hub-API__1.0__openapi.yaml,3.x,15,15,ok
S2__vtex.local__Giftcard-API__1.0__openapi.yaml,3.x,11,11,ok
S2__vtex.local__Headless-CMS-API__0.31.2__openapi.yaml,3.x,3,3,ok
S2__vtex.local__Intelligent-Search-API__0.1.12__openapi.yaml,3.x,7,7,ok
S2__vtex.local__License-Manager-API__1.0__openapi.yaml,3.x,12,12,ok
S2__vtex.local__Logistics-API__1.0__openapi.yaml,3.x,53,53,ok
S2__vtex.local__Marketplace-APIs-__1.0__openapi.yaml,3.x,15,15,ok
S2__vtex.local__Marketplace-APIs__1.0__openapi.yaml,3.x,23,23,ok
S2__vtex.local__Marketplace-Protocol__1.0__openapi.yaml,3.x,15,15,ok
S2__vtex.local__Master-Data-API-__1.0__openapi.yaml,3.x,26,26,ok
S2__vtex.local__MasterData-API-__1.0__openapi.yaml,3.x,20,20,ok
S2__vtex.local__Orders-API-(PII-version)__1.0__openapi.yaml,3.x,6,6,ok
S2__vtex.local__Orders-API__1.0__openapi.yaml,3.x,28,28,ok
S2__vtex.local__Payments-Gateway-API__1.0__openapi.yaml,3.x,22,22,ok
S2__vtex.local__Policies-System-API__1.0.0__openapi.yaml,3.x,6,6,ok
S2__vtex.local__Price-Simulations__1.0__openapi.yaml,3.x,7,7,ok
S2__vtex.local__Pricing-API__1.0__openapi.yaml,3.x,14,14,ok
S2__vtex.local__Profile-System__1.0__openapi.yaml,3.x,27,27,ok
S2__vtex.local__Promotions-__1.0__openapi.yaml,3.x,31,31,ok
S2__vtex.local__Recurrence-(v1-__1.0__openapi.yaml,3.x,11,11,ok
S2__vtex.local__Reviews-and-Ratings-API__1.0__openapi.yaml,3.x,8,8,ok
S2__vtex.local__SKU-Bindings-API__1.0__openapi.yaml,3.x,12,12,ok
S2__vtex.local__Search-API__1.0__openapi.yaml,3.x,15,15,ok
S2__vtex.local__Session-Manager-API__1.0__openapi.yaml,3.x,4,4,ok
S2__vtex.local__Subscriptions-API-(v2)__1.0__openapi.yaml,3.x,31,31,ok
S2__vtex.local__Subscriptions-API-(v3)__1.0__openapi.yaml,3.x,20,20,ok
S2__vtex.local__VTEX-Do-API__1.0__openapi.yaml,3.x,8,8,ok
S2__vtex.local__VTEX_TEMPLATE__1.0.0__openapi.yaml,3.x,3,3,ok
S2__walletobjects.googleapis.com__pay-passes__v1__openapi.yaml,3.x,95,95,ok
S2__walmart.com__inventory__1.0.0__openapi.yaml,3.x,7,7,ok
S2__walmart.com__item__3.0.1__swagger.yaml,2.0,6,6,ok
S2__walmart.com__order__3.0.1__swagger.yaml,2.0,9,9,ok
S2__walmart.com__price__1.0.0__openapi.yaml,3.x,8,8,ok
S2__warwick.ac.uk__enterobase__v2.0__openapi.yaml,3.x,26,26,ok
S2__waterlinked.com__1.0.0__swagger.yaml,2.0,38,38,ok
S2__wealthreader.com__1.0.0__openapi.yaml,3.x,3,3,ok
S2__weatherbit.io__2.0.0__swagger.yaml,2.0,47,47,ok
S2__weber-gesamtausgabe.de__1.0.0__swagger.yaml,2.0,10,10,ok
S2__webflow.com__2023-03-23T154040Z__openapi.yaml,3.x,80,80,ok
S2__webscraping.ai__3.0.0__openapi.yaml,3.x,4,4,ok
S2__whapi.com__accounts__2.0.0__swagger.yaml,2.0,9,9,ok
S2__whapi.com__bets__2.0.0__openapi.yaml,3.x,6,6,ok
S2__whapi.com__sessions__2.0.0__swagger.yaml,2.0,4,4,ok
S2__whapi.com__sportsdata__2__swagger.yaml,2.0,15,15,ok
S2__whatsapp.local__1.0__openapi.yaml,3.x,53,53,ok
S2__wikipathways.org__1.0__openapi.yaml,3.x,27,27,ok
S2__wiremock.org__admin__2.35.0__openapi.yaml,3.x,33,33,ok
S2__worldtimeapi.org__20210108__openapi.yaml,3.x,12,12,ok
S2__wyjyt-geo-calculate.azurewebsites.net__1.0.0__openapi.yaml,3.x,4,4,ok
S2__xero.com__xero-payroll-au__2.9.4__openapi.yaml,3.x,29,29,ok
S2__xero.com__xero_accounting__2.9.4__openapi.yaml,3.x,224,224,ok
S2__xero.com__xero_assets__2.9.4__openapi.yaml,3.x,6,6,ok
S2__xero.com__xero_bankfeeds__2.9.4__openapi.yaml,3.x,7,7,ok
S2__xero.com__xero_files__2.9.4__openapi.yaml,3.x,16,16,ok
S2__xtrf.eu__2.0__openapi.yaml,3.x,284,284,ok
S2__yodlee.com__1.1.0__openapi.yaml,3.x,70,70,ok
S2__youneedabudget.com__1.0.0__openapi.yaml,3.x,31,31,ok
S2__zalando.com__v1.0__swagger.yaml,2.0,20,20,ok
S2__zapier.com__nla__1.0.0__openapi.yaml,3.x,5,5,ok
S2__zappiti.com__4.15.174__swagger.yaml,2.0,7,7,ok
S2__zeit.co__v2019-01-07__openapi.yaml,3.x,5,5,ok
S2__zeno.fm__0.6-99cfdac__openapi.yaml,3.x,18,18,ok
S2__zoom.us__2.0.0__openapi.yaml,3.x,373,373,ok
S2__zuora.com__2021-08-20__openapi.yaml,3.x,428,428,ok
