file,stage,reason
1forge.com/0.0.1/swagger.yaml,c_min_ops,only_2_ops
abstractapi.com/geolocation/1.0.0/openapi.yaml,c_min_ops,only_1_ops
adyen.com/BalanceControlService/1/openapi.yaml,c_min_ops,only_1_ops
adyen.com/BalancePlatformConfigurationNotification-v1/1/openapi.yaml,a_validate,no_paths_object
adyen.com/BalancePlatformPaymentNotification-v1/1/openapi.yaml,a_validate,no_paths_object
adyen.com/BalancePlatformReportNotification-v1/1/openapi.yaml,a_validate,no_paths_object
adyen.com/BalancePlatformTransferNotification-v3/3/openapi.yaml,a_validate,no_paths_object
adyen.com/BinLookupService/40/openapi.yaml,c_min_ops,only_2_ops
adyen.com/BinLookupService/50/openapi.yaml,c_min_ops,only_2_ops
adyen.com/BinLookupService/52/openapi.yaml,c_min_ops,only_2_ops
adyen.com/BinLookupService/53/openapi.yaml,c_min_ops,only_2_ops
adyen.com/BinLookupService/54/openapi.yaml,c_min_ops,only_2_ops
adyen.com/CheckoutService-v71/71/openapi.yaml,a_validate,parse_error: ScannerError
adyen.com/CheckoutService/37/openapi.yaml,a_validate,parse_error: ScannerError
adyen.com/CheckoutService/40/openapi.yaml,a_validate,parse_error: ScannerError
adyen.com/CheckoutService/41/openapi.yaml,a_validate,parse_error: ScannerError
adyen.com/CheckoutService/46/openapi.yaml,a_validate,parse_error: ScannerError
adyen.com/CheckoutService/49/openapi.yaml,a_validate,parse_error: ScannerError
adyen.com/CheckoutService/50/openapi.yaml,a_validate,parse_error: ScannerError
adyen.com/CheckoutService/51/openapi.yaml,a_validate,parse_error: ScannerError
adyen.com/CheckoutService/52/openapi.yaml,a_validate,parse_error: ScannerError
adyen.com/CheckoutService/53/openapi.yaml,a_validate,parse_error: ScannerError
adyen.com/CheckoutService/64/openapi.yaml,a_validate,parse_error: ScannerError
adyen.com/CheckoutService/65/openapi.yaml,a_validate,parse_error: ScannerError
adyen.com/CheckoutService/66/openapi.yaml,a_validate,parse_error: ScannerError
adyen.com/CheckoutService/67/openapi.yaml,a_validate,parse_error: ScannerError
adyen.com/CheckoutService/68/openapi.yaml,a_validate,parse_error: ScannerError
adyen.com/CheckoutService/69/openapi.yaml,a_validate,parse_error: ScannerError
adyen.com/CheckoutService/70/openapi.yaml,a_validate,parse_error: ScannerError
adyen.com/CheckoutUtilityService/1/openapi.yaml,c_min_ops,only_1_ops
adyen.com/DataProtectionService/1/openapi.yaml,c_min_ops,only_1_ops
adyen.com/HopService/1/openapi.yaml,c_min_ops,only_2_ops
adyen.com/HopService/5/openapi.yaml,c_min_ops,only_2_ops
adyen.com/HopService/6/openapi.yaml,c_min_ops,only_2_ops
adyen.com/ManagementNotificationService-v1/1/openapi.yaml,a_validate,no_paths_object
adyen.com/MarketPayNotificationService/3/openapi.yaml,a_validate,no_paths_object
adyen.com/MarketPayNotificationService/4/openapi.yaml,a_validate,no_paths_object
adyen.com/MarketPayNotificationService/5/openapi.yaml,a_validate,no_paths_object
adyen.com/MarketPayNotificationService/6/openapi.yaml,a_validate,no_paths_object
adyen.com/PaymentService/25/openapi.yaml,a_validate,parse_error: ScannerError
adyen.com/PaymentService/30/openapi.yaml,a_validate,parse_error: ScannerError
adyen.com/PaymentService/40/openapi.yaml,a_validate,parse_error: ScannerError
adyen.com/PaymentService/46/openapi.yaml,a_validate,parse_error: ScannerError
adyen.com/PaymentService/49/openapi.yaml,a_validate,parse_error: ScannerError
adyen.com/PaymentService/50/openapi.yaml,a_validate,parse_error: ScannerError
adyen.com/PaymentService/51/openapi.yaml,a_validate,parse_error: ScannerError
adyen.com/PaymentService/52/openapi.yaml,a_validate,parse_error: ScannerError
adyen.com/PaymentService/64/openapi.yaml,a_validate,parse_error: ScannerError
adyen.com/PaymentService/67/openapi.yaml,a_validate,parse_error: ScannerError
adyen.com/PaymentService/68/openapi.yaml,a_validate,parse_error: ScannerError
adyen.com/PayoutService/46/openapi.yaml,a_validate,parse_error: ScannerError
adyen.com/PayoutService/49/openapi.yaml,a_validate,parse_error: ScannerError
adyen.com/RecurringService/18/openapi.yaml,c_min_ops,only_2_ops
adyen.com/TestCardService/1/openapi.yaml,c_min_ops,only_1_ops
airport-web.appspot.com/v1/swagger.yaml,c_min_ops,only_1_ops
akeneo.com/1.0.0/swagger.yaml,a_validate,parse_error: ValueError
amadeus.com/2.2.0/openapi.yaml,c_min_ops,only_2_ops
amadeus.com/amadeus-airline-code-lookup/1.1.1/swagger.yaml,c_min_ops,only_1_ops
amadeus.com/amadeus-airport-&-city-search/1.2.3/swagger.yaml,c_min_ops,only_2_ops
amadeus.com/amadeus-airport-nearest-relevant/1.1.2/swagger.yaml,c_min_ops,only_1_ops
amadeus.com/amadeus-airport-on-time-performance/1.0.4/swagger.yaml,c_min_ops,only_1_ops
amadeus.com/amadeus-branded-fares-upsell/1.0.1/swagger.yaml,c_min_ops,only_1_ops
amadeus.com/amadeus-flight-availabilities-search/1.0.2/swagger.yaml,c_min_ops,only_1_ops
amadeus.com/amadeus-flight-busiest-traveling-period/1.0.2/swagger.yaml,c_min_ops,only_1_ops
amadeus.com/amadeus-flight-cheapest-date-search/1.0.6/swagger.yaml,c_min_ops,only_1_ops
amadeus.com/amadeus-flight-check-in-links/2.1.2/swagger.yaml,c_min_ops,only_1_ops
amadeus.com/amadeus-flight-choice-prediction/2.0.2/swagger.yaml,c_min_ops,only_1_ops
amadeus.com/amadeus-flight-create-orders/1.9.0/swagger.yaml,c_min_ops,only_1_ops
amadeus.com/amadeus-flight-delay-prediction/1.0.6/swagger.yaml,c_min_ops,only_1_ops
amadeus.com/amadeus-flight-inspiration-search/1.0.6/swagger.yaml,c_min_ops,only_1_ops
amadeus.com/amadeus-flight-most-booked-destinations/1.1.1/swagger.yaml,c_min_ops,only_1_ops
amadeus.com/amadeus-flight-most-traveled-destinations/1.1.1/swagger.yaml,c_min_ops,only_1_ops
amadeus.com/amadeus-flight-offers-price/1.2.2/swagger.yaml,c_min_ops,only_1_ops
amadeus.com/amadeus-flight-order-management/1.9.0/swagger.yaml,c_min_ops,only_2_ops
amadeus.com/amadeus-flight-price-analysis/1.0.1/openapi.yaml,c_min_ops,only_1_ops
amadeus.com/amadeus-hotel-booking/1.1.3/swagger.yaml,c_min_ops,only_1_ops
amadeus.com/amadeus-hotel-name-autocomplete/1.0.3/swagger.yaml,c_min_ops,only_1_ops
amadeus.com/amadeus-hotel-ratings/1.0.2/swagger.yaml,c_min_ops,only_1_ops
amadeus.com/amadeus-hotel-search/3.0.8/swagger.yaml,c_min_ops,only_2_ops
amadeus.com/amadeus-location-score/1.0.2/openapi.yaml,c_min_ops,only_1_ops
amadeus.com/amadeus-on-demand-flight-status/2.0.2/swagger.yaml,c_min_ops,only_1_ops
amadeus.com/amadeus-seatmap-display/1.9.2/swagger.yaml,c_min_ops,only_2_ops
amadeus.com/amadeus-travel-recommendations/1.0.3/openapi.yaml,c_min_ops,only_1_ops
amadeus.com/amadeus-trip-parser/3.0.1/openapi.yaml,a_validate,parse_error: ScannerError
amadeus.com/amadeus-trip-purpose-prediction/1.1.4/swagger.yaml,c_min_ops,only_1_ops
amazonaws.com/appconfigdata/2021-11-11/openapi.yaml,c_min_ops,only_2_ops
amazonaws.com/appmesh/2018-10-01/openapi.yaml,d_dedup,superseded_by:amazonaws.com/appmesh/2019-01-25/openapi.yaml
amazonaws.com/clouddirectory/2016-05-10/openapi.yaml,d_dedup,superseded_by:amazonaws.com/clouddirectory/2017-01-11/openapi.yaml
amazonaws.com/cloudfront/2016-11-25/openapi.yaml,d_dedup,superseded_by:amazonaws.com/cloudfront/2017-03-25/openapi.yaml
amazonaws.com/cloudfront/2017-03-25/openapi.yaml,d_dedup,superseded_by:amazonaws.com/cloudfront/2017-10-30/openapi.yaml
amazonaws.com/cloudfront/2017-10-30/openapi.yaml,d_dedup,superseded_by:amazonaws.com/cloudfront/2018-06-18/openapi.yaml
amazonaws.com/cloudfront/2018-06-18/openapi.yaml,d_dedup,superseded_by:amazonaws.com/cloudfront/2018-11-05/openapi.yaml
amazonaws.com/cloudfront/2018-11-05/openapi.yaml,d_dedup,superseded_by:amazonaws.com/cloudfront/2019-03-26/openapi.yaml
amazonaws.com/cloudfront/2019-03-26/openapi.yaml,d_dedup,superseded_by:amazonaws.com/cloudfront/2020-05-31/openapi.yaml
amazonaws.com/cloudsearch/2011-02-01/openapi.yaml,d_dedup,superseded_by:amazonaws.com/cloudsearch/2013-01-01/openapi.yaml
amazonaws.com/cloudtrail-data/2021-08-11/openapi.yaml,c_min_ops,only_1_ops
amazonaws.com/connect-contact-lens/2020-08-21/openapi.yaml,c_min_ops,only_1_ops
amazonaws.com/dynamodb/2011-12-05/openapi.yaml,d_dedup,superseded_by:amazonaws.com/dynamodb/2012-08-10/openapi.yaml
amazonaws.com/ec2-instance-connect/2018-04-02/openapi.yaml,c_min_ops,only_2_ops
amazonaws.com/elasticloadbalancing/2012-06-01/openapi.yaml,d_dedup,superseded_by:amazonaws.com/elasticloadbalancingv2/2015-12-01/openapi.yaml
amazonaws.com/entitlement.marketplace/2017-01-11/openapi.yaml,c_min_ops,only_1_ops
amazonaws.com/forecastquery/2018-06-26/openapi.yaml,c_min_ops,only_2_ops
amazonaws.com/kinesis-video-media/2017-09-30/openapi.yaml,c_min_ops,only_1_ops
amazonaws.com/kinesis-video-signaling/2019-12-04/openapi.yaml,c_min_ops,only_2_ops
amazonaws.com/kinesis-video-webrtc-storage/2018-05-10/openapi.yaml,c_min_ops,only_1_ops
amazonaws.com/kinesisanalytics/2015-08-14/openapi.yaml,d_dedup,superseded_by:amazonaws.com/kinesisanalyticsv2/2018-05-23/openapi.yaml
amazonaws.com/lambda/2014-11-11/openapi.yaml,d_dedup,superseded_by:amazonaws.com/lambda/2015-03-31/openapi.yaml
amazonaws.com/marketplacecommerceanalytics/2015-07-01/openapi.yaml,c_min_ops,only_2_ops
amazonaws.com/mobileanalytics/2014-06-05/openapi.yaml,c_min_ops,only_1_ops
amazonaws.com/personalize-runtime/2018-05-22/openapi.yaml,c_min_ops,only_2_ops
amazonaws.com/qldb-session/2019-07-11/openapi.yaml,c_min_ops,only_1_ops
amazonaws.com/rds/2013-01-10/openapi.yaml,d_dedup,superseded_by:amazonaws.com/rds/2013-02-12/openapi.yaml
amazonaws.com/rds/2013-02-12/openapi.yaml,d_dedup,superseded_by:amazonaws.com/rds/2013-09-09/openapi.yaml
amazonaws.com/rds/2013-09-09/openapi.yaml,d_dedup,superseded_by:amazonaws.com/rds/2014-09-01/openapi.yaml
amazonaws.com/rds/2014-09-01/openapi.yaml,d_dedup,superseded_by:amazonaws.com/rds/2014-10-31/openapi.yaml
amazonaws.com/runtime.sagemaker/2017-05-13/openapi.yaml,c_min_ops,only_2_ops
amazonaws.com/sagemaker-metrics/2022-09-30/openapi.yaml,c_min_ops,only_1_ops
amazonaws.com/email/2010-12-01/openapi.yaml,d_dedup,superseded_by:amazonaws.com/sesv2/2019-09-27/openapi.yaml
amazonaws.com/workmailmessageflow/2019-05-01/openapi.yaml,c_min_ops,only_2_ops
amentum.space/global-magnet/1.3.0/openapi.yaml,c_min_ops,only_1_ops
amentum.space/gravity/1.1.1/openapi.yaml,c_min_ops,only_2_ops
api.gov.uk/vehicle-enquiry/1.1.0/openapi.yaml,c_min_ops,only_1_ops
apimatic.io/1.0/openapi.yaml,c_min_ops,only_1_ops
apisetu.gov.in/aaharjh/3.0.0/openapi.yaml,c_min_ops,only_1_ops
apisetu.gov.in/agtripura/3.0.0/openapi.yaml,c_min_ops,only_2_ops
apisetu.gov.in/aharakar/3.0.0/openapi.yaml,c_min_ops,only_1_ops
apisetu.gov.in/aiimsmangalagiri/3.0.0/openapi.yaml,c_min_ops,only_1_ops
apisetu.gov.in/aiimspatna/3.0.0/openapi.yaml,c_min_ops,only_1_ops
apisetu.gov.in/aiimsrishikesh/3.0.0/openapi.yaml,c_min_ops,only_1_ops
apisetu.gov.in/aktu/3.0.0/openapi.yaml,c_min_ops,only_2_ops
apisetu.gov.in/apmcservices/3.0.0/openapi.yaml,c_min_ops,only_1_ops
apisetu.gov.in/asrb/3.0.0/openapi.yaml,c_min_ops,only_1_ops
apisetu.gov.in/bajajallianzlife/3.0.0/openapi.yaml,c_min_ops,only_1_ops
apisetu.gov.in/barti/3.0.0/openapi.yaml,c_min_ops,only_1_ops
apisetu.gov.in/bharatpetroleum/3.0.0/openapi.yaml,c_min_ops,only_1_ops
apisetu.gov.in/bhavishya/3.0.0/openapi.yaml,c_min_ops,only_1_ops
apisetu.gov.in/biharboard/3.0.0/openapi.yaml,c_min_ops,only_2_ops
apisetu.gov.in/bput/3.0.0/openapi.yaml,c_min_ops,only_1_ops
apisetu.gov.in/bsehr/3.0.0/openapi.yaml,c_min_ops,only_2_ops
apisetu.gov.in/cgbse/3.0.0/openapi.yaml,c_min_ops,only_2_ops
apisetu.gov.in/chennaicorp/3.0.0/openapi.yaml,c_min_ops,only_2_ops
apisetu.gov.in/chitkarauniversity/3.0.0/openapi.yaml,c_min_ops,only_1_ops
apisetu.gov.in/cholainsurance/3.0.0/openapi.yaml,c_min_ops,only_2_ops
apisetu.gov.in/civilsupplieskerala/3.0.0/openapi.yaml,c_min_ops,only_1_ops
apisetu.gov.in/cpctmp/3.0.0/openapi.yaml,c_min_ops,only_1_ops
apisetu.gov.in/csc/3.0.0/openapi.yaml,c_min_ops,only_1_ops
apisetu.gov.in/dbraitandaman/3.0.0/openapi.yaml,c_min_ops,only_1_ops
apisetu.gov.in/dgecerttn/3.0.0/openapi.yaml,c_min_ops,only_2_ops
apisetu.gov.in/dgft/3.0.0/openapi.yaml,c_min_ops,only_1_ops
apisetu.gov.in/dhsekerala/3.0.0/openapi.yaml,c_min_ops,only_1_ops
apisetu.gov.in/ditarunachal/3.0.0/openapi.yaml,c_min_ops,only_1_ops
apisetu.gov.in/duexam/3.0.0/openapi.yaml,c_min_ops,only_1_ops
apisetu.gov.in/ehimapurtihp/3.0.0/openapi.yaml,c_min_ops,only_1_ops
apisetu.gov.in/fsdhr/3.0.0/openapi.yaml,c_min_ops,only_1_ops
apisetu.gov.in/gauhati/3.0.0/openapi.yaml,c_min_ops,only_1_ops
apisetu.gov.in/gbshse/3.0.0/openapi.yaml,c_min_ops,only_1_ops
apisetu.gov.in/geetanjaliuniv/3.0.0/openapi.yaml,c_min_ops,only_1_ops
apisetu.gov.in/gmch/3.0.0/openapi.yaml,c_min_ops,only_1_ops
apisetu.gov.in/gujaratvidyapith/3.0.0/openapi.yaml,c_min_ops,only_1_ops
apisetu.gov.in/hindustanpetroleum/3.0.0/openapi.yaml,c_min_ops,only_1_ops
apisetu.gov.in/hpayushboard/3.0.0/openapi.yaml,c_min_ops,only_2_ops
apisetu.gov.in/hpbose/3.0.0/openapi.yaml,c_min_ops,only_2_ops
apisetu.gov.in/hppanchayat/3.0.0/openapi.yaml,c_min_ops,only_1_ops
apisetu.gov.in/hpsbys/3.0.0/openapi.yaml,c_min_ops,only_1_ops
apisetu.gov.in/hpsssb/3.0.0/openapi.yaml,c_min_ops,only_1_ops
apisetu.gov.in/hptechboard/3.0.0/openapi.yaml,c_min_ops,only_1_ops
apisetu.gov.in/hsbte/3.0.0/openapi.yaml,c_min_ops,only_1_ops
apisetu.gov.in/iciciprulife/3.0.0/openapi.yaml,c_min_ops,only_1_ops
apisetu.gov.in/icsi/3.0.0/openapi.yaml,c_min_ops,only_2_ops
apisetu.gov.in/igrmaharashtra/3.0.0/openapi.yaml,c_min_ops,only_1_ops
apisetu.gov.in/insvalsura/3.0.0/openapi.yaml,c_min_ops,only_2_ops
apisetu.gov.in/iocl/3.0.0/openapi.yaml,c_min_ops,only_2_ops
apisetu.gov.in/issuer/3.0.0/openapi.yaml,c_min_ops,only_2_ops
apisetu.gov.in/jeecup/3.0.0/openapi.yaml,c_min_ops,only_1_ops
apisetu.gov.in/jnrmand/3.0.0/openapi.yaml,c_min_ops,only_1_ops
apisetu.gov.in/juit/3.0.0/openapi.yaml,c_min_ops,only_1_ops
apisetu.gov.in/keralapsc/3.0.0/openapi.yaml,c_min_ops,only_1_ops
apisetu.gov.in/kkhsou/3.0.0/openapi.yaml,c_min_ops,only_1_ops
apisetu.gov.in/kseebkr/3.0.0/openapi.yaml,c_min_ops,only_1_ops
apisetu.gov.in/ktech/3.0.0/openapi.yaml,c_min_ops,only_2_ops
apisetu.gov.in/landrecordskar/3.0.0/openapi.yaml,c_min_ops,only_2_ops
apisetu.gov.in/lawcollegeandaman/3.0.0/openapi.yaml,c_min_ops,only_1_ops
apisetu.gov.in/licindia/3.0.0/openapi.yaml,c_min_ops,only_1_ops
apisetu.gov.in/maxlifeinsurance/3.0.0/openapi.yaml,c_min_ops,only_1_ops
apisetu.gov.in/mbose/3.0.0/openapi.yaml,c_min_ops,only_2_ops
apisetu.gov.in/mcimindia/3.0.0/openapi.yaml,c_min_ops,only_2_ops
apisetu.gov.in/meark/3.0.0/openapi.yaml,c_min_ops,only_1_ops
apisetu.gov.in/mizoramlesde/3.0.0/openapi.yaml,c_min_ops,only_1_ops
apisetu.gov.in/mizorampolice/3.0.0/openapi.yaml,c_min_ops,only_1_ops
apisetu.gov.in/mpmsu/3.0.0/openapi.yaml,c_min_ops,only_2_ops
apisetu.gov.in/mppmc/3.0.0/openapi.yaml,c_min_ops,only_1_ops
apisetu.gov.in/mriu/3.0.0/openapi.yaml,c_min_ops,only_1_ops
apisetu.gov.in/msde/3.0.0/openapi.yaml,c_min_ops,only_1_ops
apisetu.gov.in/ncert/3.0.0/openapi.yaml,c_min_ops,only_1_ops
apisetu.gov.in/negd/3.0.0/openapi.yaml,c_min_ops,only_1_ops
apisetu.gov.in/neilit/3.0.0/openapi.yaml,c_min_ops,only_1_ops
apisetu.gov.in/niesbud/3.0.0/openapi.yaml,c_min_ops,only_1_ops
apisetu.gov.in/nitap/3.0.0/openapi.yaml,c_min_ops,only_1_ops
apisetu.gov.in/nitp/3.0.0/openapi.yaml,c_min_ops,only_1_ops
apisetu.gov.in/npsailu/3.0.0/openapi.yaml,c_min_ops,only_1_ops
apisetu.gov.in/nsdcindia/3.0.0/openapi.yaml,c_min_ops,only_2_ops
apisetu.gov.in/pan/3.0.0/openapi.yaml,c_min_ops,only_1_ops
apisetu.gov.in/pareekshabhavanker/3.0.0/openapi.yaml,c_min_ops,only_1_ops
apisetu.gov.in/pgimer/3.0.0/openapi.yaml,c_min_ops,only_1_ops
apisetu.gov.in/pmjay/3.0.0/openapi.yaml,c_min_ops,only_1_ops
apisetu.gov.in/pramericalife/3.0.0/openapi.yaml,c_min_ops,only_1_ops
apisetu.gov.in/puekar/3.0.0/openapi.yaml,c_min_ops,only_1_ops
apisetu.gov.in/punjabteched/3.0.0/openapi.yaml,c_min_ops,only_1_ops
apisetu.gov.in/rajasthandsa/3.0.0/openapi.yaml,c_min_ops,only_1_ops
apisetu.gov.in/rajasthanrajeduboard/3.0.0/openapi.yaml,c_min_ops,only_2_ops
apisetu.gov.in/revenueassam/3.0.0/openapi.yaml,c_min_ops,only_1_ops
apisetu.gov.in/revenueodisha/3.0.0/openapi.yaml,c_min_ops,only_2_ops
apisetu.gov.in/sainikwelfarepud/3.0.0/openapi.yaml,c_min_ops,only_1_ops
apisetu.gov.in/saralharyana/3.0.0/openapi.yaml,c_min_ops,only_1_ops
apisetu.gov.in/scvtup/3.0.0/openapi.yaml,c_min_ops,only_2_ops
apisetu.gov.in/sebaonline/3.0.0/openapi.yaml,c_min_ops,only_1_ops
apisetu.gov.in/swavlambancard/3.0.0/openapi.yaml,c_min_ops,only_2_ops
apisetu.gov.in/tataaia/3.0.0/openapi.yaml,c_min_ops,only_2_ops
apisetu.gov.in/tataaig/3.0.0/openapi.yaml,c_min_ops,only_1_ops
apisetu.gov.in/tbse/3.0.0/openapi.yaml,c_min_ops,only_1_ops
apisetu.gov.in/transportan/3.0.0/openapi.yaml,c_min_ops,only_2_ops
apisetu.gov.in/transportap/3.0.0/openapi.yaml,c_min_ops,only_2_ops
apisetu.gov.in/transportar/3.0.0/openapi.yaml,c_min_ops,only_2_ops
apisetu.gov.in/transportas/3.0.0/openapi.yaml,c_min_ops,only_2_ops
apisetu.gov.in/transportbr/3.0.0/openapi.yaml,c_min_ops,only_2_ops
apisetu.gov.in/transportcg/3.0.0/openapi.yaml,c_min_ops,only_2_ops
apisetu.gov.in/transportdd/3.0.0/openapi.yaml,c_min_ops,only_2_ops
apisetu.gov.in/transportdh/3.0.0/openapi.yaml,c_min_ops,only_2_ops
apisetu.gov.in/transportdl/3.0.0/openapi.yaml,c_min_ops,only_2_ops
apisetu.gov.in/transportga/3.0.0/openapi.yaml,c_min_ops,only_2_ops
apisetu.gov.in/transportgj/3.0.0/openapi.yaml,c_min_ops,only_2_ops
apisetu.gov.in/transporthp/3.0.0/openapi.yaml,c_min_ops,only_2_ops
apisetu.gov.in/transporthr/3.0.0/openapi.yaml,c_min_ops,only_2_ops
apisetu.gov.in/transportjh/3.0.0/openapi.yaml,c_min_ops,only_2_ops
apisetu.gov.in/transportjk/3.0.0/openapi.yaml,c_min_ops,only_2_ops
apisetu.gov.in/transportka/3.0.0/openapi.yaml,c_min_ops,only_2_ops
apisetu.gov.in/transportkl/3.0.0/openapi.yaml,c_min_ops,only_2_ops
apisetu.gov.in/transportld/3.0.0/openapi.yaml,c_min_ops,only_2_ops
apisetu.gov.in/transportmh/3.0.0/openapi.yaml,c_min_ops,only_2_ops
apisetu.gov.in/transportml/3.0.0/openapi.yaml,c_min_ops,only_2_ops
apisetu.gov.in/transportmn/3.0.0/openapi.yaml,c_min_ops,only_2_ops
apisetu.gov.in/transportmp/3.0.0/openapi.yaml,c_min_ops,only_2_ops
apisetu.gov.in/transportmz/3.0.0/openapi.yaml,c_min_ops,only_2_ops
apisetu.gov.in/transportnl/3.0.0/openapi.yaml,c_min_ops,only_2_ops
apisetu.gov.in/transportod/3.0.0/openapi.yaml,c_min_ops,only_2_ops
apisetu.gov.in/transportpb/3.0.0/openapi.yaml,c_min_ops,only_2_ops
apisetu.gov.in/transportpy/3.0.0/openapi.yaml,c_min_ops,only_2_ops
apisetu.gov.in/transportrj/3.0.0/openapi.yaml,c_min_ops,only_2_ops
apisetu.gov.in/transportsk/3.0.0/openapi.yaml,c_min_ops,only_2_ops
apisetu.gov.in/transporttn/3.0.0/openapi.yaml,c_min_ops,only_2_ops
apisetu.gov.in/transporttr/3.0.0/openapi.yaml,c_min_ops,only_2_ops
apisetu.gov.in/transportts/3.0.0/openapi.yaml,c_min_ops,only_2_ops
apisetu.gov.in/transportuk/3.0.0/openapi.yaml,c_min_ops,only_2_ops
apisetu.gov.in/transportup/3.0.0/openapi.yaml,c_min_ops,only_2_ops
apisetu.gov.in/transportwb/3.0.0/openapi.yaml,c_min_ops,only_2_ops
apisetu.gov.in/ucobank/3.0.0/openapi.yaml,c_min_ops,only_1_ops
apisetu.gov.in/uiic/3.0.0/openapi.yaml,c_min_ops,only_2_ops
apisetu.gov.in/upmsp/3.0.0/openapi.yaml,c_min_ops,only_2_ops
apisetu.gov.in/vhseker/3.0.0/openapi.yaml,c_min_ops,only_1_ops
apisetu.gov.in/vssut/3.0.0/openapi.yaml,c_min_ops,only_1_ops
apiz.ebay.com/commerce-identity/v1.1.0/openapi.yaml,c_min_ops,only_1_ops
appwrite.io/server/0.9.3/openapi.yaml,d_dedup,duplicate_of:appwrite.io/client/0.9.3/openapi.yaml
archive.org/wayback/1.0.0/openapi.yaml,c_min_ops,only_2_ops
arespass.net/1.0/openapi.yaml,c_min_ops,only_2_ops
atlassian.com/jira/1001.0.0-SNAPSHOT/openapi.yaml,a_validate,parse_error: ConstructorError
azure.com/addons-Addons/2017-05-15/swagger.yaml,d_dedup,superseded_by:azure.com/addons-addons-swagger/2018-03-01/swagger.yaml
azure.com/advisor/2016-07-12-preview/swagger.yaml,d_dedup,superseded_by:azure.com/advisor/2017-03-31/swagger.yaml
azure.com/advisor/2017-03-31/swagger.yaml,d_dedup,superseded_by:azure.com/advisor/2017-04-19/swagger.yaml
azure.com/advisor/2017-04-19/swagger.yaml,d_dedup,superseded_by:azure.com/advisor/2020-01-01/swagger.yaml
azure.com/alertsmanagement-AlertsManagement/2018-05-05/swagger.yaml,d_dedup,duplicate_of:azure.com/alertsmanagement-AlertsManagement/2018-05-05-preview/swagger.yaml
azure.com/alertsmanagement-AlertsManagement/2018-05-05-preview/swagger.yaml,d_dedup,superseded_by:azure.com/alertsmanagement-AlertsManagement/2018-11-02-privatepreview/swagger.yaml
azure.com/alertsmanagement-AlertsManagement/2018-11-02-privatepreview/swagger.yaml,d_dedup,superseded_by:azure.com/alertsmanagement-AlertsManagement/2019-03-01-preview/swagger.yaml
azure.com/alertsmanagement-AlertsManagement/2019-03-01/swagger.yaml,d_dedup,duplicate_of:azure.com/alertsmanagement-AlertsManagement/2019-03-01-preview/swagger.yaml
azure.com/alertsmanagement-AlertsManagement/2019-03-01-preview/swagger.yaml,d_dedup,superseded_by:azure.com/alertsmanagement-AlertsManagement/2019-05-05-preview/swagger.yaml
azure.com/alertsmanagement-SmartDetectorAlertRulesApi/2019-03-01/swagger.yaml,d_dedup,duplicate_of:azure.com/alertsmanagement-AlertsManagement/2019-05-05-preview/swagger.yaml
azure.com/alertsmanagement-AlertsManagement/2019-05-05-preview/swagger.yaml,d_dedup,superseded_by:azure.com/alertsmanagement-SmartDetectorAlertRulesApi/2019-06-01/swagger.yaml
azure.com/analysisservices/2016-05-16/swagger.yaml,d_dedup,superseded_by:azure.com/analysisservices/2017-07-14/swagger.yaml
azure.com/analysisservices/2017-07-14/swagger.yaml,d_dedup,superseded_by:azure.com/analysisservices/2017-08-01-beta/swagger.yaml
azure.com/analysisservices/2017-08-01/swagger.yaml,d_dedup,duplicate_of:azure.com/analysisservices/2017-08-01-beta/swagger.yaml
azure.com/apimanagement-apimapis/2016-10-10/swagger.yaml,d_dedup,superseded_by:azure.com/apimanagement-apimapis/2017-03-01/swagger.yaml
azure.com/apimanagement-apimapis/2017-03-01/swagger.yaml,d_dedup,superseded_by:azure.com/apimanagement-apimapis/2018-01-01/swagger.yaml
azure.com/apimanagement-apimapis/2018-01-01/swagger.yaml,d_dedup,superseded_by:azure.com/apimanagement-apimapis/2018-06-01-preview/swagger.yaml
azure.com/apimanagement-apimapis/2018-06-01-preview/swagger.yaml,d_dedup,superseded_by:azure.com/apimanagement-apimapis/2019-01-01/swagger.yaml
azure.com/apimanagement-apimapis/2019-01-01/swagger.yaml,d_dedup,superseded_by:azure.com/apimanagement-apimapis/2019-12-01-preview/swagger.yaml
azure.com/apimanagement-apimapisByTags/2018-06-01-preview/swagger.yaml,c_min_ops,only_1_ops
azure.com/apimanagement-apimapisByTags/2019-01-01/swagger.yaml,c_min_ops,only_1_ops
azure.com/apimanagement-apimapisByTags/2019-12-01-preview/swagger.yaml,c_min_ops,only_1_ops
azure.com/apimanagement-apimapiversionsets/2018-06-01-preview/swagger.yaml,d_dedup,duplicate_of:azure.com/apimanagement-apimapis/2019-12-01-preview/swagger.yaml
azure.com/apimanagement-apimapiversionsets/2019-01-01/swagger.yaml,d_dedup,duplicate_of:azure.com/apimanagement-apimapis/2019-12-01-preview/swagger.yaml
azure.com/apimanagement-apimapiversionsets/2019-12-01-preview/swagger.yaml,d_dedup,duplicate_of:azure.com/apimanagement-apimapis/2019-12-01-preview/swagger.yaml
azure.com/apimanagement-apimauthorizationservers/2016-10-10/swagger.yaml,d_dedup,duplicate_of:azure.com/apimanagement-apimapis/2019-12-01-preview/swagger.yaml
azure.com/apimanagement-apimauthorizationservers/2017-03-01/swagger.yaml,d_dedup,duplicate_of:azure.com/apimanagement-apimapis/2019-12-01-preview/swagger.yaml
azure.com/apimanagement-apimauthorizationservers/2018-01-01/swagger.yaml,d_dedup,duplicate_of:azure.com/apimanagement-apimapis/2019-12-01-preview/swagger.yaml
azure.com/apimanagement-apimauthorizationservers/2018-06-01-preview/swagger.yaml,d_dedup,duplicate_of:azure.com/apimanagement-apimapis/2019-12-01-preview/swagger.yaml
azure.com/apimanagement-apimauthorizationservers/2019-01-01/swagger.yaml,d_dedup,duplicate_of:azure.com/apimanagement-apimapis/2019-12-01-preview/swagger.yaml
azure.com/apimanagement-apimauthorizationservers/2019-12-01-preview/swagger.yaml,d_dedup,duplicate_of:azure.com/apimanagement-apimapis/2019-12-01-preview/swagger.yaml
azure.com/apimanagement-apimbackends/2016-10-10/swagger.yaml,d_dedup,duplicate_of:azure.com/apimanagement-apimapis/2019-12-01-preview/swagger.yaml
azure.com/apimanagement-apimbackends/2018-01-01/swagger.yaml,d_dedup,duplicate_of:azure.com/apimanagement-apimapis/2019-12-01-preview/swagger.yaml
azure.com/apimanagement-apimbackends/2018-06-01-preview/swagger.yaml,d_dedup,duplicate_of:azure.com/apimanagement-apimapis/2019-12-01-preview/swagger.yaml
azure.com/apimanagement-apimbackends/2019-01-01/swagger.yaml,d_dedup,duplicate_of:azure.com/apimanagement-apimapis/2019-12-01-preview/swagger.yaml
azure.com/apimanagement-apimbackends/2019-12-01-preview/swagger.yaml,d_dedup,duplicate_of:azure.com/apimanagement-apimapis/2019-12-01-preview/swagger.yaml
azure.com/apimanagement-apimcaches/2018-06-01-preview/swagger.yaml,d_dedup,duplicate_of:azure.com/apimanagement-apimapis/2019-12-01-preview/swagger.yaml
azure.com/apimanagement-apimcaches/2019-01-01/swagger.yaml,d_dedup,duplicate_of:azure.com/apimanagement-apimapis/2019-12-01-preview/swagger.yaml
azure.com/apimanagement-apimcaches/2019-12-01-preview/swagger.yaml,d_dedup,duplicate_of:azure.com/apimanagement-apimapis/2019-12-01-preview/swagger.yaml
azure.com/apimanagement-apimcertificates/2016-10-10/swagger.yaml,d_dedup,duplicate_of:azure.com/apimanagement-apimapis/2019-12-01-preview/swagger.yaml
azure.com/apimanagement-apimcertificates/2017-03-01/swagger.yaml,d_dedup,duplicate_of:azure.com/apimanagement-apimapis/2019-12-01-preview/swagger.yaml
azure.com/apimanagement-apimcertificates/2018-01-01/swagger.yaml,d_dedup,duplicate_of:azure.com/apimanagement-apimapis/2019-12-01-preview/swagger.yaml
azure.com/apimanagement-apimcertificates/2018-06-01-preview/swagger.yaml,d_dedup,duplicate_of:azure.com/apimanagement-apimapis/2019-12-01-preview/swagger.yaml
azure.com/apimanagement-apimcertificates/2019-01-01/swagger.yaml,d_dedup,duplicate_of:azure.com/apimanagement-apimapis/2019-12-01-preview/swagger.yaml
azure.com/apimanagement-apimcertificates/2019-12-01-preview/swagger.yaml,d_dedup,duplicate_of:azure.com/apimanagement-apimapis/2019-12-01-preview/swagger.yaml
azure.com/apimanagement-apimdeployment/2016-07-07/swagger.yaml,d_dedup,duplicate_of:azure.com/apimanagement-apimapis/2019-12-01-preview/swagger.yaml
azure.com/apimanagement-apimdeployment/2016-10-10/swagger.yaml,d_dedup,duplicate_of:azure.com/apimanagement-apimapis/2019-12-01-preview/swagger.yaml
azure.com/apimanagement-apimdeployment/2017-03-01/swagger.yaml,d_dedup,duplicate_of:azure.com/apimanagement-apimapis/2019-12-01-preview/swagger.yaml
azure.com/apimanagement-apimdeployment/2018-01-01/swagger.yaml,d_dedup,duplicate_of:azure.com/apimanagement-apimapis/2019-12-01-preview/swagger.yaml
azure.com/apimanagement-apimdeployment/2018-06-01-preview/swagger.yaml,d_dedup,duplicate_of:azure.com/apimanagement-apimapis/2019-12-01-preview/swagger.yaml
azure.com/apimanagement-apimdeployment/2019-01-01/swagger.yaml,d_dedup,duplicate_of:azure.com/apimanagement-apimapis/2019-12-01-preview/swagger.yaml
azure.com/apimanagement-apimdeployment/2019-12-01-preview/swagger.yaml,d_dedup,duplicate_of:azure.com/apimanagement-apimapis/2019-12-01-preview/swagger.yaml
azure.com/apimanagement-apimdiagnostics/2017-03-01/swagger.yaml,d_dedup,duplicate_of:azure.com/apimanagement-apimapis/2019-12-01-preview/swagger.yaml
azure.com/apimanagement-apimdiagnostics/2018-01-01/swagger.yaml,d_dedup,duplicate_of:azure.com/apimanagement-apimapis/2019-12-01-preview/swagger.yaml
azure.com/apimanagement-apimdiagnostics/2018-06-01-preview/swagger.yaml,d_dedup,duplicate_of:azure.com/apimanagement-apimapis/2019-12-01-preview/swagger.yaml
azure.com/apimanagement-apimdiagnostics/2019-01-01/swagger.yaml,d_dedup,duplicate_of:azure.com/apimanagement-apimapis/2019-12-01-preview/swagger.yaml
azure.com/apimanagement-apimdiagnostics/2019-12-01-preview/swagger.yaml,d_dedup,duplicate_of:azure.com/apimanagement-apimapis/2019-12-01-preview/swagger.yaml
azure.com/apimanagement-apimemailtemplate/2017-03-01/swagger.yaml,d_dedup,duplicate_of:azure.com/apimanagement-apimapis/2019-12-01-preview/swagger.yaml
azure.com/apimanagement-apimemailtemplate/2018-01-01/swagger.yaml,d_dedup,duplicate_of:azure.com/apimanagement-apimapis/2019-12-01-preview/swagger.yaml
azure.com/apimanagement-apimemailtemplate/2018-06-01-preview/swagger.yaml,d_dedup,duplicate_of:azure.com/apimanagement-apimapis/2019-12-01-preview/swagger.yaml
azure.com/apimanagement-apimemailtemplates/2018-06-01-preview/swagger.yaml,d_dedup,duplicate_of:azure.com/apimanagement-apimapis/2019-12-01-preview/swagger.yaml
azure.com/apimanagement-apimemailtemplates/2019-01-01/swagger.yaml,d_dedup,duplicate_of:azure.com/apimanagement-apimapis/2019-12-01-preview/swagger.yaml
azure.com/apimanagement-apimemailtemplates/2019-12-01-preview/swagger.yaml,d_dedup,duplicate_of:azure.com/apimanagement-apimapis/2019-12-01-preview/swagger.yaml
azure.com/apimanagement-apimgroups/2016-10-10/swagger.yaml,d_dedup,duplicate_of:azure.com/apimanagement-apimapis/2019-12-01-preview/swagger.yaml
azure.com/apimanagement-apimgroups/2017-03-01/swagger.yaml,d_dedup,duplicate_of:azure.com/apimanagement-apimbackends/2017-03-01/swagger.yaml
azure.com/apimanagement-apimgroups/2018-01-01/swagger.yaml,d_dedup,duplicate_of:azure.com/apimanagement-apimapis/2019-12-01-preview/swagger.yaml
azure.com/apimanagement-apimgroups/2018-06-01-preview/swagger.yaml,d_dedup,duplicate_of:azure.com/apimanagement-apimapis/2019-12-01-preview/swagger.yaml
azure.com/apimanagement-apimgroups/2019-01-01/swagger.yaml,d_dedup,duplicate_of:azure.com/apimanagement-apimapis/2019-12-01-preview/swagger.yaml
azure.com/apimanagement-apimgroups/2019-12-01-preview/swagger.yaml,d_dedup,duplicate_of:azure.com/apimanagement-apimapis/2019-12-01-preview/swagger.yaml
azure.com/apimanagement-apimidentityprovider/2016-10-10/swagger.yaml,d_dedup,duplicate_of:azure.com/apimanagement-apimapis/2019-12-01-preview/swagger.yaml
azure.com/apimanagement-apimidentityprovider/2017-03-01/swagger.yaml,d_dedup,duplicate_of:azure.com/apimanagement-apimapis/2019-12-01-preview/swagger.yaml
azure.com/apimanagement-apimidentityprovider/2018-01-01/swagger.yaml,d_dedup,duplicate_of:azure.com/apimanagement-apimapis/2019-12-01-preview/swagger.yaml
azure.com/apimanagement-apimidentityprovider/2018-06-01-preview/swagger.yaml,d_dedup,duplicate_of:azure.com/apimanagement-apimapis/2019-12-01-preview/swagger.yaml
azure.com/apimanagement-apimidentityprovider/2019-01-01/swagger.yaml,d_dedup,duplicate_of:azure.com/apimanagement-apimapis/2019-12-01-preview/swagger.yaml
azure.com/apimanagement-apimidentityprovider/2019-12-01-preview/swagger.yaml,d_dedup,duplicate_of:azure.com/apimanagement-apimapis/2019-12-01-preview/swagger.yaml
azure.com/apimanagement-apimissues/2018-01-01/swagger.yaml,c_min_ops,only_1_ops
azure.com/apimanagement-apimissues/2018-06-01-preview/swagger.yaml,c_min_ops,only_2_ops
azure.com/apimanagement-apimissues/2019-01-01/swagger.yaml,c_min_ops,only_2_ops
azure.com/apimanagement-apimissues/2019-12-01-preview/swagger.yaml,c_min_ops,only_2_ops
azure.com/apimanagement-apimloggers/2016-10-10/swagger.yaml,d_dedup,duplicate_of:azure.com/apimanagement-apimapis/2019-12-01-preview/swagger.yaml
azure.com/apimanagement-apimloggers/2017-03-01/swagger.yaml,d_dedup,duplicate_of:azure.com/apimanagement-apimapis/2019-12-01-preview/swagger.yaml
azure.com/apimanagement-apimloggers/2018-01-01/swagger.yaml,d_dedup,duplicate_of:azure.com/apimanagement-apimapis/2019-12-01-preview/swagger.yaml
azure.com/apimanagement-apimloggers/2018-06-01-preview/swagger.yaml,d_dedup,duplicate_of:azure.com/apimanagement-apimapis/2019-12-01-preview/swagger.yaml
azure.com/apimanagement-apimloggers/2019-01-01/swagger.yaml,d_dedup,duplicate_of:azure.com/apimanagement-apimapis/2019-12-01-preview/swagger.yaml
azure.com/apimanagement-apimloggers/2019-12-01-preview/swagger.yaml,d_dedup,duplicate_of:azure.com/apimanagement-apimapis/2019-12-01-preview/swagger.yaml
azure.com/apimanagement-apimnamedvalues/2019-12-01-preview/swagger.yaml,d_dedup,duplicate_of:azure.com/apimanagement-apimapis/2019-12-01-preview/swagger.yaml
azure.com/apimanagement-apimnetworkstatus/2016-10-10/swagger.yaml,c_min_ops,only_1_ops
azure.com/apimanagement-apimnetworkstatus/2017-03-01/swagger.yaml,c_min_ops,only_2_ops
azure.com/apimanagement-apimnetworkstatus/2018-01-01/swagger.yaml,c_min_ops,only_2_ops
azure.com/apimanagement-apimnetworkstatus/2018-06-01-preview/swagger.yaml,c_min_ops,only_2_ops
azure.com/apimanagement-apimnetworkstatus/2019-01-01/swagger.yaml,c_min_ops,only_2_ops
azure.com/apimanagement-apimnetworkstatus/2019-12-01-preview/swagger.yaml,c_min_ops,only_2_ops
azure.com/apimanagement-apimnotifications/2017-03-01/swagger.yaml,d_dedup,duplicate_of:azure.com/apimanagement-apimapis/2019-12-01-preview/swagger.yaml
azure.com/apimanagement-apimnotifications/2018-01-01/swagger.yaml,d_dedup,duplicate_of:azure.com/apimanagement-apimapis/2019-12-01-preview/swagger.yaml
azure.com/apimanagement-apimnotifications/2018-06-01-preview/swagger.yaml,d_dedup,duplicate_of:azure.com/apimanagement-apimapis/2019-12-01-preview/swagger.yaml
azure.com/apimanagement-apimnotifications/2019-01-01/swagger.yaml,d_dedup,duplicate_of:azure.com/apimanagement-apimapis/2019-12-01-preview/swagger.yaml
azure.com/apimanagement-apimnotifications/2019-12-01-preview/swagger.yaml,d_dedup,duplicate_of:azure.com/apimanagement-apimapis/2019-12-01-preview/swagger.yaml
azure.com/apimanagement-apimopenidconnectproviders/2016-10-10/swagger.yaml,d_dedup,duplicate_of:azure.com/apimanagement-apimapis/2019-12-01-preview/swagger.yaml
azure.com/apimanagement-apimopenidconnectproviders/2017-03-01/swagger.yaml,d_dedup,duplicate_of:azure.com/apimanagement-apimapis/2019-12-01-preview/swagger.yaml
azure.com/apimanagement-apimopenidconnectproviders/2018-01-01/swagger.yaml,d_dedup,duplicate_of:azure.com/apimanagement-apimapis/2019-12-01-preview/swagger.yaml
azure.com/apimanagement-apimopenidconnectproviders/2018-06-01-preview/swagger.yaml,d_dedup,duplicate_of:azure.com/apimanagement-apimapis/2019-12-01-preview/swagger.yaml
azure.com/apimanagement-apimopenidconnectproviders/2019-01-01/swagger.yaml,d_dedup,duplicate_of:azure.com/apimanagement-apimapis/2019-12-01-preview/swagger.yaml
azure.com/apimanagement-apimopenidconnectproviders/2019-12-01-preview/swagger.yaml,d_dedup,duplicate_of:azure.com/apimanagement-apimapis/2019-12-01-preview/swagger.yaml
azure.com/apimanagement-apimpolicies/2018-06-01-preview/swagger.yaml,d_dedup,duplicate_of:azure.com/apimanagement-apimapis/2019-12-01-preview/swagger.yaml
azure.com/apimanagement-apimpolicies/2019-01-01/swagger.yaml,d_dedup,duplicate_of:azure.com/apimanagement-apimapis/2019-12-01-preview/swagger.yaml
azure.com/apimanagement-apimpolicies/2019-12-01-preview/swagger.yaml,d_dedup,duplicate_of:azure.com/apimanagement-apimapis/2019-12-01-preview/swagger.yaml
azure.com/apimanagement-apimpolicydescriptions/2019-12-01-preview/swagger.yaml,c_min_ops,only_1_ops
azure.com/apimanagement-apimpolicysnippets/2018-06-01-preview/swagger.yaml,c_min_ops,only_1_ops
azure.com/apimanagement-apimpolicysnippets/2019-01-01/swagger.yaml,c_min_ops,only_1_ops
azure.com/apimanagement-apimproducts/2016-10-10/swagger.yaml,d_dedup,duplicate_of:azure.com/apimanagement-apimapis/2019-12-01-preview/swagger.yaml
azure.com/apimanagement-apimproducts/2017-03-01/swagger.yaml,d_dedup,duplicate_of:azure.com/apimanagement-apimbackends/2017-03-01/swagger.yaml
azure.com/apimanagement-apimproducts/2018-01-01/swagger.yaml,d_dedup,duplicate_of:azure.com/apimanagement-apimapis/2019-12-01-preview/swagger.yaml
azure.com/apimanagement-apimproducts/2018-06-01-preview/swagger.yaml,d_dedup,duplicate_of:azure.com/apimanagement-apimapis/2019-12-01-preview/swagger.yaml
azure.com/apimanagement-apimproducts/2019-01-01/swagger.yaml,d_dedup,duplicate_of:azure.com/apimanagement-apimapis/2019-12-01-preview/swagger.yaml
azure.com/apimanagement-apimproducts/2019-12-01-preview/swagger.yaml,d_dedup,duplicate_of:azure.com/apimanagement-apimapis/2019-12-01-preview/swagger.yaml
azure.com/apimanagement-apimproductsByTags/2018-06-01-preview/swagger.yaml,c_min_ops,only_1_ops
azure.com/apimanagement-apimproductsByTags/2019-01-01/swagger.yaml,c_min_ops,only_1_ops
azure.com/apimanagement-apimproductsByTags/2019-12-01-preview/swagger.yaml,c_min_ops,only_1_ops
azure.com/apimanagement-apimproperties/2016-10-10/swagger.yaml,d_dedup,duplicate_of:azure.com/apimanagement-apimapis/2019-12-01-preview/swagger.yaml
azure.com/apimanagement-apimproperties/2017-03-01/swagger.yaml,d_dedup,duplicate_of:azure.com/apimanagement-apimbackends/2017-03-01/swagger.yaml
azure.com/apimanagement-apimproperties/2018-01-01/swagger.yaml,d_dedup,duplicate_of:azure.com/apimanagement-apimapis/2019-12-01-preview/swagger.yaml
azure.com/apimanagement-apimproperties/2018-06-01-preview/swagger.yaml,d_dedup,duplicate_of:azure.com/apimanagement-apimapis/2019-12-01-preview/swagger.yaml
azure.com/apimanagement-apimproperties/2019-01-01/swagger.yaml,d_dedup,duplicate_of:azure.com/apimanagement-apimapis/2019-12-01-preview/swagger.yaml
azure.com/apimanagement-apimquotas/2016-10-10/swagger.yaml,d_dedup,duplicate_of:azure.com/apimanagement-apimapis/2019-12-01-preview/swagger.yaml
azure.com/apimanagement-apimquotas/2017-03-01/swagger.yaml,d_dedup,duplicate_of:azure.com/apimanagement-apimbackends/2017-03-01/swagger.yaml
azure.com/apimanagement-apimquotas/2018-01-01/swagger.yaml,d_dedup,duplicate_of:azure.com/apimanagement-apimapis/2019-12-01-preview/swagger.yaml
azure.com/apimanagement-apimquotas/2018-06-01-preview/swagger.yaml,d_dedup,duplicate_of:azure.com/apimanagement-apimapis/2019-12-01-preview/swagger.yaml
azure.com/apimanagement-apimquotas/2019-01-01/swagger.yaml,d_dedup,duplicate_of:azure.com/apimanagement-apimapis/2019-12-01-preview/swagger.yaml
azure.com/apimanagement-apimquotas/2019-12-01-preview/swagger.yaml,d_dedup,duplicate_of:azure.com/apimanagement-apimapis/2019-12-01-preview/swagger.yaml
azure.com/apimanagement-apimregions/2018-06-01-preview/swagger.yaml,c_min_ops,only_1_ops
azure.com/apimanagement-apimregions/2019-01-01/swagger.yaml,c_min_ops,only_1_ops
azure.com/apimanagement-apimregions/2019-12-01-preview/swagger.yaml,c_min_ops,only_1_ops
azure.com/apimanagement-apimreports/2016-10-10/swagger.yaml,c_min_ops,only_1_ops
azure.com/apimanagement-apimreports/2017-03-01/swagger.yaml,d_dedup,duplicate_of:azure.com/apimanagement-apimbackends/2017-03-01/swagger.yaml
azure.com/apimanagement-apimreports/2018-01-01/swagger.yaml,d_dedup,duplicate_of:azure.com/apimanagement-apimapis/2019-12-01-preview/swagger.yaml
azure.com/apimanagement-apimreports/2018-06-01-preview/swagger.yaml,d_dedup,duplicate_of:azure.com/apimanagement-apimapis/2019-12-01-preview/swagger.yaml
azure.com/apimanagement-apimreports/2019-01-01/swagger.yaml,d_dedup,duplicate_of:azure.com/apimanagement-apimapis/2019-12-01-preview/swagger.yaml
azure.com/apimanagement-apimreports/2019-12-01-preview/swagger.yaml,d_dedup,duplicate_of:azure.com/apimanagement-apimapis/2019-12-01-preview/swagger.yaml
azure.com/apimanagement-apimsubscriptions/2016-10-10/swagger.yaml,d_dedup,duplicate_of:azure.com/apimanagement-apimapis/2019-12-01-preview/swagger.yaml
azure.com/apimanagement-apimsubscriptions/2017-03-01/swagger.yaml,d_dedup,duplicate_of:azure.com/apimanagement-apimbackends/2017-03-01/swagger.yaml
azure.com/apimanagement-apimsubscriptions/2018-01-01/swagger.yaml,d_dedup,duplicate_of:azure.com/apimanagement-apimapis/2019-12-01-preview/swagger.yaml
azure.com/apimanagement-apimsubscriptions/2018-06-01-preview/swagger.yaml,d_dedup,duplicate_of:azure.com/apimanagement-apimapis/2019-12-01-preview/swagger.yaml
azure.com/apimanagement-apimsubscriptions/2019-01-01/swagger.yaml,d_dedup,duplicate_of:azure.com/apimanagement-apimapis/2019-12-01-preview/swagger.yaml
azure.com/apimanagement-apimsubscriptions/2019-12-01-preview/swagger.yaml,d_dedup,duplicate_of:azure.com/apimanagement-apimapis/2019-12-01-preview/swagger.yaml
azure.com/apimanagement-apimtagresources/2017-03-01/swagger.yaml,c_min_ops,only_1_ops
azure.com/apimanagement-apimtagresources/2018-01-01/swagger.yaml,c_min_ops,only_1_ops
azure.com/apimanagement-apimtagresources/2018-06-01-preview/swagger.yaml,c_min_ops,only_1_ops
azure.com/apimanagement-apimtagresources/2019-01-01/swagger.yaml,c_min_ops,only_1_ops
azure.com/apimanagement-apimtagresources/2019-12-01-preview/swagger.yaml,c_min_ops,only_1_ops
azure.com/apimanagement-apimtags/2017-03-01/swagger.yaml,d_dedup,duplicate_of:azure.com/apimanagement-apimapis/2019-12-01-preview/swagger.yaml
azure.com/apimanagement-apimtags/2018-01-01/swagger.yaml,d_dedup,duplicate_of:azure.com/apimanagement-apimapis/2019-12-01-preview/swagger.yaml
azure.com/apimanagement-apimtags/2018-06-01-preview/swagger.yaml,d_dedup,duplicate_of:azure.com/apimanagement-apimapis/2019-12-01-preview/swagger.yaml
azure.com/apimanagement-apimtags/2019-01-01/swagger.yaml,d_dedup,duplicate_of:azure.com/apimanagement-apimapis/2019-12-01-preview/swagger.yaml
azure.com/apimanagement-apimtags/2019-12-01-preview/swagger.yaml,d_dedup,duplicate_of:azure.com/apimanagement-apimapis/2019-12-01-preview/swagger.yaml
azure.com/apimanagement-apimtenant/2016-10-10/swagger.yaml,d_dedup,duplicate_of:azure.com/apimanagement-apimapis/2019-12-01-preview/swagger.yaml
azure.com/apimanagement-apimtenant/2017-03-01/swagger.yaml,d_dedup,duplicate_of:azure.com/apimanagement-apimbackends/2017-03-01/swagger.yaml
azure.com/apimanagement-apimtenant/2018-01-01/swagger.yaml,d_dedup,duplicate_of:azure.com/apimanagement-apimapis/2019-12-01-preview/swagger.yaml
azure.com/apimanagement-apimtenant/2018-06-01-preview/swagger.yaml,d_dedup,duplicate_of:azure.com/apimanagement-apimapis/2019-12-01-preview/swagger.yaml
azure.com/apimanagement-apimtenant/2019-01-01/swagger.yaml,d_dedup,duplicate_of:azure.com/apimanagement-apimapis/2019-12-01-preview/swagger.yaml
azure.com/apimanagement-apimtenant/2019-12-01-preview/swagger.yaml,d_dedup,duplicate_of:azure.com/apimanagement-apimapis/2019-12-01-preview/swagger.yaml
azure.com/apimanagement-apimusers/2016-10-10/swagger.yaml,d_dedup,duplicate_of:azure.com/apimanagement-apimapis/2019-12-01-preview/swagger.yaml
azure.com/apimanagement-apimusers/2017-03-01/swagger.yaml,d_dedup,duplicate_of:azure.com/apimanagement-apimapis/2019-12-01-preview/swagger.yaml
azure.com/apimanagement-apimusers/2018-01-01/swagger.yaml,d_dedup,duplicate_of:azure.com/apimanagement-apimapis/2019-12-01-preview/swagger.yaml
azure.com/apimanagement-apimusers/2018-06-01-preview/swagger.yaml,d_dedup,duplicate_of:azure.com/apimanagement-apimapis/2019-12-01-preview/swagger.yaml
azure.com/apimanagement-apimusers/2019-01-01/swagger.yaml,d_dedup,duplicate_of:azure.com/apimanagement-apimapis/2019-12-01-preview/swagger.yaml
azure.com/apimanagement-apimusers/2019-12-01-preview/swagger.yaml,d_dedup,duplicate_of:azure.com/apimanagement-apimapis/2019-12-01-preview/swagger.yaml
azure.com/apimanagement-apimversionsets/2017-03-01/swagger.yaml,d_dedup,duplicate_of:azure.com/apimanagement-apimapis/2019-12-01-preview/swagger.yaml
azure.com/apimanagement-apimversionsets/2018-01-01/swagger.yaml,d_dedup,duplicate_of:azure.com/apimanagement-apimapis/2019-12-01-preview/swagger.yaml
azure.com/apimanagement-apimversionsets/2018-06-01-preview/swagger.yaml,d_dedup,duplicate_of:azure.com/apimanagement-apimapis/2019-12-01-preview/swagger.yaml
azure.com/apimanagement/2016-07-07/swagger.yaml,d_dedup,duplicate_of:azure.com/apimanagement-apimapis/2019-12-01-preview/swagger.yaml
azure.com/apimanagement/2016-10-10/swagger.yaml,c_min_ops,only_2_ops
azure.com/apimanagement/2017-03-01/swagger.yaml,d_dedup,duplicate_of:azure.com/apimanagement-apimapis/2019-12-01-preview/swagger.yaml
azure.com/apimanagement/2018-01-01/swagger.yaml,d_dedup,duplicate_of:azure.com/apimanagement-apimapis/2019-12-01-preview/swagger.yaml
azure.com/appconfiguration/2019-02-01-preview/swagger.yaml,d_dedup,superseded_by:azure.com/appconfiguration/2019-10-01/swagger.yaml
azure.com/appconfiguration/2019-10-01/swagger.yaml,d_dedup,superseded_by:azure.com/appconfiguration/2019-11-01-preview/swagger.yaml
azure.com/applicationinsights-QueryPacks_API/2019-09-01-preview/swagger.yaml,d_dedup,duplicate_of:azure.com/applicationinsights-QueryPackQueries_API/2019-09-01-preview/swagger.yaml
azure.com/applicationinsights-aiOperations_API/2015-05-01/swagger.yaml,c_min_ops,only_1_ops
azure.com/applicationinsights-componentAnnotations_API/2015-05-01/swagger.yaml,d_dedup,duplicate_of:azure.com/applicationinsights-analyticsItems_API/2015-05-01/swagger.yaml
azure.com/applicationinsights-componentApiKeys_API/2015-05-01/swagger.yaml,d_dedup,duplicate_of:azure.com/applicationinsights-analyticsItems_API/2015-05-01/swagger.yaml
azure.com/applicationinsights-componentContinuousExport_API/2015-05-01/swagger.yaml,d_dedup,duplicate_of:azure.com/applicationinsights-analyticsItems_API/2015-05-01/swagger.yaml
azure.com/applicationinsights-componentFeaturesAndPricing_API/2015-05-01/swagger.yaml,d_dedup,duplicate_of:azure.com/applicationinsights-analyticsItems_API/2015-05-01/swagger.yaml
azure.com/applicationinsights-analyticsItems_API/2015-05-01/swagger.yaml,d_dedup,superseded_by:azure.com/applicationinsights-componentFeaturesAndPricing_API/2017-10-01/swagger.yaml
azure.com/applicationinsights-componentProactiveDetection_API/2015-05-01/swagger.yaml,d_dedup,duplicate_of:azure.com/applicationinsights-componentFeaturesAndPricing_API/2017-10-01/swagger.yaml
azure.com/applicationinsights-componentFeaturesAndPricing_API/2017-10-01/swagger.yaml,d_dedup,superseded_by:azure.com/applicationinsights-componentProactiveDetection_API/2018-05-01-preview/swagger.yaml
azure.com/applicationinsights-componentWorkItemConfigs_API/2015-05-01/swagger.yaml,d_dedup,duplicate_of:azure.com/applicationinsights-componentProactiveDetection_API/2018-05-01-preview/swagger.yaml
azure.com/applicationinsights-components_API/2015-05-01/swagger.yaml,d_dedup,duplicate_of:azure.com/applicationinsights-componentProactiveDetection_API/2018-05-01-preview/swagger.yaml
azure.com/applicationinsights-eaSubscriptionMigration_API/2017-10-01/swagger.yaml,d_dedup,duplicate_of:azure.com/applicationinsights-componentProactiveDetection_API/2018-05-01-preview/swagger.yaml
azure.com/applicationinsights-favorites_API/2015-05-01/swagger.yaml,d_dedup,duplicate_of:azure.com/applicationinsights-componentProactiveDetection_API/2018-05-01-preview/swagger.yaml
azure.com/applicationinsights-webTestLocations_API/2015-05-01/swagger.yaml,c_min_ops,only_1_ops
azure.com/applicationinsights-webTests_API/2015-05-01/swagger.yaml,d_dedup,duplicate_of:azure.com/applicationinsights-componentProactiveDetection_API/2018-05-01-preview/swagger.yaml
azure.com/applicationinsights-workbookOperations_API/2018-06-17-preview/swagger.yaml,c_min_ops,only_1_ops
azure.com/applicationinsights-componentProactiveDetection_API/2018-05-01-preview/swagger.yaml,d_dedup,superseded_by:azure.com/applicationinsights-workbookTemplates_API/2019-10-17-preview/swagger.yaml
azure.com/applicationinsights-workbooks_API/2015-05-01/swagger.yaml,d_dedup,duplicate_of:azure.com/applicationinsights-workbookTemplates_API/2019-10-17-preview/swagger.yaml
azure.com/applicationinsights-workbooks_API/2018-06-17-preview/swagger.yaml,d_dedup,duplicate_of:azure.com/applicationinsights-workbookTemplates_API/2019-10-17-preview/swagger.yaml
azure.com/authorization-authorization-ClassicAdminCalls/2015-06-01/swagger.yaml,c_min_ops,only_1_ops
azure.com/authorization-authorization-ClassicAdminCalls/2015-07-01/swagger.yaml,c_min_ops,only_1_ops
azure.com/authorization-authorization-ElevateAccessCalls/2015-07-01/swagger.yaml,c_min_ops,only_1_ops
azure.com/authorization-authorization-ProviderOperationsCalls/2015-07-01/swagger.yaml,c_min_ops,only_2_ops
azure.com/authorization-authorization-ProviderOperationsCalls/2018-01-01-preview/swagger.yaml,c_min_ops,only_2_ops
azure.com/authorization-authorization-RACalls/2017-10-01-preview/swagger.yaml,d_dedup,duplicate_of:azure.com/authorization-authorization-DenyAssignmentGetCalls/2018-07-01-preview/swagger.yaml
azure.com/authorization-authorization-RoleAssignmentsCalls/2015-07-01/swagger.yaml,d_dedup,duplicate_of:azure.com/authorization-authorization-DenyAssignmentGetCalls/2018-07-01-preview/swagger.yaml
azure.com/authorization-authorization-RoleAssignmentsCalls/2017-10-01-preview/swagger.yaml,d_dedup,duplicate_of:azure.com/authorization-authorization-DenyAssignmentGetCalls/2018-07-01-preview/swagger.yaml
azure.com/authorization-authorization-RoleAssignmentsCalls/2018-01-01-preview/swagger.yaml,d_dedup,duplicate_of:azure.com/authorization-authorization-DenyAssignmentGetCalls/2018-07-01-preview/swagger.yaml
azure.com/authorization-authorization-DenyAssignmentGetCalls/2018-07-01-preview/swagger.yaml,d_dedup,superseded_by:azure.com/authorization-authorization-RoleAssignmentsCalls/2018-09-01-preview/swagger.yaml
azure.com/authorization-authorization-RoleBasedCalls/2018-01-01-preview/swagger.yaml,d_dedup,duplicate_of:azure.com/authorization-authorization-RoleAssignmentsCalls/2018-09-01-preview/swagger.yaml
azure.com/authorization-authorization-RoleDefinitionsCalls/2015-07-01/swagger.yaml,d_dedup,duplicate_of:azure.com/authorization-authorization-RoleAssignmentsCalls/2018-09-01-preview/swagger.yaml
azure.com/authorization-authorization-RoleDefinitionsCalls/2018-01-01-preview/swagger.yaml,d_dedup,duplicate_of:azure.com/authorization-authorization-RoleAssignmentsCalls/2018-09-01-preview/swagger.yaml
azure.com/authorization/2015-07-01/swagger.yaml,d_dedup,duplicate_of:azure.com/authorization-authorization-RoleAssignmentsCalls/2018-09-01-preview/swagger.yaml
azure.com/automation-certificate/2015-10-31/swagger.yaml,d_dedup,duplicate_of:azure.com/automation-account/2015-10-31/swagger.yaml
azure.com/automation-connection/2015-10-31/swagger.yaml,d_dedup,duplicate_of:azure.com/automation-account/2015-10-31/swagger.yaml
azure.com/automation-connectionType/2015-10-31/swagger.yaml,d_dedup,duplicate_of:azure.com/automation-account/2015-10-31/swagger.yaml
azure.com/automation-credential/2015-10-31/swagger.yaml,d_dedup,duplicate_of:azure.com/automation-account/2015-10-31/swagger.yaml
azure.com/automation-dscCompilationJob/2015-10-31/swagger.yaml,d_dedup,duplicate_of:azure.com/automation-account/2015-10-31/swagger.yaml
azure.com/automation-account/2015-10-31/swagger.yaml,d_dedup,superseded_by:azure.com/automation-dscCompilationJob/2018-01-15/swagger.yaml
azure.com/automation-dscConfiguration/2015-10-31/swagger.yaml,d_dedup,duplicate_of:azure.com/automation-dscCompilationJob/2018-01-15/swagger.yaml
azure.com/automation-dscNode/2015-10-31/swagger.yaml,d_dedup,duplicate_of:azure.com/automation-dscCompilationJob/2018-01-15/swagger.yaml
azure.com/automation-dscNode/2018-01-15/swagger.yaml,d_dedup,duplicate_of:azure.com/automation-dscCompilationJob/2018-01-15/swagger.yaml
azure.com/automation-dscNodeConfiguration/2015-10-31/swagger.yaml,d_dedup,duplicate_of:azure.com/automation-dscCompilationJob/2018-01-15/swagger.yaml
azure.com/automation-dscNodeConfiguration/2018-01-15/swagger.yaml,d_dedup,duplicate_of:azure.com/automation-dscCompilationJob/2018-01-15/swagger.yaml
azure.com/automation-dscNodeCounts/2018-01-15/swagger.yaml,c_min_ops,only_1_ops
azure.com/automation-hybridRunbookWorkerGroup/2015-10-31/swagger.yaml,d_dedup,duplicate_of:azure.com/automation-dscCompilationJob/2018-01-15/swagger.yaml
azure.com/automation-job/2015-10-31/swagger.yaml,d_dedup,duplicate_of:azure.com/automation-dscCompilationJob/2018-01-15/swagger.yaml
azure.com/automation-job/2017-05-15-preview/swagger.yaml,d_dedup,duplicate_of:azure.com/automation-dscCompilationJob/2018-01-15/swagger.yaml
azure.com/automation-jobSchedule/2015-10-31/swagger.yaml,d_dedup,duplicate_of:azure.com/automation-dscCompilationJob/2018-01-15/swagger.yaml
azure.com/automation-linkedWorkspace/2015-10-31/swagger.yaml,c_min_ops,only_1_ops
azure.com/automation-module/2015-10-31/swagger.yaml,d_dedup,duplicate_of:azure.com/automation-dscCompilationJob/2018-01-15/swagger.yaml
azure.com/automation-dscCompilationJob/2018-01-15/swagger.yaml,d_dedup,superseded_by:azure.com/automation-python2package/2018-06-30/swagger.yaml
azure.com/automation-runbook/2015-10-31/swagger.yaml,d_dedup,duplicate_of:azure.com/automation-python2package/2018-06-30/swagger.yaml
azure.com/automation-runbook/2018-06-30/swagger.yaml,d_dedup,duplicate_of:azure.com/automation-python2package/2018-06-30/swagger.yaml
azure.com/automation-schedule/2015-10-31/swagger.yaml,d_dedup,duplicate_of:azure.com/automation-python2package/2018-06-30/swagger.yaml
azure.com/automation-softwareUpdateConfigurationMachineRun/2017-05-15-preview/swagger.yaml,c_min_ops,only_2_ops
azure.com/automation-softwareUpdateConfigurationRun/2017-05-15-preview/swagger.yaml,c_min_ops,only_2_ops
azure.com/automation-sourceControl/2017-05-15-preview/swagger.yaml,d_dedup,duplicate_of:azure.com/automation-python2package/2018-06-30/swagger.yaml
azure.com/automation-sourceControlSyncJob/2017-05-15-preview/swagger.yaml,d_dedup,duplicate_of:azure.com/automation-python2package/2018-06-30/swagger.yaml
azure.com/automation-sourceControlSyncJobStreams/2017-05-15-preview/swagger.yaml,c_min_ops,only_2_ops
azure.com/automation-variable/2015-10-31/swagger.yaml,d_dedup,duplicate_of:azure.com/automation-python2package/2018-06-30/swagger.yaml
azure.com/automation-watcher/2015-10-31/swagger.yaml,d_dedup,duplicate_of:azure.com/automation-python2package/2018-06-30/swagger.yaml
azure.com/azsadmin-ActionPlan/2019-01-01/swagger.yaml,c_min_ops,only_2_ops
azure.com/azsadmin-ActionPlanOperation/2019-01-01/swagger.yaml,c_min_ops,only_2_ops
azure.com/azsadmin-ApplicationOperationResults/2016-05-01/swagger.yaml,c_min_ops,only_2_ops
azure.com/azsadmin-AzureBridge/2016-01-01/swagger.yaml,c_min_ops,only_1_ops
azure.com/azsadmin-Backup/2016-05-01/swagger.yaml,c_min_ops,only_1_ops
azure.com/azsadmin-Backup/2018-09-01/swagger.yaml,c_min_ops,only_1_ops
azure.com/azsadmin-BackupLocations/2016-05-01/swagger.yaml,d_dedup,superseded_by:azure.com/azsadmin-BackupLocations/2018-09-01/swagger.yaml
azure.com/azsadmin-Backups/2016-05-01/swagger.yaml,d_dedup,duplicate_of:azure.com/azsadmin-BackupLocations/2018-09-01/swagger.yaml
azure.com/azsadmin-Backups/2018-09-01/swagger.yaml,d_dedup,duplicate_of:azure.com/azsadmin-BackupLocations/2018-09-01/swagger.yaml
azure.com/azsadmin-CommerceAdmin/2015-06-01-preview/swagger.yaml,c_min_ops,only_1_ops
azure.com/azsadmin-Compute/2015-12-01-preview/swagger.yaml,c_min_ops,only_1_ops
azure.com/azsadmin-ComputeOperationResults/2016-05-01/swagger.yaml,c_min_ops,only_2_ops
azure.com/azsadmin-DelegatedProvider/2015-11-01/swagger.yaml,c_min_ops,only_2_ops
azure.com/azsadmin-DelegatedProviderOffer/2015-11-01/swagger.yaml,c_min_ops,only_2_ops
azure.com/azsadmin-Deployment/2019-01-01/swagger.yaml,c_min_ops,only_1_ops
azure.com/azsadmin-DirectoryTenant/2015-11-01/swagger.yaml,d_dedup,duplicate_of:azure.com/azsadmin-AcquiredPlan/2015-11-01/swagger.yaml
azure.com/azsadmin-Disks/2018-07-30-preview/swagger.yaml,c_min_ops,only_2_ops
azure.com/azsadmin-DownloadedProduct/2016-01-01/swagger.yaml,d_dedup,duplicate_of:azure.com/azsadmin-Activation/2016-01-01/swagger.yaml
azure.com/azsadmin-Drive/2018-10-01/swagger.yaml,c_min_ops,only_2_ops
azure.com/azsadmin-Drive/2019-05-01/swagger.yaml,c_min_ops,only_2_ops
azure.com/azsadmin-EdgeGateway/2016-05-01/swagger.yaml,c_min_ops,only_2_ops
azure.com/azsadmin-EdgeGatewayPool/2016-05-01/swagger.yaml,c_min_ops,only_2_ops
azure.com/azsadmin-Fabric/2016-05-01/swagger.yaml,c_min_ops,only_1_ops
azure.com/azsadmin-FabricLocation/2016-05-01/swagger.yaml,c_min_ops,only_2_ops
azure.com/azsadmin-FileShare/2016-05-01/swagger.yaml,c_min_ops,only_2_ops
azure.com/azsadmin-Gallery/2015-04-01/swagger.yaml,c_min_ops,only_1_ops
azure.com/azsadmin-InfraRoleInstance/2016-05-01/swagger.yaml,d_dedup,duplicate_of:azure.com/azsadmin-InfraRole/2016-05-01/swagger.yaml
azure.com/azsadmin-InfrastructureInsights/2016-05-01/swagger.yaml,c_min_ops,only_1_ops
azure.com/azsadmin-IpPool/2016-05-01/swagger.yaml,d_dedup,duplicate_of:azure.com/azsadmin-InfraRole/2016-05-01/swagger.yaml
azure.com/azsadmin-KeyVault/2017-02-01-preview/swagger.yaml,c_min_ops,only_1_ops
azure.com/azsadmin-LoadBalancers/2015-06-15/swagger.yaml,c_min_ops,only_1_ops
azure.com/azsadmin-Location/2015-11-01/swagger.yaml,d_dedup,duplicate_of:azure.com/azsadmin-AcquiredPlan/2015-11-01/swagger.yaml
azure.com/azsadmin-LogicalNetwork/2016-05-01/swagger.yaml,c_min_ops,only_2_ops
azure.com/azsadmin-LogicalSubnet/2016-05-01/swagger.yaml,c_min_ops,only_2_ops
azure.com/azsadmin-MacAddressPool/2016-05-01/swagger.yaml,c_min_ops,only_2_ops
azure.com/azsadmin-Manifest/2015-11-01/swagger.yaml,c_min_ops,only_2_ops
azure.com/azsadmin-NetworkOperationResults/2016-05-01/swagger.yaml,c_min_ops,only_2_ops
azure.com/azsadmin-OfferDelegation/2015-11-01/swagger.yaml,d_dedup,duplicate_of:azure.com/azsadmin-AcquiredPlan/2015-11-01/swagger.yaml
azure.com/azsadmin-Operations/2016-05-01/swagger.yaml,c_min_ops,only_2_ops
azure.com/azsadmin-Plan/2015-11-01/swagger.yaml,d_dedup,duplicate_of:azure.com/azsadmin-AcquiredPlan/2015-11-01/swagger.yaml
azure.com/azsadmin-Product/2016-01-01/swagger.yaml,d_dedup,duplicate_of:azure.com/azsadmin-Activation/2016-01-01/swagger.yaml
azure.com/azsadmin-ProductDeployment/2019-01-01/swagger.yaml,d_dedup,duplicate_of:azure.com/azsadmin-FileContainer/2019-01-01/swagger.yaml
azure.com/azsadmin-ProductPackage/2019-01-01/swagger.yaml,d_dedup,duplicate_of:azure.com/azsadmin-FileContainer/2019-01-01/swagger.yaml
azure.com/azsadmin-ProductSecret/2019-01-01/swagger.yaml,d_dedup,duplicate_of:azure.com/azsadmin-FileContainer/2019-01-01/swagger.yaml
azure.com/azsadmin-PublicIpAddresses/2015-06-15/swagger.yaml,c_min_ops,only_1_ops
azure.com/azsadmin-Quota/2015-11-01/swagger.yaml,c_min_ops,only_2_ops
azure.com/azsadmin-Quotas/2015-06-15/swagger.yaml,d_dedup,duplicate_of:azure.com/azsadmin-Network/2015-06-15/swagger.yaml
azure.com/azsadmin-Quotas/2015-12-01-preview/swagger.yaml,d_dedup,duplicate_of:azure.com/azsadmin-PlatformImages/2015-12-01-preview/swagger.yaml
azure.com/azsadmin-Quotas/2017-02-01-preview/swagger.yaml,c_min_ops,only_1_ops
azure.com/azsadmin-PlatformImages/2015-12-01-preview/swagger.yaml,d_dedup,superseded_by:azure.com/azsadmin-Quotas/2018-02-09/swagger.yaml
azure.com/azsadmin-RegionHealth/2016-05-01/swagger.yaml,c_min_ops,only_2_ops
azure.com/azsadmin-ResourceHealth/2016-05-01/swagger.yaml,c_min_ops,only_2_ops
azure.com/azsadmin-ScaleUnit/2016-05-01/swagger.yaml,d_dedup,duplicate_of:azure.com/azsadmin-InfraRole/2016-05-01/swagger.yaml
azure.com/azsadmin-ScaleUnitNode/2016-05-01/swagger.yaml,d_dedup,duplicate_of:azure.com/azsadmin-InfraRole/2016-05-01/swagger.yaml
azure.com/azsadmin-ServiceHealth/2016-05-01/swagger.yaml,c_min_ops,only_2_ops
azure.com/azsadmin-SlbMuxInstance/2016-05-01/swagger.yaml,c_min_ops,only_2_ops
azure.com/azsadmin-StorageOperationResults/2016-05-01/swagger.yaml,c_min_ops,only_2_ops
azure.com/azsadmin-StoragePool/2016-05-01/swagger.yaml,c_min_ops,only_2_ops
azure.com/azsadmin-StorageSubSystem/2018-10-01/swagger.yaml,c_min_ops,only_2_ops
azure.com/azsadmin-StorageSystem/2016-05-01/swagger.yaml,c_min_ops,only_2_ops
azure.com/azsadmin-Subscriptions/2015-11-01/swagger.yaml,d_dedup,duplicate_of:azure.com/azsadmin-Offer/2015-11-01/swagger.yaml
azure.com/azsadmin-Update/2016-05-01/swagger.yaml,c_min_ops,only_1_ops
azure.com/azsadmin-UpdateLocations/2016-05-01/swagger.yaml,c_min_ops,only_2_ops
azure.com/azsadmin-VMExtensions/2015-12-01-preview/swagger.yaml,d_dedup,duplicate_of:azure.com/azsadmin-Quotas/2018-02-09/swagger.yaml
azure.com/azsadmin-VirtualNetworks/2015-06-15/swagger.yaml,c_min_ops,only_1_ops
azure.com/azsadmin-Volume/2016-05-01/swagger.yaml,c_min_ops,only_2_ops
azure.com/azsadmin-Volume/2018-10-01/swagger.yaml,c_min_ops,only_2_ops
azure.com/azsadmin-Volume/2019-05-01/swagger.yaml,c_min_ops,only_2_ops
azure.com/azsadmin-acquisitions/2015-12-01-preview/swagger.yaml,c_min_ops,only_1_ops
azure.com/azsadmin-acquisitions/2019-08-08-preview/swagger.yaml,c_min_ops,only_1_ops
azure.com/azsadmin-containers/2015-12-01-preview/swagger.yaml,d_dedup,duplicate_of:azure.com/azsadmin-blobServices/2015-12-01-preview/swagger.yaml
azure.com/azsadmin-farms/2015-12-01-preview/swagger.yaml,d_dedup,duplicate_of:azure.com/azsadmin-blobServices/2015-12-01-preview/swagger.yaml
azure.com/azsadmin-queueServices/2015-12-01-preview/swagger.yaml,d_dedup,duplicate_of:azure.com/azsadmin-blobServices/2015-12-01-preview/swagger.yaml
azure.com/azsadmin-shares/2015-12-01-preview/swagger.yaml,d_dedup,duplicate_of:azure.com/azsadmin-blobServices/2015-12-01-preview/swagger.yaml
azure.com/azsadmin-storage/2015-12-01-preview/swagger.yaml,c_min_ops,only_1_ops
azure.com/azsadmin-storage/2019-08-08-preview/swagger.yaml,c_min_ops,only_1_ops
azure.com/azsadmin-storageaccounts/2015-12-01-preview/swagger.yaml,d_dedup,duplicate_of:azure.com/azsadmin-blobServices/2015-12-01-preview/swagger.yaml
azure.com/azsadmin-blobServices/2015-12-01-preview/swagger.yaml,d_dedup,superseded_by:azure.com/azsadmin-storageaccounts/2019-08-08-preview/swagger.yaml
azure.com/azsadmin-tableServices/2015-12-01-preview/swagger.yaml,d_dedup,duplicate_of:azure.com/azsadmin-storageaccounts/2019-08-08-preview/swagger.yaml
azure.com/azure-kusto/2017-09-07-privatepreview/swagger.yaml,d_dedup,superseded_by:azure.com/azure-kusto/2018-09-07-preview/swagger.yaml
azure.com/azure-kusto/2018-09-07-preview/swagger.yaml,d_dedup,superseded_by:azure.com/azure-kusto/2019-01-21/swagger.yaml
azure.com/azure-kusto/2019-01-21/swagger.yaml,d_dedup,superseded_by:azure.com/azure-kusto/2019-05-15/swagger.yaml
azure.com/azure-kusto/2019-05-15/swagger.yaml,d_dedup,superseded_by:azure.com/azure-kusto/2019-09-07/swagger.yaml
azure.com/azure-kusto/2019-09-07/swagger.yaml,d_dedup,superseded_by:azure.com/azure-kusto/2019-11-09/swagger.yaml
azure.com/azurestack-AzureStack/2017-06-01/swagger.yaml,c_min_ops,only_1_ops
azure.com/azurestack-Product/2017-06-01/swagger.yaml,d_dedup,duplicate_of:azure.com/azurestack-CustomerSubscription/2017-06-01/swagger.yaml
azure.com/batch-BatchManagement/2015-12-01/swagger.yaml,d_dedup,superseded_by:azure.com/batch-BatchManagement/2017-01-01/swagger.yaml
azure.com/batch-BatchManagement/2017-01-01/swagger.yaml,d_dedup,superseded_by:azure.com/batch-BatchManagement/2017-05-01/swagger.yaml
azure.com/batch-BatchManagement/2017-05-01/swagger.yaml,d_dedup,superseded_by:azure.com/batch-BatchManagement/2017-09-01/swagger.yaml
azure.com/batch-BatchManagement/2017-09-01/swagger.yaml,d_dedup,superseded_by:azure.com/batch-BatchManagement/2018-12-01/swagger.yaml
azure.com/batch-BatchManagement/2018-12-01/swagger.yaml,d_dedup,superseded_by:azure.com/batch-BatchManagement/2019-04-01/swagger.yaml
azure.com/batch-BatchManagement/2019-04-01/swagger.yaml,d_dedup,superseded_by:azure.com/batch-BatchManagement/2019-08-01/swagger.yaml
azure.com/batch-BatchService/2018-12-01.8.0/swagger.yaml,d_dedup,superseded_by:azure.com/batch-BatchService/2019-06-01.9.0/swagger.yaml
azure.com/batch-BatchService/2019-06-01.9.0/swagger.yaml,d_dedup,superseded_by:azure.com/batch-BatchService/2019-08-01.10.0/swagger.yaml
azure.com/batchai-BatchAI/2017-09-01-preview/swagger.yaml,d_dedup,superseded_by:azure.com/batchai-BatchAI/2018-03-01/swagger.yaml
azure.com/batchai-BatchAI/2018-03-01/swagger.yaml,d_dedup,superseded_by:azure.com/batchai-BatchAI/2018-05-01/swagger.yaml
azure.com/billing/2017-04-24-preview/swagger.yaml,d_dedup,superseded_by:azure.com/billing/2018-03-01-preview/swagger.yaml
azure.com/billing/2018-03-01-preview/swagger.yaml,d_dedup,superseded_by:azure.com/billing/2018-11-01-preview/swagger.yaml
azure.com/billing/2018-11-01-preview/swagger.yaml,d_dedup,superseded_by:azure.com/billing/2019-10-01-preview/swagger.yaml
azure.com/blueprint-assignmentOperation/2018-11-01-preview/swagger.yaml,c_min_ops,only_2_ops
azure.com/blueprint-blueprintAssignment/2017-11-11-preview/swagger.yaml,d_dedup,superseded_by:azure.com/blueprint-blueprintAssignment/2018-11-01-preview/swagger.yaml
azure.com/blueprint-blueprintDefinition/2017-11-11-preview/swagger.yaml,d_dedup,duplicate_of:azure.com/blueprint-blueprintAssignment/2018-11-01-preview/swagger.yaml
azure.com/blueprint-blueprintDefinition/2018-11-01-preview/swagger.yaml,d_dedup,duplicate_of:azure.com/blueprint-blueprintAssignment/2018-11-01-preview/swagger.yaml
azure.com/botservice/2017-12-01/swagger.yaml,d_dedup,superseded_by:azure.com/botservice/2018-07-12/swagger.yaml
azure.com/cdn/2015-06-01/swagger.yaml,d_dedup,superseded_by:azure.com/cdn/2016-04-02/swagger.yaml
azure.com/cdn/2016-04-02/swagger.yaml,d_dedup,superseded_by:azure.com/cdn/2016-10-02/swagger.yaml
azure.com/cdn/2016-10-02/swagger.yaml,d_dedup,superseded_by:azure.com/cdn/2017-04-02/swagger.yaml
azure.com/cdn/2017-04-02/swagger.yaml,d_dedup,superseded_by:azure.com/cdn/2017-10-12/swagger.yaml
azure.com/cdn/2017-10-12/swagger.yaml,d_dedup,superseded_by:azure.com/cdn/2019-04-15/swagger.yaml
azure.com/cdn/2019-04-15/swagger.yaml,d_dedup,superseded_by:azure.com/cdn/2019-06-15-preview/swagger.yaml
azure.com/cdn/2019-06-15-preview/swagger.yaml,d_dedup,superseded_by:azure.com/cdn/2019-12-31/swagger.yaml
azure.com/cognitiveservices-AnomalyFinder/2.0/swagger.yaml,c_min_ops,only_2_ops
azure.com/cognitiveservices-FormRecognizer/1.0-preview/swagger.yaml,d_dedup,superseded_by:azure.com/cognitiveservices-FormRecognizer/2.0-preview/swagger.yaml
azure.com/cognitiveservices-InkRecognizer/1.0/swagger.yaml,c_min_ops,only_1_ops
azure.com/cognitiveservices-LUIS-Authoring/2.0/swagger.yaml,a_validate,parse_error: ConstructorError
azure.com/cognitiveservices-LUIS-Authoring/3.0-preview/swagger.yaml,a_validate,parse_error: ConstructorError
azure.com/cognitiveservices-LUIS-Programmatic/v2.0/swagger.yaml,a_validate,parse_error: ConstructorError
azure.com/cognitiveservices-LUIS-Runtime/2.0/swagger.yaml,c_min_ops,only_2_ops
azure.com/cognitiveservices-LUIS-Runtime/3.0/swagger.yaml,d_dedup,duplicate_of:azure.com/cognitiveservices-LUIS-Runtime/3.0-preview/swagger.yaml
azure.com/cognitiveservices-LUIS-Runtime/v2.0 preview/swagger.yaml,c_min_ops,only_2_ops
azure.com/cognitiveservices-LUIS-Runtime/v2.0/swagger.yaml,c_min_ops,only_2_ops
azure.com/cognitiveservices-QnAMakerRuntime/4.0/swagger.yaml,c_min_ops,only_2_ops
azure.com/cognitiveservices-TextAnalytics/v2.0/swagger.yaml,d_dedup,superseded_by:azure.com/cognitiveservices-TextAnalytics/v2.1-preview/swagger.yaml
azure.com/cognitiveservices-TextAnalytics/v2.1/swagger.yaml,d_dedup,duplicate_of:azure.com/cognitiveservices-TextAnalytics/v2.1-preview/swagger.yaml
azure.com/cognitiveservices-TextAnalytics/v2.1-preview/swagger.yaml,d_dedup,superseded_by:azure.com/cognitiveservices-TextAnalytics/v3.0-preview.1/swagger.yaml
azure.com/cognitiveservices/2016-02-01-preview/swagger.yaml,d_dedup,superseded_by:azure.com/cognitiveservices/2017-04-18/swagger.yaml
azure.com/commerce/2015-06-01-preview/swagger.yaml,c_min_ops,only_2_ops
azure.com/compute-containerService/2015-11-01-preview/swagger.yaml,d_dedup,superseded_by:azure.com/compute-containerService/2016-03-30/swagger.yaml
azure.com/compute-containerService/2016-03-30/swagger.yaml,d_dedup,superseded_by:azure.com/compute-containerService/2016-09-30/swagger.yaml
azure.com/compute-containerService/2016-09-30/swagger.yaml,d_dedup,superseded_by:azure.com/compute-containerService/2017-01-31/swagger.yaml
azure.com/compute-disk/2016-04-30-preview/swagger.yaml,d_dedup,superseded_by:azure.com/compute-disk/2017-03-30/swagger.yaml
azure.com/compute-disk/2017-03-30/swagger.yaml,d_dedup,superseded_by:azure.com/compute-disk/2018-04-01/swagger.yaml
azure.com/compute-disk/2018-04-01/swagger.yaml,d_dedup,superseded_by:azure.com/compute-disk/2018-06-01/swagger.yaml
azure.com/compute-disk/2018-06-01/swagger.yaml,d_dedup,superseded_by:azure.com/compute-disk/2018-09-30/swagger.yaml
azure.com/compute-disk/2018-09-30/swagger.yaml,d_dedup,superseded_by:azure.com/compute-disk/2019-03-01/swagger.yaml
azure.com/compute-disk/2019-03-01/swagger.yaml,d_dedup,superseded_by:azure.com/compute-disk/2019-07-01/swagger.yaml
azure.com/compute-gallery/2018-06-01/swagger.yaml,d_dedup,superseded_by:azure.com/compute-gallery/2019-03-01/swagger.yaml
azure.com/compute-gallery/2019-03-01/swagger.yaml,d_dedup,superseded_by:azure.com/compute-gallery/2019-07-01/swagger.yaml
azure.com/compute-runCommands/2017-03-30/swagger.yaml,d_dedup,superseded_by:azure.com/compute-runCommands/2017-12-01/swagger.yaml
azure.com/compute-runCommands/2017-12-01/swagger.yaml,d_dedup,superseded_by:azure.com/compute-runCommands/2018-04-01/swagger.yaml
azure.com/compute-runCommands/2018-04-01/swagger.yaml,d_dedup,superseded_by:azure.com/compute-runCommands/2018-06-01/swagger.yaml
azure.com/compute-runCommands/2018-06-01/swagger.yaml,d_dedup,superseded_by:azure.com/compute-runCommands/2018-10-01/swagger.yaml
azure.com/compute-runCommands/2018-10-01/swagger.yaml,d_dedup,superseded_by:azure.com/compute-runCommands/2019-03-01/swagger.yaml
azure.com/compute-runCommands/2019-03-01/swagger.yaml,d_dedup,superseded_by:azure.com/compute-runCommands/2019-07-01/swagger.yaml
azure.com/compute-skus/2017-09-01/swagger.yaml,c_min_ops,only_1_ops
azure.com/compute-skus/2019-04-01/swagger.yaml,c_min_ops,only_1_ops
azure.com/compute-swagger/2015-11-01/swagger.yaml,c_min_ops,only_1_ops
azure.com/compute/2015-06-15/swagger.yaml,d_dedup,superseded_by:azure.com/compute/2016-03-30/swagger.yaml
azure.com/compute/2016-03-30/swagger.yaml,d_dedup,superseded_by:azure.com/compute/2016-04-30-preview/swagger.yaml
azure.com/compute/2016-04-30-preview/swagger.yaml,d_dedup,superseded_by:azure.com/compute/2017-03-30/swagger.yaml
azure.com/compute/2017-03-30/swagger.yaml,d_dedup,superseded_by:azure.com/compute/2017-12-01/swagger.yaml
azure.com/compute/2017-12-01/swagger.yaml,d_dedup,superseded_by:azure.com/compute/2018-04-01/swagger.yaml
azure.com/compute/2018-04-01/swagger.yaml,d_dedup,superseded_by:azure.com/compute/2018-06-01/swagger.yaml
azure.com/compute/2018-06-01/swagger.yaml,d_dedup,superseded_by:azure.com/compute/2018-10-01/swagger.yaml
azure.com/compute/2018-10-01/swagger.yaml,d_dedup,superseded_by:azure.com/compute/2019-03-01/swagger.yaml
azure.com/compute/2019-03-01/swagger.yaml,d_dedup,superseded_by:azure.com/compute/2019-07-01/swagger.yaml
azure.com/consumption/2017-04-24-preview/swagger.yaml,c_min_ops,only_2_ops
azure.com/consumption/2017-11-30/swagger.yaml,d_dedup,superseded_by:azure.com/consumption/2017-12-30-preview/swagger.yaml
azure.com/consumption/2017-12-30-preview/swagger.yaml,d_dedup,superseded_by:azure.com/consumption/2018-01-31/swagger.yaml
azure.com/consumption/2018-01-31/swagger.yaml,d_dedup,superseded_by:azure.com/consumption/2018-03-31/swagger.yaml
azure.com/consumption/2018-03-31/swagger.yaml,d_dedup,superseded_by:azure.com/consumption/2018-05-31/swagger.yaml
azure.com/consumption/2018-05-31/swagger.yaml,d_dedup,superseded_by:azure.com/consumption/2018-06-30/swagger.yaml
azure.com/consumption/2018-06-30/swagger.yaml,d_dedup,superseded_by:azure.com/consumption/2018-08-31/swagger.yaml
azure.com/consumption/2018-08-31/swagger.yaml,d_dedup,superseded_by:azure.com/consumption/2018-10-01/swagger.yaml
azure.com/consumption/2018-10-01/swagger.yaml,d_dedup,superseded_by:azure.com/consumption/2018-11-01-preview/swagger.yaml
azure.com/consumption/2018-11-01-preview/swagger.yaml,d_dedup,superseded_by:azure.com/consumption/2019-01-01/swagger.yaml
azure.com/consumption/2019-01-01/swagger.yaml,d_dedup,superseded_by:azure.com/consumption/2019-04-01-preview/swagger.yaml
azure.com/consumption/2019-04-01-preview/swagger.yaml,d_dedup,superseded_by:azure.com/consumption/2019-05-01-preview/swagger.yaml
azure.com/consumption/2019-05-01/swagger.yaml,d_dedup,duplicate_of:azure.com/consumption/2019-05-01-preview/swagger.yaml
azure.com/consumption/2019-05-01-preview/swagger.yaml,d_dedup,superseded_by:azure.com/consumption/2019-06-01/swagger.yaml
azure.com/consumption/2019-06-01/swagger.yaml,d_dedup,superseded_by:azure.com/consumption/2019-10-01/swagger.yaml
azure.com/containerinstance-containerInstance/2017-08-01-preview/swagger.yaml,d_dedup,superseded_by:azure.com/containerinstance-containerInstance/2017-10-01-preview/swagger.yaml
azure.com/containerinstance-containerInstance/2017-10-01-preview/swagger.yaml,d_dedup,superseded_by:azure.com/containerinstance-containerInstance/2017-12-01-preview/swagger.yaml
azure.com/containerinstance-containerInstance/2017-12-01-preview/swagger.yaml,d_dedup,superseded_by:azure.com/containerinstance-containerInstance/2018-02-01-preview/swagger.yaml
azure.com/containerinstance-containerInstance/2018-02-01-preview/swagger.yaml,d_dedup,superseded_by:azure.com/containerinstance-containerInstance/2018-04-01/swagger.yaml
azure.com/containerinstance-containerInstance/2018-04-01/swagger.yaml,d_dedup,superseded_by:azure.com/containerinstance-containerInstance/2018-06-01/swagger.yaml
azure.com/containerinstance-containerInstance/2018-06-01/swagger.yaml,d_dedup,superseded_by:azure.com/containerinstance-containerInstance/2018-09-01/swagger.yaml
azure.com/containerinstance-containerInstance/2018-09-01/swagger.yaml,d_dedup,superseded_by:azure.com/containerinstance-containerInstance/2018-10-01/swagger.yaml
azure.com/containerregistry-containerregistry_build/2018-02-01-preview/swagger.yaml,d_dedup,superseded_by:azure.com/containerregistry-containerregistry_build/2018-09-01/swagger.yaml
azure.com/containerregistry-containerregistry_build/2018-09-01/swagger.yaml,d_dedup,superseded_by:azure.com/containerregistry-containerregistry_build/2019-04-01/swagger.yaml
azure.com/containerregistry-containerregistry_build/2019-04-01/swagger.yaml,d_dedup,superseded_by:azure.com/containerregistry-containerregistry_build/2019-06-01-preview/swagger.yaml
azure.com/containerregistry-containerregistry_scopemap/2019-05-01-preview/swagger.yaml,d_dedup,duplicate_of:azure.com/containerregistry-containerregistry_build/2019-06-01-preview/swagger.yaml
azure.com/containerregistry/2016-06-27-preview/swagger.yaml,d_dedup,duplicate_of:azure.com/containerregistry-containerregistry_build/2019-06-01-preview/swagger.yaml
azure.com/containerregistry/2017-03-01/swagger.yaml,d_dedup,duplicate_of:azure.com/containerregistry-containerregistry_build/2019-06-01-preview/swagger.yaml
azure.com/containerregistry/2017-06-01-preview/swagger.yaml,d_dedup,duplicate_of:azure.com/containerregistry-containerregistry_build/2019-06-01-preview/swagger.yaml
azure.com/containerregistry/2017-10-01/swagger.yaml,d_dedup,duplicate_of:azure.com/containerregistry-containerregistry_build/2019-06-01-preview/swagger.yaml
azure.com/containerregistry/2019-05-01/swagger.yaml,d_dedup,duplicate_of:azure.com/containerregistry-containerregistry_build/2019-06-01-preview/swagger.yaml
azure.com/containerregistry/2019-07-15-preview/swagger.yaml,d_dedup,superseded_by:azure.com/containerregistry/2019-08-15-preview/swagger.yaml
azure.com/containerregistry-containerregistry_build/2019-06-01-preview/swagger.yaml,d_dedup,superseded_by:azure.com/containerregistry/2019-12-01-preview/swagger.yaml
azure.com/containerservice-containerService/2016-03-30/swagger.yaml,d_dedup,duplicate_of:azure.com/compute-containerService/2017-01-31/swagger.yaml
azure.com/containerservice-containerService/2016-09-30/swagger.yaml,d_dedup,duplicate_of:azure.com/compute-containerService/2017-01-31/swagger.yaml
azure.com/containerservice-containerService/2017-01-31/swagger.yaml,d_dedup,duplicate_of:azure.com/compute-containerService/2017-01-31/swagger.yaml
azure.com/compute-containerService/2017-01-31/swagger.yaml,d_dedup,superseded_by:azure.com/containerservice-containerService/2017-07-01/swagger.yaml
azure.com/containerservice-location/2017-09-30/swagger.yaml,c_min_ops,only_1_ops
azure.com/containerservice-location/2019-04-01/swagger.yaml,c_min_ops,only_1_ops
azure.com/containerservice-location/2019-06-01/swagger.yaml,c_min_ops,only_1_ops
azure.com/containerservice-location/2019-08-01/swagger.yaml,c_min_ops,only_1_ops
azure.com/containerservice-containerService/2017-07-01/swagger.yaml,d_dedup,superseded_by:azure.com/containerservice-managedClusters/2017-08-31/swagger.yaml
azure.com/containerservice-managedClusters/2017-08-31/swagger.yaml,d_dedup,superseded_by:azure.com/containerservice-managedClusters/2018-03-31/swagger.yaml
azure.com/containerservice-managedClusters/2018-03-31/swagger.yaml,d_dedup,superseded_by:azure.com/containerservice-managedClusters/2018-08-01-preview/swagger.yaml
azure.com/containerservice-managedClusters/2018-08-01-preview/swagger.yaml,d_dedup,superseded_by:azure.com/containerservice-managedClusters/2019-02-01/swagger.yaml
azure.com/containerservice-managedClusters/2019-02-01/swagger.yaml,d_dedup,superseded_by:azure.com/containerservice-managedClusters/2019-04-01/swagger.yaml
azure.com/containerservice-managedClusters/2019-04-01/swagger.yaml,d_dedup,superseded_by:azure.com/containerservice-managedClusters/2019-06-01/swagger.yaml
azure.com/containerservice-managedClusters/2019-06-01/swagger.yaml,d_dedup,superseded_by:azure.com/containerservice-managedClusters/2019-08-01/swagger.yaml
azure.com/containerservice-managedClusters/2019-08-01/swagger.yaml,d_dedup,superseded_by:azure.com/containerservice-managedClusters/2019-10-01/swagger.yaml
azure.com/containerservice-managedClusters/2019-10-01/swagger.yaml,d_dedup,superseded_by:azure.com/containerservice-managedClusters/2019-11-01/swagger.yaml
azure.com/containerservice-managedClusters/2019-11-01/swagger.yaml,d_dedup,superseded_by:azure.com/containerservice-managedClusters/2020-01-01/swagger.yaml
azure.com/containerservice-openShiftManagedClusters/2018-09-30-preview/swagger.yaml,d_dedup,duplicate_of:azure.com/containerservice-managedClusters/2020-01-01/swagger.yaml
azure.com/containerservice-openShiftManagedClusters/2019-04-30/swagger.yaml,d_dedup,duplicate_of:azure.com/containerservice-managedClusters/2020-01-01/swagger.yaml
azure.com/containerservice-openShiftManagedClusters/2019-09-30-preview/swagger.yaml,d_dedup,duplicate_of:azure.com/containerservice-managedClusters/2020-01-01/swagger.yaml
azure.com/containerservices-containerService/2016-03-30/swagger.yaml,d_dedup,duplicate_of:azure.com/containerservice-managedClusters/2020-01-01/swagger.yaml
azure.com/containerservices-containerService/2016-09-30/swagger.yaml,d_dedup,duplicate_of:azure.com/containerservice-managedClusters/2020-01-01/swagger.yaml
azure.com/containerservices-containerService/2017-01-31/swagger.yaml,d_dedup,duplicate_of:azure.com/containerservice-managedClusters/2020-01-01/swagger.yaml
azure.com/containerservices-containerService/2017-07-01/swagger.yaml,d_dedup,duplicate_of:azure.com/containerservice-managedClusters/2020-01-01/swagger.yaml
azure.com/containerservices-location/2017-09-30/swagger.yaml,c_min_ops,only_1_ops
azure.com/containerservices-managedClusters/2017-08-31/swagger.yaml,d_dedup,duplicate_of:azure.com/containerservice-managedClusters/2020-01-01/swagger.yaml
azure.com/containerservices-managedClusters/2018-03-31/swagger.yaml,d_dedup,duplicate_of:azure.com/containerservice-managedClusters/2020-01-01/swagger.yaml
azure.com/containerservices-managedClusters/2018-08-01-preview/swagger.yaml,d_dedup,duplicate_of:azure.com/containerservice-managedClusters/2020-01-01/swagger.yaml
azure.com/containerservices-openShiftManagedClusters/2018-09-30-preview/swagger.yaml,d_dedup,duplicate_of:azure.com/containerservice-managedClusters/2020-01-01/swagger.yaml
azure.com/cosmos-db-privateLinkResources/2019-08-01-preview/swagger.yaml,c_min_ops,only_2_ops
azure.com/cosmos-db/2015-04-01/swagger.yaml,d_dedup,duplicate_of:azure.com/cosmos-db-privateEndpointConnection/2019-08-01-preview/swagger.yaml
azure.com/cosmos-db/2015-04-08/swagger.yaml,d_dedup,duplicate_of:azure.com/cosmos-db-privateEndpointConnection/2019-08-01-preview/swagger.yaml
azure.com/cosmos-db/2015-11-06/swagger.yaml,d_dedup,duplicate_of:azure.com/cosmos-db-privateEndpointConnection/2019-08-01-preview/swagger.yaml
azure.com/cosmos-db/2016-03-19/swagger.yaml,d_dedup,duplicate_of:azure.com/cosmos-db-privateEndpointConnection/2019-08-01-preview/swagger.yaml
azure.com/cosmos-db/2016-03-31/swagger.yaml,d_dedup,duplicate_of:azure.com/cosmos-db-privateEndpointConnection/2019-08-01-preview/swagger.yaml
azure.com/cosmos-db/2019-08-01/swagger.yaml,d_dedup,duplicate_of:azure.com/cosmos-db-privateEndpointConnection/2019-08-01-preview/swagger.yaml
azure.com/cosmos-db-privateEndpointConnection/2019-08-01-preview/swagger.yaml,d_dedup,superseded_by:azure.com/cosmos-db/2019-12-12/swagger.yaml
azure.com/cost-management-costmanagement/2018-05-31/swagger.yaml,d_dedup,superseded_by:azure.com/cost-management-costmanagement/2018-08-01-preview/swagger.yaml
azure.com/cost-management-costmanagement/2018-08-01-preview/swagger.yaml,d_dedup,superseded_by:azure.com/cost-management-costmanagement/2018-08-31/swagger.yaml
azure.com/cost-management-costmanagement/2018-08-31/swagger.yaml,d_dedup,superseded_by:azure.com/cost-management-costmanagement/2018-12-01-preview/swagger.yaml
azure.com/cost-management-costmanagement/2018-12-01-preview/swagger.yaml,d_dedup,superseded_by:azure.com/cost-management-costmanagement/2019-01-01/swagger.yaml
azure.com/cost-management-costmanagement/2019-01-01/swagger.yaml,d_dedup,superseded_by:azure.com/cost-management-costmanagement/2019-03-01-preview/swagger.yaml
azure.com/cost-management-costmanagement/2019-03-01-preview/swagger.yaml,d_dedup,superseded_by:azure.com/cost-management-costmanagement/2019-04-01-preview/swagger.yaml
azure.com/cost-management-costmanagement/2019-04-01-preview/swagger.yaml,d_dedup,superseded_by:azure.com/cost-management-costmanagement/2019-09-01/swagger.yaml
azure.com/cost-management-costmanagement/2019-09-01/swagger.yaml,d_dedup,superseded_by:azure.com/cost-management-costmanagement/2019-10-01/swagger.yaml
azure.com/cost-management-costmanagement/2019-10-01/swagger.yaml,d_dedup,superseded_by:azure.com/cost-management-costmanagement/2019-11-01/swagger.yaml
azure.com/customer-insights/2017-01-01/swagger.yaml,d_dedup,superseded_by:azure.com/customer-insights/2017-04-26/swagger.yaml
azure.com/databox/2018-01-01/swagger.yaml,d_dedup,superseded_by:azure.com/databox/2019-09-01/swagger.yaml
azure.com/databoxedge/2019-03-01/swagger.yaml,d_dedup,superseded_by:azure.com/databoxedge/2019-07-01/swagger.yaml
azure.com/databoxedge/2019-07-01/swagger.yaml,d_dedup,superseded_by:azure.com/databoxedge/2019-08-01/swagger.yaml
azure.com/datafactory/2017-09-01-preview/swagger.yaml,d_dedup,superseded_by:azure.com/datafactory/2018-06-01/swagger.yaml
azure.com/datalake-analytics-account/2015-10-01-preview/swagger.yaml,d_dedup,superseded_by:azure.com/datalake-analytics-account/2016-11-01/swagger.yaml
azure.com/datalake-analytics-catalog/2015-10-01-preview/swagger.yaml,d_dedup,superseded_by:azure.com/datalake-analytics-catalog/2016-11-01/swagger.yaml
azure.com/datalake-analytics-job/2015-11-01-preview/swagger.yaml,d_dedup,superseded_by:azure.com/datalake-analytics-job/2016-03-20-preview/swagger.yaml
azure.com/datalake-analytics-job/2016-03-20-preview/swagger.yaml,d_dedup,superseded_by:azure.com/datalake-analytics-job/2016-11-01/swagger.yaml
azure.com/datalake-analytics-job/2016-11-01/swagger.yaml,d_dedup,superseded_by:azure.com/datalake-analytics-job/2017-09-01-preview/swagger.yaml
azure.com/datalake-store-account/2015-10-01-preview/swagger.yaml,d_dedup,superseded_by:azure.com/datalake-store-account/2016-11-01/swagger.yaml
azure.com/datalake-store-filesystem/2015-10-01-preview/swagger.yaml,d_dedup,superseded_by:azure.com/datalake-store-filesystem/2016-11-01/swagger.yaml
azure.com/datamigration/2017-11-15-preview/swagger.yaml,d_dedup,superseded_by:azure.com/datamigration/2018-03-15-preview/swagger.yaml
azure.com/datashare-DataShare/2018-11-01-preview/swagger.yaml,d_dedup,superseded_by:azure.com/datashare-DataShare/2019-11-01/swagger.yaml
azure.com/deploymentmanager/2018-09-01-preview/swagger.yaml,d_dedup,superseded_by:azure.com/deploymentmanager/2019-11-01-preview/swagger.yaml
azure.com/deviceprovisioningservices-iotdps/2017-08-21-preview/swagger.yaml,d_dedup,superseded_by:azure.com/deviceprovisioningservices-iotdps/2017-11-15/swagger.yaml
azure.com/deviceprovisioningservices-iotdps/2017-11-15/swagger.yaml,d_dedup,superseded_by:azure.com/deviceprovisioningservices-iotdps/2018-01-22/swagger.yaml
azure.com/devspaces/2018-06-01-preview/swagger.yaml,d_dedup,superseded_by:azure.com/devspaces/2019-01-01-preview/swagger.yaml
azure.com/devspaces/2019-01-01-preview/swagger.yaml,d_dedup,superseded_by:azure.com/devspaces/2019-04-01/swagger.yaml
azure.com/devtestlabs-DTL/2015-05-21-preview/swagger.yaml,d_dedup,superseded_by:azure.com/devtestlabs-DTL/2016-05-15/swagger.yaml
azure.com/devtestlabs-DTL/2016-05-15/swagger.yaml,d_dedup,superseded_by:azure.com/devtestlabs-DTL/2018-09-15/swagger.yaml
azure.com/dns/2015-05-04-preview/swagger.yaml,d_dedup,superseded_by:azure.com/dns/2016-04-01/swagger.yaml
azure.com/dns/2016-04-01/swagger.yaml,d_dedup,superseded_by:azure.com/dns/2017-09-01/swagger.yaml
azure.com/dns/2017-09-01/swagger.yaml,d_dedup,superseded_by:azure.com/dns/2017-10-01/swagger.yaml
azure.com/dns/2017-10-01/swagger.yaml,d_dedup,superseded_by:azure.com/dns/2018-03-01-preview/swagger.yaml
azure.com/dns/2018-03-01-preview/swagger.yaml,d_dedup,superseded_by:azure.com/dns/2018-05-01/swagger.yaml
azure.com/domainservices/2017-01-01/swagger.yaml,d_dedup,superseded_by:azure.com/domainservices/2017-06-01/swagger.yaml
azure.com/domainservices/2017-06-01/swagger.yaml,d_dedup,superseded_by:azure.com/domainservices/2020-01-01/swagger.yaml
azure.com/dynamicstelemetry/2019-01-24/swagger.yaml,c_min_ops,only_1_ops
azure.com/edgegateway/2019-03-01/swagger.yaml,d_dedup,duplicate_of:azure.com/databoxedge/2019-08-01/swagger.yaml
azure.com/eventgrid-EventGrid/2017-06-15-preview/swagger.yaml,d_dedup,superseded_by:azure.com/eventgrid-EventGrid/2017-09-15-preview/swagger.yaml
azure.com/eventgrid-EventGrid/2018-01-01/swagger.yaml,c_min_ops,only_1_ops
azure.com/eventgrid-EventGrid/2017-09-15-preview/swagger.yaml,d_dedup,superseded_by:azure.com/eventgrid-EventGrid/2018-05-01-preview/swagger.yaml
azure.com/eventgrid-EventGrid/2018-05-01-preview/swagger.yaml,d_dedup,superseded_by:azure.com/eventgrid-EventGrid/2018-09-15-preview/swagger.yaml
azure.com/eventgrid-EventGrid/2018-09-15-preview/swagger.yaml,d_dedup,superseded_by:azure.com/eventgrid-EventGrid/2019-01-01/swagger.yaml
azure.com/eventgrid-EventGrid/2019-01-01/swagger.yaml,d_dedup,superseded_by:azure.com/eventgrid-EventGrid/2019-02-01-preview/swagger.yaml
azure.com/eventgrid-EventGrid/2019-02-01-preview/swagger.yaml,d_dedup,superseded_by:azure.com/eventgrid-EventGrid/2019-06-01/swagger.yaml
azure.com/eventgrid-EventGrid/2019-06-01/swagger.yaml,d_dedup,superseded_by:azure.com/eventgrid-EventGrid/2020-01-01-preview/swagger.yaml
azure.com/eventgrid-EventGrid/2020-01-01-preview/swagger.yaml,d_dedup,superseded_by:azure.com/eventgrid-EventGrid/2020-04-01-preview/swagger.yaml
azure.com/eventhub-EventHub/2014-09-01/swagger.yaml,d_dedup,superseded_by:azure.com/eventhub-EventHub/2015-08-01/swagger.yaml
azure.com/eventhub-EventHub/2015-08-01/swagger.yaml,d_dedup,superseded_by:azure.com/eventhub-EventHub/2017-04-01/swagger.yaml
azure.com/frontdoor-webapplicationfirewall/2018-08-01/swagger.yaml,d_dedup,superseded_by:azure.com/frontdoor-webapplicationfirewall/2019-03-01/swagger.yaml
azure.com/frontdoor-webapplicationfirewall/2019-03-01/swagger.yaml,d_dedup,superseded_by:azure.com/frontdoor-webapplicationfirewall/2019-10-01/swagger.yaml
azure.com/frontdoor/2018-08-01/swagger.yaml,d_dedup,superseded_by:azure.com/frontdoor/2019-04-01/swagger.yaml
azure.com/frontdoor/2019-04-01/swagger.yaml,d_dedup,superseded_by:azure.com/frontdoor/2019-05-01/swagger.yaml
azure.com/frontdoor/2019-05-01/swagger.yaml,d_dedup,superseded_by:azure.com/frontdoor/2020-01-01/swagger.yaml
azure.com/guestconfiguration-guestconfiguration_NotImplemented/2018-06-30-preview/swagger.yaml,c_min_ops,only_1_ops
azure.com/guestconfiguration/2018-01-20-preview/swagger.yaml,d_dedup,superseded_by:azure.com/guestconfiguration/2018-06-30-preview/swagger.yaml
azure.com/guestconfiguration/2018-06-30-preview/swagger.yaml,d_dedup,superseded_by:azure.com/guestconfiguration/2018-11-20/swagger.yaml
azure.com/hdinsight-applications/2015-03-01-preview/swagger.yaml,d_dedup,superseded_by:azure.com/hdinsight-applications/2018-06-01-preview/swagger.yaml
azure.com/hdinsight-capabilities/2015-03-01-preview/swagger.yaml,c_min_ops,only_1_ops
azure.com/hdinsight-cluster/2015-03-01-preview/swagger.yaml,d_dedup,duplicate_of:azure.com/hdinsight-applications/2018-06-01-preview/swagger.yaml
azure.com/hdinsight-cluster/2018-06-01-preview/swagger.yaml,d_dedup,duplicate_of:azure.com/hdinsight-applications/2018-06-01-preview/swagger.yaml
azure.com/hdinsight-configurations/2015-03-01-preview/swagger.yaml,d_dedup,duplicate_of:azure.com/hdinsight-applications/2018-06-01-preview/swagger.yaml
azure.com/hdinsight-configurations/2018-06-01-preview/swagger.yaml,d_dedup,duplicate_of:azure.com/hdinsight-applications/2018-06-01-preview/swagger.yaml
azure.com/hdinsight-extensions/2015-03-01-preview/swagger.yaml,d_dedup,duplicate_of:azure.com/hdinsight-applications/2018-06-01-preview/swagger.yaml
azure.com/hdinsight-extensions/2018-06-01-preview/swagger.yaml,d_dedup,duplicate_of:azure.com/hdinsight-applications/2018-06-01-preview/swagger.yaml
azure.com/hdinsight-locations/2015-03-01-preview/swagger.yaml,d_dedup,duplicate_of:azure.com/hdinsight-applications/2018-06-01-preview/swagger.yaml
azure.com/hdinsight-locations/2018-06-01-preview/swagger.yaml,d_dedup,duplicate_of:azure.com/hdinsight-applications/2018-06-01-preview/swagger.yaml
azure.com/hdinsight-operations/2015-03-01-preview/swagger.yaml,c_min_ops,only_1_ops
azure.com/hdinsight-operations/2018-06-01-preview/swagger.yaml,c_min_ops,only_1_ops
azure.com/hdinsight-scriptActions/2015-03-01-preview/swagger.yaml,d_dedup,duplicate_of:azure.com/hdinsight-applications/2018-06-01-preview/swagger.yaml
azure.com/hdinsight-scriptActions/2018-06-01-preview/swagger.yaml,d_dedup,duplicate_of:azure.com/hdinsight-applications/2018-06-01-preview/swagger.yaml
azure.com/healthcareapis-healthcare-apis/2018-08-20-preview/swagger.yaml,d_dedup,superseded_by:azure.com/healthcareapis-healthcare-apis/2019-09-16/swagger.yaml
azure.com/hybridcompute-HybridCompute/2019-03-18-preview/swagger.yaml,d_dedup,superseded_by:azure.com/hybridcompute-HybridCompute/2019-08-02-preview/swagger.yaml
azure.com/hybridcompute-HybridCompute/2019-08-02-preview/swagger.yaml,d_dedup,superseded_by:azure.com/hybridcompute-HybridCompute/2019-12-12/swagger.yaml
azure.com/imagebuilder/2018-02-01-preview/swagger.yaml,d_dedup,superseded_by:azure.com/imagebuilder/2019-02-01-preview/swagger.yaml
azure.com/imagebuilder/2019-02-01-preview/swagger.yaml,d_dedup,superseded_by:azure.com/imagebuilder/2019-05-01-preview/swagger.yaml
azure.com/imds/2018-10-01/swagger.yaml,d_dedup,superseded_by:azure.com/imds/2019-02-01/swagger.yaml
azure.com/imds/2019-02-01/swagger.yaml,d_dedup,superseded_by:azure.com/imds/2019-03-11/swagger.yaml
azure.com/imds/2019-03-11/swagger.yaml,d_dedup,superseded_by:azure.com/imds/2019-04-30/swagger.yaml
azure.com/imds/2019-04-30/swagger.yaml,d_dedup,superseded_by:azure.com/imds/2019-06-01/swagger.yaml
azure.com/imds/2019-06-01/swagger.yaml,d_dedup,superseded_by:azure.com/imds/2019-06-04/swagger.yaml
azure.com/imds/2019-06-04/swagger.yaml,d_dedup,superseded_by:azure.com/imds/2019-08-01/swagger.yaml
azure.com/imds/2019-08-01/swagger.yaml,d_dedup,superseded_by:azure.com/imds/2019-08-15/swagger.yaml
azure.com/imds/2019-08-15/swagger.yaml,d_dedup,superseded_by:azure.com/imds/2019-11-01/swagger.yaml
azure.com/intune/2015-01-14-privatepreview/swagger.yaml,d_dedup,duplicate_of:azure.com/intune/2015-01-14-preview/swagger.yaml
azure.com/iotcentral/2017-07-01-privatepreview/swagger.yaml,d_dedup,superseded_by:azure.com/iotcentral/2018-09-01/swagger.yaml
azure.com/iothub/2016-02-03/swagger.yaml,d_dedup,superseded_by:azure.com/iothub/2017-01-19/swagger.yaml
azure.com/iothub/2017-01-19/swagger.yaml,d_dedup,superseded_by:azure.com/iothub/2017-07-01/swagger.yaml
azure.com/iothub/2017-07-01/swagger.yaml,d_dedup,superseded_by:azure.com/iothub/2018-01-22/swagger.yaml
azure.com/iothub/2018-01-22/swagger.yaml,d_dedup,superseded_by:azure.com/iothub/2018-04-01/swagger.yaml
azure.com/iothub/2018-04-01/swagger.yaml,d_dedup,superseded_by:azure.com/iothub/2018-12-01-preview/swagger.yaml
azure.com/iothub/2018-12-01-preview/swagger.yaml,d_dedup,superseded_by:azure.com/iothub/2019-03-22-preview/swagger.yaml
azure.com/iothub/2019-03-22/swagger.yaml,d_dedup,duplicate_of:azure.com/iothub/2019-03-22-preview/swagger.yaml
azure.com/iothub/2019-03-22-preview/swagger.yaml,d_dedup,superseded_by:azure.com/iothub/2019-07-01-preview/swagger.yaml
azure.com/iothub/2019-07-01-preview/swagger.yaml,d_dedup,superseded_by:azure.com/iothub/2019-11-04/swagger.yaml
azure.com/keyvault-providers/2016-10-01/swagger.yaml,c_min_ops,only_1_ops
azure.com/keyvault-providers/2018-02-14-preview/swagger.yaml,c_min_ops,only_1_ops
azure.com/keyvault-providers/2018-02-14/swagger.yaml,c_min_ops,only_1_ops
azure.com/keyvault-providers/2019-09-01/swagger.yaml,c_min_ops,only_1_ops
azure.com/keyvault-secrets/2016-10-01/swagger.yaml,d_dedup,superseded_by:azure.com/keyvault-secrets/2018-02-14-preview/swagger.yaml
azure.com/keyvault-secrets/2018-02-14/swagger.yaml,d_dedup,duplicate_of:azure.com/keyvault-secrets/2018-02-14-preview/swagger.yaml
azure.com/keyvault-secrets/2018-02-14-preview/swagger.yaml,d_dedup,superseded_by:azure.com/keyvault-secrets/2019-09-01/swagger.yaml
azure.com/keyvault/2015-06-01/swagger.yaml,d_dedup,duplicate_of:azure.com/keyvault-secrets/2019-09-01/swagger.yaml
azure.com/keyvault/2016-10-01/swagger.yaml,d_dedup,duplicate_of:azure.com/keyvault-secrets/2019-09-01/swagger.yaml
azure.com/keyvault/2018-02-14-preview/swagger.yaml,d_dedup,duplicate_of:azure.com/keyvault-secrets/2019-09-01/swagger.yaml
azure.com/keyvault/2018-02-14/swagger.yaml,d_dedup,duplicate_of:azure.com/keyvault-secrets/2019-09-01/swagger.yaml
azure.com/keyvault/2019-09-01/swagger.yaml,d_dedup,duplicate_of:azure.com/keyvault-secrets/2019-09-01/swagger.yaml
azure.com/keyvault/7.0/swagger.yaml,d_dedup,duplicate_of:azure.com/keyvault/7.0-preview/swagger.yaml
azure.com/logic/2015-02-01-preview/swagger.yaml,d_dedup,superseded_by:azure.com/logic/2015-08-01-preview/swagger.yaml
azure.com/logic/2015-08-01-preview/swagger.yaml,d_dedup,superseded_by:azure.com/logic/2016-06-01/swagger.yaml
azure.com/logic/2016-06-01/swagger.yaml,d_dedup,superseded_by:azure.com/logic/2018-07-01-preview/swagger.yaml
azure.com/logic/2018-07-01-preview/swagger.yaml,d_dedup,superseded_by:azure.com/logic/2019-05-01/swagger.yaml
azure.com/machinelearning-webservices/2016-05-01-preview/swagger.yaml,d_dedup,superseded_by:azure.com/machinelearning-webservices/2017-01-01/swagger.yaml
azure.com/machinelearning-workspaces/2016-04-01/swagger.yaml,d_dedup,superseded_by:azure.com/machinelearning-workspaces/2019-10-01/swagger.yaml
azure.com/machinelearningservices-artifact/2019-08-01/swagger.yaml,d_dedup,superseded_by:azure.com/machinelearningservices-artifact/2019-09-30/swagger.yaml
azure.com/machinelearningservices-datastore/2019-08-01/swagger.yaml,d_dedup,superseded_by:azure.com/machinelearningservices-datastore/2019-09-30/swagger.yaml
azure.com/machinelearningservices-execution/2019-08-01/swagger.yaml,d_dedup,superseded_by:azure.com/machinelearningservices-execution/2019-09-30/swagger.yaml
azure.com/machinelearningservices-hyperdrive/2019-08-01/swagger.yaml,c_min_ops,only_2_ops
azure.com/machinelearningservices-hyperdrive/2019-09-30/swagger.yaml,c_min_ops,only_2_ops
azure.com/machinelearningservices-machineLearningServices/2018-03-01-preview/swagger.yaml,d_dedup,superseded_by:azure.com/machinelearningservices-machineLearningServices/2018-11-19/swagger.yaml
azure.com/machinelearningservices-machineLearningServices/2018-11-19/swagger.yaml,d_dedup,superseded_by:azure.com/machinelearningservices-machineLearningServices/2019-05-01/swagger.yaml
azure.com/machinelearningservices-machineLearningServices/2019-05-01/swagger.yaml,d_dedup,superseded_by:azure.com/machinelearningservices-machineLearningServices/2019-06-01/swagger.yaml
azure.com/machinelearningservices-machineLearningServices/2019-06-01/swagger.yaml,d_dedup,superseded_by:azure.com/machinelearningservices-machineLearningServices/2019-11-01/swagger.yaml
azure.com/machinelearningservices-machineLearningServices/2019-11-01/swagger.yaml,d_dedup,superseded_by:azure.com/machinelearningservices-machineLearningServices/2020-01-01/swagger.yaml
azure.com/machinelearningservices-modelManagement/2019-08-01/swagger.yaml,d_dedup,superseded_by:azure.com/machinelearningservices-modelManagement/2019-09-30/swagger.yaml
azure.com/machinelearningservices-runHistory/2019-08-01/swagger.yaml,d_dedup,superseded_by:azure.com/machinelearningservices-runHistory/2019-09-30/swagger.yaml
azure.com/managedservices/2018-06-01-preview/swagger.yaml,d_dedup,superseded_by:azure.com/managedservices/2019-04-01-preview/swagger.yaml
azure.com/managedservices/2019-04-01-preview/swagger.yaml,d_dedup,superseded_by:azure.com/managedservices/2019-06-01/swagger.yaml
azure.com/managedservices/2019-06-01/swagger.yaml,d_dedup,superseded_by:azure.com/managedservices/2019-09-01/swagger.yaml
azure.com/managementgroups-management/2017-08-31-preview/swagger.yaml,d_dedup,superseded_by:azure.com/managementgroups-management/2017-11-01-preview/swagger.yaml
azure.com/managementgroups-management/2017-11-01-preview/swagger.yaml,d_dedup,superseded_by:azure.com/managementgroups-management/2018-01-01-preview/swagger.yaml
azure.com/managementgroups-management/2018-01-01-preview/swagger.yaml,d_dedup,superseded_by:azure.com/managementgroups-management/2018-03-01-preview/swagger.yaml
azure.com/managementgroups-management/2018-03-01-preview/swagger.yaml,d_dedup,superseded_by:azure.com/managementgroups-management/2019-11-01/swagger.yaml
azure.com/maps-maps-management/2017-01-01-preview/swagger.yaml,d_dedup,superseded_by:azure.com/maps-maps-management/2018-05-01/swagger.yaml
azure.com/maps-maps-management/2018-05-01/swagger.yaml,d_dedup,superseded_by:azure.com/maps-maps-management/2020-02-01-preview/swagger.yaml
azure.com/mariadb-PerformanceRecommendations/2018-06-01/swagger.yaml,d_dedup,duplicate_of:azure.com/mariadb-DataEncryptionKeys/2020-01-01-privatepreview/swagger.yaml
azure.com/mariadb-PrivateEndpointConnections/2018-06-01-privatepreview/swagger.yaml,d_dedup,duplicate_of:azure.com/mariadb-DataEncryptionKeys/2020-01-01-privatepreview/swagger.yaml
azure.com/mariadb-PrivateEndpointConnections/2018-06-01/swagger.yaml,d_dedup,duplicate_of:azure.com/mariadb-DataEncryptionKeys/2020-01-01-privatepreview/swagger.yaml
azure.com/mariadb-PrivateLinkResources/2018-06-01-privatepreview/swagger.yaml,c_min_ops,only_2_ops
azure.com/mariadb-PrivateLinkResources/2018-06-01/swagger.yaml,c_min_ops,only_2_ops
azure.com/mariadb-QueryPerformanceInsights/2018-06-01/swagger.yaml,d_dedup,duplicate_of:azure.com/mariadb-DataEncryptionKeys/2020-01-01-privatepreview/swagger.yaml
azure.com/mariadb/2018-06-01-preview/swagger.yaml,d_dedup,duplicate_of:azure.com/mariadb-DataEncryptionKeys/2020-01-01-privatepreview/swagger.yaml
azure.com/mariadb/2018-06-01/swagger.yaml,d_dedup,duplicate_of:azure.com/mariadb-DataEncryptionKeys/2020-01-01-privatepreview/swagger.yaml
azure.com/marketplace-Marketplace/2019-12-01/swagger.yaml,c_min_ops,only_2_ops
azure.com/mediaservices-Accounts/2018-06-01-preview/swagger.yaml,d_dedup,duplicate_of:azure.com/mediaservices-AccountFilters/2018-07-01/swagger.yaml
azure.com/mediaservices-Accounts/2018-07-01/swagger.yaml,d_dedup,duplicate_of:azure.com/mediaservices-AccountFilters/2018-07-01/swagger.yaml
azure.com/mediaservices-Assets/2018-03-30-preview/swagger.yaml,d_dedup,duplicate_of:azure.com/mediaservices-Accounts/2018-03-30-preview/swagger.yaml
azure.com/mediaservices-Assets/2018-06-01-preview/swagger.yaml,d_dedup,duplicate_of:azure.com/mediaservices-AccountFilters/2018-07-01/swagger.yaml
azure.com/mediaservices-AssetsAndAssetFilters/2018-07-01/swagger.yaml,d_dedup,duplicate_of:azure.com/mediaservices-AccountFilters/2018-07-01/swagger.yaml
azure.com/mediaservices-ContentKeyPolicies/2018-03-30-preview/swagger.yaml,d_dedup,duplicate_of:azure.com/mediaservices-Accounts/2018-03-30-preview/swagger.yaml
azure.com/mediaservices-ContentKeyPolicies/2018-06-01-preview/swagger.yaml,d_dedup,duplicate_of:azure.com/mediaservices-AccountFilters/2018-07-01/swagger.yaml
azure.com/mediaservices-ContentKeyPolicies/2018-07-01/swagger.yaml,d_dedup,duplicate_of:azure.com/mediaservices-AccountFilters/2018-07-01/swagger.yaml
azure.com/mediaservices-Encoding/2018-03-30-preview/swagger.yaml,d_dedup,duplicate_of:azure.com/mediaservices-Accounts/2018-03-30-preview/swagger.yaml
azure.com/mediaservices-Encoding/2018-06-01-preview/swagger.yaml,d_dedup,duplicate_of:azure.com/mediaservices-AccountFilters/2018-07-01/swagger.yaml
azure.com/mediaservices-Encoding/2018-07-01/swagger.yaml,d_dedup,duplicate_of:azure.com/mediaservices-AccountFilters/2018-07-01/swagger.yaml
azure.com/mediaservices-AccountFilters/2018-07-01/swagger.yaml,d_dedup,superseded_by:azure.com/mediaservices-MediaGraphs/2019-09-01-preview/swagger.yaml
azure.com/mediaservices-StreamingPoliciesAndStreamingLocators/2018-03-30-preview/swagger.yaml,d_dedup,duplicate_of:azure.com/mediaservices-Accounts/2018-03-30-preview/swagger.yaml
azure.com/mediaservices-StreamingPoliciesAndStreamingLocators/2018-06-01-preview/swagger.yaml,d_dedup,duplicate_of:azure.com/mediaservices-MediaGraphs/2019-09-01-preview/swagger.yaml
azure.com/mediaservices-StreamingPoliciesAndStreamingLocators/2018-07-01/swagger.yaml,d_dedup,duplicate_of:azure.com/mediaservices-MediaGraphs/2019-09-01-preview/swagger.yaml
azure.com/mediaservices-streamingservice/2018-03-30-preview/swagger.yaml,d_dedup,duplicate_of:azure.com/mediaservices-MediaGraphs/2019-09-01-preview/swagger.yaml
azure.com/mediaservices-streamingservice/2018-06-01-preview/swagger.yaml,d_dedup,duplicate_of:azure.com/mediaservices-MediaGraphs/2019-09-01-preview/swagger.yaml
azure.com/mediaservices-streamingservice/2018-07-01/swagger.yaml,d_dedup,duplicate_of:azure.com/mediaservices-MediaGraphs/2019-09-01-preview/swagger.yaml
azure.com/mediaservices-streamingservice/2019-05-01-preview/swagger.yaml,d_dedup,duplicate_of:azure.com/mediaservices-MediaGraphs/2019-09-01-preview/swagger.yaml
azure.com/migrate/2017-11-11-preview/swagger.yaml,d_dedup,superseded_by:azure.com/migrate/2018-02-02/swagger.yaml
azure.com/mixedreality-proxy/2019-12-02-preview/swagger.yaml,c_min_ops,only_2_ops
azure.com/mixedreality-spatial-anchors/2019-12-02-preview/swagger.yaml,d_dedup,duplicate_of:azure.com/mixedreality-remote-rendering/2019-12-02-preview/swagger.yaml
azure.com/mixedreality/2019-02-28-preview/swagger.yaml,d_dedup,duplicate_of:azure.com/mixedreality-remote-rendering/2019-12-02-preview/swagger.yaml
azure.com/monitor-actionGroups_API/2017-04-01/swagger.yaml,d_dedup,superseded_by:azure.com/monitor-actionGroups_API/2018-03-01/swagger.yaml
azure.com/monitor-actionGroups_API/2018-03-01/swagger.yaml,d_dedup,superseded_by:azure.com/monitor-actionGroups_API/2018-09-01/swagger.yaml
azure.com/monitor-actionGroups_API/2018-09-01/swagger.yaml,d_dedup,superseded_by:azure.com/monitor-actionGroups_API/2019-03-01/swagger.yaml
azure.com/monitor-actionGroups_API/2019-03-01/swagger.yaml,d_dedup,superseded_by:azure.com/monitor-actionGroups_API/2019-06-01/swagger.yaml
azure.com/monitor-activityLogAlerts_API/2017-03-01-preview/swagger.yaml,d_dedup,superseded_by:azure.com/monitor-activityLogAlerts_API/2017-04-01/swagger.yaml
azure.com/monitor-activityLogs_API/2015-04-01/swagger.yaml,c_min_ops,only_1_ops
azure.com/monitor-alertRulesIncidents_API/2016-03-01/swagger.yaml,c_min_ops,only_2_ops
azure.com/monitor-autoscale_API/2015-04-01/swagger.yaml,d_dedup,duplicate_of:azure.com/monitor-alertRules_API/2016-03-01/swagger.yaml
azure.com/monitor-baseline_API/2017-11-01-preview/swagger.yaml,c_min_ops,only_1_ops
azure.com/monitor-baseline_API/2018-09-01/swagger.yaml,c_min_ops,only_2_ops
azure.com/monitor-calculateBaseline_API/2017-11-01-preview/swagger.yaml,c_min_ops,only_1_ops
azure.com/monitor-calculateBaseline_API/2018-09-01/swagger.yaml,c_min_ops,only_1_ops
azure.com/monitor-diagnosticsSettingsCategories_API/2017-05-01-preview/swagger.yaml,c_min_ops,only_2_ops
azure.com/monitor-alertRules_API/2016-03-01/swagger.yaml,d_dedup,superseded_by:azure.com/monitor-diagnosticsSettings_API/2017-05-01-preview/swagger.yaml
azure.com/monitor-eventCategories_API/2015-04-01/swagger.yaml,c_min_ops,only_1_ops
azure.com/monitor-logProfiles_API/2016-03-01/swagger.yaml,d_dedup,duplicate_of:azure.com/monitor-diagnosticsSettings_API/2017-05-01-preview/swagger.yaml
azure.com/monitor-diagnosticsSettings_API/2017-05-01-preview/swagger.yaml,d_dedup,superseded_by:azure.com/monitor-metricAlert_API/2018-03-01/swagger.yaml
azure.com/monitor-metricBaselines_API/2019-03-01/swagger.yaml,c_min_ops,only_1_ops
azure.com/monitor-metricDefinitions_API/2016-03-01/swagger.yaml,c_min_ops,only_1_ops
azure.com/monitor-metricDefinitions_API/2017-05-01-preview/swagger.yaml,c_min_ops,only_1_ops
azure.com/monitor-metricDefinitions_API/2018-01-01/swagger.yaml,c_min_ops,only_1_ops
azure.com/monitor-metricNamespaces_API/2017-12-01-preview/swagger.yaml,c_min_ops,only_1_ops
azure.com/monitor-metricsCreate_API/2018-09-01-preview/swagger.yaml,c_min_ops,only_1_ops
azure.com/monitor-metrics_API/2016-09-01/swagger.yaml,c_min_ops,only_1_ops
azure.com/monitor-metrics_API/2017-05-01-preview/swagger.yaml,c_min_ops,only_1_ops
azure.com/monitor-metrics_API/2018-01-01/swagger.yaml,c_min_ops,only_1_ops
azure.com/monitor-operations_API/2015-04-01/swagger.yaml,c_min_ops,only_1_ops
azure.com/monitor-serviceDiagnosticsSettings_API/2015-07-01/swagger.yaml,c_min_ops,only_2_ops
azure.com/monitor-serviceDiagnosticsSettings_API/2016-09-01/swagger.yaml,d_dedup,duplicate_of:azure.com/monitor-metricAlert_API/2018-03-01/swagger.yaml
azure.com/monitor-subscriptionDiagnosticsSettings_API/2017-05-01-preview/swagger.yaml,d_dedup,duplicate_of:azure.com/monitor-metricAlert_API/2018-03-01/swagger.yaml
azure.com/monitor-tenantActivityLogs_API/2015-04-01/swagger.yaml,c_min_ops,only_1_ops
azure.com/monitor-vmInsightsOnboarding_API/2018-11-27-preview/swagger.yaml,c_min_ops,only_1_ops
azure.com/msi-ManagedIdentity/2015-08-31-preview/swagger.yaml,d_dedup,superseded_by:azure.com/msi-ManagedIdentity/2018-11-30/swagger.yaml
azure.com/mysql-PerformanceRecommendations/2018-06-01/swagger.yaml,d_dedup,duplicate_of:azure.com/mysql-DataEncryptionKeys/2020-01-01-privatepreview/swagger.yaml
azure.com/mysql-PrivateEndpointConnections/2018-06-01-privatepreview/swagger.yaml,d_dedup,duplicate_of:azure.com/mysql-DataEncryptionKeys/2020-01-01-privatepreview/swagger.yaml
azure.com/mysql-PrivateEndpointConnections/2018-06-01/swagger.yaml,d_dedup,duplicate_of:azure.com/mysql-DataEncryptionKeys/2020-01-01-privatepreview/swagger.yaml
azure.com/mysql-PrivateLinkResources/2018-06-01-privatepreview/swagger.yaml,c_min_ops,only_2_ops
azure.com/mysql-PrivateLinkResources/2018-06-01/swagger.yaml,c_min_ops,only_2_ops
azure.com/mysql-QueryPerformanceInsights/2018-06-01/swagger.yaml,d_dedup,duplicate_of:azure.com/mysql-DataEncryptionKeys/2020-01-01-privatepreview/swagger.yaml
azure.com/mysql/2017-04-30-preview/swagger.yaml,d_dedup,duplicate_of:azure.com/mysql-DataEncryptionKeys/2020-01-01-privatepreview/swagger.yaml
azure.com/mysql/2017-12-01-preview/swagger.yaml,d_dedup,duplicate_of:azure.com/mysql-DataEncryptionKeys/2020-01-01-privatepreview/swagger.yaml
azure.com/mysql/2017-12-01/swagger.yaml,d_dedup,duplicate_of:azure.com/mysql-DataEncryptionKeys/2020-01-01-privatepreview/swagger.yaml
azure.com/netapp/2017-08-15/swagger.yaml,d_dedup,superseded_by:azure.com/netapp/2019-05-01/swagger.yaml
azure.com/netapp/2019-05-01/swagger.yaml,d_dedup,superseded_by:azure.com/netapp/2019-06-01/swagger.yaml
azure.com/netapp/2019-06-01/swagger.yaml,d_dedup,superseded_by:azure.com/netapp/2019-07-01/swagger.yaml
azure.com/netapp/2019-07-01/swagger.yaml,d_dedup,superseded_by:azure.com/netapp/2019-08-01/swagger.yaml
azure.com/netapp/2019-08-01/swagger.yaml,d_dedup,superseded_by:azure.com/netapp/2019-10-01/swagger.yaml
azure.com/netapp/2019-10-01/swagger.yaml,d_dedup,superseded_by:azure.com/netapp/2019-11-01/swagger.yaml
azure.com/network-applicationGateway/2015-06-15/swagger.yaml,d_dedup,superseded_by:azure.com/network-applicationGateway/2016-09-01/swagger.yaml
azure.com/network-applicationGateway/2016-09-01/swagger.yaml,d_dedup,superseded_by:azure.com/network-applicationGateway/2016-12-01/swagger.yaml
azure.com/network-applicationGateway/2016-12-01/swagger.yaml,d_dedup,superseded_by:azure.com/network-applicationGateway/2017-03-01/swagger.yaml
azure.com/network-applicationGateway/2017-03-01/swagger.yaml,d_dedup,superseded_by:azure.com/network-applicationGateway/2017-06-01/swagger.yaml
azure.com/network-applicationGateway/2017-06-01/swagger.yaml,d_dedup,superseded_by:azure.com/network-applicationGateway/2017-08-01/swagger.yaml
azure.com/network-applicationGateway/2017-08-01/swagger.yaml,d_dedup,superseded_by:azure.com/network-applicationGateway/2017-09-01/swagger.yaml
azure.com/network-applicationGateway/2017-09-01/swagger.yaml,d_dedup,superseded_by:azure.com/network-applicationGateway/2017-10-01/swagger.yaml
azure.com/network-applicationGateway/2017-10-01/swagger.yaml,d_dedup,superseded_by:azure.com/network-applicationGateway/2017-11-01/swagger.yaml
azure.com/network-applicationGateway/2017-11-01/swagger.yaml,d_dedup,superseded_by:azure.com/network-applicationGateway/2018-01-01/swagger.yaml
azure.com/network-applicationGateway/2018-01-01/swagger.yaml,d_dedup,superseded_by:azure.com/network-applicationGateway/2018-02-01/swagger.yaml
azure.com/network-applicationGateway/2018-02-01/swagger.yaml,d_dedup,superseded_by:azure.com/network-applicationGateway/2018-04-01/swagger.yaml
azure.com/network-applicationGateway/2018-04-01/swagger.yaml,d_dedup,superseded_by:azure.com/network-applicationGateway/2018-06-01/swagger.yaml
azure.com/network-applicationGateway/2018-06-01/swagger.yaml,d_dedup,superseded_by:azure.com/network-applicationGateway/2018-07-01/swagger.yaml
azure.com/network-applicationGateway/2018-07-01/swagger.yaml,d_dedup,superseded_by:azure.com/network-applicationGateway/2018-08-01/swagger.yaml
azure.com/network-applicationGateway/2018-08-01/swagger.yaml,d_dedup,superseded_by:azure.com/network-applicationGateway/2018-10-01/swagger.yaml
azure.com/network-applicationGateway/2018-10-01/swagger.yaml,d_dedup,superseded_by:azure.com/network-applicationGateway/2018-11-01/swagger.yaml
azure.com/network-applicationGateway/2018-11-01/swagger.yaml,d_dedup,superseded_by:azure.com/network-applicationGateway/2018-12-01/swagger.yaml
azure.com/network-applicationGateway/2018-12-01/swagger.yaml,d_dedup,superseded_by:azure.com/network-applicationGateway/2019-02-01/swagger.yaml
azure.com/network-applicationGateway/2019-02-01/swagger.yaml,d_dedup,superseded_by:azure.com/network-applicationGateway/2019-04-01/swagger.yaml
azure.com/network-applicationGateway/2019-04-01/swagger.yaml,d_dedup,superseded_by:azure.com/network-applicationGateway/2019-06-01/swagger.yaml
azure.com/network-applicationGateway/2019-06-01/swagger.yaml,d_dedup,superseded_by:azure.com/network-applicationGateway/2019-07-01/swagger.yaml
azure.com/network-applicationGateway/2019-07-01/swagger.yaml,d_dedup,superseded_by:azure.com/network-applicationGateway/2019-08-01/swagger.yaml
azure.com/network-applicationSecurityGroup/2017-09-01/swagger.yaml,d_dedup,duplicate_of:azure.com/network-applicationGateway/2019-08-01/swagger.yaml
azure.com/network-applicationSecurityGroup/2017-10-01/swagger.yaml,d_dedup,duplicate_of:azure.com/network-applicationGateway/2019-08-01/swagger.yaml
azure.com/network-applicationSecurityGroup/2017-11-01/swagger.yaml,d_dedup,duplicate_of:azure.com/network-applicationGateway/2019-08-01/swagger.yaml
azure.com/network-applicationSecurityGroup/2018-01-01/swagger.yaml,d_dedup,duplicate_of:azure.com/network-applicationGateway/2019-08-01/swagger.yaml
azure.com/network-applicationSecurityGroup/2018-02-01/swagger.yaml,d_dedup,duplicate_of:azure.com/network-applicationGateway/2019-08-01/swagger.yaml
azure.com/network-applicationSecurityGroup/2018-04-01/swagger.yaml,d_dedup,duplicate_of:azure.com/network-applicationGateway/2019-08-01/swagger.yaml
azure.com/network-applicationSecurityGroup/2018-06-01/swagger.yaml,d_dedup,duplicate_of:azure.com/network-applicationGateway/2019-08-01/swagger.yaml
azure.com/network-applicationSecurityGroup/2018-07-01/swagger.yaml,d_dedup,duplicate_of:azure.com/network-applicationGateway/2019-08-01/swagger.yaml
azure.com/network-applicationSecurityGroup/2018-08-01/swagger.yaml,d_dedup,duplicate_of:azure.com/network-applicationGateway/2019-08-01/swagger.yaml
azure.com/network-applicationSecurityGroup/2018-10-01/swagger.yaml,d_dedup,duplicate_of:azure.com/network-applicationGateway/2019-08-01/swagger.yaml
azure.com/network-applicationSecurityGroup/2018-11-01/swagger.yaml,d_dedup,duplicate_of:azure.com/network-applicationGateway/2019-08-01/swagger.yaml
azure.com/network-applicationSecurityGroup/2018-12-01/swagger.yaml,d_dedup,duplicate_of:azure.com/network-applicationGateway/2019-08-01/swagger.yaml
azure.com/network-applicationSecurityGroup/2019-02-01/swagger.yaml,d_dedup,duplicate_of:azure.com/network-applicationGateway/2019-08-01/swagger.yaml
azure.com/network-applicationSecurityGroup/2019-04-01/swagger.yaml,d_dedup,duplicate_of:azure.com/network-applicationGateway/2019-08-01/swagger.yaml
azure.com/network-applicationSecurityGroup/2019-06-01/swagger.yaml,d_dedup,duplicate_of:azure.com/network-applicationGateway/2019-08-01/swagger.yaml
azure.com/network-applicationSecurityGroup/2019-07-01/swagger.yaml,d_dedup,duplicate_of:azure.com/network-applicationGateway/2019-08-01/swagger.yaml
azure.com/network-applicationSecurityGroup/2019-08-01/swagger.yaml,d_dedup,duplicate_of:azure.com/network-applicationGateway/2019-08-01/swagger.yaml
azure.com/network-availableDelegations/2018-08-01/swagger.yaml,c_min_ops,only_2_ops
azure.com/network-availableDelegations/2018-10-01/swagger.yaml,c_min_ops,only_2_ops
azure.com/network-availableDelegations/2018-11-01/swagger.yaml,c_min_ops,only_2_ops
azure.com/network-availableDelegations/2018-12-01/swagger.yaml,c_min_ops,only_2_ops
azure.com/network-availableDelegations/2019-02-01/swagger.yaml,c_min_ops,only_2_ops
azure.com/network-availableDelegations/2019-04-01/swagger.yaml,c_min_ops,only_2_ops
azure.com/network-availableDelegations/2019-06-01/swagger.yaml,c_min_ops,only_2_ops
azure.com/network-availableDelegations/2019-07-01/swagger.yaml,c_min_ops,only_2_ops
azure.com/network-availableDelegations/2019-08-01/swagger.yaml,c_min_ops,only_2_ops
azure.com/network-availableServiceAliases/2019-08-01/swagger.yaml,c_min_ops,only_2_ops
azure.com/network-azureFirewall/2018-04-01/swagger.yaml,d_dedup,duplicate_of:azure.com/network-applicationGateway/2019-08-01/swagger.yaml
azure.com/network-azureFirewall/2018-06-01/swagger.yaml,d_dedup,duplicate_of:azure.com/network-applicationGateway/2019-08-01/swagger.yaml
azure.com/network-azureFirewall/2018-07-01/swagger.yaml,d_dedup,duplicate_of:azure.com/network-applicationGateway/2019-08-01/swagger.yaml
azure.com/network-azureFirewall/2018-08-01/swagger.yaml,d_dedup,duplicate_of:azure.com/network-applicationGateway/2019-08-01/swagger.yaml
azure.com/network-azureFirewall/2018-10-01/swagger.yaml,d_dedup,duplicate_of:azure.com/network-applicationGateway/2019-08-01/swagger.yaml
azure.com/network-azureFirewall/2018-11-01/swagger.yaml,d_dedup,duplicate_of:azure.com/network-applicationGateway/2019-08-01/swagger.yaml
azure.com/network-azureFirewall/2018-12-01/swagger.yaml,d_dedup,duplicate_of:azure.com/network-applicationGateway/2019-08-01/swagger.yaml
azure.com/network-azureFirewall/2019-02-01/swagger.yaml,d_dedup,duplicate_of:azure.com/network-applicationGateway/2019-08-01/swagger.yaml
azure.com/network-azureFirewall/2019-04-01/swagger.yaml,d_dedup,duplicate_of:azure.com/network-applicationGateway/2019-08-01/swagger.yaml
azure.com/network-azureFirewall/2019-06-01/swagger.yaml,d_dedup,duplicate_of:azure.com/network-applicationGateway/2019-08-01/swagger.yaml
azure.com/network-azureFirewall/2019-07-01/swagger.yaml,d_dedup,duplicate_of:azure.com/network-applicationGateway/2019-08-01/swagger.yaml
azure.com/network-azureFirewall/2019-08-01/swagger.yaml,d_dedup,duplicate_of:azure.com/network-applicationGateway/2019-08-01/swagger.yaml
azure.com/network-azureFirewallFqdnTag/2018-08-01/swagger.yaml,c_min_ops,only_1_ops
azure.com/network-azureFirewallFqdnTag/2018-10-01/swagger.yaml,c_min_ops,only_1_ops
azure.com/network-azureFirewallFqdnTag/2018-11-01/swagger.yaml,c_min_ops,only_1_ops
azure.com/network-azureFirewallFqdnTag/2018-12-01/swagger.yaml,c_min_ops,only_1_ops
azure.com/network-azureFirewallFqdnTag/2019-02-01/swagger.yaml,c_min_ops,only_1_ops
azure.com/network-azureFirewallFqdnTag/2019-04-01/swagger.yaml,c_min_ops,only_1_ops
azure.com/network-azureFirewallFqdnTag/2019-06-01/swagger.yaml,c_min_ops,only_1_ops
azure.com/network-azureFirewallFqdnTag/2019-07-01/swagger.yaml,c_min_ops,only_1_ops
azure.com/network-azureFirewallFqdnTag/2019-08-01/swagger.yaml,c_min_ops,only_1_ops
azure.com/network-bastionHost/2019-04-01/swagger.yaml,d_dedup,duplicate_of:azure.com/network-applicationGateway/2019-08-01/swagger.yaml
azure.com/network-bastionHost/2019-06-01/swagger.yaml,d_dedup,duplicate_of:azure.com/network-applicationGateway/2019-08-01/swagger.yaml
azure.com/network-bastionHost/2019-07-01/swagger.yaml,d_dedup,duplicate_of:azure.com/network-applicationGateway/2019-08-01/swagger.yaml
azure.com/network-bastionHost/2019-08-01/swagger.yaml,d_dedup,duplicate_of:azure.com/network-applicationGateway/2019-08-01/swagger.yaml
azure.com/network-checkDnsAvailability/2015-06-15/swagger.yaml,c_min_ops,only_1_ops
azure.com/network-checkDnsAvailability/2016-09-01/swagger.yaml,c_min_ops,only_1_ops
azure.com/network-checkDnsAvailability/2016-12-01/swagger.yaml,c_min_ops,only_1_ops
azure.com/network-checkDnsAvailability/2017-03-01/swagger.yaml,c_min_ops,only_1_ops
azure.com/network-checkDnsAvailability/2017-06-01/swagger.yaml,c_min_ops,only_1_ops
azure.com/network-checkDnsAvailability/2017-08-01/swagger.yaml,c_min_ops,only_1_ops
azure.com/network-checkDnsAvailability/2017-09-01/swagger.yaml,c_min_ops,only_1_ops
azure.com/network-checkDnsAvailability/2017-10-01/swagger.yaml,c_min_ops,only_1_ops
azure.com/network-checkDnsAvailability/2017-11-01/swagger.yaml,c_min_ops,only_1_ops
azure.com/network-checkDnsAvailability/2018-01-01/swagger.yaml,c_min_ops,only_1_ops
azure.com/network-checkDnsAvailability/2018-02-01/swagger.yaml,c_min_ops,only_1_ops
azure.com/network-checkDnsAvailability/2018-04-01/swagger.yaml,c_min_ops,only_1_ops
azure.com/network-checkDnsAvailability/2018-06-01/swagger.yaml,c_min_ops,only_1_ops
azure.com/network-checkDnsAvailability/2018-07-01/swagger.yaml,c_min_ops,only_1_ops
azure.com/network-checkDnsAvailability/2018-08-01/swagger.yaml,c_min_ops,only_1_ops
azure.com/network-checkDnsAvailability/2018-10-01/swagger.yaml,c_min_ops,only_1_ops
azure.com/network-checkDnsAvailability/2018-11-01/swagger.yaml,c_min_ops,only_1_ops
azure.com/network-checkDnsAvailability/2018-12-01/swagger.yaml,c_min_ops,only_1_ops
azure.com/network-checkDnsAvailability/2019-02-01/swagger.yaml,c_min_ops,only_1_ops
azure.com/network-checkDnsAvailability/2019-04-01/swagger.yaml,c_min_ops,only_1_ops
azure.com/network-checkDnsAvailability/2019-06-01/swagger.yaml,c_min_ops,only_1_ops
azure.com/network-checkDnsAvailability/2019-07-01/swagger.yaml,c_min_ops,only_1_ops
azure.com/network-checkDnsAvailability/2019-08-01/swagger.yaml,c_min_ops,only_1_ops
azure.com/network-ddosCustomPolicy/2018-11-01/swagger.yaml,d_dedup,duplicate_of:azure.com/network-applicationGateway/2019-08-01/swagger.yaml
azure.com/network-ddosCustomPolicy/2018-12-01/swagger.yaml,d_dedup,duplicate_of:azure.com/network-applicationGateway/2019-08-01/swagger.yaml
azure.com/network-ddosCustomPolicy/2019-02-01/swagger.yaml,d_dedup,duplicate_of:azure.com/network-applicationGateway/2019-08-01/swagger.yaml
azure.com/network-ddosCustomPolicy/2019-04-01/swagger.yaml,d_dedup,duplicate_of:azure.com/network-applicationGateway/2019-08-01/swagger.yaml
azure.com/network-ddosCustomPolicy/2019-06-01/swagger.yaml,d_dedup,duplicate_of:azure.com/network-applicationGateway/2019-08-01/swagger.yaml
azure.com/network-ddosCustomPolicy/2019-07-01/swagger.yaml,d_dedup,duplicate_of:azure.com/network-applicationGateway/2019-08-01/swagger.yaml
azure.com/network-ddosCustomPolicy/2019-08-01/swagger.yaml,d_dedup,duplicate_of:azure.com/network-applicationGateway/2019-08-01/swagger.yaml
azure.com/network-ddosProtectionPlan/2018-02-01/swagger.yaml,d_dedup,duplicate_of:azure.com/network-applicationGateway/2019-08-01/swagger.yaml
azure.com/network-ddosProtectionPlan/2018-04-01/swagger.yaml,d_dedup,duplicate_of:azure.com/network-applicationGateway/2019-08-01/swagger.yaml
azure.com/network-ddosProtectionPlan/2018-06-01/swagger.yaml,d_dedup,duplicate_of:azure.com/network-applicationGateway/2019-08-01/swagger.yaml
azure.com/network-ddosProtectionPlan/2018-07-01/swagger.yaml,d_dedup,duplicate_of:azure.com/network-applicationGateway/2019-08-01/swagger.yaml
azure.com/network-ddosProtectionPlan/2018-08-01/swagger.yaml,d_dedup,duplicate_of:azure.com/network-applicationGateway/2019-08-01/swagger.yaml
azure.com/network-ddosProtectionPlan/2018-10-01/swagger.yaml,d_dedup,duplicate_of:azure.com/network-applicationGateway/2019-08-01/swagger.yaml
azure.com/network-ddosProtectionPlan/2018-11-01/swagger.yaml,d_dedup,duplicate_of:azure.com/network-applicationGateway/2019-08-01/swagger.yaml
azure.com/network-ddosProtectionPlan/2018-12-01/swagger.yaml,d_dedup,duplicate_of:azure.com/network-applicationGateway/2019-08-01/swagger.yaml
azure.com/network-ddosProtectionPlan/2019-02-01/swagger.yaml,d_dedup,duplicate_of:azure.com/network-applicationGateway/2019-08-01/swagger.yaml
azure.com/network-ddosProtectionPlan/2019-04-01/swagger.yaml,d_dedup,duplicate_of:azure.com/network-applicationGateway/2019-08-01/swagger.yaml
azure.com/network-ddosProtectionPlan/2019-06-01/swagger.yaml,d_dedup,duplicate_of:azure.com/network-applicationGateway/2019-08-01/swagger.yaml
azure.com/network-ddosProtectionPlan/2019-07-01/swagger.yaml,d_dedup,duplicate_of:azure.com/network-applicationGateway/2019-08-01/swagger.yaml
azure.com/network-ddosProtectionPlan/2019-08-01/swagger.yaml,d_dedup,duplicate_of:azure.com/network-applicationGateway/2019-08-01/swagger.yaml
azure.com/network-endpointService/2017-06-01/swagger.yaml,c_min_ops,only_1_ops
azure.com/network-endpointService/2017-08-01/swagger.yaml,c_min_ops,only_1_ops
azure.com/network-endpointService/2017-09-01/swagger.yaml,c_min_ops,only_1_ops
azure.com/network-endpointService/2017-10-01/swagger.yaml,c_min_ops,only_1_ops
azure.com/network-endpointService/2017-11-01/swagger.yaml,c_min_ops,only_1_ops
azure.com/network-endpointService/2018-01-01/swagger.yaml,c_min_ops,only_1_ops
azure.com/network-endpointService/2018-02-01/swagger.yaml,c_min_ops,only_1_ops
azure.com/network-endpointService/2018-04-01/swagger.yaml,c_min_ops,only_1_ops
azure.com/network-endpointService/2018-06-01/swagger.yaml,c_min_ops,only_1_ops
azure.com/network-endpointService/2018-07-01/swagger.yaml,c_min_ops,only_1_ops
azure.com/network-endpointService/2018-08-01/swagger.yaml,c_min_ops,only_1_ops
azure.com/network-endpointService/2018-10-01/swagger.yaml,c_min_ops,only_1_ops
azure.com/network-endpointService/2018-11-01/swagger.yaml,c_min_ops,only_1_ops
azure.com/network-endpointService/2018-12-01/swagger.yaml,c_min_ops,only_1_ops
azure.com/network-endpointService/2019-02-01/swagger.yaml,c_min_ops,only_1_ops
azure.com/network-endpointService/2019-04-01/swagger.yaml,c_min_ops,only_1_ops
azure.com/network-endpointService/2019-06-01/swagger.yaml,c_min_ops,only_1_ops
azure.com/network-endpointService/2019-07-01/swagger.yaml,c_min_ops,only_1_ops
azure.com/network-endpointService/2019-08-01/swagger.yaml,c_min_ops,only_1_ops
azure.com/network-expressRouteCircuit/2015-06-15/swagger.yaml,d_dedup,duplicate_of:azure.com/network-applicationGateway/2019-08-01/swagger.yaml
azure.com/network-expressRouteCircuit/2016-09-01/swagger.yaml,d_dedup,duplicate_of:azure.com/network-applicationGateway/2019-08-01/swagger.yaml
azure.com/network-expressRouteCircuit/2016-12-01/swagger.yaml,d_dedup,duplicate_of:azure.com/network-applicationGateway/2019-08-01/swagger.yaml
azure.com/network-expressRouteCircuit/2017-06-01/swagger.yaml,d_dedup,duplicate_of:azure.com/network-applicationGateway/2019-08-01/swagger.yaml
azure.com/network-expressRouteCircuit/2017-08-01/swagger.yaml,d_dedup,duplicate_of:azure.com/network-applicationGateway/2019-08-01/swagger.yaml
azure.com/network-expressRouteCircuit/2017-09-01/swagger.yaml,d_dedup,duplicate_of:azure.com/network-applicationGateway/2019-08-01/swagger.yaml
azure.com/network-expressRouteCircuit/2017-10-01/swagger.yaml,d_dedup,duplicate_of:azure.com/network-applicationGateway/2019-08-01/swagger.yaml
azure.com/network-expressRouteCircuit/2017-11-01/swagger.yaml,d_dedup,duplicate_of:azure.com/network-applicationGateway/2019-08-01/swagger.yaml
azure.com/network-expressRouteCircuit/2018-01-01/swagger.yaml,d_dedup,duplicate_of:azure.com/network-applicationGateway/2019-08-01/swagger.yaml
azure.com/network-expressRouteCircuit/2018-02-01/swagger.yaml,d_dedup,duplicate_of:azure.com/network-applicationGateway/2019-08-01/swagger.yaml
azure.com/network-expressRouteCircuit/2018-04-01/swagger.yaml,d_dedup,duplicate_of:azure.com/network-applicationGateway/2019-08-01/swagger.yaml
azure.com/network-expressRouteCircuit/2018-06-01/swagger.yaml,d_dedup,duplicate_of:azure.com/network-applicationGateway/2019-08-01/swagger.yaml
azure.com/network-expressRouteCircuit/2018-07-01/swagger.yaml,d_dedup,duplicate_of:azure.com/network-applicationGateway/2019-08-01/swagger.yaml
azure.com/network-expressRouteCircuit/2018-08-01/swagger.yaml,d_dedup,duplicate_of:azure.com/network-applicationGateway/2019-08-01/swagger.yaml
azure.com/network-expressRouteCircuit/2018-10-01/swagger.yaml,d_dedup,duplicate_of:azure.com/network-applicationGateway/2019-08-01/swagger.yaml
azure.com/network-expressRouteCircuit/2018-11-01/swagger.yaml,d_dedup,duplicate_of:azure.com/network-applicationGateway/2019-08-01/swagger.yaml
azure.com/network-expressRouteCircuit/2018-12-01/swagger.yaml,d_dedup,duplicate_of:azure.com/network-applicationGateway/2019-08-01/swagger.yaml
azure.com/network-expressRouteCircuit/2019-02-01/swagger.yaml,d_dedup,duplicate_of:azure.com/network-applicationGateway/2019-08-01/swagger.yaml
azure.com/network-expressRouteCircuit/2019-04-01/swagger.yaml,d_dedup,duplicate_of:azure.com/network-applicationGateway/2019-08-01/swagger.yaml
azure.com/network-expressRouteCircuit/2019-06-01/swagger.yaml,d_dedup,duplicate_of:azure.com/network-applicationGateway/2019-08-01/swagger.yaml
azure.com/network-expressRouteCircuit/2019-07-01/swagger.yaml,d_dedup,duplicate_of:azure.com/network-applicationGateway/2019-08-01/swagger.yaml
azure.com/network-expressRouteCircuit/2019-08-01/swagger.yaml,d_dedup,duplicate_of:azure.com/network-applicationGateway/2019-08-01/swagger.yaml
azure.com/network-expressRouteCrossConnection/2018-02-01/swagger.yaml,d_dedup,superseded_by:azure.com/network-expressRouteCrossConnection/2018-04-01/swagger.yaml
azure.com/network-expressRouteCrossConnection/2018-04-01/swagger.yaml,d_dedup,superseded_by:azure.com/network-expressRouteCrossConnection/2018-06-01/swagger.yaml
azure.com/network-expressRouteCrossConnection/2018-06-01/swagger.yaml,d_dedup,superseded_by:azure.com/network-expressRouteCrossConnection/2018-07-01/swagger.yaml
azure.com/network-expressRouteCrossConnection/2018-07-01/swagger.yaml,d_dedup,superseded_by:azure.com/network-expressRouteCrossConnection/2018-08-01/swagger.yaml
azure.com/network-expressRouteCrossConnection/2018-08-01/swagger.yaml,d_dedup,superseded_by:azure.com/network-expressRouteCrossConnection/2018-10-01/swagger.yaml
azure.com/network-expressRouteCrossConnection/2018-10-01/swagger.yaml,d_dedup,superseded_by:azure.com/network-expressRouteCrossConnection/2018-11-01/swagger.yaml
azure.com/network-expressRouteCrossConnection/2018-11-01/swagger.yaml,d_dedup,superseded_by:azure.com/network-expressRouteCrossConnection/2018-12-01/swagger.yaml
azure.com/network-expressRouteCrossConnection/2018-12-01/swagger.yaml,d_dedup,superseded_by:azure.com/network-expressRouteCrossConnection/2019-02-01/swagger.yaml
azure.com/network-expressRouteCrossConnection/2019-02-01/swagger.yaml,d_dedup,superseded_by:azure.com/network-expressRouteCrossConnection/2019-04-01/swagger.yaml
azure.com/network-expressRouteCrossConnection/2019-04-01/swagger.yaml,d_dedup,superseded_by:azure.com/network-expressRouteCrossConnection/2019-06-01/swagger.yaml
azure.com/network-expressRouteCrossConnection/2019-06-01/swagger.yaml,d_dedup,superseded_by:azure.com/network-expressRouteCrossConnection/2019-07-01/swagger.yaml
azure.com/network-expressRouteCrossConnection/2019-07-01/swagger.yaml,d_dedup,superseded_by:azure.com/network-expressRouteCrossConnection/2019-08-01/swagger.yaml
azure.com/network-expressRouteGateway/2018-08-01/swagger.yaml,d_dedup,duplicate_of:azure.com/network-applicationGateway/2019-08-01/swagger.yaml
azure.com/network-expressRouteGateway/2018-10-01/swagger.yaml,d_dedup,duplicate_of:azure.com/network-applicationGateway/2019-08-01/swagger.yaml
azure.com/network-expressRouteGateway/2018-11-01/swagger.yaml,d_dedup,duplicate_of:azure.com/network-applicationGateway/2019-08-01/swagger.yaml
azure.com/network-expressRouteGateway/2018-12-01/swagger.yaml,d_dedup,duplicate_of:azure.com/network-applicationGateway/2019-08-01/swagger.yaml
azure.com/network-expressRouteGateway/2019-02-01/swagger.yaml,d_dedup,duplicate_of:azure.com/network-applicationGateway/2019-08-01/swagger.yaml
azure.com/network-expressRouteGateway/2019-04-01/swagger.yaml,d_dedup,duplicate_of:azure.com/network-applicationGateway/2019-08-01/swagger.yaml
azure.com/network-expressRouteGateway/2019-06-01/swagger.yaml,d_dedup,duplicate_of:azure.com/network-applicationGateway/2019-08-01/swagger.yaml
azure.com/network-expressRouteGateway/2019-07-01/swagger.yaml,d_dedup,duplicate_of:azure.com/network-applicationGateway/2019-08-01/swagger.yaml
azure.com/network-expressRouteGateway/2019-08-01/swagger.yaml,d_dedup,duplicate_of:azure.com/network-applicationGateway/2019-08-01/swagger.yaml
azure.com/network-expressRoutePort/2018-08-01/swagger.yaml,d_dedup,duplicate_of:azure.com/network-applicationGateway/2019-08-01/swagger.yaml
azure.com/network-expressRoutePort/2018-10-01/swagger.yaml,d_dedup,duplicate_of:azure.com/network-applicationGateway/2019-08-01/swagger.yaml
azure.com/network-expressRoutePort/2018-11-01/swagger.yaml,d_dedup,duplicate_of:azure.com/network-applicationGateway/2019-08-01/swagger.yaml
azure.com/network-expressRoutePort/2018-12-01/swagger.yaml,d_dedup,duplicate_of:azure.com/network-applicationGateway/2019-08-01/swagger.yaml
azure.com/network-expressRoutePort/2019-02-01/swagger.yaml,d_dedup,duplicate_of:azure.com/network-applicationGateway/2019-08-01/swagger.yaml
azure.com/network-expressRoutePort/2019-04-01/swagger.yaml,d_dedup,duplicate_of:azure.com/network-applicationGateway/2019-08-01/swagger.yaml
azure.com/network-expressRoutePort/2019-06-01/swagger.yaml,d_dedup,duplicate_of:azure.com/network-applicationGateway/2019-08-01/swagger.yaml
azure.com/network-expressRoutePort/2019-07-01/swagger.yaml,d_dedup,duplicate_of:azure.com/network-applicationGateway/2019-08-01/swagger.yaml
azure.com/network-expressRoutePort/2019-08-01/swagger.yaml,d_dedup,duplicate_of:azure.com/network-applicationGateway/2019-08-01/swagger.yaml
azure.com/network-firewallPolicy/2019-06-01/swagger.yaml,d_dedup,duplicate_of:azure.com/network-applicationGateway/2019-08-01/swagger.yaml
azure.com/network-firewallPolicy/2019-07-01/swagger.yaml,d_dedup,duplicate_of:azure.com/network-applicationGateway/2019-08-01/swagger.yaml
azure.com/network-firewallPolicy/2019-08-01/swagger.yaml,d_dedup,duplicate_of:azure.com/network-applicationGateway/2019-08-01/swagger.yaml
azure.com/network-interfaceEndpoint/2018-08-01/swagger.yaml,d_dedup,duplicate_of:azure.com/network-applicationGateway/2019-08-01/swagger.yaml
azure.com/network-interfaceEndpoint/2018-10-01/swagger.yaml,d_dedup,duplicate_of:azure.com/network-applicationGateway/2019-08-01/swagger.yaml
azure.com/network-interfaceEndpoint/2018-11-01/swagger.yaml,d_dedup,duplicate_of:azure.com/network-applicationGateway/2019-08-01/swagger.yaml
azure.com/network-interfaceEndpoint/2018-12-01/swagger.yaml,d_dedup,duplicate_of:azure.com/network-applicationGateway/2019-08-01/swagger.yaml
azure.com/network-interfaceEndpoint/2019-02-01/swagger.yaml,d_dedup,duplicate_of:azure.com/network-applicationGateway/2019-08-01/swagger.yaml
azure.com/network-applicationGateway/2019-08-01/swagger.yaml,d_dedup,superseded_by:azure.com/network-ipGroups/2019-09-01/swagger.yaml
azure.com/network-ipGroups/2019-09-01/swagger.yaml,d_dedup,superseded_by:azure.com/network-ipGroups/2019-11-01/swagger.yaml
azure.com/network-loadBalancer/2015-06-15/swagger.yaml,d_dedup,duplicate_of:azure.com/network-ipGroups/2019-11-01/swagger.yaml
azure.com/network-loadBalancer/2016-09-01/swagger.yaml,d_dedup,duplicate_of:azure.com/network-ipGroups/2019-11-01/swagger.yaml
azure.com/network-loadBalancer/2016-12-01/swagger.yaml,d_dedup,duplicate_of:azure.com/network-ipGroups/2019-11-01/swagger.yaml
azure.com/network-loadBalancer/2017-03-01/swagger.yaml,d_dedup,duplicate_of:azure.com/network-ipGroups/2019-11-01/swagger.yaml
azure.com/network-loadBalancer/2017-06-01/swagger.yaml,d_dedup,duplicate_of:azure.com/network-ipGroups/2019-11-01/swagger.yaml
azure.com/network-loadBalancer/2017-08-01/swagger.yaml,d_dedup,duplicate_of:azure.com/network-ipGroups/2019-11-01/swagger.yaml
azure.com/network-loadBalancer/2017-09-01/swagger.yaml,d_dedup,duplicate_of:azure.com/network-ipGroups/2019-11-01/swagger.yaml
azure.com/network-loadBalancer/2017-10-01/swagger.yaml,d_dedup,duplicate_of:azure.com/network-ipGroups/2019-11-01/swagger.yaml
azure.com/network-loadBalancer/2017-11-01/swagger.yaml,d_dedup,duplicate_of:azure.com/network-ipGroups/2019-11-01/swagger.yaml
azure.com/network-loadBalancer/2018-01-01/swagger.yaml,d_dedup,duplicate_of:azure.com/network-ipGroups/2019-11-01/swagger.yaml
azure.com/network-loadBalancer/2018-02-01/swagger.yaml,d_dedup,duplicate_of:azure.com/network-ipGroups/2019-11-01/swagger.yaml
azure.com/network-loadBalancer/2018-04-01/swagger.yaml,d_dedup,duplicate_of:azure.com/network-ipGroups/2019-11-01/swagger.yaml
azure.com/network-loadBalancer/2018-06-01/swagger.yaml,d_dedup,duplicate_of:azure.com/network-ipGroups/2019-11-01/swagger.yaml
azure.com/network-loadBalancer/2018-07-01/swagger.yaml,d_dedup,duplicate_of:azure.com/network-ipGroups/2019-11-01/swagger.yaml
azure.com/network-loadBalancer/2018-08-01/swagger.yaml,d_dedup,duplicate_of:azure.com/network-ipGroups/2019-11-01/swagger.yaml
azure.com/network-loadBalancer/2018-10-01/swagger.yaml,d_dedup,duplicate_of:azure.com/network-ipGroups/2019-11-01/swagger.yaml
azure.com/network-loadBalancer/2018-11-01/swagger.yaml,d_dedup,duplicate_of:azure.com/network-ipGroups/2019-11-01/swagger.yaml
azure.com/network-loadBalancer/2018-12-01/swagger.yaml,d_dedup,duplicate_of:azure.com/network-ipGroups/2019-11-01/swagger.yaml
azure.com/network-loadBalancer/2019-02-01/swagger.yaml,d_dedup,duplicate_of:azure.com/network-ipGroups/2019-11-01/swagger.yaml
azure.com/network-loadBalancer/2019-04-01/swagger.yaml,d_dedup,duplicate_of:azure.com/network-ipGroups/2019-11-01/swagger.yaml
azure.com/network-loadBalancer/2019-06-01/swagger.yaml,d_dedup,duplicate_of:azure.com/network-ipGroups/2019-11-01/swagger.yaml
azure.com/network-loadBalancer/2019-07-01/swagger.yaml,d_dedup,duplicate_of:azure.com/network-ipGroups/2019-11-01/swagger.yaml
azure.com/network-loadBalancer/2019-08-01/swagger.yaml,d_dedup,duplicate_of:azure.com/network-ipGroups/2019-11-01/swagger.yaml
azure.com/network-natGateway/2019-02-01/swagger.yaml,d_dedup,duplicate_of:azure.com/network-ipGroups/2019-11-01/swagger.yaml
azure.com/network-natGateway/2019-04-01/swagger.yaml,d_dedup,duplicate_of:azure.com/network-ipGroups/2019-11-01/swagger.yaml
azure.com/network-natGateway/2019-06-01/swagger.yaml,d_dedup,duplicate_of:azure.com/network-ipGroups/2019-11-01/swagger.yaml
azure.com/network-natGateway/2019-07-01/swagger.yaml,d_dedup,duplicate_of:azure.com/network-ipGroups/2019-11-01/swagger.yaml
azure.com/network-natGateway/2019-08-01/swagger.yaml,d_dedup,duplicate_of:azure.com/network-ipGroups/2019-11-01/swagger.yaml
azure.com/network-networkInterface/2015-06-15/swagger.yaml,d_dedup,duplicate_of:azure.com/network-ipGroups/2019-11-01/swagger.yaml
azure.com/network-networkInterface/2016-09-01/swagger.yaml,d_dedup,duplicate_of:azure.com/network-ipGroups/2019-11-01/swagger.yaml
azure.com/network-networkInterface/2016-12-01/swagger.yaml,d_dedup,duplicate_of:azure.com/network-ipGroups/2019-11-01/swagger.yaml
azure.com/network-networkInterface/2017-03-01/swagger.yaml,d_dedup,duplicate_of:azure.com/network-ipGroups/2019-11-01/swagger.yaml
azure.com/network-networkInterface/2017-06-01/swagger.yaml,d_dedup,duplicate_of:azure.com/network-ipGroups/2019-11-01/swagger.yaml
azure.com/network-networkInterface/2017-08-01/swagger.yaml,d_dedup,duplicate_of:azure.com/network-ipGroups/2019-11-01/swagger.yaml
azure.com/network-networkInterface/2017-09-01/swagger.yaml,d_dedup,duplicate_of:azure.com/network-ipGroups/2019-11-01/swagger.yaml
azure.com/network-networkInterface/2017-10-01/swagger.yaml,d_dedup,duplicate_of:azure.com/network-ipGroups/2019-11-01/swagger.yaml
azure.com/network-networkInterface/2017-11-01/swagger.yaml,d_dedup,duplicate_of:azure.com/network-ipGroups/2019-11-01/swagger.yaml
azure.com/network-networkInterface/2018-01-01/swagger.yaml,d_dedup,duplicate_of:azure.com/network-ipGroups/2019-11-01/swagger.yaml
azure.com/network-networkProfile/2018-08-01/swagger.yaml,d_dedup,duplicate_of:azure.com/network-ipGroups/2019-11-01/swagger.yaml
azure.com/network-networkProfile/2018-10-01/swagger.yaml,d_dedup,duplicate_of:azure.com/network-ipGroups/2019-11-01/swagger.yaml
azure.com/network-networkProfile/2018-11-01/swagger.yaml,d_dedup,duplicate_of:azure.com/network-ipGroups/2019-11-01/swagger.yaml
azure.com/network-networkProfile/2018-12-01/swagger.yaml,d_dedup,duplicate_of:azure.com/network-ipGroups/2019-11-01/swagger.yaml
azure.com/network-networkProfile/2019-02-01/swagger.yaml,d_dedup,duplicate_of:azure.com/network-ipGroups/2019-11-01/swagger.yaml
azure.com/network-networkProfile/2019-04-01/swagger.yaml,d_dedup,duplicate_of:azure.com/network-ipGroups/2019-11-01/swagger.yaml
azure.com/network-networkProfile/2019-06-01/swagger.yaml,d_dedup,duplicate_of:azure.com/network-ipGroups/2019-11-01/swagger.yaml
azure.com/network-networkProfile/2019-07-01/swagger.yaml,d_dedup,duplicate_of:azure.com/network-ipGroups/2019-11-01/swagger.yaml
azure.com/network-networkProfile/2019-08-01/swagger.yaml,d_dedup,duplicate_of:azure.com/network-ipGroups/2019-11-01/swagger.yaml
azure.com/network-networkSecurityGroup/2015-06-15/swagger.yaml,d_dedup,duplicate_of:azure.com/network-ipGroups/2019-11-01/swagger.yaml
azure.com/network-networkSecurityGroup/2016-09-01/swagger.yaml,d_dedup,duplicate_of:azure.com/network-ipGroups/2019-11-01/swagger.yaml
azure.com/network-networkSecurityGroup/2016-12-01/swagger.yaml,d_dedup,duplicate_of:azure.com/network-ipGroups/2019-11-01/swagger.yaml
azure.com/network-networkSecurityGroup/2017-03-01/swagger.yaml,d_dedup,duplicate_of:azure.com/network-ipGroups/2019-11-01/swagger.yaml
azure.com/network-networkSecurityGroup/2017-06-01/swagger.yaml,d_dedup,duplicate_of:azure.com/network-ipGroups/2019-11-01/swagger.yaml
azure.com/network-networkSecurityGroup/2017-08-01/swagger.yaml,d_dedup,duplicate_of:azure.com/network-ipGroups/2019-11-01/swagger.yaml
azure.com/network-networkSecurityGroup/2017-09-01/swagger.yaml,d_dedup,duplicate_of:azure.com/network-ipGroups/2019-11-01/swagger.yaml
azure.com/network-networkSecurityGroup/2017-10-01/swagger.yaml,d_dedup,duplicate_of:azure.com/network-ipGroups/2019-11-01/swagger.yaml
azure.com/network-networkSecurityGroup/2017-11-01/swagger.yaml,d_dedup,duplicate_of:azure.com/network-ipGroups/2019-11-01/swagger.yaml
azure.com/network-networkSecurityGroup/2018-01-01/swagger.yaml,d_dedup,duplicate_of:azure.com/network-ipGroups/2019-11-01/swagger.yaml
azure.com/network-networkSecurityGroup/2018-02-01/swagger.yaml,d_dedup,duplicate_of:azure.com/network-ipGroups/2019-11-01/swagger.yaml
azure.com/network-networkSecurityGroup/2018-04-01/swagger.yaml,d_dedup,duplicate_of:azure.com/network-ipGroups/2019-11-01/swagger.yaml
azure.com/network-networkSecurityGroup/2018-06-01/swagger.yaml,d_dedup,duplicate_of:azure.com/network-ipGroups/2019-11-01/swagger.yaml
azure.com/network-networkSecurityGroup/2018-07-01/swagger.yaml,d_dedup,duplicate_of:azure.com/network-ipGroups/2019-11-01/swagger.yaml
azure.com/network-networkSecurityGroup/2018-08-01/swagger.yaml,d_dedup,duplicate_of:azure.com/network-ipGroups/2019-11-01/swagger.yaml
azure.com/network-networkSecurityGroup/2018-10-01/swagger.yaml,d_dedup,duplicate_of:azure.com/network-ipGroups/2019-11-01/swagger.yaml
azure.com/network-networkSecurityGroup/2018-11-01/swagger.yaml,d_dedup,duplicate_of:azure.com/network-ipGroups/2019-11-01/swagger.yaml
azure.com/network-networkSecurityGroup/2018-12-01/swagger.yaml,d_dedup,duplicate_of:azure.com/network-ipGroups/2019-11-01/swagger.yaml
azure.com/network-networkSecurityGroup/2019-02-01/swagger.yaml,d_dedup,duplicate_of:azure.com/network-ipGroups/2019-11-01/swagger.yaml
azure.com/network-networkSecurityGroup/2019-04-01/swagger.yaml,d_dedup,duplicate_of:azure.com/network-ipGroups/2019-11-01/swagger.yaml
azure.com/network-networkSecurityGroup/2019-06-01/swagger.yaml,d_dedup,duplicate_of:azure.com/network-ipGroups/2019-11-01/swagger.yaml
azure.com/network-networkSecurityGroup/2019-07-01/swagger.yaml,d_dedup,duplicate_of:azure.com/network-ipGroups/2019-11-01/swagger.yaml
azure.com/network-networkSecurityGroup/2019-08-01/swagger.yaml,d_dedup,duplicate_of:azure.com/network-ipGroups/2019-11-01/swagger.yaml
azure.com/network-networkWatcher/2016-09-01/swagger.yaml,d_dedup,duplicate_of:azure.com/network-ipGroups/2019-11-01/swagger.yaml
azure.com/network-networkWatcher/2016-12-01/swagger.yaml,d_dedup,duplicate_of:azure.com/network-ipGroups/2019-11-01/swagger.yaml
azure.com/network-networkWatcher/2017-03-01/swagger.yaml,d_dedup,duplicate_of:azure.com/network-ipGroups/2019-11-01/swagger.yaml
azure.com/network-networkWatcher/2017-06-01/swagger.yaml,d_dedup,duplicate_of:azure.com/network-ipGroups/2019-11-01/swagger.yaml
azure.com/network-networkWatcher/2017-08-01/swagger.yaml,d_dedup,duplicate_of:azure.com/network-ipGroups/2019-11-01/swagger.yaml
azure.com/network-networkWatcher/2017-09-01/swagger.yaml,d_dedup,duplicate_of:azure.com/network-ipGroups/2019-11-01/swagger.yaml
azure.com/network-networkWatcher/2017-10-01/swagger.yaml,d_dedup,duplicate_of:azure.com/network-ipGroups/2019-11-01/swagger.yaml
azure.com/network-networkWatcher/2017-11-01/swagger.yaml,d_dedup,duplicate_of:azure.com/network-ipGroups/2019-11-01/swagger.yaml
azure.com/network-networkWatcher/2018-01-01/swagger.yaml,d_dedup,duplicate_of:azure.com/network-ipGroups/2019-11-01/swagger.yaml
azure.com/network-networkWatcher/2018-02-01/swagger.yaml,d_dedup,duplicate_of:azure.com/network-ipGroups/2019-11-01/swagger.yaml
azure.com/network-networkWatcher/2018-04-01/swagger.yaml,d_dedup,duplicate_of:azure.com/network-ipGroups/2019-11-01/swagger.yaml
azure.com/network-networkWatcher/2018-06-01/swagger.yaml,d_dedup,duplicate_of:azure.com/network-ipGroups/2019-11-01/swagger.yaml
azure.com/network-networkWatcher/2018-07-01/swagger.yaml,d_dedup,duplicate_of:azure.com/network-ipGroups/2019-11-01/swagger.yaml
azure.com/network-networkWatcher/2018-08-01/swagger.yaml,d_dedup,duplicate_of:azure.com/network-ipGroups/2019-11-01/swagger.yaml
azure.com/network-networkWatcher/2018-10-01/swagger.yaml,d_dedup,duplicate_of:azure.com/network-ipGroups/2019-11-01/swagger.yaml
azure.com/network-networkWatcher/2018-11-01/swagger.yaml,d_dedup,duplicate_of:azure.com/network-ipGroups/2019-11-01/swagger.yaml
azure.com/network-networkWatcher/2018-12-01/swagger.yaml,d_dedup,duplicate_of:azure.com/network-ipGroups/2019-11-01/swagger.yaml
azure.com/network-networkWatcher/2019-02-01/swagger.yaml,d_dedup,duplicate_of:azure.com/network-ipGroups/2019-11-01/swagger.yaml
azure.com/network-networkWatcher/2019-04-01/swagger.yaml,d_dedup,duplicate_of:azure.com/network-ipGroups/2019-11-01/swagger.yaml
azure.com/network-networkWatcher/2019-06-01/swagger.yaml,d_dedup,duplicate_of:azure.com/network-ipGroups/2019-11-01/swagger.yaml
azure.com/network-networkWatcher/2019-07-01/swagger.yaml,d_dedup,duplicate_of:azure.com/network-ipGroups/2019-11-01/swagger.yaml
azure.com/network-networkWatcher/2019-08-01/swagger.yaml,d_dedup,duplicate_of:azure.com/network-ipGroups/2019-11-01/swagger.yaml
azure.com/network-networkWatcher/2019-09-01/swagger.yaml,d_dedup,duplicate_of:azure.com/network-ipGroups/2019-11-01/swagger.yaml
azure.com/network-networkWatcher/2019-11-01/swagger.yaml,d_dedup,duplicate_of:azure.com/network-ipGroups/2019-11-01/swagger.yaml
azure.com/network-networkWatcherConnectionMonitorV1/2019-06-01/swagger.yaml,d_dedup,duplicate_of:azure.com/network-ipGroups/2019-11-01/swagger.yaml
azure.com/network-operation/2017-09-01/swagger.yaml,c_min_ops,only_1_ops
azure.com/network-operation/2017-10-01/swagger.yaml,c_min_ops,only_1_ops
azure.com/network-operation/2017-11-01/swagger.yaml,c_min_ops,only_1_ops
azure.com/network-operation/2018-01-01/swagger.yaml,c_min_ops,only_1_ops
azure.com/network-operation/2018-02-01/swagger.yaml,c_min_ops,only_1_ops
azure.com/network-operation/2018-04-01/swagger.yaml,c_min_ops,only_1_ops
azure.com/network-operation/2018-06-01/swagger.yaml,c_min_ops,only_1_ops
azure.com/network-operation/2018-07-01/swagger.yaml,c_min_ops,only_1_ops
azure.com/network-operation/2018-08-01/swagger.yaml,c_min_ops,only_1_ops
azure.com/network-operation/2018-10-01/swagger.yaml,c_min_ops,only_1_ops
azure.com/network-operation/2018-11-01/swagger.yaml,c_min_ops,only_1_ops
azure.com/network-operation/2018-12-01/swagger.yaml,c_min_ops,only_1_ops
azure.com/network-operation/2019-02-01/swagger.yaml,c_min_ops,only_1_ops
azure.com/network-operation/2019-04-01/swagger.yaml,c_min_ops,only_1_ops
azure.com/network-operation/2019-06-01/swagger.yaml,c_min_ops,only_1_ops
azure.com/network-operation/2019-07-01/swagger.yaml,c_min_ops,only_1_ops
azure.com/network-operation/2019-08-01/swagger.yaml,c_min_ops,only_1_ops
azure.com/network-privateEndpoint/2019-04-01/swagger.yaml,d_dedup,duplicate_of:azure.com/network-ipGroups/2019-11-01/swagger.yaml
azure.com/network-privateEndpoint/2019-06-01/swagger.yaml,d_dedup,duplicate_of:azure.com/network-ipGroups/2019-11-01/swagger.yaml
azure.com/network-privateEndpoint/2019-07-01/swagger.yaml,d_dedup,duplicate_of:azure.com/network-ipGroups/2019-11-01/swagger.yaml
azure.com/network-privateEndpoint/2019-08-01/swagger.yaml,d_dedup,duplicate_of:azure.com/network-ipGroups/2019-11-01/swagger.yaml
azure.com/network-privateLinkService/2019-04-01/swagger.yaml,d_dedup,duplicate_of:azure.com/network-ipGroups/2019-11-01/swagger.yaml
azure.com/network-privateLinkService/2019-06-01/swagger.yaml,d_dedup,duplicate_of:azure.com/network-ipGroups/2019-11-01/swagger.yaml
azure.com/network-privateLinkService/2019-07-01/swagger.yaml,d_dedup,duplicate_of:azure.com/network-ipGroups/2019-11-01/swagger.yaml
azure.com/network-privateLinkService/2019-08-01/swagger.yaml,d_dedup,duplicate_of:azure.com/network-ipGroups/2019-11-01/swagger.yaml
azure.com/network-publicIpAddress/2015-06-15/swagger.yaml,d_dedup,duplicate_of:azure.com/network-ipGroups/2019-11-01/swagger.yaml
azure.com/network-publicIpAddress/2016-09-01/swagger.yaml,d_dedup,duplicate_of:azure.com/network-ipGroups/2019-11-01/swagger.yaml
azure.com/network-publicIpAddress/2016-12-01/swagger.yaml,d_dedup,duplicate_of:azure.com/network-ipGroups/2019-11-01/swagger.yaml
azure.com/network-publicIpAddress/2017-03-01/swagger.yaml,d_dedup,duplicate_of:azure.com/network-ipGroups/2019-11-01/swagger.yaml
azure.com/network-publicIpAddress/2017-06-01/swagger.yaml,d_dedup,duplicate_of:azure.com/network-ipGroups/2019-11-01/swagger.yaml
azure.com/network-publicIpAddress/2017-08-01/swagger.yaml,d_dedup,duplicate_of:azure.com/network-ipGroups/2019-11-01/swagger.yaml
azure.com/network-publicIpAddress/2017-09-01/swagger.yaml,d_dedup,duplicate_of:azure.com/network-ipGroups/2019-11-01/swagger.yaml
azure.com/network-publicIpAddress/2017-10-01/swagger.yaml,d_dedup,duplicate_of:azure.com/network-ipGroups/2019-11-01/swagger.yaml
azure.com/network-publicIpAddress/2017-11-01/swagger.yaml,d_dedup,duplicate_of:azure.com/network-ipGroups/2019-11-01/swagger.yaml
azure.com/network-publicIpAddress/2018-01-01/swagger.yaml,d_dedup,duplicate_of:azure.com/network-ipGroups/2019-11-01/swagger.yaml
azure.com/network-publicIpAddress/2018-02-01/swagger.yaml,d_dedup,duplicate_of:azure.com/network-ipGroups/2019-11-01/swagger.yaml
azure.com/network-publicIpAddress/2018-04-01/swagger.yaml,d_dedup,duplicate_of:azure.com/network-ipGroups/2019-11-01/swagger.yaml
azure.com/network-publicIpAddress/2018-06-01/swagger.yaml,d_dedup,duplicate_of:azure.com/network-ipGroups/2019-11-01/swagger.yaml
azure.com/network-publicIpAddress/2018-07-01/swagger.yaml,d_dedup,duplicate_of:azure.com/network-ipGroups/2019-11-01/swagger.yaml
azure.com/network-publicIpAddress/2018-08-01/swagger.yaml,d_dedup,duplicate_of:azure.com/network-ipGroups/2019-11-01/swagger.yaml
azure.com/network-publicIpAddress/2018-10-01/swagger.yaml,d_dedup,duplicate_of:azure.com/network-ipGroups/2019-11-01/swagger.yaml
azure.com/network-publicIpAddress/2018-11-01/swagger.yaml,d_dedup,duplicate_of:azure.com/network-ipGroups/2019-11-01/swagger.yaml
azure.com/network-publicIpAddress/2018-12-01/swagger.yaml,d_dedup,duplicate_of:azure.com/network-ipGroups/2019-11-01/swagger.yaml
azure.com/network-publicIpAddress/2019-02-01/swagger.yaml,d_dedup,duplicate_of:azure.com/network-ipGroups/2019-11-01/swagger.yaml
azure.com/network-publicIpAddress/2019-04-01/swagger.yaml,d_dedup,duplicate_of:azure.com/network-ipGroups/2019-11-01/swagger.yaml
azure.com/network-publicIpAddress/2019-06-01/swagger.yaml,d_dedup,duplicate_of:azure.com/network-ipGroups/2019-11-01/swagger.yaml
azure.com/network-publicIpAddress/2019-07-01/swagger.yaml,d_dedup,duplicate_of:azure.com/network-ipGroups/2019-11-01/swagger.yaml
azure.com/network-publicIpAddress/2019-08-01/swagger.yaml,d_dedup,duplicate_of:azure.com/network-ipGroups/2019-11-01/swagger.yaml
azure.com/network-publicIpPrefix/2018-07-01/swagger.yaml,d_dedup,duplicate_of:azure.com/network-ipGroups/2019-11-01/swagger.yaml
azure.com/network-publicIpPrefix/2018-08-01/swagger.yaml,d_dedup,duplicate_of:azure.com/network-ipGroups/2019-11-01/swagger.yaml
azure.com/network-publicIpPrefix/2018-10-01/swagger.yaml,d_dedup,duplicate_of:azure.com/network-ipGroups/2019-11-01/swagger.yaml
azure.com/network-publicIpPrefix/2018-11-01/swagger.yaml,d_dedup,duplicate_of:azure.com/network-ipGroups/2019-11-01/swagger.yaml
azure.com/network-publicIpPrefix/2018-12-01/swagger.yaml,d_dedup,duplicate_of:azure.com/network-ipGroups/2019-11-01/swagger.yaml
azure.com/network-publicIpPrefix/2019-02-01/swagger.yaml,d_dedup,duplicate_of:azure.com/network-ipGroups/2019-11-01/swagger.yaml
azure.com/network-publicIpPrefix/2019-04-01/swagger.yaml,d_dedup,duplicate_of:azure.com/network-ipGroups/2019-11-01/swagger.yaml
azure.com/network-publicIpPrefix/2019-06-01/swagger.yaml,d_dedup,duplicate_of:azure.com/network-ipGroups/2019-11-01/swagger.yaml
azure.com/network-publicIpPrefix/2019-07-01/swagger.yaml,d_dedup,duplicate_of:azure.com/network-ipGroups/2019-11-01/swagger.yaml
azure.com/network-publicIpPrefix/2019-08-01/swagger.yaml,d_dedup,duplicate_of:azure.com/network-ipGroups/2019-11-01/swagger.yaml
azure.com/network-routeFilter/2016-12-01/swagger.yaml,d_dedup,duplicate_of:azure.com/network-ipGroups/2019-11-01/swagger.yaml
azure.com/network-routeFilter/2017-03-01/swagger.yaml,d_dedup,duplicate_of:azure.com/network-ipGroups/2019-11-01/swagger.yaml
azure.com/network-routeFilter/2017-06-01/swagger.yaml,d_dedup,duplicate_of:azure.com/network-ipGroups/2019-11-01/swagger.yaml
azure.com/network-routeFilter/2017-08-01/swagger.yaml,d_dedup,duplicate_of:azure.com/network-ipGroups/2019-11-01/swagger.yaml
azure.com/network-routeFilter/2017-09-01/swagger.yaml,d_dedup,duplicate_of:azure.com/network-ipGroups/2019-11-01/swagger.yaml
azure.com/network-routeFilter/2017-10-01/swagger.yaml,d_dedup,duplicate_of:azure.com/network-ipGroups/2019-11-01/swagger.yaml
azure.com/network-routeFilter/2017-11-01/swagger.yaml,d_dedup,duplicate_of:azure.com/network-ipGroups/2019-11-01/swagger.yaml
azure.com/network-routeFilter/2018-01-01/swagger.yaml,d_dedup,duplicate_of:azure.com/network-ipGroups/2019-11-01/swagger.yaml
azure.com/network-routeFilter/2018-02-01/swagger.yaml,d_dedup,duplicate_of:azure.com/network-ipGroups/2019-11-01/swagger.yaml
azure.com/network-routeFilter/2018-04-01/swagger.yaml,d_dedup,duplicate_of:azure.com/network-ipGroups/2019-11-01/swagger.yaml
azure.com/network-routeFilter/2018-06-01/swagger.yaml,d_dedup,duplicate_of:azure.com/network-ipGroups/2019-11-01/swagger.yaml
azure.com/network-routeFilter/2018-07-01/swagger.yaml,d_dedup,duplicate_of:azure.com/network-ipGroups/2019-11-01/swagger.yaml
azure.com/network-routeFilter/2018-08-01/swagger.yaml,d_dedup,duplicate_of:azure.com/network-ipGroups/2019-11-01/swagger.yaml
azure.com/network-routeFilter/2018-10-01/swagger.yaml,d_dedup,duplicate_of:azure.com/network-ipGroups/2019-11-01/swagger.yaml
azure.com/network-routeFilter/2018-11-01/swagger.yaml,d_dedup,duplicate_of:azure.com/network-ipGroups/2019-11-01/swagger.yaml
azure.com/network-routeFilter/2018-12-01/swagger.yaml,d_dedup,duplicate_of:azure.com/network-ipGroups/2019-11-01/swagger.yaml
azure.com/network-routeFilter/2019-02-01/swagger.yaml,d_dedup,duplicate_of:azure.com/network-ipGroups/2019-11-01/swagger.yaml
azure.com/network-routeFilter/2019-04-01/swagger.yaml,d_dedup,duplicate_of:azure.com/network-ipGroups/2019-11-01/swagger.yaml
azure.com/network-routeFilter/2019-06-01/swagger.yaml,d_dedup,duplicate_of:azure.com/network-ipGroups/2019-11-01/swagger.yaml
azure.com/network-routeFilter/2019-07-01/swagger.yaml,d_dedup,duplicate_of:azure.com/network-ipGroups/2019-11-01/swagger.yaml
azure.com/network-routeFilter/2019-08-01/swagger.yaml,d_dedup,duplicate_of:azure.com/network-ipGroups/2019-11-01/swagger.yaml
azure.com/network-routeTable/2015-06-15/swagger.yaml,d_dedup,duplicate_of:azure.com/network-ipGroups/2019-11-01/swagger.yaml
azure.com/network-routeTable/2016-09-01/swagger.yaml,d_dedup,duplicate_of:azure.com/network-ipGroups/2019-11-01/swagger.yaml
azure.com/network-routeTable/2016-12-01/swagger.yaml,d_dedup,duplicate_of:azure.com/network-ipGroups/2019-11-01/swagger.yaml
azure.com/network-routeTable/2017-03-01/swagger.yaml,d_dedup,duplicate_of:azure.com/network-ipGroups/2019-11-01/swagger.yaml
azure.com/network-routeTable/2017-06-01/swagger.yaml,d_dedup,duplicate_of:azure.com/network-ipGroups/2019-11-01/swagger.yaml
azure.com/network-routeTable/2017-08-01/swagger.yaml,d_dedup,duplicate_of:azure.com/network-ipGroups/2019-11-01/swagger.yaml
azure.com/network-routeTable/2017-09-01/swagger.yaml,d_dedup,duplicate_of:azure.com/network-ipGroups/2019-11-01/swagger.yaml
azure.com/network-routeTable/2017-10-01/swagger.yaml,d_dedup,duplicate_of:azure.com/network-ipGroups/2019-11-01/swagger.yaml
azure.com/network-routeTable/2017-11-01/swagger.yaml,d_dedup,duplicate_of:azure.com/network-ipGroups/2019-11-01/swagger.yaml
azure.com/network-routeTable/2018-01-01/swagger.yaml,d_dedup,duplicate_of:azure.com/network-ipGroups/2019-11-01/swagger.yaml
azure.com/network-routeTable/2018-02-01/swagger.yaml,d_dedup,duplicate_of:azure.com/network-ipGroups/2019-11-01/swagger.yaml
azure.com/network-routeTable/2018-04-01/swagger.yaml,d_dedup,duplicate_of:azure.com/network-ipGroups/2019-11-01/swagger.yaml
azure.com/network-routeTable/2018-06-01/swagger.yaml,d_dedup,duplicate_of:azure.com/network-ipGroups/2019-11-01/swagger.yaml
azure.com/network-routeTable/2018-07-01/swagger.yaml,d_dedup,duplicate_of:azure.com/network-ipGroups/2019-11-01/swagger.yaml
azure.com/network-routeTable/2018-08-01/swagger.yaml,d_dedup,duplicate_of:azure.com/network-ipGroups/2019-11-01/swagger.yaml
azure.com/network-routeTable/2018-10-01/swagger.yaml,d_dedup,duplicate_of:azure.com/network-ipGroups/2019-11-01/swagger.yaml
azure.com/network-routeTable/2018-11-01/swagger.yaml,d_dedup,duplicate_of:azure.com/network-ipGroups/2019-11-01/swagger.yaml
azure.com/network-routeTable/2018-12-01/swagger.yaml,d_dedup,duplicate_of:azure.com/network-ipGroups/2019-11-01/swagger.yaml
azure.com/network-routeTable/2019-02-01/swagger.yaml,d_dedup,duplicate_of:azure.com/network-ipGroups/2019-11-01/swagger.yaml
azure.com/network-routeTable/2019-04-01/swagger.yaml,d_dedup,duplicate_of:azure.com/network-ipGroups/2019-11-01/swagger.yaml
azure.com/network-routeTable/2019-06-01/swagger.yaml,d_dedup,duplicate_of:azure.com/network-ipGroups/2019-11-01/swagger.yaml
azure.com/network-routeTable/2019-07-01/swagger.yaml,d_dedup,duplicate_of:azure.com/network-ipGroups/2019-11-01/swagger.yaml
azure.com/network-routeTable/2019-08-01/swagger.yaml,d_dedup,duplicate_of:azure.com/network-ipGroups/2019-11-01/swagger.yaml
azure.com/network-serviceCommunity/2016-12-01/swagger.yaml,c_min_ops,only_1_ops
azure.com/network-serviceCommunity/2017-03-01/swagger.yaml,c_min_ops,only_1_ops
azure.com/network-serviceCommunity/2017-06-01/swagger.yaml,c_min_ops,only_1_ops
azure.com/network-serviceCommunity/2017-08-01/swagger.yaml,c_min_ops,only_1_ops
azure.com/network-serviceCommunity/2017-09-01/swagger.yaml,c_min_ops,only_1_ops
azure.com/network-serviceCommunity/2017-10-01/swagger.yaml,c_min_ops,only_1_ops
azure.com/network-serviceCommunity/2017-11-01/swagger.yaml,c_min_ops,only_1_ops
azure.com/network-serviceCommunity/2018-01-01/swagger.yaml,c_min_ops,only_1_ops
azure.com/network-serviceCommunity/2018-02-01/swagger.yaml,c_min_ops,only_1_ops
azure.com/network-serviceCommunity/2018-04-01/swagger.yaml,c_min_ops,only_1_ops
azure.com/network-serviceCommunity/2018-06-01/swagger.yaml,c_min_ops,only_1_ops
azure.com/network-serviceCommunity/2018-07-01/swagger.yaml,c_min_ops,only_1_ops
azure.com/network-serviceCommunity/2018-08-01/swagger.yaml,c_min_ops,only_1_ops
azure.com/network-serviceCommunity/2018-10-01/swagger.yaml,c_min_ops,only_1_ops
azure.com/network-serviceCommunity/2018-11-01/swagger.yaml,c_min_ops,only_1_ops
azure.com/network-serviceCommunity/2018-12-01/swagger.yaml,c_min_ops,only_1_ops
azure.com/network-serviceCommunity/2019-02-01/swagger.yaml,c_min_ops,only_1_ops
azure.com/network-serviceCommunity/2019-04-01/swagger.yaml,c_min_ops,only_1_ops
azure.com/network-serviceCommunity/2019-06-01/swagger.yaml,c_min_ops,only_1_ops
azure.com/network-serviceCommunity/2019-07-01/swagger.yaml,c_min_ops,only_1_ops
azure.com/network-serviceCommunity/2019-08-01/swagger.yaml,c_min_ops,only_1_ops
azure.com/network-serviceEndpointPolicy/2018-07-01/swagger.yaml,d_dedup,duplicate_of:azure.com/network-ipGroups/2019-11-01/swagger.yaml
azure.com/network-serviceEndpointPolicy/2018-08-01/swagger.yaml,d_dedup,duplicate_of:azure.com/network-ipGroups/2019-11-01/swagger.yaml
azure.com/network-serviceEndpointPolicy/2018-10-01/swagger.yaml,d_dedup,duplicate_of:azure.com/network-ipGroups/2019-11-01/swagger.yaml
azure.com/network-serviceEndpointPolicy/2018-11-01/swagger.yaml,d_dedup,duplicate_of:azure.com/network-ipGroups/2019-11-01/swagger.yaml
azure.com/network-serviceEndpointPolicy/2018-12-01/swagger.yaml,d_dedup,duplicate_of:azure.com/network-ipGroups/2019-11-01/swagger.yaml
azure.com/network-serviceEndpointPolicy/2019-02-01/swagger.yaml,d_dedup,duplicate_of:azure.com/network-ipGroups/2019-11-01/swagger.yaml
azure.com/network-serviceEndpointPolicy/2019-04-01/swagger.yaml,d_dedup,duplicate_of:azure.com/network-ipGroups/2019-11-01/swagger.yaml
azure.com/network-serviceEndpointPolicy/2019-06-01/swagger.yaml,d_dedup,duplicate_of:azure.com/network-ipGroups/2019-11-01/swagger.yaml
azure.com/network-serviceEndpointPolicy/2019-07-01/swagger.yaml,d_dedup,duplicate_of:azure.com/network-ipGroups/2019-11-01/swagger.yaml
azure.com/network-serviceEndpointPolicy/2019-08-01/swagger.yaml,d_dedup,duplicate_of:azure.com/network-ipGroups/2019-11-01/swagger.yaml
azure.com/network-serviceTags/2019-04-01/swagger.yaml,c_min_ops,only_1_ops
azure.com/network-serviceTags/2019-06-01/swagger.yaml,c_min_ops,only_1_ops
azure.com/network-serviceTags/2019-07-01/swagger.yaml,c_min_ops,only_1_ops
azure.com/network-serviceTags/2019-08-01/swagger.yaml,c_min_ops,only_1_ops
azure.com/network-usage/2015-06-15/swagger.yaml,c_min_ops,only_1_ops
azure.com/network-usage/2016-09-01/swagger.yaml,c_min_ops,only_1_ops
azure.com/network-usage/2016-12-01/swagger.yaml,c_min_ops,only_1_ops
azure.com/network-usage/2017-03-01/swagger.yaml,c_min_ops,only_1_ops
azure.com/network-usage/2017-06-01/swagger.yaml,c_min_ops,only_1_ops
azure.com/network-usage/2017-08-01/swagger.yaml,c_min_ops,only_1_ops
azure.com/network-usage/2017-09-01/swagger.yaml,c_min_ops,only_1_ops
azure.com/network-usage/2017-10-01/swagger.yaml,c_min_ops,only_1_ops
azure.com/network-usage/2017-11-01/swagger.yaml,c_min_ops,only_1_ops
azure.com/network-usage/2018-01-01/swagger.yaml,c_min_ops,only_1_ops
azure.com/network-usage/2018-02-01/swagger.yaml,c_min_ops,only_1_ops
azure.com/network-usage/2018-04-01/swagger.yaml,c_min_ops,only_1_ops
azure.com/network-usage/2018-06-01/swagger.yaml,c_min_ops,only_1_ops
azure.com/network-usage/2018-07-01/swagger.yaml,c_min_ops,only_1_ops
azure.com/network-usage/2018-08-01/swagger.yaml,c_min_ops,only_1_ops
azure.com/network-usage/2018-10-01/swagger.yaml,c_min_ops,only_1_ops
azure.com/network-usage/2018-11-01/swagger.yaml,c_min_ops,only_1_ops
azure.com/network-usage/2018-12-01/swagger.yaml,c_min_ops,only_1_ops
azure.com/network-usage/2019-02-01/swagger.yaml,c_min_ops,only_1_ops
azure.com/network-usage/2019-04-01/swagger.yaml,c_min_ops,only_1_ops
azure.com/network-usage/2019-06-01/swagger.yaml,c_min_ops,only_1_ops
azure.com/network-usage/2019-07-01/swagger.yaml,c_min_ops,only_1_ops
azure.com/network-usage/2019-08-01/swagger.yaml,c_min_ops,only_1_ops
azure.com/network-virtualNetwork/2015-06-15/swagger.yaml,d_dedup,duplicate_of:azure.com/network-ipGroups/2019-11-01/swagger.yaml
azure.com/network-virtualNetwork/2016-09-01/swagger.yaml,d_dedup,duplicate_of:azure.com/network-ipGroups/2019-11-01/swagger.yaml
azure.com/network-virtualNetwork/2016-12-01/swagger.yaml,d_dedup,duplicate_of:azure.com/network-ipGroups/2019-11-01/swagger.yaml
azure.com/network-virtualNetwork/2017-03-01/swagger.yaml,d_dedup,duplicate_of:azure.com/network-ipGroups/2019-11-01/swagger.yaml
azure.com/network-virtualNetwork/2017-06-01/swagger.yaml,d_dedup,duplicate_of:azure.com/network-ipGroups/2019-11-01/swagger.yaml
azure.com/network-virtualNetwork/2017-08-01/swagger.yaml,d_dedup,duplicate_of:azure.com/network-ipGroups/2019-11-01/swagger.yaml
azure.com/network-virtualNetwork/2017-09-01/swagger.yaml,d_dedup,duplicate_of:azure.com/network-ipGroups/2019-11-01/swagger.yaml
azure.com/network-virtualNetwork/2017-10-01/swagger.yaml,d_dedup,duplicate_of:azure.com/network-ipGroups/2019-11-01/swagger.yaml
azure.com/network-virtualNetwork/2017-11-01/swagger.yaml,d_dedup,duplicate_of:azure.com/network-ipGroups/2019-11-01/swagger.yaml
azure.com/network-virtualNetwork/2018-01-01/swagger.yaml,d_dedup,duplicate_of:azure.com/network-ipGroups/2019-11-01/swagger.yaml
azure.com/network-virtualNetwork/2018-02-01/swagger.yaml,d_dedup,duplicate_of:azure.com/network-ipGroups/2019-11-01/swagger.yaml
azure.com/network-virtualNetwork/2018-04-01/swagger.yaml,d_dedup,duplicate_of:azure.com/network-ipGroups/2019-11-01/swagger.yaml
azure.com/network-virtualNetwork/2018-06-01/swagger.yaml,d_dedup,duplicate_of:azure.com/network-ipGroups/2019-11-01/swagger.yaml
azure.com/network-virtualNetwork/2018-07-01/swagger.yaml,d_dedup,duplicate_of:azure.com/network-ipGroups/2019-11-01/swagger.yaml
azure.com/network-virtualNetwork/2018-08-01/swagger.yaml,d_dedup,duplicate_of:azure.com/network-ipGroups/2019-11-01/swagger.yaml
azure.com/network-virtualNetwork/2018-10-01/swagger.yaml,d_dedup,duplicate_of:azure.com/network-ipGroups/2019-11-01/swagger.yaml
azure.com/network-virtualNetwork/2018-11-01/swagger.yaml,d_dedup,duplicate_of:azure.com/network-ipGroups/2019-11-01/swagger.yaml
azure.com/network-virtualNetwork/2018-12-01/swagger.yaml,d_dedup,duplicate_of:azure.com/network-ipGroups/2019-11-01/swagger.yaml
azure.com/network-virtualNetwork/2019-02-01/swagger.yaml,d_dedup,duplicate_of:azure.com/network-ipGroups/2019-11-01/swagger.yaml
azure.com/network-virtualNetwork/2019-04-01/swagger.yaml,d_dedup,duplicate_of:azure.com/network-ipGroups/2019-11-01/swagger.yaml
azure.com/network-virtualNetwork/2019-06-01/swagger.yaml,d_dedup,duplicate_of:azure.com/network-ipGroups/2019-11-01/swagger.yaml
azure.com/network-virtualNetwork/2019-07-01/swagger.yaml,d_dedup,duplicate_of:azure.com/network-ipGroups/2019-11-01/swagger.yaml
azure.com/network-virtualNetwork/2019-08-01/swagger.yaml,d_dedup,duplicate_of:azure.com/network-ipGroups/2019-11-01/swagger.yaml
azure.com/network-virtualNetworkGateway/2015-06-15/swagger.yaml,d_dedup,duplicate_of:azure.com/network-ipGroups/2019-11-01/swagger.yaml
azure.com/network-virtualNetworkGateway/2016-09-01/swagger.yaml,d_dedup,duplicate_of:azure.com/network-ipGroups/2019-11-01/swagger.yaml
azure.com/network-virtualNetworkGateway/2016-12-01/swagger.yaml,d_dedup,duplicate_of:azure.com/network-ipGroups/2019-11-01/swagger.yaml
azure.com/network-virtualNetworkGateway/2017-03-01/swagger.yaml,d_dedup,duplicate_of:azure.com/network-ipGroups/2019-11-01/swagger.yaml
azure.com/network-virtualNetworkGateway/2017-06-01/swagger.yaml,d_dedup,duplicate_of:azure.com/network-ipGroups/2019-11-01/swagger.yaml
azure.com/network-virtualNetworkGateway/2017-08-01/swagger.yaml,d_dedup,duplicate_of:azure.com/network-ipGroups/2019-11-01/swagger.yaml
azure.com/network-virtualNetworkGateway/2017-09-01/swagger.yaml,d_dedup,duplicate_of:azure.com/network-ipGroups/2019-11-01/swagger.yaml
azure.com/network-virtualNetworkGateway/2017-10-01/swagger.yaml,d_dedup,duplicate_of:azure.com/network-ipGroups/2019-11-01/swagger.yaml
azure.com/network-virtualNetworkGateway/2017-11-01/swagger.yaml,d_dedup,duplicate_of:azure.com/network-ipGroups/2019-11-01/swagger.yaml
azure.com/network-virtualNetworkGateway/2018-01-01/swagger.yaml,d_dedup,duplicate_of:azure.com/network-ipGroups/2019-11-01/swagger.yaml
azure.com/network-virtualNetworkGateway/2018-02-01/swagger.yaml,d_dedup,duplicate_of:azure.com/network-ipGroups/2019-11-01/swagger.yaml
azure.com/network-virtualNetworkGateway/2018-04-01/swagger.yaml,d_dedup,duplicate_of:azure.com/network-ipGroups/2019-11-01/swagger.yaml
azure.com/network-virtualNetworkGateway/2018-06-01/swagger.yaml,d_dedup,duplicate_of:azure.com/network-ipGroups/2019-11-01/swagger.yaml
azure.com/network-virtualNetworkGateway/2018-07-01/swagger.yaml,d_dedup,duplicate_of:azure.com/network-ipGroups/2019-11-01/swagger.yaml
azure.com/network-virtualNetworkGateway/2018-08-01/swagger.yaml,d_dedup,duplicate_of:azure.com/network-ipGroups/2019-11-01/swagger.yaml
azure.com/network-virtualNetworkGateway/2018-10-01/swagger.yaml,d_dedup,duplicate_of:azure.com/network-ipGroups/2019-11-01/swagger.yaml
azure.com/network-virtualNetworkGateway/2018-11-01/swagger.yaml,d_dedup,duplicate_of:azure.com/network-ipGroups/2019-11-01/swagger.yaml
azure.com/network-virtualNetworkGateway/2018-12-01/swagger.yaml,d_dedup,duplicate_of:azure.com/network-ipGroups/2019-11-01/swagger.yaml
azure.com/network-virtualNetworkGateway/2019-02-01/swagger.yaml,d_dedup,duplicate_of:azure.com/network-ipGroups/2019-11-01/swagger.yaml
azure.com/network-virtualNetworkGateway/2019-04-01/swagger.yaml,d_dedup,duplicate_of:azure.com/network-ipGroups/2019-11-01/swagger.yaml
azure.com/network-virtualNetworkGateway/2019-06-01/swagger.yaml,d_dedup,duplicate_of:azure.com/network-ipGroups/2019-11-01/swagger.yaml
azure.com/network-virtualNetworkGateway/2019-07-01/swagger.yaml,d_dedup,duplicate_of:azure.com/network-ipGroups/2019-11-01/swagger.yaml
azure.com/network-virtualNetworkGateway/2019-08-01/swagger.yaml,d_dedup,duplicate_of:azure.com/network-ipGroups/2019-11-01/swagger.yaml
azure.com/network-virtualNetworkTap/2018-08-01/swagger.yaml,d_dedup,duplicate_of:azure.com/network-ipGroups/2019-11-01/swagger.yaml
azure.com/network-virtualNetworkTap/2018-10-01/swagger.yaml,d_dedup,duplicate_of:azure.com/network-ipGroups/2019-11-01/swagger.yaml
azure.com/network-virtualNetworkTap/2018-11-01/swagger.yaml,d_dedup,duplicate_of:azure.com/network-ipGroups/2019-11-01/swagger.yaml
azure.com/network-virtualNetworkTap/2018-12-01/swagger.yaml,d_dedup,duplicate_of:azure.com/network-ipGroups/2019-11-01/swagger.yaml
azure.com/network-virtualNetworkTap/2019-02-01/swagger.yaml,d_dedup,duplicate_of:azure.com/network-ipGroups/2019-11-01/swagger.yaml
azure.com/network-virtualNetworkTap/2019-04-01/swagger.yaml,d_dedup,duplicate_of:azure.com/network-ipGroups/2019-11-01/swagger.yaml
azure.com/network-virtualNetworkTap/2019-06-01/swagger.yaml,d_dedup,duplicate_of:azure.com/network-ipGroups/2019-11-01/swagger.yaml
azure.com/network-virtualNetworkTap/2019-07-01/swagger.yaml,d_dedup,duplicate_of:azure.com/network-ipGroups/2019-11-01/swagger.yaml
azure.com/network-virtualNetworkTap/2019-08-01/swagger.yaml,d_dedup,duplicate_of:azure.com/network-ipGroups/2019-11-01/swagger.yaml
azure.com/network-virtualRouter/2019-07-01/swagger.yaml,d_dedup,duplicate_of:azure.com/network-ipGroups/2019-11-01/swagger.yaml
azure.com/network-virtualRouter/2019-08-01/swagger.yaml,d_dedup,duplicate_of:azure.com/network-ipGroups/2019-11-01/swagger.yaml
azure.com/network-virtualRouter/2019-09-01/swagger.yaml,d_dedup,duplicate_of:azure.com/network-ipGroups/2019-11-01/swagger.yaml
azure.com/network-virtualRouter/2019-11-01/swagger.yaml,d_dedup,duplicate_of:azure.com/network-ipGroups/2019-11-01/swagger.yaml
azure.com/network-virtualWan/2018-04-01/swagger.yaml,d_dedup,superseded_by:azure.com/network-virtualWan/2018-06-01/swagger.yaml
azure.com/network-virtualWan/2018-06-01/swagger.yaml,d_dedup,superseded_by:azure.com/network-virtualWan/2018-07-01/swagger.yaml
azure.com/network-virtualWan/2018-07-01/swagger.yaml,d_dedup,superseded_by:azure.com/network-virtualWan/2018-08-01/swagger.yaml
azure.com/network-virtualWan/2018-08-01/swagger.yaml,d_dedup,superseded_by:azure.com/network-virtualWan/2018-10-01/swagger.yaml
azure.com/network-virtualWan/2018-10-01/swagger.yaml,d_dedup,superseded_by:azure.com/network-virtualWan/2018-11-01/swagger.yaml
azure.com/network-virtualWan/2018-11-01/swagger.yaml,d_dedup,superseded_by:azure.com/network-virtualWan/2018-12-01/swagger.yaml
azure.com/network-virtualWan/2018-12-01/swagger.yaml,d_dedup,superseded_by:azure.com/network-virtualWan/2019-02-01/swagger.yaml
azure.com/network-virtualWan/2019-02-01/swagger.yaml,d_dedup,superseded_by:azure.com/network-virtualWan/2019-04-01/swagger.yaml
azure.com/network-virtualWan/2019-04-01/swagger.yaml,d_dedup,superseded_by:azure.com/network-virtualWan/2019-06-01/swagger.yaml
azure.com/network-virtualWan/2019-06-01/swagger.yaml,d_dedup,superseded_by:azure.com/network-virtualWan/2019-07-01/swagger.yaml
azure.com/network-vmssNetworkInterface/2015-06-15/swagger.yaml,d_dedup,duplicate_of:azure.com/network-ipGroups/2019-11-01/swagger.yaml
azure.com/network-vmssNetworkInterface/2016-09-01/swagger.yaml,d_dedup,duplicate_of:azure.com/network-ipGroups/2019-11-01/swagger.yaml
azure.com/network-vmssNetworkInterface/2016-12-01/swagger.yaml,d_dedup,duplicate_of:azure.com/network-ipGroups/2019-11-01/swagger.yaml
azure.com/network-vmssNetworkInterface/2017-03-30/swagger.yaml,d_dedup,duplicate_of:azure.com/network-ipGroups/2019-11-01/swagger.yaml
azure.com/network-vmssNetworkInterface/2018-10-01/swagger.yaml,d_dedup,duplicate_of:azure.com/network-ipGroups/2019-11-01/swagger.yaml
azure.com/network-vmssPublicIpAddress/2017-03-30/swagger.yaml,d_dedup,duplicate_of:azure.com/network-ipGroups/2019-11-01/swagger.yaml
azure.com/network-vmssPublicIpAddress/2018-10-01/swagger.yaml,d_dedup,duplicate_of:azure.com/network-ipGroups/2019-11-01/swagger.yaml
azure.com/network/2016-03-30/swagger.yaml,d_dedup,duplicate_of:azure.com/network-ipGroups/2019-11-01/swagger.yaml
azure.com/network/2016-06-01/swagger.yaml,d_dedup,duplicate_of:azure.com/network-ipGroups/2019-11-01/swagger.yaml
azure.com/notificationhubs/2014-09-01/swagger.yaml,d_dedup,superseded_by:azure.com/notificationhubs/2016-03-01/swagger.yaml
azure.com/notificationhubs/2016-03-01/swagger.yaml,d_dedup,superseded_by:azure.com/notificationhubs/2017-04-01/swagger.yaml
azure.com/operationalinsights-OperationalInsights/2015-03-20/swagger.yaml,d_dedup,duplicate_of:azure.com/operationalinsights-Clusters/2019-08-01-preview/swagger.yaml
azure.com/operationalinsights-OperationalInsights/2015-11-01-preview/swagger.yaml,d_dedup,duplicate_of:azure.com/operationalinsights-Clusters/2019-08-01-preview/swagger.yaml
azure.com/operationalinsights-OperationalInsights/2019-08-01-preview/swagger.yaml,d_dedup,duplicate_of:azure.com/operationalinsights-Clusters/2019-08-01-preview/swagger.yaml
azure.com/operationalinsights-swagger/2017-10-01/swagger.yaml,c_min_ops,only_2_ops
azure.com/peering/2019-03-01-preview/swagger.yaml,d_dedup,superseded_by:azure.com/peering/2019-06-01-preview/swagger.yaml
azure.com/peering/2019-06-01-preview/swagger.yaml,d_dedup,superseded_by:azure.com/peering/2019-07-01-preview/swagger.yaml
azure.com/peering/2019-07-01-preview/swagger.yaml,d_dedup,superseded_by:azure.com/peering/2019-08-01-preview/swagger.yaml
azure.com/peering/2019-08-01-preview/swagger.yaml,d_dedup,superseded_by:azure.com/peering/2019-09-01-preview/swagger.yaml
azure.com/peering/2019-09-01-preview/swagger.yaml,d_dedup,superseded_by:azure.com/peering/2020-01-01-preview/swagger.yaml
azure.com/policyinsights-policyEvents/2017-08-09-preview/swagger.yaml,d_dedup,superseded_by:azure.com/policyinsights-policyEvents/2017-10-17-preview/swagger.yaml
azure.com/policyinsights-policyEvents/2017-10-17-preview/swagger.yaml,d_dedup,superseded_by:azure.com/policyinsights-policyEvents/2017-12-12-preview/swagger.yaml
azure.com/policyinsights-policyEvents/2017-12-12-preview/swagger.yaml,d_dedup,superseded_by:azure.com/policyinsights-policyEvents/2018-04-04/swagger.yaml
azure.com/policyinsights-policyMetadata/2019-10-01/swagger.yaml,c_min_ops,only_2_ops
azure.com/policyinsights-policyStates/2017-08-09-preview/swagger.yaml,d_dedup,superseded_by:azure.com/policyinsights-policyStates/2017-10-17-preview/swagger.yaml
azure.com/policyinsights-policyStates/2017-10-17-preview/swagger.yaml,d_dedup,superseded_by:azure.com/policyinsights-policyStates/2017-12-12-preview/swagger.yaml
azure.com/policyinsights-policyStates/2017-12-12-preview/swagger.yaml,d_dedup,superseded_by:azure.com/policyinsights-policyStates/2018-04-04/swagger.yaml
azure.com/policyinsights-policyStates/2018-04-04/swagger.yaml,d_dedup,superseded_by:azure.com/policyinsights-policyStates/2018-07-01-preview/swagger.yaml
azure.com/policyinsights-policyStates/2018-07-01-preview/swagger.yaml,d_dedup,superseded_by:azure.com/policyinsights-policyStates/2019-10-01/swagger.yaml
azure.com/policyinsights-remediations/2018-07-01-preview/swagger.yaml,d_dedup,superseded_by:azure.com/policyinsights-remediations/2019-07-01/swagger.yaml
azure.com/portal/2015-08-01-preview/swagger.yaml,d_dedup,superseded_by:azure.com/portal/2018-10-01-preview/swagger.yaml
azure.com/portal/2018-10-01-preview/swagger.yaml,d_dedup,superseded_by:azure.com/portal/2019-01-01-preview/swagger.yaml
azure.com/postgresql-PrivateEndpointConnections/2018-06-01-privatepreview/swagger.yaml,d_dedup,duplicate_of:azure.com/postgresql-DataEncryptionKeys/2020-01-01-privatepreview/swagger.yaml
azure.com/postgresql-PrivateEndpointConnections/2018-06-01/swagger.yaml,d_dedup,duplicate_of:azure.com/postgresql-DataEncryptionKeys/2020-01-01-privatepreview/swagger.yaml
azure.com/postgresql-PrivateLinkResources/2018-06-01-privatepreview/swagger.yaml,c_min_ops,only_2_ops
azure.com/postgresql-PrivateLinkResources/2018-06-01/swagger.yaml,c_min_ops,only_2_ops
azure.com/postgresql/2017-04-30-preview/swagger.yaml,d_dedup,duplicate_of:azure.com/postgresql-DataEncryptionKeys/2020-01-01-privatepreview/swagger.yaml
azure.com/postgresql/2017-12-01-preview/swagger.yaml,d_dedup,duplicate_of:azure.com/postgresql-DataEncryptionKeys/2020-01-01-privatepreview/swagger.yaml
azure.com/postgresql/2017-12-01/swagger.yaml,d_dedup,duplicate_of:azure.com/postgresql-DataEncryptionKeys/2020-01-01-privatepreview/swagger.yaml
azure.com/provisioningservices-iotdps/2017-08-21-preview/swagger.yaml,d_dedup,duplicate_of:azure.com/deviceprovisioningservices-iotdps/2018-01-22/swagger.yaml
azure.com/provisioningservices-iotdps/2017-11-15/swagger.yaml,d_dedup,duplicate_of:azure.com/deviceprovisioningservices-iotdps/2018-01-22/swagger.yaml
azure.com/recoveryservices-registeredidentities/2016-06-01/swagger.yaml,c_min_ops,only_2_ops
azure.com/recoveryservices-replicationusages/2016-06-01/swagger.yaml,c_min_ops,only_1_ops
azure.com/recoveryservices-vaultusages/2016-06-01/swagger.yaml,c_min_ops,only_1_ops
azure.com/recoveryservicesbackup-backupManagement/2016-12-01/swagger.yaml,d_dedup,duplicate_of:azure.com/recoveryservices-backup/2016-12-01/swagger.yaml
azure.com/recoveryservicesbackup-bms/2016-12-01/swagger.yaml,d_dedup,duplicate_of:azure.com/recoveryservices-backup/2016-12-01/swagger.yaml
azure.com/recoveryservices-backup/2016-12-01/swagger.yaml,d_dedup,superseded_by:azure.com/recoveryservicesbackup-bms/2017-07-01/swagger.yaml
azure.com/recoveryservicesbackup-bms/2017-07-01/swagger.yaml,d_dedup,superseded_by:azure.com/recoveryservicesbackup-bms/2018-12-20/swagger.yaml
azure.com/recoveryservicesbackup-bms/2018-12-20/swagger.yaml,d_dedup,superseded_by:azure.com/recoveryservicesbackup-bms/2019-05-13/swagger.yaml
azure.com/recoveryservicesbackup-bms/2019-05-13/swagger.yaml,d_dedup,superseded_by:azure.com/recoveryservicesbackup-bms/2019-06-15/swagger.yaml
azure.com/recoveryservicesbackup-jobs/2017-07-01/swagger.yaml,c_min_ops,only_2_ops
azure.com/recoveryservicesbackup-operations/2016-08-10/swagger.yaml,c_min_ops,only_1_ops
azure.com/recoveryservicesbackup-registeredIdentities/2016-06-01/swagger.yaml,c_min_ops,only_1_ops
azure.com/recoveryservicesbackup/2016-06-01/swagger.yaml,d_dedup,duplicate_of:azure.com/recoveryservicesbackup-bms/2019-06-15/swagger.yaml
azure.com/recoveryservicessiterecovery-service/2016-08-10/swagger.yaml,d_dedup,superseded_by:azure.com/recoveryservicessiterecovery-service/2018-01-10/swagger.yaml
azure.com/recoveryservicessiterecovery-service/2018-01-10/swagger.yaml,d_dedup,superseded_by:azure.com/recoveryservicessiterecovery-service/2018-07-10/swagger.yaml
azure.com/redis/2015-08-01/swagger.yaml,d_dedup,superseded_by:azure.com/redis/2016-04-01/swagger.yaml
azure.com/redis/2016-04-01/swagger.yaml,d_dedup,superseded_by:azure.com/redis/2017-02-01/swagger.yaml
azure.com/redis/2017-02-01/swagger.yaml,d_dedup,superseded_by:azure.com/redis/2017-10-01/swagger.yaml
azure.com/redis/2017-10-01/swagger.yaml,d_dedup,superseded_by:azure.com/redis/2018-03-01/swagger.yaml
azure.com/redis/2018-03-01/swagger.yaml,d_dedup,superseded_by:azure.com/redis/2019-07-01/swagger.yaml
azure.com/relay/2016-07-01/swagger.yaml,d_dedup,superseded_by:azure.com/relay/2017-04-01/swagger.yaml
azure.com/reservations/2017-11-01/swagger.yaml,d_dedup,duplicate_of:azure.com/reservations-quota/2019-07-19-preview/swagger.yaml
azure.com/reservations/2018-06-01/swagger.yaml,d_dedup,duplicate_of:azure.com/reservations-quota/2019-07-19-preview/swagger.yaml
azure.com/reservations/2019-04-01/swagger.yaml,d_dedup,duplicate_of:azure.com/reservations-quota/2019-07-19-preview/swagger.yaml
azure.com/resourcegraph/2019-04-01/swagger.yaml,c_min_ops,only_2_ops
azure.com/resourcehealth-ResourceHealth/2018-07-01/swagger.yaml,d_dedup,duplicate_of:azure.com/resourcehealth-ResourceHealth/2018-07-01-preview/swagger.yaml
azure.com/resourcehealth/2015-01-01/swagger.yaml,d_dedup,duplicate_of:azure.com/resourcehealth-ResourceHealth/2018-07-01-preview/swagger.yaml
azure.com/resourcehealth/2017-07-01/swagger.yaml,d_dedup,duplicate_of:azure.com/resourcehealth-ResourceHealth/2018-07-01-preview/swagger.yaml
azure.com/resources-locks/2015-01-01/swagger.yaml,d_dedup,superseded_by:azure.com/resources-locks/2016-09-01/swagger.yaml
azure.com/resources-managedapplications/2017-09-01/swagger.yaml,d_dedup,superseded_by:azure.com/resources-managedapplications/2018-06-01/swagger.yaml
azure.com/resources-managedapplications/2018-06-01/swagger.yaml,d_dedup,superseded_by:azure.com/resources-managedapplications/2019-07-01/swagger.yaml
azure.com/resources-management/2017-08-31-preview/swagger.yaml,d_dedup,duplicate_of:azure.com/managementgroups-management/2019-11-01/swagger.yaml
azure.com/resources-policy/2015-10-01-preview/swagger.yaml,d_dedup,superseded_by:azure.com/resources-policy/2016-04-01/swagger.yaml
azure.com/resources-policy/2016-04-01/swagger.yaml,d_dedup,superseded_by:azure.com/resources-policyAssignments/2016-12-01/swagger.yaml
azure.com/resources-policyAssignments/2016-12-01/swagger.yaml,d_dedup,superseded_by:azure.com/resources-policyAssignments/2017-06-01-preview/swagger.yaml
azure.com/resources-policyAssignments/2017-06-01-preview/swagger.yaml,d_dedup,superseded_by:azure.com/resources-policyAssignments/2018-03-01/swagger.yaml
azure.com/resources-policyAssignments/2018-03-01/swagger.yaml,d_dedup,superseded_by:azure.com/resources-policyAssignments/2018-05-01/swagger.yaml
azure.com/resources-policyAssignments/2018-05-01/swagger.yaml,d_dedup,superseded_by:azure.com/resources-policyAssignments/2019-01-01/swagger.yaml
azure.com/resources-policyAssignments/2019-01-01/swagger.yaml,d_dedup,superseded_by:azure.com/resources-policyAssignments/2019-06-01/swagger.yaml
azure.com/resources-policyAssignments/2019-06-01/swagger.yaml,d_dedup,superseded_by:azure.com/resources-policyAssignments/2019-09-01/swagger.yaml
azure.com/resources-policyDefinitions/2016-12-01/swagger.yaml,d_dedup,duplicate_of:azure.com/resources-policyAssignments/2019-09-01/swagger.yaml
azure.com/resources-policyDefinitions/2018-03-01/swagger.yaml,d_dedup,duplicate_of:azure.com/resources-policyAssignments/2019-09-01/swagger.yaml
azure.com/resources-policyDefinitions/2018-05-01/swagger.yaml,d_dedup,duplicate_of:azure.com/resources-policyAssignments/2019-09-01/swagger.yaml
azure.com/resources-policyDefinitions/2019-01-01/swagger.yaml,d_dedup,duplicate_of:azure.com/resources-policyAssignments/2019-09-01/swagger.yaml
azure.com/resources-policyDefinitions/2019-06-01/swagger.yaml,d_dedup,duplicate_of:azure.com/resources-policyAssignments/2019-09-01/swagger.yaml
azure.com/resources-policyDefinitions/2019-09-01/swagger.yaml,d_dedup,duplicate_of:azure.com/resources-policyAssignments/2019-09-01/swagger.yaml
azure.com/resources-policySetDefinitions/2017-06-01-preview/swagger.yaml,d_dedup,duplicate_of:azure.com/resources-policyAssignments/2019-09-01/swagger.yaml
azure.com/resources-policySetDefinitions/2018-03-01/swagger.yaml,d_dedup,duplicate_of:azure.com/resources-policyAssignments/2019-09-01/swagger.yaml
azure.com/resources-policySetDefinitions/2018-05-01/swagger.yaml,d_dedup,duplicate_of:azure.com/resources-policyAssignments/2019-09-01/swagger.yaml
azure.com/resources-policySetDefinitions/2019-01-01/swagger.yaml,d_dedup,duplicate_of:azure.com/resources-policyAssignments/2019-09-01/swagger.yaml
azure.com/resources-policySetDefinitions/2019-06-01/swagger.yaml,d_dedup,duplicate_of:azure.com/resources-policyAssignments/2019-09-01/swagger.yaml
azure.com/resources-policySetDefinitions/2019-09-01/swagger.yaml,d_dedup,duplicate_of:azure.com/resources-policyAssignments/2019-09-01/swagger.yaml
azure.com/resources-subscriptions/2015-11-01/swagger.yaml,d_dedup,duplicate_of:azure.com/azsadmin-Offer/2015-11-01/swagger.yaml
azure.com/azsadmin-Offer/2015-11-01/swagger.yaml,d_dedup,superseded_by:azure.com/resources-subscriptions/2016-06-01/swagger.yaml
azure.com/resources-subscriptions/2016-06-01/swagger.yaml,d_dedup,superseded_by:azure.com/resources-subscriptions/2018-06-01/swagger.yaml
azure.com/resources-subscriptions/2018-06-01/swagger.yaml,d_dedup,superseded_by:azure.com/resources-subscriptions/2019-06-01/swagger.yaml
azure.com/resources-subscriptions/2019-06-01/swagger.yaml,d_dedup,superseded_by:azure.com/resources-subscriptions/2019-11-01/swagger.yaml
azure.com/resources/2015-11-01/swagger.yaml,d_dedup,superseded_by:azure.com/resources/2016-02-01/swagger.yaml
azure.com/resources/2016-02-01/swagger.yaml,d_dedup,superseded_by:azure.com/resources/2016-07-01/swagger.yaml
azure.com/resources/2016-07-01/swagger.yaml,d_dedup,superseded_by:azure.com/resources/2016-09-01/swagger.yaml
azure.com/resources/2016-09-01/swagger.yaml,d_dedup,superseded_by:azure.com/resources/2017-05-10/swagger.yaml
azure.com/resources/2017-05-10/swagger.yaml,d_dedup,superseded_by:azure.com/resources/2018-02-01/swagger.yaml
azure.com/resources/2018-02-01/swagger.yaml,d_dedup,superseded_by:azure.com/resources/2018-05-01/swagger.yaml
azure.com/resources/2018-05-01/swagger.yaml,d_dedup,superseded_by:azure.com/resources/2019-03-01/swagger.yaml
azure.com/resources/2019-03-01/swagger.yaml,d_dedup,superseded_by:azure.com/resources/2019-05-01/swagger.yaml
azure.com/resources/2019-05-01/swagger.yaml,d_dedup,superseded_by:azure.com/resources/2019-05-10/swagger.yaml
azure.com/resources/2019-05-10/swagger.yaml,d_dedup,superseded_by:azure.com/resources/2019-07-01/swagger.yaml
azure.com/resources/2019-07-01/swagger.yaml,d_dedup,superseded_by:azure.com/resources/2019-08-01/swagger.yaml
azure.com/resources/2019-08-01/swagger.yaml,d_dedup,superseded_by:azure.com/resources/2019-10-01/swagger.yaml
azure.com/scheduler/2014-08-01-preview/swagger.yaml,d_dedup,superseded_by:azure.com/scheduler/2016-01-01/swagger.yaml
azure.com/scheduler/2016-01-01/swagger.yaml,d_dedup,superseded_by:azure.com/scheduler/2016-03-01/swagger.yaml
azure.com/search-searchindex/2015-02-28-Preview/swagger.yaml,c_min_ops,only_1_ops
azure.com/search-searchindex/2015-02-28/swagger.yaml,c_min_ops,only_1_ops
azure.com/search-searchindex/2016-09-01-Preview/swagger.yaml,c_min_ops,only_1_ops
azure.com/search-searchindex/2016-09-01/swagger.yaml,c_min_ops,only_1_ops
azure.com/search-searchindex/2017-11-11/swagger.yaml,c_min_ops,only_1_ops
azure.com/search-searchindex/2017-11-11-Preview/swagger.yaml,d_dedup,superseded_by:azure.com/search-searchindex/2019-05-06-Preview/swagger.yaml
azure.com/search-searchindex/2019-05-06/swagger.yaml,d_dedup,duplicate_of:azure.com/search-searchindex/2019-05-06-Preview/swagger.yaml
azure.com/search-searchservice/2015-02-28/swagger.yaml,d_dedup,duplicate_of:azure.com/search-searchservice/2015-02-28-Preview/swagger.yaml
azure.com/search-searchservice/2015-02-28-Preview/swagger.yaml,d_dedup,superseded_by:azure.com/search-searchservice/2016-09-01-Preview/swagger.yaml
azure.com/search-searchservice/2016-09-01/swagger.yaml,d_dedup,duplicate_of:azure.com/search-searchservice/2016-09-01-Preview/swagger.yaml
azure.com/search-searchservice/2016-09-01-Preview/swagger.yaml,d_dedup,superseded_by:azure.com/search-searchservice/2017-11-11-Preview/swagger.yaml
azure.com/search-searchservice/2017-11-11/swagger.yaml,d_dedup,duplicate_of:azure.com/search-searchservice/2017-11-11-Preview/swagger.yaml
azure.com/search-searchservice/2017-11-11-Preview/swagger.yaml,d_dedup,superseded_by:azure.com/search-searchservice/2019-05-06-Preview/swagger.yaml
azure.com/search-searchservice/2019-05-06/swagger.yaml,d_dedup,duplicate_of:azure.com/search-searchservice/2019-05-06-Preview/swagger.yaml
azure.com/search/2015-02-28/swagger.yaml,d_dedup,superseded_by:azure.com/search/2015-08-19/swagger.yaml
azure.com/search/2015-08-19/swagger.yaml,d_dedup,superseded_by:azure.com/search/2019-10-01-preview/swagger.yaml
azure.com/security-advancedThreatProtectionSettings/2017-08-01-preview/swagger.yaml,c_min_ops,only_2_ops
azure.com/security-advancedThreatProtectionSettings/2019-01-01/swagger.yaml,c_min_ops,only_2_ops
azure.com/security-alerts/2015-06-01-preview/swagger.yaml,d_dedup,duplicate_of:azure.com/security-adaptiveNetworkHardenings/2015-06-01-preview/swagger.yaml
azure.com/security-adaptiveNetworkHardenings/2015-06-01-preview/swagger.yaml,d_dedup,superseded_by:azure.com/security-alerts/2019-01-01/swagger.yaml
azure.com/security-allowedConnections/2015-06-01-preview/swagger.yaml,d_dedup,duplicate_of:azure.com/security-alerts/2019-01-01/swagger.yaml
azure.com/security-applicationWhitelistings/2015-06-01-preview/swagger.yaml,d_dedup,duplicate_of:azure.com/security-alerts/2019-01-01/swagger.yaml
azure.com/security-assessmentMetadata/2019-01-01-preview/swagger.yaml,d_dedup,duplicate_of:azure.com/security-alerts/2019-01-01/swagger.yaml
azure.com/security-alerts/2019-01-01/swagger.yaml,d_dedup,superseded_by:azure.com/security-assessmentMetadata/2020-01-01/swagger.yaml
azure.com/security-assessments/2019-01-01-preview/swagger.yaml,d_dedup,duplicate_of:azure.com/security-assessmentMetadata/2020-01-01/swagger.yaml
azure.com/security-assessments/2020-01-01/swagger.yaml,d_dedup,duplicate_of:azure.com/security-assessmentMetadata/2020-01-01/swagger.yaml
azure.com/security-autoProvisioningSettings/2017-08-01-preview/swagger.yaml,d_dedup,duplicate_of:azure.com/security-assessmentMetadata/2020-01-01/swagger.yaml
azure.com/security-automations/2019-01-01-preview/swagger.yaml,d_dedup,duplicate_of:azure.com/security-assessmentMetadata/2020-01-01/swagger.yaml
azure.com/security-complianceResults/2017-08-01/swagger.yaml,c_min_ops,only_2_ops
azure.com/security-compliances/2017-08-01-preview/swagger.yaml,c_min_ops,only_2_ops
azure.com/security-deviceSecurityGroups/2017-08-01-preview/swagger.yaml,d_dedup,duplicate_of:azure.com/security-assessmentMetadata/2020-01-01/swagger.yaml
azure.com/security-deviceSecurityGroups/2019-08-01/swagger.yaml,d_dedup,duplicate_of:azure.com/security-assessmentMetadata/2020-01-01/swagger.yaml
azure.com/security-discoveredSecuritySolutions/2015-06-01-preview/swagger.yaml,d_dedup,duplicate_of:azure.com/security-assessmentMetadata/2020-01-01/swagger.yaml
azure.com/security-externalSecuritySolutions/2015-06-01-preview/swagger.yaml,d_dedup,duplicate_of:azure.com/security-assessmentMetadata/2020-01-01/swagger.yaml
azure.com/security-informationProtectionPolicies/2017-08-01-preview/swagger.yaml,d_dedup,duplicate_of:azure.com/security-assessmentMetadata/2020-01-01/swagger.yaml
azure.com/security-iotSecuritySolutionAnalytics/2017-08-01-preview/swagger.yaml,d_dedup,duplicate_of:azure.com/security-assessmentMetadata/2020-01-01/swagger.yaml
azure.com/security-iotSecuritySolutionAnalytics/2019-08-01/swagger.yaml,d_dedup,duplicate_of:azure.com/security-assessmentMetadata/2020-01-01/swagger.yaml
azure.com/security-iotSecuritySolutions/2017-08-01-preview/swagger.yaml,d_dedup,duplicate_of:azure.com/security-assessmentMetadata/2020-01-01/swagger.yaml
azure.com/security-iotSecuritySolutions/2019-08-01/swagger.yaml,d_dedup,duplicate_of:azure.com/security-assessmentMetadata/2020-01-01/swagger.yaml
azure.com/security-jitNetworkAccessPolicies/2015-06-01-preview/swagger.yaml,d_dedup,duplicate_of:azure.com/security-assessmentMetadata/2020-01-01/swagger.yaml
azure.com/security-locations/2015-06-01-preview/swagger.yaml,c_min_ops,only_2_ops
azure.com/security-operations/2015-06-01-preview/swagger.yaml,c_min_ops,only_1_ops
azure.com/security-pricings/2017-08-01-preview/swagger.yaml,d_dedup,duplicate_of:azure.com/security-assessmentMetadata/2020-01-01/swagger.yaml
azure.com/security-pricings/2018-06-01/swagger.yaml,d_dedup,duplicate_of:azure.com/security-assessmentMetadata/2020-01-01/swagger.yaml
azure.com/security-regulatoryCompliance/2019-01-01-preview/swagger.yaml,d_dedup,duplicate_of:azure.com/security-assessmentMetadata/2020-01-01/swagger.yaml
azure.com/security-securityContacts/2017-08-01-preview/swagger.yaml,d_dedup,duplicate_of:azure.com/security-assessmentMetadata/2020-01-01/swagger.yaml
azure.com/security-serverVulnerabilityAssessments/2019-01-01-preview/swagger.yaml,d_dedup,duplicate_of:azure.com/security-assessmentMetadata/2020-01-01/swagger.yaml
azure.com/security-subAssessments/2019-01-01-preview/swagger.yaml,d_dedup,duplicate_of:azure.com/security-assessmentMetadata/2020-01-01/swagger.yaml
azure.com/security-tasks/2015-06-01-preview/swagger.yaml,d_dedup,duplicate_of:azure.com/security-assessmentMetadata/2020-01-01/swagger.yaml
azure.com/security-topologies/2015-06-01-preview/swagger.yaml,d_dedup,duplicate_of:azure.com/security-assessmentMetadata/2020-01-01/swagger.yaml
azure.com/security-workspaceSettings/2017-08-01-preview/swagger.yaml,d_dedup,duplicate_of:azure.com/security-assessmentMetadata/2020-01-01/swagger.yaml
azure.com/security/2015-06-01-preview/swagger.yaml,d_dedup,duplicate_of:azure.com/security-assessmentMetadata/2020-01-01/swagger.yaml
azure.com/security/2017-08-01-preview/swagger.yaml,d_dedup,duplicate_of:azure.com/security-assessmentMetadata/2020-01-01/swagger.yaml
azure.com/securityinsights-SecurityInsights/2019-01-01-preview/swagger.yaml,d_dedup,superseded_by:azure.com/securityinsights-SecurityInsights/2020-01-01/swagger.yaml
azure.com/servermanagement/2015-07-01-preview/swagger.yaml,d_dedup,superseded_by:azure.com/servermanagement/2016-07-01-preview/swagger.yaml
azure.com/servicebus/2014-09-01/swagger.yaml,d_dedup,duplicate_of:azure.com/servicebus-servicebus-preview/2018-01-01-preview/swagger.yaml
azure.com/servicebus/2015-08-01/swagger.yaml,d_dedup,duplicate_of:azure.com/servicebus-servicebus-preview/2018-01-01-preview/swagger.yaml
azure.com/servicebus/2017-04-01/swagger.yaml,d_dedup,duplicate_of:azure.com/servicebus-servicebus-preview/2018-01-01-preview/swagger.yaml
azure.com/servicefabric-application/2017-07-01-preview/swagger.yaml,d_dedup,superseded_by:azure.com/servicefabric-application/2019-03-01-preview/swagger.yaml
azure.com/servicefabric-application/2019-03-01/swagger.yaml,d_dedup,duplicate_of:azure.com/servicefabric-application/2019-03-01-preview/swagger.yaml
azure.com/servicefabric-application/2019-03-01-preview/swagger.yaml,d_dedup,superseded_by:azure.com/servicefabric-application/2019-06-01-preview/swagger.yaml
azure.com/servicefabric-cluster/2018-02-01/swagger.yaml,d_dedup,duplicate_of:azure.com/servicefabric-application/2019-06-01-preview/swagger.yaml
azure.com/servicefabric-cluster/2019-03-01-preview/swagger.yaml,d_dedup,duplicate_of:azure.com/servicefabric-application/2019-06-01-preview/swagger.yaml
azure.com/servicefabric-cluster/2019-03-01/swagger.yaml,d_dedup,duplicate_of:azure.com/servicefabric-application/2019-06-01-preview/swagger.yaml
azure.com/servicefabric-cluster/2019-06-01-preview/swagger.yaml,d_dedup,duplicate_of:azure.com/servicefabric-application/2019-06-01-preview/swagger.yaml
azure.com/servicefabric/2016-09-01/swagger.yaml,d_dedup,duplicate_of:azure.com/servicefabric-application/2019-06-01-preview/swagger.yaml
azure.com/servicefabric/2017-07-01-preview/swagger.yaml,d_dedup,duplicate_of:azure.com/servicefabric-application/2019-06-01-preview/swagger.yaml
azure.com/servicefabric/5.6/swagger.yaml,d_dedup,superseded_by:azure.com/servicefabric/6.0.0.1/swagger.yaml
azure.com/servicefabric/6.0.0.1/swagger.yaml,d_dedup,superseded_by:azure.com/servicefabric/6.1.2/swagger.yaml
azure.com/servicefabric/6.1.2/swagger.yaml,d_dedup,superseded_by:azure.com/servicefabric/6.2.0.9/swagger.yaml
azure.com/servicefabric/6.2.0.9/swagger.yaml,d_dedup,superseded_by:azure.com/servicefabric/6.3.0.9/swagger.yaml
azure.com/servicefabric/6.3.0.9/swagger.yaml,d_dedup,superseded_by:azure.com/servicefabric/6.4.0.36/swagger.yaml
azure.com/servicefabric/6.4.0.36/swagger.yaml,d_dedup,superseded_by:azure.com/servicefabric/6.5.0.36/swagger.yaml
azure.com/servicefabric/6.5.0.36/swagger.yaml,d_dedup,superseded_by:azure.com/servicefabric/7.0.0.42/swagger.yaml
azure.com/servicefabricmesh/2018-07-01-preview/swagger.yaml,d_dedup,superseded_by:azure.com/servicefabricmesh/2018-09-01-preview/swagger.yaml
azure.com/signalr/2018-03-01-preview/swagger.yaml,d_dedup,superseded_by:azure.com/signalr/2018-10-01/swagger.yaml
azure.com/softwareplan/2019-06-01-preview/swagger.yaml,d_dedup,superseded_by:azure.com/softwareplan/2019-12-01/swagger.yaml
azure.com/sql-DatabaseSecurityAlertPolicies/2018-06-01-preview/swagger.yaml,d_dedup,duplicate_of:azure.com/sql-DatabaseSchema/2018-06-01-preview/swagger.yaml
azure.com/sql-FailoverDatabases/2018-06-01-preview/swagger.yaml,c_min_ops,only_1_ops
azure.com/sql-FailoverElasticPools/2018-06-01-preview/swagger.yaml,c_min_ops,only_1_ops
azure.com/sql-ManagedBackupShortTermRetention/2017-03-01-preview/swagger.yaml,d_dedup,duplicate_of:azure.com/sql-DatabaseSchema/2018-06-01-preview/swagger.yaml
azure.com/sql-ManagedDatabaseSchema/2018-06-01-preview/swagger.yaml,d_dedup,duplicate_of:azure.com/sql-DatabaseSchema/2018-06-01-preview/swagger.yaml
azure.com/sql-ManagedDatabaseSecurityAlertPolicies/2017-03-01-preview/swagger.yaml,d_dedup,duplicate_of:azure.com/sql-DatabaseSchema/2018-06-01-preview/swagger.yaml
azure.com/sql-ManagedInstanceEncryptionProtectors/2017-10-01-preview/swagger.yaml,d_dedup,duplicate_of:azure.com/sql-DatabaseSchema/2018-06-01-preview/swagger.yaml
azure.com/sql-ManagedInstanceKeys/2017-10-01-preview/swagger.yaml,d_dedup,duplicate_of:azure.com/sql-DatabaseSchema/2018-06-01-preview/swagger.yaml
azure.com/sql-ManagedInstanceTdeCertificates/2017-10-01-preview/swagger.yaml,c_min_ops,only_1_ops
azure.com/sql-ManagedInstanceVulnerabilityAssessments/2018-06-01-preview/swagger.yaml,d_dedup,duplicate_of:azure.com/sql-DatabaseSchema/2018-06-01-preview/swagger.yaml
azure.com/sql-ManagedRestorableDroppedDatabaseBackupShortTermRetenion/2017-03-01-preview/swagger.yaml,d_dedup,duplicate_of:azure.com/sql-DatabaseSchema/2018-06-01-preview/swagger.yaml
azure.com/sql-ManagedServerSecurityAlertPolicy/2017-03-01-preview/swagger.yaml,d_dedup,duplicate_of:azure.com/sql-DatabaseSchema/2018-06-01-preview/swagger.yaml
azure.com/sql-PrivateEndpointConnections/2018-06-01-preview/swagger.yaml,d_dedup,duplicate_of:azure.com/sql-DatabaseSchema/2018-06-01-preview/swagger.yaml
azure.com/sql-PrivateLinkResources/2018-06-01-preview/swagger.yaml,c_min_ops,only_2_ops
azure.com/sql-ServerAzureADAdministrators/2018-06-01-preview/swagger.yaml,d_dedup,duplicate_of:azure.com/sql-DatabaseSchema/2018-06-01-preview/swagger.yaml
azure.com/sql-ServerVulnerabilityAssessments/2018-06-01-preview/swagger.yaml,d_dedup,duplicate_of:azure.com/sql-DatabaseSchema/2018-06-01-preview/swagger.yaml
azure.com/sql-TdeCertificates/2017-10-01-preview/swagger.yaml,c_min_ops,only_1_ops
azure.com/sql-DatabaseSchema/2018-06-01-preview/swagger.yaml,d_dedup,superseded_by:azure.com/sql-WorkloadClassifiers/2019-06-01-preview/swagger.yaml
azure.com/sql-WorkloadGroups/2019-06-01-preview/swagger.yaml,d_dedup,duplicate_of:azure.com/sql-WorkloadClassifiers/2019-06-01-preview/swagger.yaml
azure.com/sql-advisors/2014-04-01/swagger.yaml,d_dedup,duplicate_of:azure.com/sql-WorkloadClassifiers/2019-06-01-preview/swagger.yaml
azure.com/sql-advisors/2015-05-01-preview/swagger.yaml,d_dedup,duplicate_of:azure.com/sql-WorkloadClassifiers/2019-06-01-preview/swagger.yaml
azure.com/sql-blobAuditing/2015-05-01-preview/swagger.yaml,d_dedup,duplicate_of:azure.com/sql-WorkloadClassifiers/2019-06-01-preview/swagger.yaml
azure.com/sql-blobAuditing/2017-03-01-preview/swagger.yaml,d_dedup,duplicate_of:azure.com/sql-WorkloadClassifiers/2019-06-01-preview/swagger.yaml
azure.com/sql-blobAuditingPolicies/2015-05-01-preview/swagger.yaml,c_min_ops,only_2_ops
azure.com/sql-cancelOperations/2017-03-01-preview/swagger.yaml,c_min_ops,only_2_ops
azure.com/sql-cancelOperations/2017-10-01-preview/swagger.yaml,c_min_ops,only_2_ops
azure.com/sql-cancelPoolOperations/2017-10-01-preview/swagger.yaml,c_min_ops,only_2_ops
azure.com/sql-capabilities/2014-04-01/swagger.yaml,c_min_ops,only_1_ops
azure.com/sql-capabilities/2015-05-01/swagger.yaml,c_min_ops,only_1_ops
azure.com/sql-capabilities/2017-10-01-preview/swagger.yaml,c_min_ops,only_1_ops
azure.com/sql-capabilities/2018-06-01-preview/swagger.yaml,c_min_ops,only_1_ops
azure.com/sql-checkNameAvailability/2014-04-01/swagger.yaml,c_min_ops,only_1_ops
azure.com/sql-connectionPolicies/2014-04-01/swagger.yaml,c_min_ops,only_2_ops
azure.com/sql-dataWarehouseUserActivities/2017-03-01-preview/swagger.yaml,c_min_ops,only_1_ops
azure.com/sql-databaseAutomaticTuning/2015-05-01-preview/swagger.yaml,c_min_ops,only_2_ops
azure.com/sql-databaseVulnerabilityAssessmentBaselines/2017-03-01-preview/swagger.yaml,d_dedup,duplicate_of:azure.com/sql-WorkloadClassifiers/2019-06-01-preview/swagger.yaml
azure.com/sql-databaseVulnerabilityAssessmentScans/2017-10-01-preview/swagger.yaml,d_dedup,duplicate_of:azure.com/sql-WorkloadClassifiers/2019-06-01-preview/swagger.yaml
azure.com/sql-databaseVulnerabilityAssessments/2017-03-01-preview/swagger.yaml,d_dedup,duplicate_of:azure.com/sql-WorkloadClassifiers/2019-06-01-preview/swagger.yaml
azure.com/sql-databases/2017-03-01-preview/swagger.yaml,d_dedup,duplicate_of:azure.com/sql-WorkloadClassifiers/2019-06-01-preview/swagger.yaml
azure.com/sql-databases/2017-10-01-preview/swagger.yaml,d_dedup,duplicate_of:azure.com/sql-WorkloadClassifiers/2019-06-01-preview/swagger.yaml
azure.com/sql-databases/2019-06-01-preview/swagger.yaml,d_dedup,duplicate_of:azure.com/sql-WorkloadClassifiers/2019-06-01-preview/swagger.yaml
azure.com/sql-deprecated/2014-04-01/swagger.yaml,d_dedup,duplicate_of:azure.com/sql-databases/2014-04-01/swagger.yaml
azure.com/sql-elasticPools/2014-04-01/swagger.yaml,d_dedup,duplicate_of:azure.com/sql-databases/2014-04-01/swagger.yaml
azure.com/sql-elasticPools/2017-10-01-preview/swagger.yaml,d_dedup,duplicate_of:azure.com/sql-WorkloadClassifiers/2019-06-01-preview/swagger.yaml
azure.com/sql-encryptionProtectors/2015-05-01-preview/swagger.yaml,d_dedup,duplicate_of:azure.com/sql-WorkloadClassifiers/2019-06-01-preview/swagger.yaml
azure.com/sql-failoverGroups/2015-05-01-preview/swagger.yaml,d_dedup,duplicate_of:azure.com/sql-WorkloadClassifiers/2019-06-01-preview/swagger.yaml
azure.com/sql-firewallRules/2015-05-01-preview/swagger.yaml,d_dedup,duplicate_of:azure.com/sql-WorkloadClassifiers/2019-06-01-preview/swagger.yaml
azure.com/sql-geoBackupPolicies/2014-04-01/swagger.yaml,d_dedup,duplicate_of:azure.com/sql-databases/2014-04-01/swagger.yaml
azure.com/sql-instanceFailoverGroups/2017-10-01-preview/swagger.yaml,d_dedup,duplicate_of:azure.com/sql-WorkloadClassifiers/2019-06-01-preview/swagger.yaml
azure.com/sql-instancePools/2018-06-01-preview/swagger.yaml,d_dedup,duplicate_of:azure.com/sql-WorkloadClassifiers/2019-06-01-preview/swagger.yaml
azure.com/sql-jobs/2017-03-01-preview/swagger.yaml,d_dedup,duplicate_of:azure.com/sql-WorkloadClassifiers/2019-06-01-preview/swagger.yaml
azure.com/sql-longTermRetention/2017-03-01-preview/swagger.yaml,d_dedup,duplicate_of:azure.com/sql-WorkloadClassifiers/2019-06-01-preview/swagger.yaml
azure.com/sql-managedDatabaseSensitivityLabels/2018-06-01-preview/swagger.yaml,d_dedup,duplicate_of:azure.com/sql-WorkloadClassifiers/2019-06-01-preview/swagger.yaml
azure.com/sql-managedDatabaseVulnerabilityAssesmentRuleBaselines/2017-10-01-preview/swagger.yaml,d_dedup,duplicate_of:azure.com/sql-WorkloadClassifiers/2019-06-01-preview/swagger.yaml
azure.com/sql-managedDatabaseVulnerabilityAssessmentScans/2017-10-01-preview/swagger.yaml,d_dedup,duplicate_of:azure.com/sql-WorkloadClassifiers/2019-06-01-preview/swagger.yaml
azure.com/sql-managedDatabaseVulnerabilityAssessments/2017-10-01-preview/swagger.yaml,d_dedup,duplicate_of:azure.com/sql-WorkloadClassifiers/2019-06-01-preview/swagger.yaml
azure.com/sql-managedDatabases/2017-03-01-preview/swagger.yaml,d_dedup,duplicate_of:azure.com/sql-WorkloadClassifiers/2019-06-01-preview/swagger.yaml
azure.com/sql-managedDatabases/2018-06-01-preview/swagger.yaml,d_dedup,duplicate_of:azure.com/sql-WorkloadClassifiers/2019-06-01-preview/swagger.yaml
azure.com/sql-managedDatabases/2019-06-01-preview/swagger.yaml,d_dedup,duplicate_of:azure.com/sql-WorkloadClassifiers/2019-06-01-preview/swagger.yaml
azure.com/sql-managedInstanceAdministrators/2017-03-01-preview/swagger.yaml,d_dedup,duplicate_of:azure.com/sql-WorkloadClassifiers/2019-06-01-preview/swagger.yaml
azure.com/sql-managedInstanceOperations/2018-06-01-preview/swagger.yaml,c_min_ops,only_1_ops
azure.com/sql-managedInstances/2015-05-01-preview/swagger.yaml,d_dedup,duplicate_of:azure.com/sql-WorkloadClassifiers/2019-06-01-preview/swagger.yaml
azure.com/sql-managedInstances/2018-06-01-preview/swagger.yaml,d_dedup,duplicate_of:azure.com/sql-WorkloadClassifiers/2019-06-01-preview/swagger.yaml
azure.com/sql-metrics/2014-04-01/swagger.yaml,d_dedup,duplicate_of:azure.com/sql-databases/2014-04-01/swagger.yaml
azure.com/sql-operations/2014-04-01/swagger.yaml,c_min_ops,only_1_ops
azure.com/sql-operations/2015-05-01-preview/swagger.yaml,c_min_ops,only_1_ops
azure.com/sql-queries/2014-04-01/swagger.yaml,d_dedup,duplicate_of:azure.com/sql-databases/2014-04-01/swagger.yaml
azure.com/sql-recommendedElasticPools/2014-04-01/swagger.yaml,d_dedup,duplicate_of:azure.com/sql-databases/2014-04-01/swagger.yaml
azure.com/sql-recommendedElasticPoolsDecoupled/2014-04-01/swagger.yaml,d_dedup,duplicate_of:azure.com/sql-databases/2014-04-01/swagger.yaml
azure.com/sql-recoverableManagedDatabases/2017-10-01-preview/swagger.yaml,c_min_ops,only_2_ops
azure.com/sql-renameDatabase/2017-03-01-preview/swagger.yaml,c_min_ops,only_1_ops
azure.com/sql-restorableDroppedManagedDatabases/2017-03-01-preview/swagger.yaml,c_min_ops,only_2_ops
azure.com/sql-restorePoints/2014-04-01/swagger.yaml,c_min_ops,only_1_ops
azure.com/sql-restorePoints/2017-03-01-preview/swagger.yaml,d_dedup,duplicate_of:azure.com/sql-WorkloadClassifiers/2019-06-01-preview/swagger.yaml
azure.com/sql-sensitivityLabels/2018-06-01-preview/swagger.yaml,d_dedup,duplicate_of:azure.com/sql-WorkloadClassifiers/2019-06-01-preview/swagger.yaml
azure.com/sql-serverAutomaticTuning/2017-03-01-preview/swagger.yaml,c_min_ops,only_2_ops
azure.com/sql-serverCommunicationLinks/2014-04-01/swagger.yaml,d_dedup,duplicate_of:azure.com/sql-databases/2014-04-01/swagger.yaml
azure.com/sql-serverDnsAliases/2017-03-01-preview/swagger.yaml,d_dedup,duplicate_of:azure.com/sql-WorkloadClassifiers/2019-06-01-preview/swagger.yaml
azure.com/sql-serverKeys/2015-05-01-preview/swagger.yaml,d_dedup,duplicate_of:azure.com/sql-WorkloadClassifiers/2019-06-01-preview/swagger.yaml
azure.com/sql-serverOperations/2019-06-01-preview/swagger.yaml,c_min_ops,only_1_ops
azure.com/sql-serverSecurityAlertPolicies/2017-03-01-preview/swagger.yaml,d_dedup,duplicate_of:azure.com/sql-WorkloadClassifiers/2019-06-01-preview/swagger.yaml
azure.com/sql-servers/2014-04-01/swagger.yaml,d_dedup,duplicate_of:azure.com/sql-databases/2014-04-01/swagger.yaml
azure.com/sql-servers/2015-05-01-preview/swagger.yaml,d_dedup,duplicate_of:azure.com/sql-WorkloadClassifiers/2019-06-01-preview/swagger.yaml
azure.com/sql-servers/2019-06-01-preview/swagger.yaml,d_dedup,duplicate_of:azure.com/sql-WorkloadClassifiers/2019-06-01-preview/swagger.yaml
azure.com/sql-serviceObjectives/2014-04-01/swagger.yaml,c_min_ops,only_2_ops
azure.com/sql-shortTermRetentionPolicies/2017-10-01-preview/swagger.yaml,d_dedup,duplicate_of:azure.com/sql-WorkloadClassifiers/2019-06-01-preview/swagger.yaml
azure.com/sql-sql.core/2014-04-01/swagger.yaml,d_dedup,duplicate_of:azure.com/sql-databases/2014-04-01/swagger.yaml
azure.com/sql-syncAgents/2015-05-01-preview/swagger.yaml,d_dedup,duplicate_of:azure.com/sql-WorkloadClassifiers/2019-06-01-preview/swagger.yaml
azure.com/sql-syncGroups/2015-05-01-preview/swagger.yaml,d_dedup,duplicate_of:azure.com/sql-WorkloadClassifiers/2019-06-01-preview/swagger.yaml
azure.com/sql-syncMembers/2015-05-01-preview/swagger.yaml,d_dedup,duplicate_of:azure.com/sql-WorkloadClassifiers/2019-06-01-preview/swagger.yaml
azure.com/sql-tableAuditing/2014-04-01/swagger.yaml,d_dedup,duplicate_of:azure.com/sql-WorkloadClassifiers/2019-06-01-preview/swagger.yaml
azure.com/sql-usages/2014-04-01/swagger.yaml,c_min_ops,only_2_ops
azure.com/sql-usages/2015-05-01-preview/swagger.yaml,c_min_ops,only_2_ops
azure.com/sql-usages/2015-05-01/swagger.yaml,c_min_ops,only_2_ops
azure.com/sql-usages/2018-06-01-preview/swagger.yaml,c_min_ops,only_1_ops
azure.com/sql-virtualNetworkRules/2015-05-01-preview/swagger.yaml,d_dedup,duplicate_of:azure.com/sql-WorkloadClassifiers/2019-06-01-preview/swagger.yaml
azure.com/sql-virtualclusters/2015-05-01-preview/swagger.yaml,d_dedup,duplicate_of:azure.com/sql-WorkloadClassifiers/2019-06-01-preview/swagger.yaml
azure.com/storage-DataLakeStorage/2018-06-17/swagger.yaml,d_dedup,superseded_by:azure.com/storage-DataLakeStorage/2018-11-09/swagger.yaml
azure.com/storage-DataLakeStorage/2018-11-09/swagger.yaml,d_dedup,superseded_by:azure.com/storage-DataLakeStorage/2019-10-31/swagger.yaml
azure.com/storage-blob/2018-02-01/swagger.yaml,d_dedup,superseded_by:azure.com/storage-blob/2018-03-01-preview/swagger.yaml
azure.com/storage-blob/2018-03-01-preview/swagger.yaml,d_dedup,superseded_by:azure.com/storage-blob/2018-07-01/swagger.yaml
azure.com/storage-blob/2018-07-01/swagger.yaml,d_dedup,superseded_by:azure.com/storage-blob/2018-11-01/swagger.yaml
azure.com/storage-blob/2018-11-01/swagger.yaml,d_dedup,superseded_by:azure.com/storage-blob/2019-04-01/swagger.yaml
azure.com/storage-blob/2019-04-01/swagger.yaml,d_dedup,superseded_by:azure.com/storage-blob/2019-06-01/swagger.yaml
azure.com/storage-file/2019-04-01/swagger.yaml,d_dedup,duplicate_of:azure.com/storage-blob/2019-06-01/swagger.yaml
azure.com/storage-file/2019-06-01/swagger.yaml,d_dedup,duplicate_of:azure.com/storage-blob/2019-06-01/swagger.yaml
azure.com/storage-managementpolicy/2018-03-01-preview/swagger.yaml,d_dedup,duplicate_of:azure.com/storage-blob/2019-06-01/swagger.yaml
azure.com/storage/2015-05-01-preview/swagger.yaml,d_dedup,duplicate_of:azure.com/storage-blob/2019-06-01/swagger.yaml
azure.com/storage/2016-01-01/swagger.yaml,d_dedup,duplicate_of:azure.com/storage-blob/2019-06-01/swagger.yaml
azure.com/storage/2015-06-15/swagger.yaml,d_dedup,superseded_by:azure.com/storage/2016-05-01/swagger.yaml
azure.com/storage/2016-05-01/swagger.yaml,d_dedup,superseded_by:azure.com/storage/2016-12-01/swagger.yaml
azure.com/storage/2016-12-01/swagger.yaml,d_dedup,superseded_by:azure.com/storage/2017-06-01/swagger.yaml
azure.com/storage/2017-06-01/swagger.yaml,d_dedup,superseded_by:azure.com/storage/2017-10-01/swagger.yaml
azure.com/storage/2018-02-01/swagger.yaml,d_dedup,duplicate_of:azure.com/storage-blob/2019-06-01/swagger.yaml
azure.com/storage/2018-03-01-preview/swagger.yaml,d_dedup,duplicate_of:azure.com/storage-blob/2019-06-01/swagger.yaml
azure.com/storage/2018-07-01/swagger.yaml,d_dedup,duplicate_of:azure.com/storage-blob/2019-06-01/swagger.yaml
azure.com/storage/2018-11-01/swagger.yaml,d_dedup,duplicate_of:azure.com/storage-blob/2019-06-01/swagger.yaml
azure.com/storage/2019-04-01/swagger.yaml,d_dedup,duplicate_of:azure.com/storage-blob/2019-06-01/swagger.yaml
azure.com/storage/2019-06-01/swagger.yaml,d_dedup,duplicate_of:azure.com/storage-blob/2019-06-01/swagger.yaml
azure.com/storagecache/2019-08-01-preview/swagger.yaml,d_dedup,superseded_by:azure.com/storagecache/2019-11-01/swagger.yaml
azure.com/storagesync/2017-06-05-preview/swagger.yaml,d_dedup,superseded_by:azure.com/storagesync/2018-04-02/swagger.yaml
azure.com/storagesync/2018-04-02/swagger.yaml,d_dedup,superseded_by:azure.com/storagesync/2018-07-01/swagger.yaml
azure.com/storagesync/2018-07-01/swagger.yaml,d_dedup,superseded_by:azure.com/storagesync/2018-10-01/swagger.yaml
azure.com/storagesync/2018-10-01/swagger.yaml,d_dedup,superseded_by:azure.com/storagesync/2019-02-01/swagger.yaml
azure.com/storagesync/2019-02-01/swagger.yaml,d_dedup,superseded_by:azure.com/storagesync/2019-03-01/swagger.yaml
azure.com/storagesync/2019-03-01/swagger.yaml,d_dedup,superseded_by:azure.com/storagesync/2019-06-01/swagger.yaml
azure.com/streamanalytics-inputs/2016-03-01/swagger.yaml,d_dedup,duplicate_of:azure.com/streamanalytics-functions/2016-03-01/swagger.yaml
azure.com/streamanalytics-outputs/2016-03-01/swagger.yaml,d_dedup,duplicate_of:azure.com/streamanalytics-functions/2016-03-01/swagger.yaml
azure.com/streamanalytics-streamingjobs/2016-03-01/swagger.yaml,d_dedup,duplicate_of:azure.com/streamanalytics-functions/2016-03-01/swagger.yaml
azure.com/streamanalytics-subscriptions/2016-03-01/swagger.yaml,c_min_ops,only_1_ops
azure.com/streamanalytics-transformations/2016-03-01/swagger.yaml,d_dedup,duplicate_of:azure.com/streamanalytics-functions/2016-03-01/swagger.yaml
azure.com/subscription-operations/2018-03-01-preview/swagger.yaml,c_min_ops,only_1_ops
azure.com/subscription-subscriptions/2016-06-01/swagger.yaml,d_dedup,duplicate_of:azure.com/resources-subscriptions/2019-11-01/swagger.yaml
azure.com/subscription-subscriptions/2018-03-01-preview/swagger.yaml,c_min_ops,only_2_ops
azure.com/subscription-subscriptions/2018-11-01-preview/swagger.yaml,d_dedup,duplicate_of:azure.com/resources-subscriptions/2019-11-01/swagger.yaml
azure.com/subscription-subscriptions/2019-03-01-preview/swagger.yaml,d_dedup,duplicate_of:azure.com/resources-subscriptions/2019-11-01/swagger.yaml
azure.com/subscription-subscriptions/2019-10-01-preview/swagger.yaml,d_dedup,duplicate_of:azure.com/resources-subscriptions/2019-11-01/swagger.yaml
azure.com/resources-subscriptions/2019-11-01/swagger.yaml,d_dedup,superseded_by:azure.com/subscription-subscriptions/2020-01-01/swagger.yaml
azure.com/timeseriesinsights/2017-02-28-preview/swagger.yaml,d_dedup,superseded_by:azure.com/timeseriesinsights/2017-11-15/swagger.yaml
azure.com/timeseriesinsights/2017-11-15/swagger.yaml,d_dedup,superseded_by:azure.com/timeseriesinsights/2018-08-15-preview/swagger.yaml
azure.com/trafficmanager/2015-11-01/swagger.yaml,d_dedup,duplicate_of:azure.com/trafficmanager-trafficmanageranalytics/2017-09-01-preview/swagger.yaml
azure.com/trafficmanager/2017-03-01/swagger.yaml,d_dedup,duplicate_of:azure.com/trafficmanager-trafficmanageranalytics/2017-09-01-preview/swagger.yaml
azure.com/trafficmanager/2017-05-01/swagger.yaml,d_dedup,duplicate_of:azure.com/trafficmanager-trafficmanageranalytics/2017-09-01-preview/swagger.yaml
azure.com/trafficmanager-trafficmanageranalytics/2017-09-01-preview/swagger.yaml,d_dedup,superseded_by:azure.com/trafficmanager/2018-02-01/swagger.yaml
azure.com/trafficmanager/2018-02-01/swagger.yaml,d_dedup,superseded_by:azure.com/trafficmanager/2018-03-01/swagger.yaml
azure.com/trafficmanager/2018-03-01/swagger.yaml,d_dedup,superseded_by:azure.com/trafficmanager/2018-04-01/swagger.yaml
azure.com/visualstudio-Csm/2014-04-01-preview/swagger.yaml,d_dedup,superseded_by:azure.com/visualstudio-Csm/2017-11-01-preview/swagger.yaml
azure.com/visualstudio-PipelineTemplates/2018-08-01-preview/swagger.yaml,c_min_ops,only_1_ops
azure.com/web-AppServiceCertificateOrders/2015-08-01/swagger.yaml,d_dedup,superseded_by:azure.com/web-AppServiceCertificateOrders/2018-02-01/swagger.yaml
azure.com/web-AppServiceCertificateOrders/2018-02-01/swagger.yaml,d_dedup,superseded_by:azure.com/web-AppServiceCertificateOrders/2019-08-01/swagger.yaml
azure.com/web-AppServiceEnvironments/2016-09-01/swagger.yaml,d_dedup,superseded_by:azure.com/web-AppServiceEnvironments/2018-02-01/swagger.yaml
azure.com/web-AppServiceEnvironments/2018-02-01/swagger.yaml,d_dedup,superseded_by:azure.com/web-AppServiceEnvironments/2019-08-01/swagger.yaml
azure.com/web-AppServicePlans/2016-09-01/swagger.yaml,d_dedup,superseded_by:azure.com/web-AppServicePlans/2018-02-01/swagger.yaml
azure.com/web-AppServicePlans/2018-02-01/swagger.yaml,d_dedup,superseded_by:azure.com/web-AppServicePlans/2019-08-01/swagger.yaml
azure.com/web-CertificateRegistrationProvider/2015-08-01/swagger.yaml,c_min_ops,only_1_ops
azure.com/web-CertificateRegistrationProvider/2018-02-01/swagger.yaml,c_min_ops,only_1_ops
azure.com/web-CertificateRegistrationProvider/2019-08-01/swagger.yaml,c_min_ops,only_1_ops
azure.com/web-Certificates/2016-03-01/swagger.yaml,d_dedup,superseded_by:azure.com/web-Certificates/2018-02-01/swagger.yaml
azure.com/web-Certificates/2018-02-01/swagger.yaml,d_dedup,superseded_by:azure.com/web-Certificates/2018-11-01/swagger.yaml
azure.com/web-Certificates/2018-11-01/swagger.yaml,d_dedup,superseded_by:azure.com/web-Certificates/2019-08-01/swagger.yaml
azure.com/web-DeletedWebApps/2016-03-01/swagger.yaml,c_min_ops,only_1_ops
azure.com/web-DeletedWebApps/2018-02-01/swagger.yaml,d_dedup,superseded_by:azure.com/web-DeletedWebApps/2019-08-01/swagger.yaml
azure.com/web-Diagnostics/2016-03-01/swagger.yaml,d_dedup,superseded_by:azure.com/web-Diagnostics/2018-02-01/swagger.yaml
azure.com/web-Diagnostics/2018-02-01/swagger.yaml,d_dedup,superseded_by:azure.com/web-Diagnostics/2019-08-01/swagger.yaml
azure.com/web-DomainRegistrationProvider/2015-04-01/swagger.yaml,c_min_ops,only_1_ops
azure.com/web-DomainRegistrationProvider/2018-02-01/swagger.yaml,c_min_ops,only_1_ops
azure.com/web-DomainRegistrationProvider/2019-08-01/swagger.yaml,c_min_ops,only_1_ops
azure.com/web-Domains/2015-04-01/swagger.yaml,d_dedup,superseded_by:azure.com/web-Domains/2018-02-01/swagger.yaml
azure.com/web-Domains/2018-02-01/swagger.yaml,d_dedup,superseded_by:azure.com/web-Domains/2019-08-01/swagger.yaml
azure.com/web-Provider/2016-03-01/swagger.yaml,d_dedup,superseded_by:azure.com/web-Provider/2018-02-01/swagger.yaml
azure.com/web-Provider/2018-02-01/swagger.yaml,d_dedup,superseded_by:azure.com/web-Provider/2019-08-01/swagger.yaml
azure.com/web-Recommendations/2016-03-01/swagger.yaml,d_dedup,superseded_by:azure.com/web-Recommendations/2018-02-01/swagger.yaml
azure.com/web-Recommendations/2018-02-01/swagger.yaml,d_dedup,superseded_by:azure.com/web-Recommendations/2019-08-01/swagger.yaml
azure.com/web-ResourceHealthMetadata/2016-03-01/swagger.yaml,d_dedup,superseded_by:azure.com/web-ResourceHealthMetadata/2018-02-01/swagger.yaml
azure.com/web-ResourceHealthMetadata/2018-02-01/swagger.yaml,d_dedup,superseded_by:azure.com/web-ResourceHealthMetadata/2019-08-01/swagger.yaml
azure.com/web-ResourceProvider/2016-03-01/swagger.yaml,d_dedup,superseded_by:azure.com/web-ResourceProvider/2018-02-01/swagger.yaml
azure.com/web-ResourceProvider/2018-02-01/swagger.yaml,d_dedup,superseded_by:azure.com/web-ResourceProvider/2019-08-01/swagger.yaml
azure.com/web-TopLevelDomains/2015-04-01/swagger.yaml,d_dedup,superseded_by:azure.com/web-TopLevelDomains/2018-02-01/swagger.yaml
azure.com/web-TopLevelDomains/2018-02-01/swagger.yaml,d_dedup,superseded_by:azure.com/web-TopLevelDomains/2019-08-01/swagger.yaml
azure.com/web-WebApps/2016-08-01/swagger.yaml,d_dedup,superseded_by:azure.com/web-WebApps/2018-02-01/swagger.yaml
azure.com/web-WebApps/2018-02-01/swagger.yaml,d_dedup,superseded_by:azure.com/web-WebApps/2018-11-01/swagger.yaml
azure.com/web-WebApps/2018-11-01/swagger.yaml,d_dedup,superseded_by:azure.com/web-WebApps/2019-08-01/swagger.yaml
azure.com/web-logicAppsManagementClient/2015-08-01-preview/swagger.yaml,d_dedup,superseded_by:azure.com/web-logicAppsManagementClient/2016-06-01/swagger.yaml
azure.com/windowsiot-WindowsIotServices/2018-02-16-preview/swagger.yaml,d_dedup,superseded_by:azure.com/windowsiot-WindowsIotServices/2019-06-01/swagger.yaml
bandsintown.com/3.0.0/swagger.yaml,c_min_ops,only_2_ops
betfair.com/1.0.1423/openapi.yaml,c_min_ops,only_1_ops
bethmardutho.org/1.0.0/swagger.yaml,c_min_ops,only_2_ops
bigdatacloud.net/1.0.0/openapi.yaml,c_min_ops,only_2_ops
bintable.com/1.0.0-oas3/openapi.yaml,c_min_ops,only_2_ops
biztoc.com/v1/openapi.yaml,c_min_ops,only_1_ops
bunq.com/1.0/openapi.yaml,a_validate,parse_error: ParserError
calorieninjas.com/1.0.0/openapi.yaml,c_min_ops,only_1_ops
carbondoomsday.com/v1/swagger.yaml,c_min_ops,only_2_ops
clickup.com/1.0.0/openapi.yaml,c_min_ops,only_2_ops
codat.io/accounting/2.1.0/openapi.yaml,a_validate,parse_error: ScannerError
code-scan.com/1.0.0/swagger.yaml,c_min_ops,only_2_ops
codesearch.debian.net/1.4.0/openapi.yaml,c_min_ops,only_2_ops
cowin.gov.cin/cowincert/1.0.0/openapi.yaml,c_min_ops,only_1_ops
currencytick.com/1.0.0/openapi.yaml,c_min_ops,only_2_ops
cybertaxonomy.eu/1.0/swagger.yaml,c_min_ops,only_2_ops
datasette.local/v1/openapi.yaml,c_min_ops,only_1_ops
deutschebahn.com/betriebsstellen/v1/swagger.yaml,c_min_ops,only_2_ops
dev.to/chatgpt/v1/openapi.yaml,c_min_ops,only_1_ops
docusign.net/v2.1/openapi.yaml,a_validate,parse_error: ReaderError
easypdfserver.com/1/openapi.yaml,c_min_ops,only_1_ops
ebay.com/buy-marketing/v1_beta.2.0/openapi.yaml,c_min_ops,only_1_ops
ebay.com/commerce-catalog/v1_beta.5.0/openapi.yaml,c_min_ops,only_2_ops
ebay.com/commerce-charity/v1.2.1/openapi.yaml,c_min_ops,only_2_ops
ebay.com/commerce-translation/1/openapi.yaml,c_min_ops,only_1_ops
ebay.com/developer-analytics/v1_beta.0.0/openapi.yaml,c_min_ops,only_2_ops
ebay.com/sell-listing/v1_beta.3.0/openapi.yaml,c_min_ops,only_1_ops
ebay.com/sell-negotiation/v1.1.0/openapi.yaml,c_min_ops,only_2_ops
ebay.com/sell-recommendation/1.1.0/openapi.yaml,c_min_ops,only_1_ops
enode.io/1.3.10/openapi.yaml,a_validate,parse_error: ValueError
epa.gov/eff/2019.10.15/swagger.yaml,a_validate,parse_error: ConstructorError
esgenterprise.com/1.0.0/openapi.yaml,c_min_ops,only_1_ops
exavault.com/2.0/openapi.yaml,a_validate,parse_error: ValueError
exchangerate-api.com/4/openapi.yaml,c_min_ops,only_1_ops
extpose.com/1.0.0/openapi.yaml,c_min_ops,only_1_ops
exude-api.herokuapp.com/1.0.0/openapi.yaml,c_min_ops,only_2_ops
faceidentity-beta.azurewebsites.net/1.0/swagger.yaml,c_min_ops,only_2_ops
faretrotter.com/2.0/swagger.yaml,c_min_ops,only_2_ops
firstinspires.org/1.0.0/openapi.yaml,a_validate,empty_paths
fraudlabspro.com/fraud-detection/1.1/openapi.yaml,c_min_ops,only_2_ops
fraudlabspro.com/sms-verification/1.0/openapi.yaml,c_min_ops,only_2_ops
freesound.org/2.0.0/swagger.yaml,c_min_ops,only_2_ops
freetv-app.com/v1/openapi.yaml,c_min_ops,only_1_ops
fungenerators.com/namegen/1.5/swagger.yaml,c_min_ops,only_2_ops
fungenerators.com/taunt/1.5/swagger.yaml,c_min_ops,only_2_ops
fungenerators.com/trivia/1.5/swagger.yaml,d_dedup,duplicate_of:fungenerators.com/qrcode/1.5/swagger.yaml
furkot.com/1.0.0/swagger.yaml,c_min_ops,only_2_ops
geodatasource.com/1.0/openapi.yaml,c_min_ops,only_1_ops
getthedata.com/bng2latlong/1.0/openapi.yaml,c_min_ops,only_1_ops
github.com/ghec.2022-11-28/1.1.4/openapi.yaml,d_dedup,duplicate_of:github.com/api.github.com.2022-11-28/1.1.4/openapi.yaml
github.com/ghec/1.1.4/openapi.yaml,d_dedup,duplicate_of:github.com/api.github.com.2022-11-28/1.1.4/openapi.yaml
github.com/ghes-2.19/1.1.4/openapi.yaml,d_dedup,duplicate_of:github.com/ghes-2.18/1.1.4/openapi.yaml
github.com/ghes-2.20/1.1.4/openapi.yaml,d_dedup,duplicate_of:github.com/ghes-2.18/1.1.4/openapi.yaml
github.com/ghes-2.21/1.1.4/openapi.yaml,d_dedup,duplicate_of:github.com/ghes-2.18/1.1.4/openapi.yaml
github.com/ghes-2.22/1.1.4/openapi.yaml,d_dedup,duplicate_of:github.com/ghes-2.18/1.1.4/openapi.yaml
github.com/ghes-3.0/1.1.4/openapi.yaml,d_dedup,duplicate_of:github.com/ghes-2.18/1.1.4/openapi.yaml
github.com/ghes-3.1/1.1.4/openapi.yaml,d_dedup,duplicate_of:github.com/ghes-2.18/1.1.4/openapi.yaml
github.com/ghes-3.2/1.1.4/openapi.yaml,d_dedup,duplicate_of:github.com/api.github.com.2022-11-28/1.1.4/openapi.yaml
github.com/ghes-3.3/1.1.4/openapi.yaml,d_dedup,duplicate_of:github.com/api.github.com.2022-11-28/1.1.4/openapi.yaml
github.com/ghes-3.4/1.1.4/openapi.yaml,d_dedup,duplicate_of:github.com/api.github.com.2022-11-28/1.1.4/openapi.yaml
github.com/ghes-3.5/1.1.4/openapi.yaml,d_dedup,duplicate_of:github.com/api.github.com.2022-11-28/1.1.4/openapi.yaml
github.com/ghes-3.6/1.1.4/openapi.yaml,d_dedup,duplicate_of:github.com/api.github.com.2022-11-28/1.1.4/openapi.yaml
github.com/ghes-3.7/1.1.4/openapi.yaml,d_dedup,duplicate_of:github.com/api.github.com.2022-11-28/1.1.4/openapi.yaml
github.com/ghes-3.8/1.1.4/openapi.yaml,d_dedup,duplicate_of:github.com/api.github.com.2022-11-28/1.1.4/openapi.yaml
github.com/github.ae/1.1.4/openapi.yaml,d_dedup,duplicate_of:github.com/api.github.com.2022-11-28/1.1.4/openapi.yaml
globalwinescore.com/8234aab51481d37a30757d925b7f4221a659427e/openapi.yaml,c_min_ops,only_2_ops
go-upc.com/1.0.0/openapi.yaml,c_min_ops,only_1_ops
googleapis.com/abusiveexperiencereport/v1/openapi.yaml,c_min_ops,only_2_ops
googleapis.com/acceleratedmobilepageurl/v1/openapi.yaml,c_min_ops,only_1_ops
googleapis.com/accesscontextmanager/v1beta/openapi.yaml,d_dedup,duplicate_of:googleapis.com/accesscontextmanager/v1/openapi.yaml
googleapis.com/acmedns/v1/openapi.yaml,c_min_ops,only_2_ops
googleapis.com/adexperiencereport/v1/openapi.yaml,c_min_ops,only_2_ops
googleapis.com/admin/directory_v1/openapi.yaml,d_dedup,duplicate_of:googleapis.com/admin/datatransfer_v1/openapi.yaml
googleapis.com/admin/reports_v1/openapi.yaml,d_dedup,duplicate_of:googleapis.com/admin/datatransfer_v1/openapi.yaml
googleapis.com/admob/v1beta/openapi.yaml,d_dedup,duplicate_of:googleapis.com/admob/v1/openapi.yaml
googleapis.com/aiplatform/v1/openapi.yaml,d_dedup,superseded_by:googleapis.com/aiplatform/v1beta1/openapi.yaml
googleapis.com/alloydb/v1alpha/openapi.yaml,d_dedup,duplicate_of:googleapis.com/alloydb/v1/openapi.yaml
googleapis.com/alloydb/v1beta/openapi.yaml,d_dedup,duplicate_of:googleapis.com/alloydb/v1/openapi.yaml
googleapis.com/analyticsadmin/v1beta/openapi.yaml,d_dedup,duplicate_of:googleapis.com/analyticsadmin/v1alpha/openapi.yaml
googleapis.com/analyticshub/v1/openapi.yaml,d_dedup,superseded_by:googleapis.com/analyticshub/v1beta1/openapi.yaml
googleapis.com/analyticsreporting/v4/openapi.yaml,c_min_ops,only_2_ops
googleapis.com/androidpublisher/v1/openapi.yaml,c_min_ops,only_2_ops
googleapis.com/apigateway/v1/openapi.yaml,d_dedup,superseded_by:googleapis.com/apigateway/v1alpha2/openapi.yaml
googleapis.com/apigateway/v1beta/openapi.yaml,d_dedup,duplicate_of:googleapis.com/apigateway/v1alpha2/openapi.yaml
googleapis.com/appengine/v1alpha/openapi.yaml,d_dedup,duplicate_of:googleapis.com/appengine/v1/openapi.yaml
googleapis.com/appengine/v1beta/openapi.yaml,d_dedup,duplicate_of:googleapis.com/appengine/v1/openapi.yaml
googleapis.com/apphub/v1alpha/openapi.yaml,d_dedup,duplicate_of:googleapis.com/apphub/v1/openapi.yaml
googleapis.com/appsactivity/v1/openapi.yaml,c_min_ops,only_1_ops
googleapis.com/artifactregistry/v1/openapi.yaml,d_dedup,superseded_by:googleapis.com/artifactregistry/v1beta1/openapi.yaml
googleapis.com/artifactregistry/v1beta1/openapi.yaml,d_dedup,superseded_by:googleapis.com/artifactregistry/v1beta2/openapi.yaml
googleapis.com/assuredworkloads/v1/openapi.yaml,d_dedup,superseded_by:googleapis.com/assuredworkloads/v1beta1/openapi.yaml
googleapis.com/baremetalsolution/v1alpha1/openapi.yaml,c_min_ops,only_2_ops
googleapis.com/baremetalsolution/v1/openapi.yaml,d_dedup,superseded_by:googleapis.com/baremetalsolution/v2/openapi.yaml
googleapis.com/beyondcorp/v1alpha/openapi.yaml,d_dedup,duplicate_of:googleapis.com/beyondcorp/v1/openapi.yaml
googleapis.com/bigqueryconnection/v1/openapi.yaml,d_dedup,superseded_by:googleapis.com/bigqueryconnection/v1beta1/openapi.yaml
googleapis.com/bigqueryreservation/v1/openapi.yaml,d_dedup,superseded_by:googleapis.com/bigqueryreservation/v1beta1/openapi.yaml
googleapis.com/billingbudgets/v1/openapi.yaml,d_dedup,superseded_by:googleapis.com/billingbudgets/v1beta1/openapi.yaml
googleapis.com/binaryauthorization/v1/openapi.yaml,d_dedup,superseded_by:googleapis.com/binaryauthorization/v1beta1/openapi.yaml
googleapis.com/blogger/v2/openapi.yaml,d_dedup,superseded_by:googleapis.com/blogger/v3/openapi.yaml
googleapis.com/chromeuxreport/v1/openapi.yaml,c_min_ops,only_2_ops
googleapis.com/cloudasset/v1/openapi.yaml,d_dedup,superseded_by:googleapis.com/cloudasset/v1beta1/openapi.yaml
googleapis.com/cloudasset/v1p1beta1/openapi.yaml,c_min_ops,only_2_ops
googleapis.com/cloudasset/v1p4beta1/openapi.yaml,c_min_ops,only_2_ops
googleapis.com/cloudasset/v1p5beta1/openapi.yaml,c_min_ops,only_1_ops
googleapis.com/cloudasset/v1p7beta1/openapi.yaml,c_min_ops,only_2_ops
googleapis.com/cloudbilling/v1beta/openapi.yaml,d_dedup,duplicate_of:googleapis.com/cloudbilling/v1/openapi.yaml
googleapis.com/cloudbuild/v1/openapi.yaml,d_dedup,superseded_by:googleapis.com/cloudbuild/v1alpha1/openapi.yaml
googleapis.com/cloudbuild/v1alpha1/openapi.yaml,d_dedup,superseded_by:googleapis.com/cloudbuild/v1alpha2/openapi.yaml
googleapis.com/cloudbuild/v1beta1/openapi.yaml,d_dedup,duplicate_of:googleapis.com/cloudbuild/v1alpha2/openapi.yaml
googleapis.com/cloudbuild/v1alpha2/openapi.yaml,d_dedup,superseded_by:googleapis.com/cloudbuild/v2/openapi.yaml
googleapis.com/cloudfunctions/v1/openapi.yaml,d_dedup,superseded_by:googleapis.com/cloudfunctions/v2/openapi.yaml
googleapis.com/cloudfunctions/v2alpha/openapi.yaml,d_dedup,duplicate_of:googleapis.com/cloudfunctions/v2/openapi.yaml
googleapis.com/cloudfunctions/v2beta/openapi.yaml,d_dedup,duplicate_of:googleapis.com/cloudfunctions/v2/openapi.yaml
googleapis.com/cloudidentity/v1/openapi.yaml,d_dedup,superseded_by:googleapis.com/cloudidentity/v1beta1/openapi.yaml
googleapis.com/cloudresourcemanager/v1/openapi.yaml,d_dedup,superseded_by:googleapis.com/cloudresourcemanager/v1beta1/openapi.yaml
googleapis.com/cloudresourcemanager/v1beta1/openapi.yaml,d_dedup,superseded_by:googleapis.com/cloudresourcemanager/v2/openapi.yaml
googleapis.com/cloudresourcemanager/v2/openapi.yaml,d_dedup,superseded_by:googleapis.com/cloudresourcemanager/v2beta1/openapi.yaml
googleapis.com/cloudresourcemanager/v2beta1/openapi.yaml,d_dedup,superseded_by:googleapis.com/cloudresourcemanager/v3/openapi.yaml
googleapis.com/cloudscheduler/v1/openapi.yaml,d_dedup,superseded_by:googleapis.com/cloudscheduler/v1beta1/openapi.yaml
googleapis.com/cloudsupport/v2beta/openapi.yaml,d_dedup,duplicate_of:googleapis.com/cloudsupport/v2/openapi.yaml
googleapis.com/cloudtasks/v2/openapi.yaml,d_dedup,superseded_by:googleapis.com/cloudtasks/v2beta2/openapi.yaml
googleapis.com/cloudtasks/v2beta2/openapi.yaml,d_dedup,superseded_by:googleapis.com/cloudtasks/v2beta3/openapi.yaml
googleapis.com/cloudtrace/v2/openapi.yaml,c_min_ops,only_2_ops
googleapis.com/cloudtrace/v1/openapi.yaml,d_dedup,superseded_by:googleapis.com/cloudtrace/v2beta1/openapi.yaml
googleapis.com/commentanalyzer/v1alpha1/openapi.yaml,c_min_ops,only_2_ops
googleapis.com/composer/v1/openapi.yaml,d_dedup,superseded_by:googleapis.com/composer/v1beta1/openapi.yaml
googleapis.com/connectors/v1/openapi.yaml,d_dedup,superseded_by:googleapis.com/connectors/v2/openapi.yaml
googleapis.com/container/v1/openapi.yaml,d_dedup,superseded_by:googleapis.com/container/v1beta1/openapi.yaml
googleapis.com/containeranalysis/v1/openapi.yaml,d_dedup,superseded_by:googleapis.com/containeranalysis/v1alpha1/openapi.yaml
googleapis.com/containeranalysis/v1beta1/openapi.yaml,d_dedup,duplicate_of:googleapis.com/containeranalysis/v1alpha1/openapi.yaml
googleapis.com/customsearch/v1/openapi.yaml,c_min_ops,only_2_ops
googleapis.com/datacatalog/v1/openapi.yaml,d_dedup,superseded_by:googleapis.com/datacatalog/v1beta1/openapi.yaml
googleapis.com/datafusion/v1/openapi.yaml,d_dedup,superseded_by:googleapis.com/datafusion/v1beta1/openapi.yaml
googleapis.com/datamigration/v1/openapi.yaml,d_dedup,superseded_by:googleapis.com/datamigration/v1beta1/openapi.yaml
googleapis.com/datastore/v1beta1/openapi.yaml,c_min_ops,only_2_ops
googleapis.com/datastore/v1/openapi.yaml,d_dedup,superseded_by:googleapis.com/datastore/v1beta3/openapi.yaml
googleapis.com/datastream/v1/openapi.yaml,d_dedup,superseded_by:googleapis.com/datastream/v1alpha1/openapi.yaml
googleapis.com/deploymentmanager/alpha/openapi.yaml,d_dedup,superseded_by:googleapis.com/deploymentmanager/v2/openapi.yaml
googleapis.com/deploymentmanager/v2beta/openapi.yaml,d_dedup,duplicate_of:googleapis.com/deploymentmanager/v2/openapi.yaml
googleapis.com/dfareporting/v3.5/openapi.yaml,c_min_ops,only_1_ops
googleapis.com/dialogflow/v2/openapi.yaml,d_dedup,superseded_by:googleapis.com/dialogflow/v2beta1/openapi.yaml
googleapis.com/dialogflow/v2beta1/openapi.yaml,d_dedup,superseded_by:googleapis.com/dialogflow/v3/openapi.yaml
googleapis.com/dialogflow/v3/openapi.yaml,d_dedup,superseded_by:googleapis.com/dialogflow/v3beta1/openapi.yaml
googleapis.com/discovery/v1/openapi.yaml,c_min_ops,only_2_ops
googleapis.com/discoveryengine/v1beta/openapi.yaml,d_dedup,duplicate_of:googleapis.com/discoveryengine/v1alpha/openapi.yaml
googleapis.com/displayvideo/v1dev/openapi.yaml,d_dedup,duplicate_of:googleapis.com/displayvideo/v1/openapi.yaml
googleapis.com/displayvideo/v1/openapi.yaml,d_dedup,superseded_by:googleapis.com/displayvideo/v2/openapi.yaml
googleapis.com/displayvideo/v2/openapi.yaml,d_dedup,superseded_by:googleapis.com/displayvideo/v3/openapi.yaml
googleapis.com/displayvideo/v3/openapi.yaml,d_dedup,superseded_by:googleapis.com/displayvideo/v4/openapi.yaml
googleapis.com/dns/v1/openapi.yaml,d_dedup,superseded_by:googleapis.com/dns/v1beta2/openapi.yaml
googleapis.com/dns/v1beta2/openapi.yaml,d_dedup,superseded_by:googleapis.com/dns/v2/openapi.yaml
googleapis.com/documentai/v1/openapi.yaml,d_dedup,superseded_by:googleapis.com/documentai/v1beta2/openapi.yaml
googleapis.com/documentai/v1beta2/openapi.yaml,d_dedup,superseded_by:googleapis.com/documentai/v1beta3/openapi.yaml
googleapis.com/domains/v1/openapi.yaml,d_dedup,superseded_by:googleapis.com/domains/v1alpha2/openapi.yaml
googleapis.com/domains/v1beta1/openapi.yaml,d_dedup,duplicate_of:googleapis.com/domains/v1alpha2/openapi.yaml
googleapis.com/driveactivity/v2/openapi.yaml,c_min_ops,only_1_ops
googleapis.com/drivelabels/v2beta/openapi.yaml,d_dedup,duplicate_of:googleapis.com/drivelabels/v2/openapi.yaml
googleapis.com/eventarc/v1/openapi.yaml,d_dedup,superseded_by:googleapis.com/eventarc/v1beta1/openapi.yaml
googleapis.com/fcm/v1/openapi.yaml,c_min_ops,only_1_ops
googleapis.com/fcmdata/v1beta1/openapi.yaml,c_min_ops,only_1_ops
googleapis.com/file/v1/openapi.yaml,d_dedup,superseded_by:googleapis.com/file/v1beta1/openapi.yaml
googleapis.com/firebaseappcheck/v1beta/openapi.yaml,d_dedup,duplicate_of:googleapis.com/firebaseappcheck/v1/openapi.yaml
googleapis.com/firebaseappdistribution/v1alpha/openapi.yaml,d_dedup,duplicate_of:googleapis.com/firebaseappdistribution/v1/openapi.yaml
googleapis.com/firebasehosting/v1/openapi.yaml,d_dedup,superseded_by:googleapis.com/firebasehosting/v1beta1/openapi.yaml
googleapis.com/firebaseml/v1/openapi.yaml,d_dedup,superseded_by:googleapis.com/firebaseml/v1beta2/openapi.yaml
googleapis.com/firestore/v1/openapi.yaml,d_dedup,superseded_by:googleapis.com/firestore/v1beta1/openapi.yaml
googleapis.com/firestore/v1beta1/openapi.yaml,d_dedup,superseded_by:googleapis.com/firestore/v1beta2/openapi.yaml
googleapis.com/gameservices/v1beta/openapi.yaml,d_dedup,duplicate_of:googleapis.com/gameservices/v1/openapi.yaml
googleapis.com/gkehub/v1alpha/openapi.yaml,d_dedup,duplicate_of:googleapis.com/gkehub/v1/openapi.yaml
googleapis.com/gkehub/v1/openapi.yaml,d_dedup,superseded_by:googleapis.com/gkehub/v1alpha2/openapi.yaml
googleapis.com/gkehub/v1beta/openapi.yaml,d_dedup,duplicate_of:googleapis.com/gkehub/v1alpha2/openapi.yaml
googleapis.com/gkehub/v1beta1/openapi.yaml,d_dedup,duplicate_of:googleapis.com/gkehub/v1alpha2/openapi.yaml
googleapis.com/gkehub/v1alpha2/openapi.yaml,d_dedup,superseded_by:googleapis.com/gkehub/v2alpha/openapi.yaml
googleapis.com/gmailpostmastertools/v1/openapi.yaml,d_dedup,superseded_by:googleapis.com/gmailpostmastertools/v1beta1/openapi.yaml
googleapis.com/groupsmigration/v1/openapi.yaml,c_min_ops,only_1_ops
googleapis.com/healthcare/v1/openapi.yaml,d_dedup,superseded_by:googleapis.com/healthcare/v1beta1/openapi.yaml
googleapis.com/iam/v1/openapi.yaml,d_dedup,superseded_by:googleapis.com/iam/v2/openapi.yaml
googleapis.com/iam/v2beta/openapi.yaml,d_dedup,duplicate_of:googleapis.com/iam/v2/openapi.yaml
googleapis.com/iap/v1/openapi.yaml,d_dedup,superseded_by:googleapis.com/iap/v1beta1/openapi.yaml
googleapis.com/ideahub/v1beta/openapi.yaml,d_dedup,duplicate_of:googleapis.com/ideahub/v1alpha/openapi.yaml
googleapis.com/indexing/v3/openapi.yaml,c_min_ops,only_2_ops
googleapis.com/integrations/v1alpha/openapi.yaml,d_dedup,duplicate_of:googleapis.com/integrations/v1/openapi.yaml
googleapis.com/jobs/v3/openapi.yaml,d_dedup,superseded_by:googleapis.com/jobs/v3p1beta1/openapi.yaml
googleapis.com/jobs/v3p1beta1/openapi.yaml,d_dedup,superseded_by:googleapis.com/jobs/v4/openapi.yaml
googleapis.com/kgsearch/v1/openapi.yaml,c_min_ops,only_1_ops
googleapis.com/language/v1/openapi.yaml,d_dedup,superseded_by:googleapis.com/language/v1beta1/openapi.yaml
googleapis.com/language/v1beta1/openapi.yaml,d_dedup,superseded_by:googleapis.com/language/v1beta2/openapi.yaml
googleapis.com/language/v1beta2/openapi.yaml,d_dedup,superseded_by:googleapis.com/language/v2/openapi.yaml
googleapis.com/localservices/v1/openapi.yaml,c_min_ops,only_2_ops
googleapis.com/managedidentities/v1/openapi.yaml,d_dedup,superseded_by:googleapis.com/managedidentities/v1alpha1/openapi.yaml
googleapis.com/managedidentities/v1beta1/openapi.yaml,d_dedup,duplicate_of:googleapis.com/managedidentities/v1alpha1/openapi.yaml
googleapis.com/memcache/v1/openapi.yaml,d_dedup,superseded_by:googleapis.com/memcache/v1beta2/openapi.yaml
googleapis.com/metastore/v1alpha/openapi.yaml,d_dedup,duplicate_of:googleapis.com/metastore/v1/openapi.yaml
googleapis.com/metastore/v1beta/openapi.yaml,d_dedup,duplicate_of:googleapis.com/metastore/v1/openapi.yaml
googleapis.com/migrationcenter/v1/openapi.yaml,d_dedup,superseded_by:googleapis.com/migrationcenter/v1alpha1/openapi.yaml
googleapis.com/monitoring/v1/openapi.yaml,d_dedup,superseded_by:googleapis.com/monitoring/v3/openapi.yaml
googleapis.com/mybusinessnotifications/v1/openapi.yaml,c_min_ops,only_2_ops
googleapis.com/networkconnectivity/v1/openapi.yaml,d_dedup,superseded_by:googleapis.com/networkconnectivity/v1alpha1/openapi.yaml
googleapis.com/networkmanagement/v1/openapi.yaml,d_dedup,superseded_by:googleapis.com/networkmanagement/v1beta1/openapi.yaml
googleapis.com/networksecurity/v1/openapi.yaml,d_dedup,superseded_by:googleapis.com/networksecurity/v1beta1/openapi.yaml
googleapis.com/networkservices/v1/openapi.yaml,d_dedup,superseded_by:googleapis.com/networkservices/v1beta1/openapi.yaml
googleapis.com/notebooks/v1/openapi.yaml,d_dedup,superseded_by:googleapis.com/notebooks/v2/openapi.yaml
googleapis.com/oauth2/v1/openapi.yaml,d_dedup,superseded_by:googleapis.com/oauth2/v2/openapi.yaml
googleapis.com/ondemandscanning/v1/openapi.yaml,d_dedup,superseded_by:googleapis.com/ondemandscanning/v1beta1/openapi.yaml
googleapis.com/osconfig/v1alpha/openapi.yaml,d_dedup,duplicate_of:googleapis.com/osconfig/v1/openapi.yaml
googleapis.com/osconfig/v1beta/openapi.yaml,d_dedup,duplicate_of:googleapis.com/osconfig/v1/openapi.yaml
googleapis.com/oslogin/v1alpha/openapi.yaml,d_dedup,duplicate_of:googleapis.com/oslogin/v1/openapi.yaml
googleapis.com/oslogin/v1beta/openapi.yaml,d_dedup,duplicate_of:googleapis.com/oslogin/v1/openapi.yaml
googleapis.com/pagespeedonline/v1/openapi.yaml,c_min_ops,only_1_ops
googleapis.com/pagespeedonline/v2/openapi.yaml,c_min_ops,only_1_ops
googleapis.com/pagespeedonline/v4/openapi.yaml,c_min_ops,only_1_ops
googleapis.com/pagespeedonline/v5/openapi.yaml,c_min_ops,only_1_ops
googleapis.com/playcustomapp/v1/openapi.yaml,c_min_ops,only_1_ops
googleapis.com/playdeveloperreporting/v1beta1/openapi.yaml,d_dedup,duplicate_of:googleapis.com/playdeveloperreporting/v1alpha1/openapi.yaml
googleapis.com/playgrouping/v1alpha1/openapi.yaml,c_min_ops,only_2_ops
googleapis.com/playintegrity/v1/openapi.yaml,c_min_ops,only_1_ops
googleapis.com/policyanalyzer/v1/openapi.yaml,c_min_ops,only_1_ops
googleapis.com/policyanalyzer/v1beta1/openapi.yaml,c_min_ops,only_1_ops
googleapis.com/policysimulator/v1alpha/openapi.yaml,d_dedup,duplicate_of:googleapis.com/policysimulator/v1/openapi.yaml
googleapis.com/policysimulator/v1beta/openapi.yaml,d_dedup,duplicate_of:googleapis.com/policysimulator/v1/openapi.yaml
googleapis.com/policysimulator/v1beta1/openapi.yaml,c_min_ops,only_1_ops
googleapis.com/policytroubleshooter/v1/openapi.yaml,c_min_ops,only_1_ops
googleapis.com/policytroubleshooter/v1beta/openapi.yaml,c_min_ops,only_1_ops
googleapis.com/privateca/v1/openapi.yaml,d_dedup,superseded_by:googleapis.com/privateca/v1beta1/openapi.yaml
googleapis.com/publicca/v1/openapi.yaml,c_min_ops,only_1_ops
googleapis.com/publicca/v1alpha1/openapi.yaml,c_min_ops,only_1_ops
googleapis.com/publicca/v1beta1/openapi.yaml,c_min_ops,only_1_ops
googleapis.com/pubsub/v1/openapi.yaml,d_dedup,superseded_by:googleapis.com/pubsub/v1beta1a/openapi.yaml
googleapis.com/pubsub/v1beta1a/openapi.yaml,d_dedup,superseded_by:googleapis.com/pubsub/v1beta2/openapi.yaml
googleapis.com/realtimebidding/v1alpha/openapi.yaml,d_dedup,duplicate_of:googleapis.com/realtimebidding/v1/openapi.yaml
googleapis.com/recommender/v1/openapi.yaml,d_dedup,superseded_by:googleapis.com/recommender/v1beta1/openapi.yaml
googleapis.com/redis/v1/openapi.yaml,d_dedup,superseded_by:googleapis.com/redis/v1beta1/openapi.yaml
googleapis.com/retail/v2alpha/openapi.yaml,d_dedup,duplicate_of:googleapis.com/retail/v2/openapi.yaml
googleapis.com/retail/v2beta/openapi.yaml,d_dedup,duplicate_of:googleapis.com/retail/v2/openapi.yaml
googleapis.com/run/v1/openapi.yaml,d_dedup,superseded_by:googleapis.com/run/v1alpha1/openapi.yaml
googleapis.com/run/v1alpha1/openapi.yaml,d_dedup,superseded_by:googleapis.com/run/v2/openapi.yaml
googleapis.com/runtimeconfig/v1/openapi.yaml,d_dedup,superseded_by:googleapis.com/runtimeconfig/v1beta1/openapi.yaml
googleapis.com/safebrowsing/v5/openapi.yaml,c_min_ops,only_1_ops
googleapis.com/secretmanager/v1/openapi.yaml,d_dedup,superseded_by:googleapis.com/secretmanager/v1beta1/openapi.yaml
googleapis.com/securitycenter/v1/openapi.yaml,d_dedup,superseded_by:googleapis.com/securitycenter/v1beta1/openapi.yaml
googleapis.com/securitycenter/v1beta1/openapi.yaml,d_dedup,superseded_by:googleapis.com/securitycenter/v1beta2/openapi.yaml
googleapis.com/securitycenter/v1p1alpha1/openapi.yaml,d_dedup,duplicate_of:googleapis.com/securitycenter/v1beta2/openapi.yaml
googleapis.com/servicebroker/v1/openapi.yaml,d_dedup,superseded_by:googleapis.com/servicebroker/v1alpha1/openapi.yaml
googleapis.com/servicebroker/v1beta1/openapi.yaml,d_dedup,duplicate_of:googleapis.com/servicebroker/v1alpha1/openapi.yaml
googleapis.com/serviceconsumermanagement/v1/openapi.yaml,d_dedup,superseded_by:googleapis.com/serviceconsumermanagement/v1beta1/openapi.yaml
googleapis.com/servicecontrol/v2/openapi.yaml,c_min_ops,only_2_ops
googleapis.com/servicedirectory/v1/openapi.yaml,d_dedup,superseded_by:googleapis.com/servicedirectory/v1beta1/openapi.yaml
googleapis.com/servicenetworking/v1beta/openapi.yaml,d_dedup,duplicate_of:googleapis.com/servicenetworking/v1/openapi.yaml
googleapis.com/serviceusage/v1/openapi.yaml,d_dedup,superseded_by:googleapis.com/serviceusage/v1beta1/openapi.yaml
googleapis.com/shoppingcontent/v2/openapi.yaml,d_dedup,duplicate_of:googleapis.com/content/v2/openapi.yaml
googleapis.com/speech/v1/openapi.yaml,d_dedup,superseded_by:googleapis.com/speech/v1p1beta1/openapi.yaml
googleapis.com/speech/v2beta1/openapi.yaml,c_min_ops,only_2_ops
googleapis.com/sqladmin/v1/openapi.yaml,d_dedup,duplicate_of:googleapis.com/sql/v1beta4/openapi.yaml
googleapis.com/sts/v1beta/openapi.yaml,c_min_ops,only_1_ops
googleapis.com/tagmanager/v1/openapi.yaml,d_dedup,superseded_by:googleapis.com/tagmanager/v2/openapi.yaml
googleapis.com/texttospeech/v1/openapi.yaml,d_dedup,superseded_by:googleapis.com/texttospeech/v1beta1/openapi.yaml
googleapis.com/tpu/v1/openapi.yaml,d_dedup,superseded_by:googleapis.com/tpu/v1alpha1/openapi.yaml
googleapis.com/tpu/v1alpha1/openapi.yaml,d_dedup,superseded_by:googleapis.com/tpu/v2/openapi.yaml
googleapis.com/tpu/v2/openapi.yaml,d_dedup,superseded_by:googleapis.com/tpu/v2alpha1/openapi.yaml
googleapis.com/trafficdirector/v2/openapi.yaml,c_min_ops,only_1_ops
googleapis.com/trafficdirector/v3/openapi.yaml,c_min_ops,only_1_ops
googleapis.com/transcoder/v1/openapi.yaml,d_dedup,superseded_by:googleapis.com/transcoder/v1beta1/openapi.yaml
googleapis.com/translate/v3/openapi.yaml,d_dedup,superseded_by:googleapis.com/translate/v3beta1/openapi.yaml
googleapis.com/travelimpactmodel/v1/openapi.yaml,c_min_ops,only_1_ops
googleapis.com/vectortile/v1/openapi.yaml,c_min_ops,only_1_ops
googleapis.com/verifiedaccess/v1/openapi.yaml,c_min_ops,only_2_ops
googleapis.com/verifiedaccess/v2/openapi.yaml,c_min_ops,only_2_ops
googleapis.com/videointelligence/v1beta2/openapi.yaml,c_min_ops,only_1_ops
googleapis.com/videointelligence/v1p1beta1/openapi.yaml,c_min_ops,only_1_ops
googleapis.com/videointelligence/v1p2beta1/openapi.yaml,c_min_ops,only_1_ops
googleapis.com/videointelligence/v1p3beta1/openapi.yaml,c_min_ops,only_1_ops
googleapis.com/vision/v1/openapi.yaml,d_dedup,superseded_by:googleapis.com/vision/v1p1beta1/openapi.yaml
googleapis.com/vision/v1p1beta1/openapi.yaml,d_dedup,superseded_by:googleapis.com/vision/v1p2beta1/openapi.yaml
googleapis.com/vmmigration/v1/openapi.yaml,d_dedup,superseded_by:googleapis.com/vmmigration/v1alpha1/openapi.yaml
googleapis.com/vpcaccess/v1/openapi.yaml,d_dedup,superseded_by:googleapis.com/vpcaccess/v1beta1/openapi.yaml
googleapis.com/webfonts/v1/openapi.yaml,c_min_ops,only_1_ops
googleapis.com/websecurityscanner/v1alpha/openapi.yaml,d_dedup,duplicate_of:googleapis.com/websecurityscanner/v1/openapi.yaml
googleapis.com/websecurityscanner/v1beta/openapi.yaml,d_dedup,duplicate_of:googleapis.com/websecurityscanner/v1/openapi.yaml
googleapis.com/workflowexecutions/v1beta/openapi.yaml,d_dedup,duplicate_of:googleapis.com/workflowexecutions/v1/openapi.yaml
googleapis.com/workflows/v1beta/openapi.yaml,d_dedup,duplicate_of:googleapis.com/workflows/v1/openapi.yaml
googleapis.com/workstations/v1beta/openapi.yaml,d_dedup,duplicate_of:googleapis.com/workstations/v1/openapi.yaml
googleapis.com/youtubeAnalytics/v1/openapi.yaml,a_validate,empty_paths
here.com/positioning/2.1.1/openapi.yaml,c_min_ops,only_1_ops
hubapi.com/analytics/v3/openapi.yaml,c_min_ops,only_1_ops
hubapi.com/business units/v3/openapi.yaml,c_min_ops,only_1_ops
hubapi.com/cms/v3/openapi.yaml,c_min_ops,only_2_ops
hubapi.com/conversations/v3/openapi.yaml,c_min_ops,only_1_ops
hubapi.com/events/v3/openapi.yaml,c_min_ops,only_1_ops
hydramovies.com/1.1/swagger.yaml,c_min_ops,only_2_ops
image-charts.com/6.1.19/swagger.yaml,c_min_ops,only_2_ops
import.io/data/1.0/swagger.yaml,c_min_ops,only_2_ops
import.io/extraction/1.0/swagger.yaml,c_min_ops,only_1_ops
import.io/rss/1.0/swagger.yaml,c_min_ops,only_1_ops
import.io/run/1.0/swagger.yaml,c_min_ops,only_2_ops
interzoid.com/convertcurrency/1.0.0/openapi.yaml,c_min_ops,only_1_ops
interzoid.com/getaddressmatch/1.0.0/openapi.yaml,c_min_ops,only_1_ops
interzoid.com/getareacodefromnumber/1.0.0/openapi.yaml,c_min_ops,only_1_ops
interzoid.com/getcitymatch/1.0.0/openapi.yaml,c_min_ops,only_1_ops
interzoid.com/getcitystandard/1.0.0/openapi.yaml,c_min_ops,only_1_ops
interzoid.com/getcompanymatch/1.0.0/openapi.yaml,c_min_ops,only_1_ops
interzoid.com/getcountrymatch/1.0.0/openapi.yaml,c_min_ops,only_1_ops
interzoid.com/getcountrystandard/1.0.0/openapi.yaml,c_min_ops,only_1_ops
interzoid.com/getcurrencyrate/1.0.0/openapi.yaml,c_min_ops,only_1_ops
interzoid.com/getemailinfo/1.0.0/openapi.yaml,c_min_ops,only_1_ops
interzoid.com/getfullnamematch/1.0.0/openapi.yaml,c_min_ops,only_1_ops
interzoid.com/getfullnameparsedmatch/1.0.0/openapi.yaml,c_min_ops,only_1_ops
interzoid.com/getglobalnumberinfo/1.0.0/openapi.yaml,c_min_ops,only_1_ops
interzoid.com/getglobaltime/1.0.0/openapi.yaml,c_min_ops,only_1_ops
interzoid.com/getstateabbreviation/1.0.0/openapi.yaml,c_min_ops,only_1_ops
interzoid.com/getweathercity/1.0.0/openapi.yaml,c_min_ops,only_1_ops
interzoid.com/getweatherzip/1.0.0/openapi.yaml,c_min_ops,only_1_ops
interzoid.com/getzipinfo/1.0.0/openapi.yaml,c_min_ops,only_1_ops
interzoid.com/globalpageload/1.0.0/openapi.yaml,c_min_ops,only_1_ops
interzoid.com/lookupareacode/1.0.0/openapi.yaml,c_min_ops,only_1_ops
ip2location.com/geolocation/1.0/openapi.yaml,c_min_ops,only_1_ops
ip2location.io/1.0/openapi.yaml,c_min_ops,only_1_ops
ip2proxy.com/1.0/openapi.yaml,c_min_ops,only_1_ops
ip2whois.com/1.0/openapi.yaml,c_min_ops,only_1_ops
ipinfodb.com/1.0.0/openapi.yaml,a_validate,empty_paths
iptwist.com/1.0.0/openapi.yaml,c_min_ops,only_1_ops
iva-api.com/2.0/swagger.yaml,a_validate,empty_paths
javatpoint.com/v1/openapi.yaml,c_min_ops,only_1_ops
json2video.com/2.0.0/openapi.yaml,c_min_ops,only_2_ops
klarna.com/openai/v0/openapi.yaml,c_min_ops,only_1_ops
koomalooma.com/1.0/swagger.yaml,c_min_ops,only_2_ops
kubernetes.io/unversioned/swagger.yaml,d_dedup,superseded_by:kubernetes.io/v1.10.0/swagger.yaml
landregistry.gov.uk/deed/1.0.0/swagger.yaml,c_min_ops,only_2_ops
letmc.com/maintenance/v3-maintenance/openapi.yaml,c_min_ops,only_1_ops
mailboxvalidator.com/checker/1.0.0/openapi.yaml,c_min_ops,only_1_ops
mailboxvalidator.com/disposable/1.0.0/openapi.yaml,c_min_ops,only_1_ops
mailboxvalidator.com/validation/0.1/openapi.yaml,c_min_ops,only_1_ops
mastercard.com/BINTableResource/1.0/swagger.yaml,c_min_ops,only_1_ops
mastercard.com/BillPay/1.0/swagger.yaml,c_min_ops,only_1_ops
mastercard.com/MAWS/1.1.0/swagger.yaml,c_min_ops,only_1_ops
mastercard.com/MerchantIdentifier/2.0.0/swagger.yaml,c_min_ops,only_1_ops
mastercard.com/PaymentAccountReferenceInquiryAPI/1.1/swagger.yaml,c_min_ops,only_1_ops
mastercard.com/Repower/V2/swagger.yaml,c_min_ops,only_2_ops
medcorder.com/1.0.0/swagger.yaml,c_min_ops,only_1_ops
microsoft.com/cognitiveservices-AutoSuggest/1.0/swagger.yaml,c_min_ops,only_1_ops
microsoft.com/cognitiveservices-CustomImageSearch/1.0/swagger.yaml,c_min_ops,only_1_ops
microsoft.com/cognitiveservices-CustomSearch/1.0/swagger.yaml,c_min_ops,only_1_ops
microsoft.com/cognitiveservices-EntitySearch/1.0/swagger.yaml,c_min_ops,only_1_ops
microsoft.com/cognitiveservices-LocalSearch/1.0/swagger.yaml,c_min_ops,only_1_ops
microsoft.com/cognitiveservices-Ocr/2.0/openapi.yaml,d_dedup,duplicate_of:microsoft.com/cognitiveservices-ComputerVision/2.0/openapi.yaml
microsoft.com/cognitiveservices-Ocr/2.1/openapi.yaml,d_dedup,duplicate_of:microsoft.com/cognitiveservices-ComputerVision/2.1/openapi.yaml
microsoft.com/cognitiveservices-SpellCheck/1.0/swagger.yaml,c_min_ops,only_1_ops
microsoft.com/cognitiveservices-VisualSearch/1.0/swagger.yaml,c_min_ops,only_1_ops
microsoft.com/cognitiveservices-WebSearch/1.0/swagger.yaml,c_min_ops,only_1_ops
modelpubsub.com/0.1/openapi.yaml,c_min_ops,only_1_ops
moderatecontent.com/1.0.0/swagger.yaml,c_min_ops,only_1_ops
moonmoonmoonmoon.com/1.0/swagger.yaml,c_min_ops,only_2_ops
nasa.gov/apod/1.0.0/openapi.yaml,c_min_ops,only_1_ops
nexmo.com/audit/1.0.4/openapi.yaml,c_min_ops,only_2_ops
nexmo.com/conversion/1.0.1/openapi.yaml,c_min_ops,only_2_ops
nexmo.com/dispatch/0.3.4/openapi.yaml,c_min_ops,only_1_ops
nexmo.com/messages-olympus/1.4.0/openapi.yaml,c_min_ops,only_1_ops
nexmo.com/redact/1.0.6/openapi.yaml,c_min_ops,only_1_ops
nexmo.com/sms/1.2.0/openapi.yaml,c_min_ops,only_1_ops
nic.at/domainfinder/1.1.0/openapi.yaml,c_min_ops,only_1_ops
npr.org/sponsorship/2/swagger.yaml,c_min_ops,only_2_ops
npr.org/station-finder/3/swagger.yaml,c_min_ops,only_2_ops
nrel.gov/building-case-studies/1.0/swagger.yaml,c_min_ops,only_2_ops
ntropy.network/1.0.0/openapi.yaml,c_min_ops,only_2_ops
nytimes.com/archive/1.0.0/openapi.yaml,c_min_ops,only_1_ops
nytimes.com/article_search/1.0.0/openapi.yaml,c_min_ops,only_1_ops
nytimes.com/geo_api/1.0.0/openapi.yaml,c_min_ops,only_1_ops
nytimes.com/semantic_api/2.0.0/openapi.yaml,c_min_ops,only_2_ops
nytimes.com/times_tags/1.0.0/openapi.yaml,c_min_ops,only_1_ops
nytimes.com/top_stories/2.0.0/openapi.yaml,c_min_ops,only_1_ops
o2.cz/mobility/1.2.0/swagger.yaml,c_min_ops,only_2_ops
omdbapi.com/1/swagger.yaml,c_min_ops,only_1_ops
onsched.com/utility/v1/openapi.yaml,c_min_ops,only_2_ops
openbanking.org.uk/event-notifications-openapi/3.1.7/openapi.yaml,c_min_ops,only_1_ops
opencagedata.com/1/swagger.yaml,c_min_ops,only_1_ops
openfigi.com/1.4.0/openapi.yaml,c_min_ops,only_2_ops
openindex.ai/1.0.0/openapi.yaml,c_min_ops,only_1_ops
ote-godaddy.com/aftermarket/1.0.0/openapi.yaml,c_min_ops,only_2_ops
ote-godaddy.com/agreements/1.0.0/openapi.yaml,c_min_ops,only_1_ops
ote-godaddy.com/certificates/1.0.0/openapi.yaml,d_dedup,duplicate_of:ote-godaddy.com/abuse/1.0.0/openapi.yaml
ote-godaddy.com/countries/1.0.0/openapi.yaml,c_min_ops,only_2_ops
ote-godaddy.com/domains/1.0.0/openapi.yaml,d_dedup,duplicate_of:ote-godaddy.com/abuse/1.0.0/openapi.yaml
ote-godaddy.com/orders/1.0.0/openapi.yaml,c_min_ops,only_2_ops
ote-godaddy.com/shoppers/1.0.0/openapi.yaml,d_dedup,duplicate_of:ote-godaddy.com/abuse/1.0.0/openapi.yaml
ote-godaddy.com/subscriptions/1.0.0/openapi.yaml,d_dedup,duplicate_of:ote-godaddy.com/abuse/1.0.0/openapi.yaml
paccurate.io/0.1.1/swagger.yaml,c_min_ops,only_1_ops
papinet.io/order_status/1.0.0/openapi.yaml,c_min_ops,only_2_ops
parliament.uk/now/v1/openapi.yaml,c_min_ops,only_2_ops
passwordutility.net/v1/swagger.yaml,c_min_ops,only_2_ops
paypi.dev/1.0.0/openapi.yaml,c_min_ops,only_2_ops
personio.de/authentication/1.0/openapi.yaml,c_min_ops,only_1_ops
phila.gov/pollingplaces/1.0/swagger.yaml,c_min_ops,only_1_ops
placekit.co/1.0.0/openapi.yaml,c_min_ops,only_2_ops
poemist.com/1.0/swagger.yaml,c_min_ops,only_1_ops
presalytics.io/converter/0.1/openapi.yaml,c_min_ops,only_1_ops
proxykingdom.com/v1/openapi.yaml,c_min_ops,only_1_ops
quicksold.co.uk/location/1.0/swagger.yaml,c_min_ops,only_1_ops
rapidapi.com/dynamicdocs/1.0/openapi.yaml,c_min_ops,only_1_ops
rapidapi.com/ecowetter/1.0.0/openapi.yaml,c_min_ops,only_1_ops
rapidapi.com/language-identification/1.0.0/swagger.yaml,c_min_ops,only_1_ops
rapidapi.com/spellcheckpro/1.0.0/openapi.yaml,c_min_ops,only_1_ops
redeal.io/analytics/1.0.0/openapi.yaml,c_min_ops,only_1_ops
regcheck.org.uk/1.0.0/swagger.yaml,c_min_ops,only_1_ops
reloadly.com/1.0.0/openapi.yaml,c_min_ops,only_2_ops
sakari.io/1.0.1/openapi.yaml,a_validate,parse_error: ConstructorError
scideas.net/perfectpdf/1.0/openapi.yaml,c_min_ops,only_1_ops
scideas.net/regression/1.0/openapi.yaml,c_min_ops,only_1_ops
seldon.local/engine/0.1/openapi.yaml,c_min_ops,only_2_ops
selectpdf.com/1.0.0/swagger.yaml,c_min_ops,only_1_ops
sendgrid.com/1.0.0/openapi.yaml,a_validate,parse_error: ReaderError
sheetlabs.com/rig-veda/1.2/swagger.yaml,c_min_ops,only_1_ops
sheetlabs.com/vedic-society/1.2/swagger.yaml,c_min_ops,only_1_ops
shipstation.com/1.0.0/openapi.yaml,c_min_ops,only_2_ops
shop.app/v1/openapi.yaml,c_min_ops,only_2_ops
sinao.app/1.1.0/openapi.yaml,a_validate,parse_error: ConstructorError
slack.com/openai/v1/openapi.yaml,c_min_ops,only_1_ops
spectrocoin.com/1.0.0/swagger.yaml,c_min_ops,only_1_ops
sportsdata.io/mlb-v3-play-by-play/1.0/openapi.yaml,c_min_ops,only_2_ops
sportsdata.io/nba-v3-play-by-play/1.0/openapi.yaml,c_min_ops,only_2_ops
sportsdata.io/nhl-v3-play-by-play/1.0/openapi.yaml,c_min_ops,only_2_ops
squareup.com/2.0/openapi.yaml,a_validate,parse_error: ValueError
stellastra.com/1.0/openapi.yaml,c_min_ops,only_1_ops
stormglass.io/1.0.1/swagger.yaml,c_min_ops,only_1_ops
surrey.ca/trafficloops/0.1/swagger.yaml,c_min_ops,only_2_ops
tafqit.herokuapp.com/v1/openapi.yaml,c_min_ops,only_1_ops
ticketmaster.com/commerce/v2/swagger.yaml,c_min_ops,only_1_ops
tinyuid.com/1.0.0/swagger.yaml,c_min_ops,only_1_ops
trapstreet.com/1.0.0/openapi.yaml,c_min_ops,only_1_ops
truanon.com/1.0.0/openapi.yaml,c_min_ops,only_2_ops
twilio.com/twilio_chat_v2/1.55.0/openapi.yaml,d_dedup,duplicate_of:twilio.com/twilio_chat_v1/1.55.0/openapi.yaml
twilio.com/twilio_chat_v3/1.55.0/openapi.yaml,c_min_ops,only_1_ops
twilio.com/twilio_flex_v2/1.55.0/openapi.yaml,c_min_ops,only_1_ops
twilio.com/twilio_frontline_v1/1.55.0/openapi.yaml,c_min_ops,only_2_ops
twilio.com/twilio_ip_messaging_v2/1.55.0/openapi.yaml,d_dedup,duplicate_of:twilio.com/twilio_ip_messaging_v1/1.55.0/openapi.yaml
twilio.com/twilio_lookups_v1/1.55.0/openapi.yaml,c_min_ops,only_1_ops
twilio.com/twilio_lookups_v2/1.55.0/openapi.yaml,c_min_ops,only_1_ops
twilio.com/twilio_numbers_v2/1.55.0/openapi.yaml,d_dedup,duplicate_of:twilio.com/twilio_numbers_v1/1.55.0/openapi.yaml
twilio.com/twilio_pricing_v2/1.55.0/openapi.yaml,d_dedup,duplicate_of:twilio.com/twilio_pricing_v1/1.55.0/openapi.yaml
twilio.com/twilio_studio_v2/1.55.0/openapi.yaml,d_dedup,duplicate_of:twilio.com/twilio_studio_v1/1.55.0/openapi.yaml
unicourt.com/1.0.0/openapi.yaml,a_validate,parse_error: ValueError
urlbox.io/v1/openapi.yaml,c_min_ops,only_1_ops
va.gov/confirmation/0.0.1/openapi.yaml,b_rest_style,rpc_shaped
va.gov/forms/0.0.0/openapi.yaml,c_min_ops,only_2_ops
versioneye.com/v1/openapi.yaml,a_validate,parse_error: ConstructorError
vonage.com/extension/1.11.8/openapi.yaml,c_min_ops,only_2_ops
vonage.com/reports/1.0.1/openapi.yaml,c_min_ops,only_1_ops
vonage.com/user/1.11.8/openapi.yaml,c_min_ops,only_2_ops
vtex.local/Message-Center-API/1.0.0/openapi.yaml,c_min_ops,only_1_ops
vtex.local/Pricing-Hub/1.0/openapi.yaml,c_min_ops,only_2_ops
wellknown.ai/1.0.0/openapi.yaml,c_min_ops,only_2_ops
whapi.com/numbers/2.0/swagger.yaml,c_min_ops,only_1_ops
wheretocredit.com/1.0/openapi.yaml,c_min_ops,only_2_ops
who-hosts-this.com/0.0.1/swagger.yaml,c_min_ops,only_1_ops
windows.net/batch-BatchService/2015-12-01.2.2/openapi.yaml,d_dedup,superseded_by:windows.net/batch-BatchService/2016-02-01.3.0/openapi.yaml
windows.net/batch-BatchService/2016-07-01.3.1/swagger.yaml,d_dedup,superseded_by:windows.net/batch-BatchService/2017-01-01.4.0/swagger.yaml
windows.net/batch-BatchService/2017-01-01.4.0/swagger.yaml,d_dedup,superseded_by:windows.net/batch-BatchService/2017-05-01.5.0/swagger.yaml
windows.net/batch-BatchService/2017-05-01.5.0/swagger.yaml,d_dedup,superseded_by:windows.net/batch-BatchService/2017-06-01.5.1/swagger.yaml
windows.net/batch-BatchService/2017-06-01.5.1/swagger.yaml,d_dedup,superseded_by:windows.net/batch-BatchService/2017-09-01.6.0/swagger.yaml
windows.net/batch-BatchService/2017-09-01.6.0/swagger.yaml,d_dedup,superseded_by:windows.net/batch-BatchService/2018-03-01.6.1/swagger.yaml
windows.net/batch-BatchService/2018-03-01.6.1/swagger.yaml,d_dedup,superseded_by:windows.net/batch-BatchService/2018-08-01.7.0/swagger.yaml
wmata.com/bus-realtime/1.0/swagger.yaml,c_min_ops,only_2_ops
wmata.com/rail-realtime/1.0/swagger.yaml,c_min_ops,only_2_ops
wolframalpha.com/v0.1/openapi.yaml,c_min_ops,only_2_ops
wordassociations.net/1.0/swagger.yaml,c_min_ops,only_2_ops
wso2apistore.com/transform/1.0.0/openapi.yaml,c_min_ops,only_2_ops
xero.com/xero-identity/2.9.4/openapi.yaml,c_min_ops,only_2_ops
xkcd.com/1.0.0/openapi.yaml,c_min_ops,only_2_ops
zenoti.com/1.0.0/openapi.yaml,a_validate,empty_paths
