rel,title,host,provider,version_field,spec_version,n_operations,n_admin_dropped,domain,source,clean_file,domain_evidence
1password.com/events/1.2.0/openapi.yaml,Events API,https://events.1password.com,1password.com,1.2.0,3.x,5,0,identity,S2,1password.com__events__1.2.0__openapi.yaml,keywords:password
1password.local/connect/1.5.7/openapi.yaml,1Password Connect,http://1password.local,1password.local,1.5.7,3.x,13,2,identity,S2,1password.local__connect__1.5.7__openapi.yaml,keywords:password
6-dot-authentiqio.appspot.com/6/openapi.yaml,Authentiq API,https://6-dot-authentiqio.appspot.com,6-dot-authentiqio.appspot.com,6,3.x,12,0,UNLABELLED,S2,6-dot-authentiqio.appspot.com__6__openapi.yaml,no_keyword_match
ably.io/platform/1.1.0/openapi.yaml,Platform API,https://rest.ably.io,ably.io,1.1.0,3.x,22,0,UNLABELLED,S2,ably.io__platform__1.1.0__openapi.yaml,no_keyword_match
ably.net/control/1.0.14/openapi.yaml,Control API v1,https://control.ably.net/v1,ably.net,1.0.14,3.x,22,0,UNLABELLED,S2,ably.net__control__1.0.14__openapi.yaml,no_keyword_match
ably.net/control/v1/openapi.yaml,API V1,https://control.ably.net/v1,ably.net,v1,3.x,22,0,UNLABELLED,S2,ably.net__control__v1__openapi.yaml,no_keyword_match
adafruit.com/2.0.0/swagger.yaml,Adafruit IO REST API,io.adafruit.com,adafruit.com,2.0.0,2.0,71,0,UNLABELLED,S2,adafruit.com__2.0.0__swagger.yaml,no_keyword_match
adobe.com/aem/3.7.1-pre.0/openapi.yaml,Adobe Experience Manager (AEM) API,/,adobe.com,3.7.1-pre.0,3.x,48,0,UNLABELLED,S2,adobe.com__aem__3.7.1-pre.0__openapi.yaml,no_keyword_match
adyen.com/AccountService/3/openapi.yaml,Account API,https://cal-test.adyen.com/cal/services/account/v3,adyen.com,3,3.x,17,0,finance,S2,adyen.com__AccountService__3__openapi.yaml,provider_override:adyen.com
adyen.com/AccountService/4/openapi.yaml,Account API,https://cal-test.adyen.com/cal/services/account/v4,adyen.com,4,3.x,17,0,finance,S2,adyen.com__AccountService__4__openapi.yaml,provider_override:adyen.com
adyen.com/AccountService/5/openapi.yaml,Account API,https://cal-test.adyen.com/cal/services/account/v5,adyen.com,5,3.x,20,0,finance,S2,adyen.com__AccountService__5__openapi.yaml,provider_override:adyen.com
adyen.com/AccountService/6/openapi.yaml,Account API,https://cal-test.adyen.com/cal/services/account/v6,adyen.com,6,3.x,20,0,finance,S2,adyen.com__AccountService__6__openapi.yaml,provider_override:adyen.com
adyen.com/BalancePlatformService/1/openapi.yaml,Configuration API,https://balanceplatform-api-test.adyen.com/bcl/v1,adyen.com,1,3.x,34,0,finance,S2,adyen.com__BalancePlatformService__1__openapi.yaml,provider_override:adyen.com
adyen.com/BalancePlatformService/2/openapi.yaml,Configuration API,https://balanceplatform-api-test.adyen.com/bcl/v2,adyen.com,2,3.x,42,0,finance,S2,adyen.com__BalancePlatformService__2__openapi.yaml,provider_override:adyen.com
adyen.com/DisputeService-v30/30/openapi.yaml,Disputes API,https://ca-test.adyen.com/ca/services/disputeservice/v30,adyen.com,30,3.x,5,0,finance,S2,adyen.com__DisputeService-v30__30__openapi.yaml,provider_override:adyen.com
adyen.com/FundService/3/openapi.yaml,Fund API,https://cal-test.adyen.com/cal/services/fund/v3,adyen.com,3,3.x,8,0,finance,S2,adyen.com__FundService__3__openapi.yaml,provider_override:adyen.com
adyen.com/FundService/5/openapi.yaml,Fund API,https://cal-test.adyen.com/cal/services/fund/v5,adyen.com,5,3.x,8,0,finance,S2,adyen.com__FundService__5__openapi.yaml,provider_override:adyen.com
adyen.com/FundService/6/openapi.yaml,Fund API,https://cal-test.adyen.com/cal/services/fund/v6,adyen.com,6,3.x,8,0,finance,S2,adyen.com__FundService__6__openapi.yaml,provider_override:adyen.com
adyen.com/GrantService-v3/3/openapi.yaml,Capital API,https://balanceplatform-api-test.adyen.com/btl/v3,adyen.com,3,3.x,3,0,finance,S2,adyen.com__GrantService-v3__3__openapi.yaml,provider_override:adyen.com
adyen.com/LegalEntityService/1/openapi.yaml,Legal Entity Management API,https://kyc-test.adyen.com/lem/v1,adyen.com,1,3.x,26,0,finance,S2,adyen.com__LegalEntityService__1__openapi.yaml,provider_override:adyen.com
adyen.com/LegalEntityService/2/openapi.yaml,Legal Entity Management API,https://kyc-test.adyen.com/lem/v2,adyen.com,2,3.x,27,0,finance,S2,adyen.com__LegalEntityService__2__openapi.yaml,provider_override:adyen.com
adyen.com/LegalEntityService/3/openapi.yaml,Legal Entity Management API,https://kyc-test.adyen.com/lem/v3,adyen.com,3,3.x,29,0,finance,S2,adyen.com__LegalEntityService__3__openapi.yaml,provider_override:adyen.com
adyen.com/ManagementService-v3/3/openapi.yaml,Management API,https://management-test.adyen.com/v3,adyen.com,3,3.x,132,0,finance,S2,adyen.com__ManagementService-v3__3__openapi.yaml,provider_override:adyen.com
adyen.com/ManagementService/1/openapi.yaml,Management API,https://management-test.adyen.com/v1,adyen.com,1,3.x,130,0,finance,S2,adyen.com__ManagementService__1__openapi.yaml,provider_override:adyen.com
adyen.com/NotificationConfigurationService/1/openapi.yaml,Notification Configuration API,https://cal-test.adyen.com/cal/services/notification/v1,adyen.com,1,3.x,6,0,finance,S2,adyen.com__NotificationConfigurationService__1__openapi.yaml,provider_override:adyen.com
adyen.com/NotificationConfigurationService/2/openapi.yaml,Notification Configuration API,https://cal-test.adyen.com/cal/services/notification/v2,adyen.com,2,3.x,6,0,finance,S2,adyen.com__NotificationConfigurationService__2__openapi.yaml,provider_override:adyen.com
adyen.com/NotificationConfigurationService/3/openapi.yaml,Notification Configuration API,https://cal-test.adyen.com/cal/services/notification/v3,adyen.com,3,3.x,6,0,finance,S2,adyen.com__NotificationConfigurationService__3__openapi.yaml,provider_override:adyen.com
adyen.com/NotificationConfigurationService/4/openapi.yaml,Notification Configuration API,https://cal-test.adyen.com/cal/services/notification/v4,adyen.com,4,3.x,6,0,finance,S2,adyen.com__NotificationConfigurationService__4__openapi.yaml,provider_override:adyen.com
adyen.com/NotificationConfigurationService/5/openapi.yaml,Notification Configuration API,https://cal-test.adyen.com/cal/services/notification/v5,adyen.com,5,3.x,6,0,finance,S2,adyen.com__NotificationConfigurationService__5__openapi.yaml,provider_override:adyen.com
adyen.com/NotificationConfigurationService/6/openapi.yaml,Notification Configuration API,https://cal-test.adyen.com/cal/services/notification/v6,adyen.com,6,3.x,6,0,finance,S2,adyen.com__NotificationConfigurationService__6__openapi.yaml,provider_override:adyen.com
adyen.com/PayoutService/30/openapi.yaml,Adyen Payout API,https://pal-test.adyen.com/pal/servlet/payout/v30,adyen.com,30,3.x,6,0,finance,S2,adyen.com__PayoutService__30__openapi.yaml,provider_override:adyen.com
adyen.com/PayoutService/40/openapi.yaml,Adyen Payout API,https://pal-test.adyen.com/pal/servlet/payout/v40,adyen.com,40,3.x,6,0,finance,S2,adyen.com__PayoutService__40__openapi.yaml,provider_override:adyen.com
adyen.com/PayoutService/50/openapi.yaml,Adyen Payout API,https://pal-test.adyen.com/pal/servlet/payout/v50,adyen.com,50,3.x,6,0,finance,S2,adyen.com__PayoutService__50__openapi.yaml,provider_override:adyen.com
adyen.com/PayoutService/51/openapi.yaml,Adyen Payout API,https://pal-test.adyen.com/pal/servlet/payout/v51,adyen.com,51,3.x,6,0,finance,S2,adyen.com__PayoutService__51__openapi.yaml,provider_override:adyen.com
adyen.com/PayoutService/52/openapi.yaml,Adyen Payout API,https://pal-test.adyen.com/pal/servlet/payout/v52,adyen.com,52,3.x,6,0,finance,S2,adyen.com__PayoutService__52__openapi.yaml,provider_override:adyen.com
adyen.com/PayoutService/64/openapi.yaml,Adyen Payout API,https://pal-test.adyen.com/pal/servlet/payout/v64,adyen.com,64,3.x,6,0,finance,S2,adyen.com__PayoutService__64__openapi.yaml,provider_override:adyen.com
adyen.com/PayoutService/67/openapi.yaml,Adyen Payout API,https://pal-test.adyen.com/pal/servlet/payout/v67,adyen.com,67,3.x,6,0,finance,S2,adyen.com__PayoutService__67__openapi.yaml,provider_override:adyen.com
adyen.com/PayoutService/68/openapi.yaml,Adyen Payout API,https://pal-test.adyen.com/pal/servlet/payout/v68,adyen.com,68,3.x,6,0,finance,S2,adyen.com__PayoutService__68__openapi.yaml,provider_override:adyen.com
adyen.com/RecurringService/25/openapi.yaml,Adyen Recurring API,https://pal-test.adyen.com/pal/servlet/recurring/v25,adyen.com,25,3.x,4,0,finance,S2,adyen.com__RecurringService__25__openapi.yaml,provider_override:adyen.com
adyen.com/RecurringService/30/openapi.yaml,Adyen Recurring API,https://pal-test.adyen.com/pal/servlet/recurring/v30,adyen.com,30,3.x,4,0,finance,S2,adyen.com__RecurringService__30__openapi.yaml,provider_override:adyen.com
adyen.com/RecurringService/40/openapi.yaml,Adyen Recurring API,https://pal-test.adyen.com/pal/servlet/recurring/v40,adyen.com,40,3.x,5,0,finance,S2,adyen.com__RecurringService__40__openapi.yaml,provider_override:adyen.com
adyen.com/RecurringService/49/openapi.yaml,Adyen Recurring API,https://pal-test.adyen.com/pal/servlet/recurring/v49,adyen.com,49,3.x,5,0,finance,S2,adyen.com__RecurringService__49__openapi.yaml,provider_override:adyen.com
adyen.com/RecurringService/67/openapi.yaml,Adyen Recurring API,https://pal-test.adyen.com/pal/servlet/recurring/v67,adyen.com,67,3.x,6,0,finance,S2,adyen.com__RecurringService__67__openapi.yaml,provider_override:adyen.com
adyen.com/RecurringService/68/openapi.yaml,Adyen Recurring API,https://pal-test.adyen.com/pal/servlet/recurring/v68,adyen.com,68,3.x,6,0,finance,S2,adyen.com__RecurringService__68__openapi.yaml,provider_override:adyen.com
adyen.com/StoredValueService/46/openapi.yaml,Adyen Stored Value API,https://pal-test.adyen.com/pal/servlet/storedvalue/v46,adyen.com,46,3.x,6,0,finance,S2,adyen.com__StoredValueService__46__openapi.yaml,provider_override:adyen.com
adyen.com/TerminalAPI-v1/1/openapi.yaml,Adyen Terminal API,https://terminal-api-test.adyen.com/sync,adyen.com,1,3.x,18,0,finance,S2,adyen.com__TerminalAPI-v1__1__openapi.yaml,provider_override:adyen.com
adyen.com/TfmAPIService/1/openapi.yaml,POS Terminal Management API,https://postfmapi-test.adyen.com/postfmapi/terminal/v1,adyen.com,1,3.x,5,0,finance,S2,adyen.com__TfmAPIService__1__openapi.yaml,provider_override:adyen.com
adyen.com/TransferService-v4/4/openapi.yaml,Transfers API,https://balanceplatform-api-test.adyen.com/btl/v4,adyen.com,4,3.x,7,0,finance,S2,adyen.com__TransferService-v4__4__openapi.yaml,provider_override:adyen.com
adyen.com/TransferService/1/openapi.yaml,Transfers API,https://balanceplatform-api-test.adyen.com/btl/v1,adyen.com,1,3.x,3,0,finance,S2,adyen.com__TransferService__1__openapi.yaml,provider_override:adyen.com
adyen.com/TransferService/2/openapi.yaml,Transfers API,https://balanceplatform-api-test.adyen.com/btl/v2,adyen.com,2,3.x,3,0,finance,S2,adyen.com__TransferService__2__openapi.yaml,provider_override:adyen.com
adyen.com/TransferService/3/openapi.yaml,Transfers API,https://balanceplatform-api-test.adyen.com/btl/v3,adyen.com,3,3.x,7,0,finance,S2,adyen.com__TransferService__3__openapi.yaml,provider_override:adyen.com
afterbanks.com/3.0.0/swagger.yaml,Afterbanks API,www.afterbanks.com,afterbanks.com,3.0.0,2.0,3,0,finance,S2,afterbanks.com__3.0.0__swagger.yaml,keywords:bank
agco-ats.com/v1/openapi.yaml,AGCO API,https://secure.agco-ats.com,agco-ats.com,v1,3.x,277,0,UNLABELLED,S2,agco-ats.com__v1__openapi.yaml,no_keyword_match
aiception.com/1.0.0/swagger.yaml,AIception Interactive,aiception.com,aiception.com,1.0.0,2.0,10,0,UNLABELLED,S2,aiception.com__1.0.0__swagger.yaml,no_keyword_match
airbyte.local/config/1.0.0/openapi.yaml,Airbyte Configuration API,http://airbyte.local,airbyte.local,1.0.0,3.x,102,0,UNLABELLED,S2,airbyte.local__config__1.0.0__openapi.yaml,no_keyword_match
alertersystem.com/1.7.0/openapi.yaml,Alerter System API,/,alertersystem.com,1.7.0,3.x,500,0,UNLABELLED,S2,alertersystem.com__1.7.0__openapi.yaml,no_keyword_match
amadeus.com/amadeus-points-of-interest/1.1.1/swagger.yaml,Points of Interest,test.api.amadeus.com,amadeus.com,1.1.1,2.0,3,0,UNLABELLED,S2,amadeus.com__amadeus-points-of-interest__1.1.1__swagger.yaml,no_keyword_match
amadeus.com/amadeus-safe-place-/1.0.0/swagger.yaml,Safe Place,test.api.amadeus.com,amadeus.com,1.0.0,2.0,3,0,UNLABELLED,S2,amadeus.com__amadeus-safe-place-__1.0.0__swagger.yaml,no_keyword_match
amadeus.com/amadeus-tours-and-activities/1.0.2/swagger.yaml,Tours and Activities,test.api.amadeus.com,amadeus.com,1.0.2,2.0,3,0,UNLABELLED,S2,amadeus.com__amadeus-tours-and-activities__1.0.2__swagger.yaml,no_keyword_match
amazonaws.com/AWSMigrationHub/2017-05-31/openapi.yaml,AWS Migration Hub,http://mgh.{region}.amazonaws.com,amazonaws.com,2017-05-31,3.x,17,0,devtools,S2,amazonaws.com__AWSMigrationHub__2017-05-31__openapi.yaml,provider_override:amazonaws.com
amazonaws.com/accessanalyzer/2019-11-01/openapi.yaml,Access Analyzer,http://access-analyzer.{region}.amazonaws.com,amazonaws.com,2019-11-01,3.x,28,0,devtools,S2,amazonaws.com__accessanalyzer__2019-11-01__openapi.yaml,provider_override:amazonaws.com
amazonaws.com/account/2021-02-01/openapi.yaml,AWS Account,http://account.{region}.amazonaws.com,amazonaws.com,2021-02-01,3.x,9,0,devtools,S2,amazonaws.com__account__2021-02-01__openapi.yaml,provider_override:amazonaws.com
amazonaws.com/acm-pca/2017-08-22/openapi.yaml,AWS Certificate Manager Private Certificate Authority,http://acm-pca.{region}.amazonaws.com,amazonaws.com,2017-08-22,3.x,23,0,devtools,S2,amazonaws.com__acm-pca__2017-08-22__openapi.yaml,provider_override:amazonaws.com
amazonaws.com/acm/2015-12-08/openapi.yaml,AWS Certificate Manager,http://acm.{region}.amazonaws.com,amazonaws.com,2015-12-08,3.x,15,0,devtools,S2,amazonaws.com__acm__2015-12-08__openapi.yaml,provider_override:amazonaws.com
amazonaws.com/alexaforbusiness/2017-11-09/openapi.yaml,Alexa For Business,http://a4b.{region}.amazonaws.com,amazonaws.com,2017-11-09,3.x,93,0,devtools,S2,amazonaws.com__alexaforbusiness__2017-11-09__openapi.yaml,provider_override:amazonaws.com
amazonaws.com/amp/2020-08-01/openapi.yaml,Amazon Prometheus Service,http://aps.{region}.amazonaws.com,amazonaws.com,2020-08-01,3.x,21,0,devtools,S2,amazonaws.com__amp__2020-08-01__openapi.yaml,provider_override:amazonaws.com
amazonaws.com/amplify/2017-07-25/openapi.yaml,AWS Amplify,http://amplify.{region}.amazonaws.com,amazonaws.com,2017-07-25,3.x,37,0,devtools,S2,amazonaws.com__amplify__2017-07-25__openapi.yaml,provider_override:amazonaws.com
amazonaws.com/amplifybackend/2020-08-11/openapi.yaml,AmplifyBackend,http://amplifybackend.{region}.amazonaws.com,amazonaws.com,2020-08-11,3.x,31,0,devtools,S2,amazonaws.com__amplifybackend__2020-08-11__openapi.yaml,provider_override:amazonaws.com
amazonaws.com/amplifyuibuilder/2021-08-11/openapi.yaml,AWS Amplify UI Builder,http://amplifyuibuilder.{region}.amazonaws.com,amazonaws.com,2021-08-11,3.x,25,0,devtools,S2,amazonaws.com__amplifyuibuilder__2021-08-11__openapi.yaml,provider_override:amazonaws.com
amazonaws.com/apigateway/2015-07-09/openapi.yaml,Amazon API Gateway,http://apigateway.{region}.amazonaws.com,amazonaws.com,2015-07-09,3.x,120,0,devtools,S2,amazonaws.com__apigateway__2015-07-09__openapi.yaml,provider_override:amazonaws.com
amazonaws.com/apigatewaymanagementapi/2018-11-29/openapi.yaml,AmazonApiGatewayManagementApi,http://execute-api.{region}.amazonaws.com,amazonaws.com,2018-11-29,3.x,3,0,devtools,S2,amazonaws.com__apigatewaymanagementapi__2018-11-29__openapi.yaml,provider_override:amazonaws.com
amazonaws.com/apigatewayv2/2018-11-29/openapi.yaml,AmazonApiGatewayV2,http://apigateway.{region}.amazonaws.com,amazonaws.com,2018-11-29,3.x,72,0,devtools,S2,amazonaws.com__apigatewayv2__2018-11-29__openapi.yaml,provider_override:amazonaws.com
amazonaws.com/appconfig/2019-10-09/openapi.yaml,Amazon AppConfig,http://appconfig.{region}.amazonaws.com,amazonaws.com,2019-10-09,3.x,43,0,devtools,S2,amazonaws.com__appconfig__2019-10-09__openapi.yaml,provider_override:amazonaws.com
amazonaws.com/appfabric/2023-05-19/openapi.yaml,AppFabric,http://appfabric.{region}.amazonaws.com,amazonaws.com,2023-05-19,3.x,26,0,devtools,S2,amazonaws.com__appfabric__2023-05-19__openapi.yaml,provider_override:amazonaws.com
amazonaws.com/appflow/2020-08-23/openapi.yaml,Amazon Appflow,http://appflow.{region}.amazonaws.com,amazonaws.com,2020-08-23,3.x,25,0,devtools,S2,amazonaws.com__appflow__2020-08-23__openapi.yaml,provider_override:amazonaws.com
amazonaws.com/appintegrations/2020-07-29/openapi.yaml,Amazon AppIntegrations Service,http://app-integrations.{region}.amazonaws.com,amazonaws.com,2020-07-29,3.x,15,0,devtools,S2,amazonaws.com__appintegrations__2020-07-29__openapi.yaml,provider_override:amazonaws.com
amazonaws.com/application-autoscaling/2016-02-06/openapi.yaml,Application Auto Scaling,http://application-autoscaling.{region}.amazonaws.com,amazonaws.com,2016-02-06,3.x,13,0,devtools,S2,amazonaws.com__application-autoscaling__2016-02-06__openapi.yaml,provider_override:amazonaws.com
amazonaws.com/application-insights/2018-11-25/openapi.yaml,Amazon CloudWatch Application Insights,http://applicationinsights.{region}.amazonaws.com,amazonaws.com,2018-11-25,3.x,33,0,devtools,S2,amazonaws.com__application-insights__2018-11-25__openapi.yaml,provider_override:amazonaws.com
amazonaws.com/applicationcostprofiler/2020-09-10/openapi.yaml,AWS Application Cost Profiler,http://application-cost-profiler.{region}.amazonaws.com,amazonaws.com,2020-09-10,3.x,6,0,devtools,S2,amazonaws.com__applicationcostprofiler__2020-09-10__openapi.yaml,provider_override:amazonaws.com
amazonaws.com/appmesh/2019-01-25/openapi.yaml,AWS App Mesh,http://appmesh.{region}.amazonaws.com,amazonaws.com,2019-01-25,3.x,38,0,devtools,S2,amazonaws.com__appmesh__2019-01-25__openapi.yaml,provider_override:amazonaws.com
amazonaws.com/apprunner/2020-05-15/openapi.yaml,AWS App Runner,http://apprunner.{region}.amazonaws.com,amazonaws.com,2020-05-15,3.x,35,0,devtools,S2,amazonaws.com__apprunner__2020-05-15__openapi.yaml,provider_override:amazonaws.com
amazonaws.com/appstream/2016-12-01/openapi.yaml,Amazon AppStream,http://appstream2.{region}.amazonaws.com,amazonaws.com,2016-12-01,3.x,75,0,devtools,S2,amazonaws.com__appstream__2016-12-01__openapi.yaml,provider_override:amazonaws.com
amazonaws.com/appsync/2017-07-25/openapi.yaml,AWS AppSync,http://appsync.{region}.amazonaws.com,amazonaws.com,2017-07-25,3.x,60,0,devtools,S2,amazonaws.com__appsync__2017-07-25__openapi.yaml,provider_override:amazonaws.com
amazonaws.com/arc-zonal-shift/2022-10-30/openapi.yaml,AWS ARC - Zonal Shift,http://arc-zonal-shift.{region}.amazonaws.com,amazonaws.com,2022-10-30,3.x,6,0,devtools,S2,amazonaws.com__arc-zonal-shift__2022-10-30__openapi.yaml,provider_override:amazonaws.com
amazonaws.com/athena/2017-05-18/openapi.yaml,Amazon Athena,http://athena.{region}.amazonaws.com,amazonaws.com,2017-05-18,3.x,68,0,devtools,S2,amazonaws.com__athena__2017-05-18__openapi.yaml,provider_override:amazonaws.com
amazonaws.com/auditmanager/2017-07-25/openapi.yaml,AWS Audit Manager,http://auditmanager.{region}.amazonaws.com,amazonaws.com,2017-07-25,3.x,62,0,devtools,S2,amazonaws.com__auditmanager__2017-07-25__openapi.yaml,provider_override:amazonaws.com
amazonaws.com/autoscaling-plans/2018-01-06/openapi.yaml,AWS Auto Scaling Plans,http://autoscaling-plans.{region}.amazonaws.com,amazonaws.com,2018-01-06,3.x,6,0,devtools,S2,amazonaws.com__autoscaling-plans__2018-01-06__openapi.yaml,provider_override:amazonaws.com
amazonaws.com/autoscaling/2011-01-01/openapi.yaml,Auto Scaling,http://autoscaling.{region}.amazonaws.com,amazonaws.com,2011-01-01,3.x,130,0,devtools,S2,amazonaws.com__autoscaling__2011-01-01__openapi.yaml,provider_override:amazonaws.com
amazonaws.com/backup-gateway/2021-01-01/openapi.yaml,AWS Backup Gateway,http://backup-gateway.{region}.amazonaws.com,amazonaws.com,2021-01-01,3.x,25,0,devtools,S2,amazonaws.com__backup-gateway__2021-01-01__openapi.yaml,provider_override:amazonaws.com
amazonaws.com/backup/2018-11-15/openapi.yaml,AWS Backup,http://backup.{region}.amazonaws.com,amazonaws.com,2018-11-15,3.x,72,0,devtools,S2,amazonaws.com__backup__2018-11-15__openapi.yaml,provider_override:amazonaws.com
amazonaws.com/backupstorage/2018-04-10/openapi.yaml,AWS Backup Storage,http://backupstorage.{region}.amazonaws.com,amazonaws.com,2018-04-10,3.x,9,0,devtools,S2,amazonaws.com__backupstorage__2018-04-10__openapi.yaml,provider_override:amazonaws.com
amazonaws.com/batch/2016-08-10/openapi.yaml,AWS Batch,http://batch.{region}.amazonaws.com,amazonaws.com,2016-08-10,3.x,24,0,devtools,S2,amazonaws.com__batch__2016-08-10__openapi.yaml,provider_override:amazonaws.com
amazonaws.com/billingconductor/2021-07-30/openapi.yaml,AWSBillingConductor,http://billingconductor.{region}.amazonaws.com,amazonaws.com,2021-07-30,3.x,31,0,devtools,S2,amazonaws.com__billingconductor__2021-07-30__openapi.yaml,provider_override:amazonaws.com
amazonaws.com/braket/2019-09-01/openapi.yaml,Braket,http://braket.{region}.amazonaws.com,amazonaws.com,2019-09-01,3.x,13,0,devtools,S2,amazonaws.com__braket__2019-09-01__openapi.yaml,provider_override:amazonaws.com
amazonaws.com/budgets/2016-10-20/openapi.yaml,AWS Budgets,https://budgets.amazonaws.com,amazonaws.com,2016-10-20,3.x,23,0,devtools,S2,amazonaws.com__budgets__2016-10-20__openapi.yaml,provider_override:amazonaws.com
amazonaws.com/ce/2017-10-25/openapi.yaml,AWS Cost Explorer Service,http://ce.us-east-1.amazonaws.com,amazonaws.com,2017-10-25,3.x,38,0,devtools,S2,amazonaws.com__ce__2017-10-25__openapi.yaml,provider_override:amazonaws.com
amazonaws.com/chime-sdk-identity/2021-04-20/openapi.yaml,Amazon Chime SDK Identity,http://identity-chime.{region}.amazonaws.com,amazonaws.com,2021-04-20,3.x,30,0,devtools,S2,amazonaws.com__chime-sdk-identity__2021-04-20__openapi.yaml,provider_override:amazonaws.com
amazonaws.com/chime-sdk-media-pipelines/2021-07-15/openapi.yaml,Amazon Chime SDK Media Pipelines,http://media-pipelines-chime.{region}.amazonaws.com,amazonaws.com,2021-07-15,3.x,19,0,devtools,S2,amazonaws.com__chime-sdk-media-pipelines__2021-07-15__openapi.yaml,provider_override:amazonaws.com
amazonaws.com/chime-sdk-meetings/2021-07-15/openapi.yaml,Amazon Chime SDK Meetings,http://meetings-chime.{region}.amazonaws.com,amazonaws.com,2021-07-15,3.x,16,0,devtools,S2,amazonaws.com__chime-sdk-meetings__2021-07-15__openapi.yaml,provider_override:amazonaws.com
amazonaws.com/chime-sdk-messaging/2021-05-15/openapi.yaml,Amazon Chime SDK Messaging,http://messaging-chime.{region}.amazonaws.com,amazonaws.com,2021-05-15,3.x,51,0,devtools,S2,amazonaws.com__chime-sdk-messaging__2021-05-15__openapi.yaml,provider_override:amazonaws.com
amazonaws.com/chime-sdk-voice/2022-08-03/openapi.yaml,Amazon Chime SDK Voice,http://voice-chime.{region}.amazonaws.com,amazonaws.com,2022-08-03,3.x,93,0,devtools,S2,amazonaws.com__chime-sdk-voice__2022-08-03__openapi.yaml,provider_override:amazonaws.com
amazonaws.com/chime/2018-05-01/openapi.yaml,Amazon Chime,http://service.chime.aws.amazon.com,amazonaws.com,2018-05-01,3.x,191,0,devtools,S2,amazonaws.com__chime__2018-05-01__openapi.yaml,provider_override:amazonaws.com
amazonaws.com/cleanrooms/2022-02-17/openapi.yaml,AWS Clean Rooms Service,http://cleanrooms.{region}.amazonaws.com,amazonaws.com,2022-02-17,3.x,45,0,devtools,S2,amazonaws.com__cleanrooms__2022-02-17__openapi.yaml,provider_override:amazonaws.com
amazonaws.com/cloud9/2017-09-23/openapi.yaml,AWS Cloud9,http://cloud9.{region}.amazonaws.com,amazonaws.com,2017-09-23,3.x,13,0,devtools,S2,amazonaws.com__cloud9__2017-09-23__openapi.yaml,provider_override:amazonaws.com
amazonaws.com/cloudcontrol/2021-09-30/openapi.yaml,AWS Cloud Control API,http://cloudcontrolapi.{region}.amazonaws.com,amazonaws.com,2021-09-30,3.x,8,0,devtools,S2,amazonaws.com__cloudcontrol__2021-09-30__openapi.yaml,provider_override:amazonaws.com
amazonaws.com/clouddirectory/2017-01-11/openapi.yaml,Amazon CloudDirectory,http://clouddirectory.{region}.amazonaws.com,amazonaws.com,2017-01-11,3.x,66,0,devtools,S2,amazonaws.com__clouddirectory__2017-01-11__openapi.yaml,provider_override:amazonaws.com
amazonaws.com/cloudformation/2010-05-15/openapi.yaml,AWS CloudFormation,http://cloudformation.{region}.amazonaws.com,amazonaws.com,2010-05-15,3.x,140,0,devtools,S2,amazonaws.com__cloudformation__2010-05-15__openapi.yaml,provider_override:amazonaws.com
amazonaws.com/cloudfront/2020-05-31/openapi.yaml,Amazon CloudFront,https://cloudfront.amazonaws.com,amazonaws.com,2020-05-31,3.x,106,0,devtools,S2,amazonaws.com__cloudfront__2020-05-31__openapi.yaml,provider_override:amazonaws.com
amazonaws.com/cloudhsm/2014-05-30/openapi.yaml,Amazon CloudHSM,http://cloudhsm.{region}.amazonaws.com,amazonaws.com,2014-05-30,3.x,20,0,devtools,S2,amazonaws.com__cloudhsm__2014-05-30__openapi.yaml,provider_override:amazonaws.com
amazonaws.com/cloudhsmv2/2017-04-28/openapi.yaml,AWS CloudHSM V2,http://cloudhsmv2.{region}.amazonaws.com,amazonaws.com,2017-04-28,3.x,15,0,devtools,S2,amazonaws.com__cloudhsmv2__2017-04-28__openapi.yaml,provider_override:amazonaws.com
amazonaws.com/cloudsearch/2013-01-01/openapi.yaml,Amazon CloudSearch,http://cloudsearch.{region}.amazonaws.com,amazonaws.com,2013-01-01,3.x,52,0,devtools,S2,amazonaws.com__cloudsearch__2013-01-01__openapi.yaml,provider_override:amazonaws.com
amazonaws.com/cloudsearchdomain/2013-01-01/openapi.yaml,Amazon CloudSearch Domain,http://cloudsearchdomain.{region}.amazonaws.com,amazonaws.com,2013-01-01,3.x,3,0,devtools,S2,amazonaws.com__cloudsearchdomain__2013-01-01__openapi.yaml,provider_override:amazonaws.com
amazonaws.com/cloudtrail/2013-11-01/openapi.yaml,AWS CloudTrail,http://cloudtrail.{region}.amazonaws.com,amazonaws.com,2013-11-01,3.x,46,0,devtools,S2,amazonaws.com__cloudtrail__2013-11-01__openapi.yaml,provider_override:amazonaws.com
amazonaws.com/codeartifact/2018-09-22/openapi.yaml,CodeArtifact,http://codeartifact.{region}.amazonaws.com,amazonaws.com,2018-09-22,3.x,38,0,devtools,S2,amazonaws.com__codeartifact__2018-09-22__openapi.yaml,provider_override:amazonaws.com
amazonaws.com/codebuild/2016-10-06/openapi.yaml,AWS CodeBuild,http://codebuild.{region}.amazonaws.com,amazonaws.com,2016-10-06,3.x,45,0,devtools,S2,amazonaws.com__codebuild__2016-10-06__openapi.yaml,provider_override:amazonaws.com
amazonaws.com/codecatalyst/2022-09-28/openapi.yaml,Amazon CodeCatalyst,http://codecatalyst.global.api.aws,amazonaws.com,2022-09-28,3.x,33,0,devtools,S2,amazonaws.com__codecatalyst__2022-09-28__openapi.yaml,provider_override:amazonaws.com
amazonaws.com/codecommit/2015-04-13/openapi.yaml,AWS CodeCommit,http://codecommit.{region}.amazonaws.com,amazonaws.com,2015-04-13,3.x,77,0,devtools,S2,amazonaws.com__codecommit__2015-04-13__openapi.yaml,provider_override:amazonaws.com
amazonaws.com/codedeploy/2014-10-06/openapi.yaml,AWS CodeDeploy,http://codedeploy.{region}.amazonaws.com,amazonaws.com,2014-10-06,3.x,47,0,devtools,S2,amazonaws.com__codedeploy__2014-10-06__openapi.yaml,provider_override:amazonaws.com
amazonaws.com/codeguru-reviewer/2019-09-19/openapi.yaml,Amazon CodeGuru Reviewer,http://codeguru-reviewer.{region}.amazonaws.com,amazonaws.com,2019-09-19,3.x,14,0,devtools,S2,amazonaws.com__codeguru-reviewer__2019-09-19__openapi.yaml,provider_override:amazonaws.com
amazonaws.com/codeguru-security/2018-05-10/openapi.yaml,Amazon CodeGuru Security,http://codeguru-security.{region}.amazonaws.com,amazonaws.com,2018-05-10,3.x,13,0,devtools,S2,amazonaws.com__codeguru-security__2018-05-10__openapi.yaml,provider_override:amazonaws.com
amazonaws.com/codeguruprofiler/2019-07-18/openapi.yaml,Amazon CodeGuru Profiler,http://codeguru-profiler.{region}.amazonaws.com,amazonaws.com,2019-07-18,3.x,23,0,devtools,S2,amazonaws.com__codeguruprofiler__2019-07-18__openapi.yaml,provider_override:amazonaws.com
amazonaws.com/codepipeline/2015-07-09/openapi.yaml,AWS CodePipeline,http://codepipeline.{region}.amazonaws.com,amazonaws.com,2015-07-09,3.x,39,0,devtools,S2,amazonaws.com__codepipeline__2015-07-09__openapi.yaml,provider_override:amazonaws.com
amazonaws.com/codestar-connections/2019-12-01/openapi.yaml,AWS CodeStar connections,http://codestar-connections.{region}.amazonaws.com,amazonaws.com,2019-12-01,3.x,12,0,devtools,S2,amazonaws.com__codestar-connections__2019-12-01__openapi.yaml,provider_override:amazonaws.com
amazonaws.com/codestar-notifications/2019-10-15/openapi.yaml,AWS CodeStar Notifications,http://codestar-notifications.{region}.amazonaws.com,amazonaws.com,2019-10-15,3.x,13,0,devtools,S2,amazonaws.com__codestar-notifications__2019-10-15__openapi.yaml,provider_override:amazonaws.com
amazonaws.com/codestar/2017-04-19/openapi.yaml,AWS CodeStar,http://codestar.{region}.amazonaws.com,amazonaws.com,2017-04-19,3.x,18,0,devtools,S2,amazonaws.com__codestar__2017-04-19__openapi.yaml,provider_override:amazonaws.com
amazonaws.com/cognito-identity/2014-06-30/openapi.yaml,Amazon Cognito Identity,http://cognito-identity.{region}.amazonaws.com,amazonaws.com,2014-06-30,3.x,23,0,devtools,S2,amazonaws.com__cognito-identity__2014-06-30__openapi.yaml,provider_override:amazonaws.com
amazonaws.com/cognito-idp/2016-04-18/openapi.yaml,Amazon Cognito Identity Provider,http://cognito-idp.{region}.amazonaws.com,amazonaws.com,2016-04-18,3.x,103,0,devtools,S2,amazonaws.com__cognito-idp__2016-04-18__openapi.yaml,provider_override:amazonaws.com
amazonaws.com/cognito-sync/2014-06-30/openapi.yaml,Amazon Cognito Sync,http://cognito-sync.{region}.amazonaws.com,amazonaws.com,2014-06-30,3.x,17,0,devtools,S2,amazonaws.com__cognito-sync__2014-06-30__openapi.yaml,provider_override:amazonaws.com
amazonaws.com/comprehend/2017-11-27/openapi.yaml,Amazon Comprehend,http://comprehend.{region}.amazonaws.com,amazonaws.com,2017-11-27,3.x,84,0,devtools,S2,amazonaws.com__comprehend__2017-11-27__openapi.yaml,provider_override:amazonaws.com
amazonaws.com/comprehendmedical/2018-10-30/openapi.yaml,AWS Comprehend Medical,http://comprehendmedical.{region}.amazonaws.com,amazonaws.com,2018-10-30,3.x,26,0,devtools,S2,amazonaws.com__comprehendmedical__2018-10-30__openapi.yaml,provider_override:amazonaws.com
amazonaws.com/compute-optimizer/2019-11-01/openapi.yaml,AWS Compute Optimizer,http://compute-optimizer.{region}.amazonaws.com,amazonaws.com,2019-11-01,3.x,21,0,devtools,S2,amazonaws.com__compute-optimizer__2019-11-01__openapi.yaml,provider_override:amazonaws.com
amazonaws.com/config/2014-11-12/openapi.yaml,AWS Config,http://config.{region}.amazonaws.com,amazonaws.com,2014-11-12,3.x,92,0,devtools,S2,amazonaws.com__config__2014-11-12__openapi.yaml,provider_override:amazonaws.com
amazonaws.com/connect/2017-08-08/openapi.yaml,Amazon Connect Service,http://connect.{region}.amazonaws.com,amazonaws.com,2017-08-08,3.x,197,0,devtools,S2,amazonaws.com__connect__2017-08-08__openapi.yaml,provider_override:amazonaws.com
amazonaws.com/connectcampaigns/2021-01-30/openapi.yaml,AmazonConnectCampaignService,http://connect-campaigns.{region}.amazonaws.com,amazonaws.com,2021-01-30,3.x,22,0,devtools,S2,amazonaws.com__connectcampaigns__2021-01-30__openapi.yaml,provider_override:amazonaws.com
amazonaws.com/connectcases/2022-10-03/openapi.yaml,Amazon Connect Cases,http://cases.{region}.amazonaws.com,amazonaws.com,2022-10-03,3.x,30,0,devtools,S2,amazonaws.com__connectcases__2022-10-03__openapi.yaml,provider_override:amazonaws.com
amazonaws.com/connectparticipant/2018-09-07/openapi.yaml,Amazon Connect Participant Service,http://participant.connect.{region}.amazonaws.com,amazonaws.com,2018-09-07,3.x,8,0,devtools,S2,amazonaws.com__connectparticipant__2018-09-07__openapi.yaml,provider_override:amazonaws.com
amazonaws.com/controltower/2018-05-10/openapi.yaml,AWS Control Tower,http://controltower.{region}.amazonaws.com,amazonaws.com,2018-05-10,3.x,4,0,devtools,S2,amazonaws.com__controltower__2018-05-10__openapi.yaml,provider_override:amazonaws.com
amazonaws.com/cur/2017-01-06/openapi.yaml,AWS Cost and Usage Report Service,http://cur.{region}.amazonaws.com,amazonaws.com,2017-01-06,3.x,4,0,devtools,S2,amazonaws.com__cur__2017-01-06__openapi.yaml,provider_override:amazonaws.com
amazonaws.com/customer-profiles/2020-08-15/openapi.yaml,Amazon Connect Customer Profiles,http://profile.{region}.amazonaws.com,amazonaws.com,2020-08-15,3.x,51,0,devtools,S2,amazonaws.com__customer-profiles__2020-08-15__openapi.yaml,provider_override:amazonaws.com
amazonaws.com/databrew/2017-07-25/openapi.yaml,AWS Glue DataBrew,http://databrew.{region}.amazonaws.com,amazonaws.com,2017-07-25,3.x,44,0,devtools,S2,amazonaws.com__databrew__2017-07-25__openapi.yaml,provider_override:amazonaws.com
amazonaws.com/dataexchange/2017-07-25/openapi.yaml,AWS Data Exchange,http://dataexchange.{region}.amazonaws.com,amazonaws.com,2017-07-25,3.x,29,0,devtools,S2,amazonaws.com__dataexchange__2017-07-25__openapi.yaml,provider_override:amazonaws.com
amazonaws.com/datapipeline/2012-10-29/openapi.yaml,AWS Data Pipeline,http://datapipeline.{region}.amazonaws.com,amazonaws.com,2012-10-29,3.x,19,0,devtools,S2,amazonaws.com__datapipeline__2012-10-29__openapi.yaml,provider_override:amazonaws.com
amazonaws.com/datasync/2018-11-09/openapi.yaml,AWS DataSync,http://datasync.{region}.amazonaws.com,amazonaws.com,2018-11-09,3.x,60,0,devtools,S2,amazonaws.com__datasync__2018-11-09__openapi.yaml,provider_override:amazonaws.com
amazonaws.com/dax/2017-04-19/openapi.yaml,Amazon DynamoDB Accelerator (DAX),http://dax.{region}.amazonaws.com,amazonaws.com,2017-04-19,3.x,21,0,devtools,S2,amazonaws.com__dax__2017-04-19__openapi.yaml,provider_override:amazonaws.com
amazonaws.com/detective/2018-10-26/openapi.yaml,Amazon Detective,http://api.detective.{region}.amazonaws.com,amazonaws.com,2018-10-26,3.x,24,0,devtools,S2,amazonaws.com__detective__2018-10-26__openapi.yaml,provider_override:amazonaws.com
amazonaws.com/devicefarm/2015-06-23/openapi.yaml,AWS Device Farm,http://devicefarm.{region}.amazonaws.com,amazonaws.com,2015-06-23,3.x,77,0,devtools,S2,amazonaws.com__devicefarm__2015-06-23__openapi.yaml,provider_override:amazonaws.com
amazonaws.com/devops-guru/2020-12-01/openapi.yaml,Amazon DevOps Guru,http://devops-guru.{region}.amazonaws.com,amazonaws.com,2020-12-01,3.x,31,0,devtools,S2,amazonaws.com__devops-guru__2020-12-01__openapi.yaml,provider_override:amazonaws.com
amazonaws.com/directconnect/2012-10-25/openapi.yaml,AWS Direct Connect,http://directconnect.{region}.amazonaws.com,amazonaws.com,2012-10-25,3.x,63,0,devtools,S2,amazonaws.com__directconnect__2012-10-25__openapi.yaml,provider_override:amazonaws.com
amazonaws.com/discovery/2015-11-01/openapi.yaml,AWS Application Discovery Service,http://discovery.{region}.amazonaws.com,amazonaws.com,2015-11-01,3.x,25,0,devtools,S2,amazonaws.com__discovery__2015-11-01__openapi.yaml,provider_override:amazonaws.com
amazonaws.com/dlm/2018-01-12/openapi.yaml,Amazon Data Lifecycle Manager,http://dlm.{region}.amazonaws.com,amazonaws.com,2018-01-12,3.x,8,0,devtools,S2,amazonaws.com__dlm__2018-01-12__openapi.yaml,provider_override:amazonaws.com
amazonaws.com/dms/2016-01-01/openapi.yaml,AWS Database Migration Service,http://dms.{region}.amazonaws.com,amazonaws.com,2016-01-01,3.x,106,0,devtools,S2,amazonaws.com__dms__2016-01-01__openapi.yaml,provider_override:amazonaws.com
amazonaws.com/docdb-elastic/2022-11-28/openapi.yaml,Amazon DocumentDB Elastic Clusters,http://docdb-elastic.{region}.amazonaws.com,amazonaws.com,2022-11-28,3.x,13,0,devtools,S2,amazonaws.com__docdb-elastic__2022-11-28__openapi.yaml,provider_override:amazonaws.com
amazonaws.com/docdb/2014-10-31/openapi.yaml,Amazon DocumentDB with MongoDB compatibility,http://rds.{region}.amazonaws.com,amazonaws.com,2014-10-31,3.x,106,0,devtools,S2,amazonaws.com__docdb__2014-10-31__openapi.yaml,provider_override:amazonaws.com
amazonaws.com/drs/2020-02-26/openapi.yaml,Elastic Disaster Recovery Service,http://drs.{region}.amazonaws.com,amazonaws.com,2020-02-26,3.x,47,0,devtools,S2,amazonaws.com__drs__2020-02-26__openapi.yaml,provider_override:amazonaws.com
amazonaws.com/ds/2015-04-16/openapi.yaml,AWS Directory Service,http://ds.{region}.amazonaws.com,amazonaws.com,2015-04-16,3.x,67,0,devtools,S2,amazonaws.com__ds__2015-04-16__openapi.yaml,provider_override:amazonaws.com
amazonaws.com/dynamodb/2012-08-10/openapi.yaml,Amazon DynamoDB,http://dynamodb.{region}.amazonaws.com,amazonaws.com,2012-08-10,3.x,53,0,devtools,S2,amazonaws.com__dynamodb__2012-08-10__openapi.yaml,provider_override:amazonaws.com
amazonaws.com/ebs/2019-11-02/openapi.yaml,Amazon Elastic Block Store,http://ebs.{region}.amazonaws.com,amazonaws.com,2019-11-02,3.x,6,0,devtools,S2,amazonaws.com__ebs__2019-11-02__openapi.yaml,provider_override:amazonaws.com
amazonaws.com/ec2/2016-11-15/openapi.yaml,Amazon Elastic Compute Cloud,http://ec2.{region}.amazonaws.com,amazonaws.com,2016-11-15,3.x,1188,0,devtools,S2,amazonaws.com__ec2__2016-11-15__openapi.yaml,provider_override:amazonaws.com
amazonaws.com/ecr-public/2020-10-30/openapi.yaml,Amazon Elastic Container Registry Public,http://api.ecr-public.{region}.amazonaws.com,amazonaws.com,2020-10-30,3.x,23,0,devtools,S2,amazonaws.com__ecr-public__2020-10-30__openapi.yaml,provider_override:amazonaws.com
amazonaws.com/ecr/2015-09-21/openapi.yaml,Amazon EC2 Container Registry,http://api.ecr.{region}.amazonaws.com,amazonaws.com,2015-09-21,3.x,41,0,devtools,S2,amazonaws.com__ecr__2015-09-21__openapi.yaml,provider_override:amazonaws.com
amazonaws.com/ecs/2014-11-13/openapi.yaml,Amazon EC2 Container Service,http://ecs.{region}.amazonaws.com,amazonaws.com,2014-11-13,3.x,56,0,devtools,S2,amazonaws.com__ecs__2014-11-13__openapi.yaml,provider_override:amazonaws.com
amazonaws.com/eks/2017-11-01/openapi.yaml,Amazon Elastic Kubernetes Service,http://eks.{region}.amazonaws.com,amazonaws.com,2017-11-01,3.x,35,0,devtools,S2,amazonaws.com__eks__2017-11-01__openapi.yaml,provider_override:amazonaws.com
amazonaws.com/elastic-inference/2017-07-25/openapi.yaml,Amazon Elastic  Inference,http://api.elastic-inference.{region}.amazonaws.com,amazonaws.com,2017-07-25,3.x,6,0,devtools,S2,amazonaws.com__elastic-inference__2017-07-25__openapi.yaml,provider_override:amazonaws.com
amazonaws.com/elasticache/2015-02-02/openapi.yaml,Amazon ElastiCache,http://elasticache.{region}.amazonaws.com,amazonaws.com,2015-02-02,3.x,130,0,devtools,S2,amazonaws.com__elasticache__2015-02-02__openapi.yaml,provider_override:amazonaws.com
amazonaws.com/elasticbeanstalk/2010-12-01/openapi.yaml,AWS Elastic Beanstalk,http://elasticbeanstalk.{region}.amazonaws.com,amazonaws.com,2010-12-01,3.x,94,0,devtools,S2,amazonaws.com__elasticbeanstalk__2010-12-01__openapi.yaml,provider_override:amazonaws.com
amazonaws.com/elasticfilesystem/2015-02-01/openapi.yaml,Amazon Elastic File System,http://elasticfilesystem.{region}.amazonaws.com,amazonaws.com,2015-02-01,3.x,30,0,devtools,S2,amazonaws.com__elasticfilesystem__2015-02-01__openapi.yaml,provider_override:amazonaws.com
amazonaws.com/elasticloadbalancingv2/2015-12-01/openapi.yaml,Elastic Load Balancing,http://elasticloadbalancing.{region}.amazonaws.com,amazonaws.com,2015-12-01,3.x,68,0,devtools,S2,amazonaws.com__elasticloadbalancingv2__2015-12-01__openapi.yaml,provider_override:amazonaws.com
amazonaws.com/elasticmapreduce/2009-03-31/openapi.yaml,Amazon EMR,http://elasticmapreduce.{region}.amazonaws.com,amazonaws.com,2009-03-31,3.x,54,0,devtools,S2,amazonaws.com__elasticmapreduce__2009-03-31__openapi.yaml,provider_override:amazonaws.com
amazonaws.com/elastictranscoder/2012-09-25/openapi.yaml,Amazon Elastic Transcoder,http://elastictranscoder.{region}.amazonaws.com,amazonaws.com,2012-09-25,3.x,17,0,devtools,S2,amazonaws.com__elastictranscoder__2012-09-25__openapi.yaml,provider_override:amazonaws.com
amazonaws.com/sesv2/2019-09-27/openapi.yaml,Amazon Simple Email Service,http://email.{region}.amazonaws.com,amazonaws.com,2019-09-27,3.x,87,0,devtools,S2,amazonaws.com__sesv2__2019-09-27__openapi.yaml,provider_override:amazonaws.com
amazonaws.com/emr-containers/2020-10-01/openapi.yaml,Amazon EMR Containers,http://emr-containers.{region}.amazonaws.com,amazonaws.com,2020-10-01,3.x,20,0,devtools,S2,amazonaws.com__emr-containers__2020-10-01__openapi.yaml,provider_override:amazonaws.com
amazonaws.com/emr-serverless/2021-07-13/openapi.yaml,EMR Serverless,http://emr-serverless.{region}.amazonaws.com,amazonaws.com,2021-07-13,3.x,15,0,devtools,S2,amazonaws.com__emr-serverless__2021-07-13__openapi.yaml,provider_override:amazonaws.com
amazonaws.com/entityresolution/2018-05-10/openapi.yaml,AWS EntityResolution,http://entityresolution.{region}.amazonaws.com,amazonaws.com,2018-05-10,3.x,16,0,devtools,S2,amazonaws.com__entityresolution__2018-05-10__openapi.yaml,provider_override:amazonaws.com
amazonaws.com/es/2015-01-01/openapi.yaml,Amazon Elasticsearch Service,http://es.{region}.amazonaws.com,amazonaws.com,2015-01-01,3.x,50,0,devtools,S2,amazonaws.com__es__2015-01-01__openapi.yaml,provider_override:amazonaws.com
amazonaws.com/eventbridge/2015-10-07/openapi.yaml,Amazon EventBridge,http://events.{region}.amazonaws.com,amazonaws.com,2015-10-07,3.x,56,0,devtools,S2,amazonaws.com__eventbridge__2015-10-07__openapi.yaml,provider_override:amazonaws.com
amazonaws.com/events/2015-10-07/openapi.yaml,Amazon CloudWatch Events,http://events.{region}.amazonaws.com,amazonaws.com,2015-10-07,3.x,51,0,devtools,S2,amazonaws.com__events__2015-10-07__openapi.yaml,provider_override:amazonaws.com
amazonaws.com/evidently/2021-02-01/openapi.yaml,Amazon CloudWatch Evidently,http://evidently.{region}.amazonaws.com,amazonaws.com,2021-02-01,3.x,38,0,devtools,S2,amazonaws.com__evidently__2021-02-01__openapi.yaml,provider_override:amazonaws.com
amazonaws.com/finspace-data/2020-07-13/openapi.yaml,FinSpace Public API,http://finspace-api.{region}.amazonaws.com,amazonaws.com,2020-07-13,3.x,31,0,devtools,S2,amazonaws.com__finspace-data__2020-07-13__openapi.yaml,provider_override:amazonaws.com
amazonaws.com/finspace/2021-03-12/openapi.yaml,FinSpace User Environment Management service,http://finspace.{region}.amazonaws.com,amazonaws.com,2021-03-12,3.x,34,0,devtools,S2,amazonaws.com__finspace__2021-03-12__openapi.yaml,provider_override:amazonaws.com
amazonaws.com/firehose/2015-08-04/openapi.yaml,Amazon Kinesis Firehose,http://firehose.{region}.amazonaws.com,amazonaws.com,2015-08-04,3.x,12,0,devtools,S2,amazonaws.com__firehose__2015-08-04__openapi.yaml,provider_override:amazonaws.com
amazonaws.com/fis/2020-12-01/openapi.yaml,AWS Fault Injection Simulator,http://fis.{region}.amazonaws.com,amazonaws.com,2020-12-01,3.x,16,0,devtools,S2,amazonaws.com__fis__2020-12-01__openapi.yaml,provider_override:amazonaws.com
amazonaws.com/fms/2018-01-01/openapi.yaml,Firewall Management Service,http://fms.{region}.amazonaws.com,amazonaws.com,2018-01-01,3.x,42,0,devtools,S2,amazonaws.com__fms__2018-01-01__openapi.yaml,provider_override:amazonaws.com
amazonaws.com/forecast/2018-06-26/openapi.yaml,Amazon Forecast Service,http://forecast.{region}.amazonaws.com,amazonaws.com,2018-06-26,3.x,63,0,devtools,S2,amazonaws.com__forecast__2018-06-26__openapi.yaml,provider_override:amazonaws.com
amazonaws.com/frauddetector/2019-11-15/openapi.yaml,Amazon Fraud Detector,http://frauddetector.{region}.amazonaws.com,amazonaws.com,2019-11-15,3.x,73,0,devtools,S2,amazonaws.com__frauddetector__2019-11-15__openapi.yaml,provider_override:amazonaws.com
amazonaws.com/fsx/2018-03-01/openapi.yaml,Amazon FSx,http://fsx.{region}.amazonaws.com,amazonaws.com,2018-03-01,3.x,41,0,devtools,S2,amazonaws.com__fsx__2018-03-01__openapi.yaml,provider_override:amazonaws.com
amazonaws.com/gamelift/2015-10-01/openapi.yaml,Amazon GameLift,http://gamelift.{region}.amazonaws.com,amazonaws.com,2015-10-01,3.x,104,0,devtools,S2,amazonaws.com__gamelift__2015-10-01__openapi.yaml,provider_override:amazonaws.com
amazonaws.com/gamesparks/2021-08-17/openapi.yaml,GameSparks,http://gamesparks.{region}.amazonaws.com,amazonaws.com,2021-08-17,3.x,33,0,devtools,S2,amazonaws.com__gamesparks__2021-08-17__openapi.yaml,provider_override:amazonaws.com
amazonaws.com/glacier/2012-06-01/openapi.yaml,Amazon Glacier,http://glacier.{region}.amazonaws.com,amazonaws.com,2012-06-01,3.x,33,0,devtools,S2,amazonaws.com__glacier__2012-06-01__openapi.yaml,provider_override:amazonaws.com
amazonaws.com/globalaccelerator/2018-08-08/openapi.yaml,AWS Global Accelerator,http://globalaccelerator.{region}.amazonaws.com,amazonaws.com,2018-08-08,3.x,49,0,devtools,S2,amazonaws.com__globalaccelerator__2018-08-08__openapi.yaml,provider_override:amazonaws.com
amazonaws.com/glue/2017-03-31/openapi.yaml,AWS Glue,http://glue.{region}.amazonaws.com,amazonaws.com,2017-03-31,3.x,202,0,devtools,S2,amazonaws.com__glue__2017-03-31__openapi.yaml,provider_override:amazonaws.com
amazonaws.com/grafana/2020-08-18/openapi.yaml,Amazon Managed Grafana,http://grafana.{region}.amazonaws.com,amazonaws.com,2020-08-18,3.x,19,0,devtools,S2,amazonaws.com__grafana__2020-08-18__openapi.yaml,provider_override:amazonaws.com
amazonaws.com/greengrass/2017-06-07/openapi.yaml,AWS Greengrass,http://greengrass.{region}.amazonaws.com,amazonaws.com,2017-06-07,3.x,92,0,devtools,S2,amazonaws.com__greengrass__2017-06-07__openapi.yaml,provider_override:amazonaws.com
amazonaws.com/greengrassv2/2020-11-30/openapi.yaml,AWS IoT Greengrass V2,http://greengrass.{region}.amazonaws.com,amazonaws.com,2020-11-30,3.x,29,0,devtools,S2,amazonaws.com__greengrassv2__2020-11-30__openapi.yaml,provider_override:amazonaws.com
amazonaws.com/groundstation/2019-05-23/openapi.yaml,AWS Ground Station,http://groundstation.{region}.amazonaws.com,amazonaws.com,2019-05-23,3.x,33,0,devtools,S2,amazonaws.com__groundstation__2019-05-23__openapi.yaml,provider_override:amazonaws.com
amazonaws.com/guardduty/2017-11-28/openapi.yaml,Amazon GuardDuty,http://guardduty.{region}.amazonaws.com,amazonaws.com,2017-11-28,3.x,68,0,devtools,S2,amazonaws.com__guardduty__2017-11-28__openapi.yaml,provider_override:amazonaws.com
amazonaws.com/health/2016-08-04/openapi.yaml,AWS Health APIs and Notifications,https://health.us-east-1.amazonaws.com,amazonaws.com,2016-08-04,3.x,13,0,devtools,S2,amazonaws.com__health__2016-08-04__openapi.yaml,provider_override:amazonaws.com
amazonaws.com/healthlake/2017-07-01/openapi.yaml,Amazon HealthLake,http://healthlake.{region}.amazonaws.com,amazonaws.com,2017-07-01,3.x,13,0,devtools,S2,amazonaws.com__healthlake__2017-07-01__openapi.yaml,provider_override:amazonaws.com
amazonaws.com/honeycode/2020-03-01/openapi.yaml,Amazon Honeycode,http://honeycode.{region}.amazonaws.com,amazonaws.com,2020-03-01,3.x,15,0,devtools,S2,amazonaws.com__honeycode__2020-03-01__openapi.yaml,provider_override:amazonaws.com
amazonaws.com/iam/2010-05-08/openapi.yaml,AWS Identity and Access Management,https://iam.amazonaws.com,amazonaws.com,2010-05-08,3.x,318,0,devtools,S2,amazonaws.com__iam__2010-05-08__openapi.yaml,provider_override:amazonaws.com
amazonaws.com/identitystore/2020-06-15/openapi.yaml,AWS SSO Identity Store,http://identitystore.{region}.amazonaws.com,amazonaws.com,2020-06-15,3.x,19,0,devtools,S2,amazonaws.com__identitystore__2020-06-15__openapi.yaml,provider_override:amazonaws.com
amazonaws.com/imagebuilder/2019-12-02/openapi.yaml,EC2 Image Builder,http://imagebuilder.{region}.amazonaws.com,amazonaws.com,2019-12-02,3.x,56,0,devtools,S2,amazonaws.com__imagebuilder__2019-12-02__openapi.yaml,provider_override:amazonaws.com
amazonaws.com/importexport/2010-06-01/openapi.yaml,AWS Import/Export,http://importexport.amazonaws.com,amazonaws.com,2010-06-01,3.x,12,0,devtools,S2,amazonaws.com__importexport__2010-06-01__openapi.yaml,provider_override:amazonaws.com
amazonaws.com/inspector/2016-02-16/openapi.yaml,Amazon Inspector,http://inspector.{region}.amazonaws.com,amazonaws.com,2016-02-16,3.x,37,0,devtools,S2,amazonaws.com__inspector__2016-02-16__openapi.yaml,provider_override:amazonaws.com
amazonaws.com/inspector2/2020-06-08/openapi.yaml,Inspector2,http://inspector2.{region}.amazonaws.com,amazonaws.com,2020-06-08,3.x,46,0,devtools,S2,amazonaws.com__inspector2__2020-06-08__openapi.yaml,provider_override:amazonaws.com
amazonaws.com/internetmonitor/2021-06-03/openapi.yaml,Amazon CloudWatch Internet Monitor,http://internetmonitor.{region}.api.aws,amazonaws.com,2021-06-03,3.x,10,0,devtools,S2,amazonaws.com__internetmonitor__2021-06-03__openapi.yaml,provider_override:amazonaws.com
amazonaws.com/iot-data/2015-05-28/openapi.yaml,AWS IoT Data Plane,http://data-ats.iot.{region}.amazonaws.com,amazonaws.com,2015-05-28,3.x,7,0,devtools,S2,amazonaws.com__iot-data__2015-05-28__openapi.yaml,provider_override:amazonaws.com
amazonaws.com/iot-jobs-data/2017-09-29/openapi.yaml,AWS IoT Jobs Data Plane,http://data.jobs.iot.{region}.amazonaws.com,amazonaws.com,2017-09-29,3.x,4,0,devtools,S2,amazonaws.com__iot-jobs-data__2017-09-29__openapi.yaml,provider_override:amazonaws.com
amazonaws.com/iot-roborunner/2018-05-10/openapi.yaml,AWS IoT RoboRunner,http://iotroborunner.{region}.amazonaws.com,amazonaws.com,2018-05-10,3.x,20,0,devtools,S2,amazonaws.com__iot-roborunner__2018-05-10__openapi.yaml,provider_override:amazonaws.com
amazonaws.com/iot/2015-05-28/openapi.yaml,AWS IoT,http://iot.{region}.amazonaws.com,amazonaws.com,2015-05-28,3.x,250,0,devtools,S2,amazonaws.com__iot__2015-05-28__openapi.yaml,provider_override:amazonaws.com
amazonaws.com/iot1click-devices/2018-05-14/openapi.yaml,AWS IoT 1-Click Devices Service,http://devices.iot1click.{region}.amazonaws.com,amazonaws.com,2018-05-14,3.x,13,0,devtools,S2,amazonaws.com__iot1click-devices__2018-05-14__openapi.yaml,provider_override:amazonaws.com
amazonaws.com/iot1click-projects/2018-05-14/openapi.yaml,AWS IoT 1-Click Projects Service,http://projects.iot1click.{region}.amazonaws.com,amazonaws.com,2018-05-14,3.x,16,0,devtools,S2,amazonaws.com__iot1click-projects__2018-05-14__openapi.yaml,provider_override:amazonaws.com
amazonaws.com/iotanalytics/2017-11-27/openapi.yaml,AWS IoT Analytics,http://iotanalytics.{region}.amazonaws.com,amazonaws.com,2017-11-27,3.x,34,0,devtools,S2,amazonaws.com__iotanalytics__2017-11-27__openapi.yaml,provider_override:amazonaws.com
amazonaws.com/iotdeviceadvisor/2020-09-18/openapi.yaml,AWS IoT Core Device Advisor,http://api.iotdeviceadvisor.{region}.amazonaws.com,amazonaws.com,2020-09-18,3.x,14,0,devtools,S2,amazonaws.com__iotdeviceadvisor__2020-09-18__openapi.yaml,provider_override:amazonaws.com
amazonaws.com/iotevents-data/2018-10-23/openapi.yaml,AWS IoT Events Data,http://data.iotevents.{region}.amazonaws.com,amazonaws.com,2018-10-23,3.x,12,0,devtools,S2,amazonaws.com__iotevents-data__2018-10-23__openapi.yaml,provider_override:amazonaws.com
amazonaws.com/iotevents/2018-07-27/openapi.yaml,AWS IoT Events,http://iotevents.{region}.amazonaws.com,amazonaws.com,2018-07-27,3.x,26,0,devtools,S2,amazonaws.com__iotevents__2018-07-27__openapi.yaml,provider_override:amazonaws.com
amazonaws.com/iotfleethub/2020-11-03/openapi.yaml,AWS IoT Fleet Hub,http://api.fleethub.iot.{region}.amazonaws.com,amazonaws.com,2020-11-03,3.x,8,0,devtools,S2,amazonaws.com__iotfleethub__2020-11-03__openapi.yaml,provider_override:amazonaws.com
amazonaws.com/iotfleetwise/2021-06-17/openapi.yaml,AWS IoT FleetWise,http://iotfleetwise.{region}.amazonaws.com,amazonaws.com,2021-06-17,3.x,50,0,devtools,S2,amazonaws.com__iotfleetwise__2021-06-17__openapi.yaml,provider_override:amazonaws.com
amazonaws.com/iotsecuretunneling/2018-10-05/openapi.yaml,AWS IoT Secure Tunneling,http://api.tunneling.iot.{region}.amazonaws.com,amazonaws.com,2018-10-05,3.x,8,0,devtools,S2,amazonaws.com__iotsecuretunneling__2018-10-05__openapi.yaml,provider_override:amazonaws.com
amazonaws.com/iotsitewise/2019-12-02/openapi.yaml,AWS IoT SiteWise,http://iotsitewise.{region}.amazonaws.com,amazonaws.com,2019-12-02,3.x,73,0,devtools,S2,amazonaws.com__iotsitewise__2019-12-02__openapi.yaml,provider_override:amazonaws.com
amazonaws.com/iotthingsgraph/2018-09-06/openapi.yaml,AWS IoT Things Graph,http://iotthingsgraph.{region}.amazonaws.com,amazonaws.com,2018-09-06,3.x,35,0,devtools,S2,amazonaws.com__iotthingsgraph__2018-09-06__openapi.yaml,provider_override:amazonaws.com
amazonaws.com/iottwinmaker/2021-11-29/openapi.yaml,AWS IoT TwinMaker,http://iottwinmaker.{region}.amazonaws.com,amazonaws.com,2021-11-29,3.x,34,0,devtools,S2,amazonaws.com__iottwinmaker__2021-11-29__openapi.yaml,provider_override:amazonaws.com
amazonaws.com/iotwireless/2020-11-22/openapi.yaml,AWS IoT Wireless,http://api.iotwireless.{region}.amazonaws.com,amazonaws.com,2020-11-22,3.x,109,0,devtools,S2,amazonaws.com__iotwireless__2020-11-22__openapi.yaml,provider_override:amazonaws.com
amazonaws.com/ivs-realtime/2020-07-14/openapi.yaml,Amazon Interactive Video Service RealTime,http://ivsrealtime.{region}.amazonaws.com,amazonaws.com,2020-07-14,3.x,15,0,devtools,S2,amazonaws.com__ivs-realtime__2020-07-14__openapi.yaml,provider_override:amazonaws.com
amazonaws.com/ivs/2020-07-14/openapi.yaml,Amazon Interactive Video Service,http://ivs.{region}.amazonaws.com,amazonaws.com,2020-07-14,3.x,30,0,devtools,S2,amazonaws.com__ivs__2020-07-14__openapi.yaml,provider_override:amazonaws.com
amazonaws.com/ivschat/2020-07-14/openapi.yaml,Amazon Interactive Video Service Chat,http://ivschat.{region}.amazonaws.com,amazonaws.com,2020-07-14,3.x,17,0,devtools,S2,amazonaws.com__ivschat__2020-07-14__openapi.yaml,provider_override:amazonaws.com
amazonaws.com/kafka/2018-11-14/openapi.yaml,Managed Streaming for Kafka,http://kafka.{region}.amazonaws.com,amazonaws.com,2018-11-14,3.x,47,0,devtools,S2,amazonaws.com__kafka__2018-11-14__openapi.yaml,provider_override:amazonaws.com
amazonaws.com/kafkaconnect/2021-09-14/openapi.yaml,Managed Streaming for Kafka Connect,http://kafkaconnect.{region}.amazonaws.com,amazonaws.com,2021-09-14,3.x,12,0,devtools,S2,amazonaws.com__kafkaconnect__2021-09-14__openapi.yaml,provider_override:amazonaws.com
amazonaws.com/kendra-ranking/2022-10-19/openapi.yaml,Amazon Kendra Intelligent Ranking,http://kendra-ranking.{region}.api.aws,amazonaws.com,2022-10-19,3.x,9,0,devtools,S2,amazonaws.com__kendra-ranking__2022-10-19__openapi.yaml,provider_override:amazonaws.com
amazonaws.com/kendra/2019-02-03/openapi.yaml,AWSKendraFrontendService,http://kendra.{region}.amazonaws.com,amazonaws.com,2019-02-03,3.x,66,0,devtools,S2,amazonaws.com__kendra__2019-02-03__openapi.yaml,provider_override:amazonaws.com
amazonaws.com/keyspaces/2022-02-10/openapi.yaml,Amazon Keyspaces,http://cassandra.{region}.amazonaws.com,amazonaws.com,2022-02-10,3.x,13,0,devtools,S2,amazonaws.com__keyspaces__2022-02-10__openapi.yaml,provider_override:amazonaws.com
amazonaws.com/kinesis-video-archived-media/2017-09-30/openapi.yaml,Amazon Kinesis Video Streams Archived Media,http://kinesisvideo.{region}.amazonaws.com,amazonaws.com,2017-09-30,3.x,6,0,devtools,S2,amazonaws.com__kinesis-video-archived-media__2017-09-30__openapi.yaml,provider_override:amazonaws.com
amazonaws.com/kinesis/2013-12-02/openapi.yaml,Amazon Kinesis,http://kinesis.{region}.amazonaws.com,amazonaws.com,2013-12-02,3.x,28,0,devtools,S2,amazonaws.com__kinesis__2013-12-02__openapi.yaml,provider_override:amazonaws.com
amazonaws.com/kinesisanalyticsv2/2018-05-23/openapi.yaml,Amazon Kinesis Analytics,http://kinesisanalytics.{region}.amazonaws.com,amazonaws.com,2018-05-23,3.x,31,0,devtools,S2,amazonaws.com__kinesisanalyticsv2__2018-05-23__openapi.yaml,provider_override:amazonaws.com
amazonaws.com/kinesisvideo/2017-09-30/openapi.yaml,Amazon Kinesis Video Streams,http://kinesisvideo.{region}.amazonaws.com,amazonaws.com,2017-09-30,3.x,30,0,devtools,S2,amazonaws.com__kinesisvideo__2017-09-30__openapi.yaml,provider_override:amazonaws.com
amazonaws.com/kms/2014-11-01/openapi.yaml,AWS Key Management Service,http://kms.{region}.amazonaws.com,amazonaws.com,2014-11-01,3.x,50,0,devtools,S2,amazonaws.com__kms__2014-11-01__openapi.yaml,provider_override:amazonaws.com
amazonaws.com/lakeformation/2017-03-31/openapi.yaml,AWS Lake Formation,http://lakeformation.{region}.amazonaws.com,amazonaws.com,2017-03-31,3.x,47,0,devtools,S2,amazonaws.com__lakeformation__2017-03-31__openapi.yaml,provider_override:amazonaws.com
amazonaws.com/lambda/2015-03-31/openapi.yaml,AWS Lambda,http://lambda.{region}.amazonaws.com,amazonaws.com,2015-03-31,3.x,66,0,devtools,S2,amazonaws.com__lambda__2015-03-31__openapi.yaml,provider_override:amazonaws.com
amazonaws.com/lex-models/2017-04-19/openapi.yaml,Amazon Lex Model Building Service,http://models.lex.{region}.amazonaws.com,amazonaws.com,2017-04-19,3.x,42,0,devtools,S2,amazonaws.com__lex-models__2017-04-19__openapi.yaml,provider_override:amazonaws.com
amazonaws.com/license-manager-linux-subscriptions/2018-05-10/openapi.yaml,AWS License Manager Linux Subscriptions,http://license-manager-linux-subscriptions.{region}.amazonaws.com,amazonaws.com,2018-05-10,3.x,4,0,devtools,S2,amazonaws.com__license-manager-linux-subscriptions__2018-05-10__openapi.yaml,provider_override:amazonaws.com
amazonaws.com/license-manager-user-subscriptions/2018-05-10/openapi.yaml,AWS License Manager User Subscriptions,http://license-manager-user-subscriptions.{region}.amazonaws.com,amazonaws.com,2018-05-10,3.x,11,0,devtools,S2,amazonaws.com__license-manager-user-subscriptions__2018-05-10__openapi.yaml,provider_override:amazonaws.com
amazonaws.com/license-manager/2018-08-01/openapi.yaml,AWS License Manager,http://license-manager.{region}.amazonaws.com,amazonaws.com,2018-08-01,3.x,50,0,devtools,S2,amazonaws.com__license-manager__2018-08-01__openapi.yaml,provider_override:amazonaws.com
amazonaws.com/lightsail/2016-11-28/openapi.yaml,Amazon Lightsail,http://lightsail.{region}.amazonaws.com,amazonaws.com,2016-11-28,3.x,159,0,devtools,S2,amazonaws.com__lightsail__2016-11-28__openapi.yaml,provider_override:amazonaws.com
amazonaws.com/location/2020-11-19/openapi.yaml,Amazon Location Service,http://geo.{region}.amazonaws.com,amazonaws.com,2020-11-19,3.x,58,0,devtools,S2,amazonaws.com__location__2020-11-19__openapi.yaml,provider_override:amazonaws.com
amazonaws.com/logs/2014-03-28/openapi.yaml,Amazon CloudWatch Logs,http://logs.{region}.amazonaws.com,amazonaws.com,2014-03-28,3.x,51,0,devtools,S2,amazonaws.com__logs__2014-03-28__openapi.yaml,provider_override:amazonaws.com
amazonaws.com/lookoutequipment/2020-12-15/openapi.yaml,Amazon Lookout for Equipment,http://lookoutequipment.{region}.amazonaws.com,amazonaws.com,2020-12-15,3.x,41,0,devtools,S2,amazonaws.com__lookoutequipment__2020-12-15__openapi.yaml,provider_override:amazonaws.com
amazonaws.com/lookoutmetrics/2017-07-25/openapi.yaml,Amazon Lookout for Metrics,http://lookoutmetrics.{region}.amazonaws.com,amazonaws.com,2017-07-25,3.x,30,0,devtools,S2,amazonaws.com__lookoutmetrics__2017-07-25__openapi.yaml,provider_override:amazonaws.com
amazonaws.com/lookoutvision/2020-11-20/openapi.yaml,Amazon Lookout for Vision,http://lookoutvision.{region}.amazonaws.com,amazonaws.com,2020-11-20,3.x,22,0,devtools,S2,amazonaws.com__lookoutvision__2020-11-20__openapi.yaml,provider_override:amazonaws.com
amazonaws.com/m2/2021-04-28/openapi.yaml,AWSMainframeModernization,http://m2.{region}.amazonaws.com,amazonaws.com,2021-04-28,3.x,33,0,devtools,S2,amazonaws.com__m2__2021-04-28__openapi.yaml,provider_override:amazonaws.com
amazonaws.com/machinelearning/2014-12-12/openapi.yaml,Amazon Machine Learning,http://machinelearning.{region}.amazonaws.com,amazonaws.com,2014-12-12,3.x,28,0,devtools,S2,amazonaws.com__machinelearning__2014-12-12__openapi.yaml,provider_override:amazonaws.com
amazonaws.com/macie/2017-12-19/openapi.yaml,Amazon Macie,http://macie.{region}.amazonaws.com,amazonaws.com,2017-12-19,3.x,7,0,devtools,S2,amazonaws.com__macie__2017-12-19__openapi.yaml,provider_override:amazonaws.com
amazonaws.com/macie2/2020-01-01/openapi.yaml,Amazon Macie 2,http://macie2.{region}.amazonaws.com,amazonaws.com,2020-01-01,3.x,79,0,devtools,S2,amazonaws.com__macie2__2020-01-01__openapi.yaml,provider_override:amazonaws.com
amazonaws.com/managedblockchain-query/2023-05-04/openapi.yaml,Amazon Managed Blockchain Query,http://managedblockchain-query.{region}.amazonaws.com,amazonaws.com,2023-05-04,3.x,6,0,devtools,S2,amazonaws.com__managedblockchain-query__2023-05-04__openapi.yaml,provider_override:amazonaws.com
amazonaws.com/managedblockchain/2018-09-24/openapi.yaml,Amazon Managed Blockchain,http://managedblockchain.{region}.amazonaws.com,amazonaws.com,2018-09-24,3.x,27,0,devtools,S2,amazonaws.com__managedblockchain__2018-09-24__openapi.yaml,provider_override:amazonaws.com
amazonaws.com/marketplace-catalog/2018-09-17/openapi.yaml,AWS Marketplace Catalog Service,http://catalog.marketplace.{region}.amazonaws.com,amazonaws.com,2018-09-17,3.x,12,0,devtools,S2,amazonaws.com__marketplace-catalog__2018-09-17__openapi.yaml,provider_override:amazonaws.com
amazonaws.com/mediaconnect/2018-11-14/openapi.yaml,AWS MediaConnect,http://mediaconnect.{region}.amazonaws.com,amazonaws.com,2018-11-14,3.x,50,0,devtools,S2,amazonaws.com__mediaconnect__2018-11-14__openapi.yaml,provider_override:amazonaws.com
amazonaws.com/mediaconvert/2017-08-29/openapi.yaml,AWS Elemental MediaConvert,http://mediaconvert.{region}.amazonaws.com,amazonaws.com,2017-08-29,3.x,28,0,devtools,S2,amazonaws.com__mediaconvert__2017-08-29__openapi.yaml,provider_override:amazonaws.com
amazonaws.com/medialive/2017-10-14/openapi.yaml,AWS Elemental MediaLive,http://medialive.{region}.amazonaws.com,amazonaws.com,2017-10-14,3.x,62,0,devtools,S2,amazonaws.com__medialive__2017-10-14__openapi.yaml,provider_override:amazonaws.com
amazonaws.com/mediapackage-vod/2018-11-07/openapi.yaml,AWS Elemental MediaPackage VOD,http://mediapackage-vod.{region}.amazonaws.com,amazonaws.com,2018-11-07,3.x,17,0,devtools,S2,amazonaws.com__mediapackage-vod__2018-11-07__openapi.yaml,provider_override:amazonaws.com
amazonaws.com/mediapackage/2017-10-12/openapi.yaml,AWS Elemental MediaPackage,http://mediapackage.{region}.amazonaws.com,amazonaws.com,2017-10-12,3.x,19,0,devtools,S2,amazonaws.com__mediapackage__2017-10-12__openapi.yaml,provider_override:amazonaws.com
amazonaws.com/mediapackagev2/2022-12-25/openapi.yaml,AWS Elemental MediaPackage v2,http://mediapackagev2.{region}.amazonaws.com,amazonaws.com,2022-12-25,3.x,24,0,devtools,S2,amazonaws.com__mediapackagev2__2022-12-25__openapi.yaml,provider_override:amazonaws.com
amazonaws.com/mediastore-data/2017-09-01/openapi.yaml,AWS Elemental MediaStore Data Plane,http://data.mediastore.{region}.amazonaws.com,amazonaws.com,2017-09-01,3.x,4,0,devtools,S2,amazonaws.com__mediastore-data__2017-09-01__openapi.yaml,provider_override:amazonaws.com
amazonaws.com/mediastore/2017-09-01/openapi.yaml,AWS Elemental MediaStore,http://mediastore.{region}.amazonaws.com,amazonaws.com,2017-09-01,3.x,21,0,devtools,S2,amazonaws.com__mediastore__2017-09-01__openapi.yaml,provider_override:amazonaws.com
amazonaws.com/mediatailor/2018-04-23/openapi.yaml,AWS MediaTailor,http://api.mediatailor.{region}.amazonaws.com,amazonaws.com,2018-04-23,3.x,44,0,devtools,S2,amazonaws.com__mediatailor__2018-04-23__openapi.yaml,provider_override:amazonaws.com
amazonaws.com/medical-imaging/2023-07-19/openapi.yaml,AWS Health Imaging,http://medical-imaging.{region}.amazonaws.com,amazonaws.com,2023-07-19,3.x,18,0,devtools,S2,amazonaws.com__medical-imaging__2023-07-19__openapi.yaml,provider_override:amazonaws.com
amazonaws.com/memorydb/2021-01-01/openapi.yaml,Amazon MemoryDB,http://memory-db.{region}.amazonaws.com,amazonaws.com,2021-01-01,3.x,38,0,devtools,S2,amazonaws.com__memorydb__2021-01-01__openapi.yaml,provider_override:amazonaws.com
amazonaws.com/meteringmarketplace/2016-01-14/openapi.yaml,AWSMarketplace Metering,http://metering.marketplace.{region}.amazonaws.com,amazonaws.com,2016-01-14,3.x,4,0,devtools,S2,amazonaws.com__meteringmarketplace__2016-01-14__openapi.yaml,provider_override:amazonaws.com
amazonaws.com/mgn/2020-02-26/openapi.yaml,Application Migration Service,http://mgn.{region}.amazonaws.com,amazonaws.com,2020-02-26,3.x,65,0,devtools,S2,amazonaws.com__mgn__2020-02-26__openapi.yaml,provider_override:amazonaws.com
amazonaws.com/migration-hub-refactor-spaces/2021-10-26/openapi.yaml,AWS Migration Hub Refactor Spaces,http://refactor-spaces.{region}.amazonaws.com,amazonaws.com,2021-10-26,3.x,24,0,devtools,S2,amazonaws.com__migration-hub-refactor-spaces__2021-10-26__openapi.yaml,provider_override:amazonaws.com
amazonaws.com/migrationhub-config/2019-06-30/openapi.yaml,AWS Migration Hub Config,http://migrationhub-config.{region}.amazonaws.com,amazonaws.com,2019-06-30,3.x,3,0,devtools,S2,amazonaws.com__migrationhub-config__2019-06-30__openapi.yaml,provider_override:amazonaws.com
amazonaws.com/migrationhuborchestrator/2021-08-28/openapi.yaml,AWS Migration Hub Orchestrator,http://migrationhub-orchestrator.{region}.amazonaws.com,amazonaws.com,2021-08-28,3.x,28,0,devtools,S2,amazonaws.com__migrationhuborchestrator__2021-08-28__openapi.yaml,provider_override:amazonaws.com
amazonaws.com/migrationhubstrategy/2020-02-19/openapi.yaml,Migration Hub Strategy Recommendations,http://migrationhub-strategy.{region}.amazonaws.com,amazonaws.com,2020-02-19,3.x,21,0,devtools,S2,amazonaws.com__migrationhubstrategy__2020-02-19__openapi.yaml,provider_override:amazonaws.com
amazonaws.com/mobile/2017-07-01/openapi.yaml,AWS Mobile,http://mobile.{region}.amazonaws.com,amazonaws.com,2017-07-01,3.x,9,0,devtools,S2,amazonaws.com__mobile__2017-07-01__openapi.yaml,provider_override:amazonaws.com
amazonaws.com/models.lex.v2/2020-08-07/openapi.yaml,Amazon Lex Model Building V2,http://models-v2-lex.{region}.amazonaws.com,amazonaws.com,2020-08-07,3.x,92,0,devtools,S2,amazonaws.com__models.lex.v2__2020-08-07__openapi.yaml,provider_override:amazonaws.com
amazonaws.com/monitoring/2010-08-01/openapi.yaml,Amazon CloudWatch,http://monitoring.{region}.amazonaws.com,amazonaws.com,2010-08-01,3.x,76,0,devtools,S2,amazonaws.com__monitoring__2010-08-01__openapi.yaml,provider_override:amazonaws.com
amazonaws.com/mq/2017-11-27/openapi.yaml,AmazonMQ,http://mq.{region}.amazonaws.com,amazonaws.com,2017-11-27,3.x,23,0,devtools,S2,amazonaws.com__mq__2017-11-27__openapi.yaml,provider_override:amazonaws.com
amazonaws.com/mturk-requester/2017-01-17/openapi.yaml,Amazon Mechanical Turk,http://mturk-requester.{region}.amazonaws.com,amazonaws.com,2017-01-17,3.x,39,0,devtools,S2,amazonaws.com__mturk-requester__2017-01-17__openapi.yaml,provider_override:amazonaws.com
amazonaws.com/mwaa/2020-07-01/openapi.yaml,AmazonMWAA,http://airflow.{region}.amazonaws.com,amazonaws.com,2020-07-01,3.x,11,0,devtools,S2,amazonaws.com__mwaa__2020-07-01__openapi.yaml,provider_override:amazonaws.com
amazonaws.com/neptune/2014-10-31/openapi.yaml,Amazon Neptune,http://rds.{region}.amazonaws.com,amazonaws.com,2014-10-31,3.x,138,0,devtools,S2,amazonaws.com__neptune__2014-10-31__openapi.yaml,provider_override:amazonaws.com
amazonaws.com/network-firewall/2020-11-12/openapi.yaml,AWS Network Firewall,http://network-firewall.{region}.amazonaws.com,amazonaws.com,2020-11-12,3.x,36,0,devtools,S2,amazonaws.com__network-firewall__2020-11-12__openapi.yaml,provider_override:amazonaws.com
amazonaws.com/networkmanager/2019-07-05/openapi.yaml,AWS Network Manager,http://networkmanager.{region}.amazonaws.com,amazonaws.com,2019-07-05,3.x,85,0,devtools,S2,amazonaws.com__networkmanager__2019-07-05__openapi.yaml,provider_override:amazonaws.com
amazonaws.com/nimble/2020-08-01/openapi.yaml,AmazonNimbleStudio,http://nimble.{region}.amazonaws.com,amazonaws.com,2020-08-01,3.x,49,0,devtools,S2,amazonaws.com__nimble__2020-08-01__openapi.yaml,provider_override:amazonaws.com
amazonaws.com/oam/2022-06-10/openapi.yaml,CloudWatch Observability Access Manager,http://oam.{region}.amazonaws.com,amazonaws.com,2022-06-10,3.x,15,0,devtools,S2,amazonaws.com__oam__2022-06-10__openapi.yaml,provider_override:amazonaws.com
amazonaws.com/omics/2022-11-28/openapi.yaml,Amazon Omics,http://omics.{region}.amazonaws.com,amazonaws.com,2022-11-28,3.x,72,0,devtools,S2,amazonaws.com__omics__2022-11-28__openapi.yaml,provider_override:amazonaws.com
amazonaws.com/opensearch/2021-01-01/openapi.yaml,Amazon OpenSearch Service,http://es.{region}.amazonaws.com,amazonaws.com,2021-01-01,3.x,54,0,devtools,S2,amazonaws.com__opensearch__2021-01-01__openapi.yaml,provider_override:amazonaws.com
amazonaws.com/opensearchserverless/2021-11-01/openapi.yaml,OpenSearch Service Serverless,http://aoss.{region}.amazonaws.com,amazonaws.com,2021-11-01,3.x,31,0,devtools,S2,amazonaws.com__opensearchserverless__2021-11-01__openapi.yaml,provider_override:amazonaws.com
amazonaws.com/opsworks/2013-02-18/openapi.yaml,AWS OpsWorks,http://opsworks.{region}.amazonaws.com,amazonaws.com,2013-02-18,3.x,74,0,devtools,S2,amazonaws.com__opsworks__2013-02-18__openapi.yaml,provider_override:amazonaws.com
amazonaws.com/opsworkscm/2016-11-01/openapi.yaml,AWS OpsWorks CM,http://opsworks-cm.{region}.amazonaws.com,amazonaws.com,2016-11-01,3.x,19,0,devtools,S2,amazonaws.com__opsworkscm__2016-11-01__openapi.yaml,provider_override:amazonaws.com
amazonaws.com/organizations/2016-11-28/openapi.yaml,AWS Organizations,http://organizations.{region}.amazonaws.com,amazonaws.com,2016-11-28,3.x,55,0,devtools,S2,amazonaws.com__organizations__2016-11-28__openapi.yaml,provider_override:amazonaws.com
amazonaws.com/osis/2022-01-01/openapi.yaml,Amazon OpenSearch Ingestion,http://osis.{region}.amazonaws.com,amazonaws.com,2022-01-01,3.x,14,0,devtools,S2,amazonaws.com__osis__2022-01-01__openapi.yaml,provider_override:amazonaws.com
amazonaws.com/outposts/2019-12-03/openapi.yaml,AWS Outposts,http://outposts.{region}.amazonaws.com,amazonaws.com,2019-12-03,3.x,26,0,devtools,S2,amazonaws.com__outposts__2019-12-03__openapi.yaml,provider_override:amazonaws.com
amazonaws.com/panorama/2019-07-24/openapi.yaml,AWS Panorama,http://panorama.{region}.amazonaws.com,amazonaws.com,2019-07-24,3.x,34,0,devtools,S2,amazonaws.com__panorama__2019-07-24__openapi.yaml,provider_override:amazonaws.com
amazonaws.com/payment-cryptography-data/2022-02-03/openapi.yaml,Payment Cryptography Data Plane,http://dataplane.payment-cryptography.{region}.amazonaws.com,amazonaws.com,2022-02-03,3.x,11,0,devtools,S2,amazonaws.com__payment-cryptography-data__2022-02-03__openapi.yaml,provider_override:amazonaws.com
amazonaws.com/payment-cryptography/2021-09-14/openapi.yaml,Payment Cryptography Control Plane,http://controlplane.payment-cryptography.{region}.amazonaws.com,amazonaws.com,2021-09-14,3.x,20,0,devtools,S2,amazonaws.com__payment-cryptography__2021-09-14__openapi.yaml,provider_override:amazonaws.com
amazonaws.com/personalize-events/2018-03-22/openapi.yaml,Amazon Personalize Events,http://personalize-events.{region}.amazonaws.com,amazonaws.com,2018-03-22,3.x,3,0,devtools,S2,amazonaws.com__personalize-events__2018-03-22__openapi.yaml,provider_override:amazonaws.com
amazonaws.com/personalize/2018-05-22/openapi.yaml,Amazon Personalize,http://personalize.{region}.amazonaws.com,amazonaws.com,2018-05-22,3.x,67,0,devtools,S2,amazonaws.com__personalize__2018-05-22__openapi.yaml,provider_override:amazonaws.com
amazonaws.com/pi/2018-02-27/openapi.yaml,AWS Performance Insights,http://pi.{region}.amazonaws.com,amazonaws.com,2018-02-27,3.x,6,0,devtools,S2,amazonaws.com__pi__2018-02-27__openapi.yaml,provider_override:amazonaws.com
amazonaws.com/pinpoint-email/2018-07-26/openapi.yaml,Amazon Pinpoint Email Service,http://email.{region}.amazonaws.com,amazonaws.com,2018-07-26,3.x,42,0,devtools,S2,amazonaws.com__pinpoint-email__2018-07-26__openapi.yaml,provider_override:amazonaws.com
amazonaws.com/pinpoint-sms-voice-v2/2022-03-31/openapi.yaml,Amazon Pinpoint SMS Voice V2,http://sms-voice.{region}.amazonaws.com,amazonaws.com,2022-03-31,3.x,43,0,devtools,S2,amazonaws.com__pinpoint-sms-voice-v2__2022-03-31__openapi.yaml,provider_override:amazonaws.com
amazonaws.com/pinpoint/2016-12-01/openapi.yaml,Amazon Pinpoint,http://pinpoint.{region}.amazonaws.com,amazonaws.com,2016-12-01,3.x,122,0,devtools,S2,amazonaws.com__pinpoint__2016-12-01__openapi.yaml,provider_override:amazonaws.com
amazonaws.com/pipes/2015-10-07/openapi.yaml,Amazon EventBridge Pipes,http://pipes.{region}.amazonaws.com,amazonaws.com,2015-10-07,3.x,10,0,devtools,S2,amazonaws.com__pipes__2015-10-07__openapi.yaml,provider_override:amazonaws.com
amazonaws.com/polly/2016-06-10/openapi.yaml,Amazon Polly,http://polly.{region}.amazonaws.com,amazonaws.com,2016-06-10,3.x,9,0,devtools,S2,amazonaws.com__polly__2016-06-10__openapi.yaml,provider_override:amazonaws.com
amazonaws.com/pricing/2017-10-15/openapi.yaml,AWS Price List Service,http://api.pricing.{region}.amazonaws.com,amazonaws.com,2017-10-15,3.x,5,0,devtools,S2,amazonaws.com__pricing__2017-10-15__openapi.yaml,provider_override:amazonaws.com
amazonaws.com/privatenetworks/2021-12-03/openapi.yaml,AWS Private 5G,http://private-networks.{region}.amazonaws.com,amazonaws.com,2021-12-03,3.x,25,1,devtools,S2,amazonaws.com__privatenetworks__2021-12-03__openapi.yaml,provider_override:amazonaws.com
amazonaws.com/proton/2020-07-20/openapi.yaml,AWS Proton,http://proton.{region}.amazonaws.com,amazonaws.com,2020-07-20,3.x,87,0,devtools,S2,amazonaws.com__proton__2020-07-20__openapi.yaml,provider_override:amazonaws.com
amazonaws.com/qldb/2019-01-02/openapi.yaml,Amazon QLDB,http://qldb.{region}.amazonaws.com,amazonaws.com,2019-01-02,3.x,20,0,devtools,S2,amazonaws.com__qldb__2019-01-02__openapi.yaml,provider_override:amazonaws.com
amazonaws.com/quicksight/2018-04-01/openapi.yaml,Amazon QuickSight,http://quicksight.{region}.amazonaws.com,amazonaws.com,2018-04-01,3.x,161,0,devtools,S2,amazonaws.com__quicksight__2018-04-01__openapi.yaml,provider_override:amazonaws.com
amazonaws.com/ram/2018-01-04/openapi.yaml,AWS Resource Access Manager,http://ram.{region}.amazonaws.com,amazonaws.com,2018-01-04,3.x,34,0,devtools,S2,amazonaws.com__ram__2018-01-04__openapi.yaml,provider_override:amazonaws.com
amazonaws.com/rbin/2021-06-15/openapi.yaml,Amazon Recycle Bin,http://rbin.{region}.amazonaws.com,amazonaws.com,2021-06-15,3.x,10,0,devtools,S2,amazonaws.com__rbin__2021-06-15__openapi.yaml,provider_override:amazonaws.com
amazonaws.com/rds-data/2018-08-01/openapi.yaml,AWS RDS DataService,http://rds-data.{region}.amazonaws.com,amazonaws.com,2018-08-01,3.x,6,0,devtools,S2,amazonaws.com__rds-data__2018-08-01__openapi.yaml,provider_override:amazonaws.com
amazonaws.com/rds/2014-10-31/openapi.yaml,Amazon Relational Database Service,http://rds.{region}.amazonaws.com,amazonaws.com,2014-10-31,3.x,286,0,devtools,S2,amazonaws.com__rds__2014-10-31__openapi.yaml,provider_override:amazonaws.com
amazonaws.com/redshift-data/2019-12-20/openapi.yaml,Redshift Data API Service,http://redshift-data.{region}.amazonaws.com,amazonaws.com,2019-12-20,3.x,10,0,devtools,S2,amazonaws.com__redshift-data__2019-12-20__openapi.yaml,provider_override:amazonaws.com
amazonaws.com/redshift-serverless/2021-04-21/openapi.yaml,Redshift Serverless,http://redshift-serverless.{region}.amazonaws.com,amazonaws.com,2021-04-21,3.x,40,0,devtools,S2,amazonaws.com__redshift-serverless__2021-04-21__openapi.yaml,provider_override:amazonaws.com
amazonaws.com/redshift/2012-12-01/openapi.yaml,Amazon Redshift,http://redshift.{region}.amazonaws.com,amazonaws.com,2012-12-01,3.x,246,0,devtools,S2,amazonaws.com__redshift__2012-12-01__openapi.yaml,provider_override:amazonaws.com
amazonaws.com/rekognition/2016-06-27/openapi.yaml,Amazon Rekognition,http://rekognition.{region}.amazonaws.com,amazonaws.com,2016-06-27,3.x,72,0,devtools,S2,amazonaws.com__rekognition__2016-06-27__openapi.yaml,provider_override:amazonaws.com
amazonaws.com/resiliencehub/2020-04-30/openapi.yaml,AWS Resilience Hub,http://resiliencehub.{region}.amazonaws.com,amazonaws.com,2020-04-30,3.x,54,0,devtools,S2,amazonaws.com__resiliencehub__2020-04-30__openapi.yaml,provider_override:amazonaws.com
amazonaws.com/resource-explorer/2-2022-07-28/openapi.yaml,AWS Resource Explorer,http://resource-explorer-2.{region}.api.aws,amazonaws.com,2022-07-28,3.x,19,0,devtools,S2,amazonaws.com__resource-explorer__2-2022-07-28__openapi.yaml,provider_override:amazonaws.com
amazonaws.com/resource-groups/2017-11-27/openapi.yaml,AWS Resource Groups,http://resource-groups.{region}.amazonaws.com,amazonaws.com,2017-11-27,3.x,18,0,devtools,S2,amazonaws.com__resource-groups__2017-11-27__openapi.yaml,provider_override:amazonaws.com
amazonaws.com/resourcegroupstaggingapi/2017-01-26/openapi.yaml,AWS Resource Groups Tagging API,http://tagging.{region}.amazonaws.com,amazonaws.com,2017-01-26,3.x,8,0,devtools,S2,amazonaws.com__resourcegroupstaggingapi__2017-01-26__openapi.yaml,provider_override:amazonaws.com
amazonaws.com/robomaker/2018-06-29/openapi.yaml,AWS RoboMaker,http://robomaker.{region}.amazonaws.com,amazonaws.com,2018-06-29,3.x,57,0,devtools,S2,amazonaws.com__robomaker__2018-06-29__openapi.yaml,provider_override:amazonaws.com
amazonaws.com/rolesanywhere/2018-05-10/openapi.yaml,IAM Roles Anywhere,http://rolesanywhere.{region}.amazonaws.com,amazonaws.com,2018-05-10,3.x,28,0,devtools,S2,amazonaws.com__rolesanywhere__2018-05-10__openapi.yaml,provider_override:amazonaws.com
amazonaws.com/route53-recovery-cluster/2019-12-02/openapi.yaml,Route53 Recovery Cluster,http://route53-recovery-cluster.{region}.amazonaws.com,amazonaws.com,2019-12-02,3.x,4,0,devtools,S2,amazonaws.com__route53-recovery-cluster__2019-12-02__openapi.yaml,provider_override:amazonaws.com
amazonaws.com/route53-recovery-control-config/2020-11-02/openapi.yaml,AWS Route53 Recovery Control Config,http://route53-recovery-control-config.{region}.amazonaws.com,amazonaws.com,2020-11-02,3.x,23,0,devtools,S2,amazonaws.com__route53-recovery-control-config__2020-11-02__openapi.yaml,provider_override:amazonaws.com
amazonaws.com/route53-recovery-readiness/2019-12-02/openapi.yaml,AWS Route53 Recovery Readiness,http://route53-recovery-readiness.{region}.amazonaws.com,amazonaws.com,2019-12-02,3.x,32,0,devtools,S2,amazonaws.com__route53-recovery-readiness__2019-12-02__openapi.yaml,provider_override:amazonaws.com
amazonaws.com/route53/2013-04-01/openapi.yaml,Amazon Route 53,https://route53.amazonaws.com,amazonaws.com,2013-04-01,3.x,70,0,devtools,S2,amazonaws.com__route53__2013-04-01__openapi.yaml,provider_override:amazonaws.com
amazonaws.com/route53domains/2014-05-15/openapi.yaml,Amazon Route 53 Domains,http://route53domains.{region}.amazonaws.com,amazonaws.com,2014-05-15,3.x,34,0,devtools,S2,amazonaws.com__route53domains__2014-05-15__openapi.yaml,provider_override:amazonaws.com
amazonaws.com/route53resolver/2018-04-01/openapi.yaml,Amazon Route 53 Resolver,http://route53resolver.{region}.amazonaws.com,amazonaws.com,2018-04-01,3.x,68,0,devtools,S2,amazonaws.com__route53resolver__2018-04-01__openapi.yaml,provider_override:amazonaws.com
amazonaws.com/rum/2018-05-10/openapi.yaml,CloudWatch RUM,http://rum.{region}.amazonaws.com,amazonaws.com,2018-05-10,3.x,17,0,devtools,S2,amazonaws.com__rum__2018-05-10__openapi.yaml,provider_override:amazonaws.com
amazonaws.com/runtime.lex.v2/2020-08-07/openapi.yaml,Amazon Lex Runtime V2,http://runtime-v2-lex.{region}.amazonaws.com,amazonaws.com,2020-08-07,3.x,5,0,devtools,S2,amazonaws.com__runtime.lex.v2__2020-08-07__openapi.yaml,provider_override:amazonaws.com
amazonaws.com/runtime.lex/2016-11-28/openapi.yaml,Amazon Lex Runtime Service,http://runtime.lex.{region}.amazonaws.com,amazonaws.com,2016-11-28,3.x,5,0,devtools,S2,amazonaws.com__runtime.lex__2016-11-28__openapi.yaml,provider_override:amazonaws.com
amazonaws.com/s3/2006-03-01/openapi.yaml,Amazon Simple Storage Service,http://s3{dash-or-dot}{region}.amazonaws.com,amazonaws.com,2006-03-01,3.x,95,0,devtools,S2,amazonaws.com__s3__2006-03-01__openapi.yaml,provider_override:amazonaws.com
amazonaws.com/s3control/2018-08-20/openapi.yaml,AWS S3 Control,http://s3-control.{region}.amazonaws.com,amazonaws.com,2018-08-20,3.x,64,0,devtools,S2,amazonaws.com__s3control__2018-08-20__openapi.yaml,provider_override:amazonaws.com
amazonaws.com/s3outposts/2017-07-25/openapi.yaml,Amazon S3 on Outposts,http://s3-outposts.{region}.amazonaws.com,amazonaws.com,2017-07-25,3.x,5,0,devtools,S2,amazonaws.com__s3outposts__2017-07-25__openapi.yaml,provider_override:amazonaws.com
amazonaws.com/sagemaker-a2i-runtime/2019-11-07/openapi.yaml,Amazon Augmented AI Runtime,http://a2i-runtime.sagemaker.{region}.amazonaws.com,amazonaws.com,2019-11-07,3.x,5,0,devtools,S2,amazonaws.com__sagemaker-a2i-runtime__2019-11-07__openapi.yaml,provider_override:amazonaws.com
amazonaws.com/sagemaker-edge/2020-09-23/openapi.yaml,Amazon Sagemaker Edge Manager,http://edge.sagemaker.{region}.amazonaws.com,amazonaws.com,2020-09-23,3.x,3,0,devtools,S2,amazonaws.com__sagemaker-edge__2020-09-23__openapi.yaml,provider_override:amazonaws.com
amazonaws.com/sagemaker-featurestore-runtime/2020-07-01/openapi.yaml,Amazon SageMaker Feature Store Runtime,http://featurestore-runtime.sagemaker.{region}.amazonaws.com,amazonaws.com,2020-07-01,3.x,4,0,devtools,S2,amazonaws.com__sagemaker-featurestore-runtime__2020-07-01__openapi.yaml,provider_override:amazonaws.com
amazonaws.com/sagemaker-geospatial/2020-05-27/openapi.yaml,Amazon SageMaker geospatial capabilities,http://sagemaker-geospatial.{region}.amazonaws.com,amazonaws.com,2020-05-27,3.x,19,0,devtools,S2,amazonaws.com__sagemaker-geospatial__2020-05-27__openapi.yaml,provider_override:amazonaws.com
amazonaws.com/sagemaker/2017-07-24/openapi.yaml,Amazon SageMaker Service,http://api.sagemaker.{region}.amazonaws.com,amazonaws.com,2017-07-24,3.x,304,0,devtools,S2,amazonaws.com__sagemaker__2017-07-24__openapi.yaml,provider_override:amazonaws.com
amazonaws.com/savingsplans/2019-06-28/openapi.yaml,AWS Savings Plans,http://savingsplans.{region}.amazonaws.com,amazonaws.com,2019-06-28,3.x,9,0,devtools,S2,amazonaws.com__savingsplans__2019-06-28__openapi.yaml,provider_override:amazonaws.com
amazonaws.com/scheduler/2021-06-30/openapi.yaml,Amazon EventBridge Scheduler,http://scheduler.{region}.amazonaws.com,amazonaws.com,2021-06-30,3.x,12,0,devtools,S2,amazonaws.com__scheduler__2021-06-30__openapi.yaml,provider_override:amazonaws.com
amazonaws.com/schemas/2019-12-02/openapi.yaml,Schemas,http://schemas.{region}.amazonaws.com,amazonaws.com,2019-12-02,3.x,31,0,devtools,S2,amazonaws.com__schemas__2019-12-02__openapi.yaml,provider_override:amazonaws.com
amazonaws.com/sdb/2009-04-15/openapi.yaml,Amazon SimpleDB,http://sdb.amazonaws.com,amazonaws.com,2009-04-15,3.x,20,0,devtools,S2,amazonaws.com__sdb__2009-04-15__openapi.yaml,provider_override:amazonaws.com
amazonaws.com/secretsmanager/2017-10-17/openapi.yaml,AWS Secrets Manager,http://secretsmanager.{region}.amazonaws.com,amazonaws.com,2017-10-17,3.x,22,0,devtools,S2,amazonaws.com__secretsmanager__2017-10-17__openapi.yaml,provider_override:amazonaws.com
amazonaws.com/securityhub/2018-10-26/openapi.yaml,AWS SecurityHub,http://securityhub.{region}.amazonaws.com,amazonaws.com,2018-10-26,3.x,67,0,devtools,S2,amazonaws.com__securityhub__2018-10-26__openapi.yaml,provider_override:amazonaws.com
amazonaws.com/securitylake/2018-05-10/openapi.yaml,Amazon Security Lake,http://securitylake.{region}.amazonaws.com,amazonaws.com,2018-05-10,3.x,31,0,devtools,S2,amazonaws.com__securitylake__2018-05-10__openapi.yaml,provider_override:amazonaws.com
amazonaws.com/serverlessrepo/2017-09-08/openapi.yaml,AWSServerlessApplicationRepository,http://serverlessrepo.{region}.amazonaws.com,amazonaws.com,2017-09-08,3.x,14,0,devtools,S2,amazonaws.com__serverlessrepo__2017-09-08__openapi.yaml,provider_override:amazonaws.com
amazonaws.com/service-quotas/2019-06-24/openapi.yaml,Service Quotas,http://servicequotas.{region}.amazonaws.com,amazonaws.com,2019-06-24,3.x,19,0,devtools,S2,amazonaws.com__service-quotas__2019-06-24__openapi.yaml,provider_override:amazonaws.com
amazonaws.com/servicecatalog-appregistry/2020-06-24/openapi.yaml,AWS Service Catalog App Registry,http://servicecatalog-appregistry.{region}.amazonaws.com,amazonaws.com,2020-06-24,3.x,24,0,devtools,S2,amazonaws.com__servicecatalog-appregistry__2020-06-24__openapi.yaml,provider_override:amazonaws.com
amazonaws.com/servicecatalog/2015-12-10/openapi.yaml,AWS Service Catalog,http://servicecatalog.{region}.amazonaws.com,amazonaws.com,2015-12-10,3.x,90,0,devtools,S2,amazonaws.com__servicecatalog__2015-12-10__openapi.yaml,provider_override:amazonaws.com
amazonaws.com/servicediscovery/2017-03-14/openapi.yaml,AWS Cloud Map,http://servicediscovery.{region}.amazonaws.com,amazonaws.com,2017-03-14,3.x,26,0,devtools,S2,amazonaws.com__servicediscovery__2017-03-14__openapi.yaml,provider_override:amazonaws.com
amazonaws.com/shield/2016-06-02/openapi.yaml,AWS Shield,http://shield.{region}.amazonaws.com,amazonaws.com,2016-06-02,3.x,36,0,devtools,S2,amazonaws.com__shield__2016-06-02__openapi.yaml,provider_override:amazonaws.com
amazonaws.com/signer/2017-08-25/openapi.yaml,AWS Signer,http://signer.{region}.amazonaws.com,amazonaws.com,2017-08-25,3.x,19,0,devtools,S2,amazonaws.com__signer__2017-08-25__openapi.yaml,provider_override:amazonaws.com
amazonaws.com/simspaceweaver/2022-10-28/openapi.yaml,AWS SimSpace Weaver,http://simspaceweaver.{region}.amazonaws.com,amazonaws.com,2022-10-28,3.x,16,0,devtools,S2,amazonaws.com__simspaceweaver__2022-10-28__openapi.yaml,provider_override:amazonaws.com
amazonaws.com/sms-voice/2018-09-05/openapi.yaml,Amazon Pinpoint SMS and Voice Service,http://sms-voice.pinpoint.{region}.amazonaws.com,amazonaws.com,2018-09-05,3.x,8,0,devtools,S2,amazonaws.com__sms-voice__2018-09-05__openapi.yaml,provider_override:amazonaws.com
amazonaws.com/sms/2016-10-24/openapi.yaml,AWS Server Migration Service,http://sms.{region}.amazonaws.com,amazonaws.com,2016-10-24,3.x,35,0,devtools,S2,amazonaws.com__sms__2016-10-24__openapi.yaml,provider_override:amazonaws.com
amazonaws.com/snow-device-management/2021-08-04/openapi.yaml,AWS Snow Device Management,http://snow-device-management.{region}.amazonaws.com,amazonaws.com,2021-08-04,3.x,13,0,devtools,S2,amazonaws.com__snow-device-management__2021-08-04__openapi.yaml,provider_override:amazonaws.com
amazonaws.com/snowball/2016-06-30/openapi.yaml,Amazon Import/Export Snowball,http://snowball.{region}.amazonaws.com,amazonaws.com,2016-06-30,3.x,27,0,devtools,S2,amazonaws.com__snowball__2016-06-30__openapi.yaml,provider_override:amazonaws.com
amazonaws.com/sns/2010-03-31/openapi.yaml,Amazon Simple Notification Service,http://sns.{region}.amazonaws.com,amazonaws.com,2010-03-31,3.x,84,0,devtools,S2,amazonaws.com__sns__2010-03-31__openapi.yaml,provider_override:amazonaws.com
amazonaws.com/sqs/2012-11-05/openapi.yaml,Amazon Simple Queue Service,http://sqs.{region}.amazonaws.com,amazonaws.com,2012-11-05,3.x,46,0,devtools,S2,amazonaws.com__sqs__2012-11-05__openapi.yaml,provider_override:amazonaws.com
amazonaws.com/ssm-contacts/2021-05-03/openapi.yaml,AWS Systems Manager Incident Manager Contacts,http://ssm-contacts.{region}.amazonaws.com,amazonaws.com,2021-05-03,3.x,39,0,devtools,S2,amazonaws.com__ssm-contacts__2021-05-03__openapi.yaml,provider_override:amazonaws.com
amazonaws.com/ssm-incidents/2018-05-10/openapi.yaml,AWS Systems Manager Incident Manager,http://ssm-incidents.{region}.amazonaws.com,amazonaws.com,2018-05-10,3.x,29,0,devtools,S2,amazonaws.com__ssm-incidents__2018-05-10__openapi.yaml,provider_override:amazonaws.com
amazonaws.com/ssm-sap/2018-05-10/openapi.yaml,AWS Systems Manager for SAP,http://ssm-sap.{region}.amazonaws.com,amazonaws.com,2018-05-10,3.x,18,0,devtools,S2,amazonaws.com__ssm-sap__2018-05-10__openapi.yaml,provider_override:amazonaws.com
amazonaws.com/ssm/2014-11-06/openapi.yaml,Amazon Simple Systems Manager (SSM),http://ssm.{region}.amazonaws.com,amazonaws.com,2014-11-06,3.x,138,0,devtools,S2,amazonaws.com__ssm__2014-11-06__openapi.yaml,provider_override:amazonaws.com
amazonaws.com/sso-admin/2020-07-20/openapi.yaml,AWS Single Sign-On Admin,http://sso.{region}.amazonaws.com,amazonaws.com,2020-07-20,3.x,37,0,devtools,S2,amazonaws.com__sso-admin__2020-07-20__openapi.yaml,provider_override:amazonaws.com
amazonaws.com/sso-oidc/2019-06-10/openapi.yaml,AWS SSO OIDC,http://oidc.{region}.amazonaws.com,amazonaws.com,2019-06-10,3.x,3,0,devtools,S2,amazonaws.com__sso-oidc__2019-06-10__openapi.yaml,provider_override:amazonaws.com
amazonaws.com/sso/2019-06-10/openapi.yaml,AWS Single Sign-On,http://portal.sso.{region}.amazonaws.com,amazonaws.com,2019-06-10,3.x,4,0,devtools,S2,amazonaws.com__sso__2019-06-10__openapi.yaml,provider_override:amazonaws.com
amazonaws.com/states/2016-11-23/openapi.yaml,AWS Step Functions,http://states.{region}.amazonaws.com,amazonaws.com,2016-11-23,3.x,34,0,devtools,S2,amazonaws.com__states__2016-11-23__openapi.yaml,provider_override:amazonaws.com
amazonaws.com/storagegateway/2013-06-30/openapi.yaml,AWS Storage Gateway,http://storagegateway.{region}.amazonaws.com,amazonaws.com,2013-06-30,3.x,90,0,devtools,S2,amazonaws.com__storagegateway__2013-06-30__openapi.yaml,provider_override:amazonaws.com
amazonaws.com/streams.dynamodb/2012-08-10/openapi.yaml,Amazon DynamoDB Streams,http://streams.dynamodb.{region}.amazonaws.com,amazonaws.com,2012-08-10,3.x,4,0,devtools,S2,amazonaws.com__streams.dynamodb__2012-08-10__openapi.yaml,provider_override:amazonaws.com
amazonaws.com/sts/2011-06-15/openapi.yaml,AWS Security Token Service,https://sts.amazonaws.com,amazonaws.com,2011-06-15,3.x,16,0,devtools,S2,amazonaws.com__sts__2011-06-15__openapi.yaml,provider_override:amazonaws.com
amazonaws.com/support-app/2021-08-20/openapi.yaml,AWS Support App,http://supportapp.{region}.amazonaws.com,amazonaws.com,2021-08-20,3.x,10,0,devtools,S2,amazonaws.com__support-app__2021-08-20__openapi.yaml,provider_override:amazonaws.com
amazonaws.com/support/2013-04-15/openapi.yaml,AWS Support,https://support.us-east-1.amazonaws.com,amazonaws.com,2013-04-15,3.x,16,0,devtools,S2,amazonaws.com__support__2013-04-15__openapi.yaml,provider_override:amazonaws.com
amazonaws.com/swf/2012-01-25/openapi.yaml,Amazon Simple Workflow Service,http://swf.{region}.amazonaws.com,amazonaws.com,2012-01-25,3.x,37,0,devtools,S2,amazonaws.com__swf__2012-01-25__openapi.yaml,provider_override:amazonaws.com
amazonaws.com/synthetics/2017-10-11/openapi.yaml,Synthetics,http://synthetics.{region}.amazonaws.com,amazonaws.com,2017-10-11,3.x,21,0,devtools,S2,amazonaws.com__synthetics__2017-10-11__openapi.yaml,provider_override:amazonaws.com
amazonaws.com/textract/2018-06-27/openapi.yaml,Amazon Textract,http://textract.{region}.amazonaws.com,amazonaws.com,2018-06-27,3.x,13,0,devtools,S2,amazonaws.com__textract__2018-06-27__openapi.yaml,provider_override:amazonaws.com
amazonaws.com/timestream-query/2018-11-01/openapi.yaml,Amazon Timestream Query,http://query.timestream.{region}.amazonaws.com,amazonaws.com,2018-11-01,3.x,13,0,devtools,S2,amazonaws.com__timestream-query__2018-11-01__openapi.yaml,provider_override:amazonaws.com
amazonaws.com/timestream-write/2018-11-01/openapi.yaml,Amazon Timestream Write,http://ingest.timestream.{region}.amazonaws.com,amazonaws.com,2018-11-01,3.x,19,0,devtools,S2,amazonaws.com__timestream-write__2018-11-01__openapi.yaml,provider_override:amazonaws.com
amazonaws.com/tnb/2008-10-21/openapi.yaml,AWS Telco Network Builder,http://tnb.{region}.amazonaws.com,amazonaws.com,2008-10-21,3.x,33,0,devtools,S2,amazonaws.com__tnb__2008-10-21__openapi.yaml,provider_override:amazonaws.com
amazonaws.com/transcribe/2017-10-26/openapi.yaml,Amazon Transcribe Service,http://transcribe.{region}.amazonaws.com,amazonaws.com,2017-10-26,3.x,39,0,devtools,S2,amazonaws.com__transcribe__2017-10-26__openapi.yaml,provider_override:amazonaws.com
amazonaws.com/transfer/2018-11-05/openapi.yaml,AWS Transfer Family,http://transfer.{region}.amazonaws.com,amazonaws.com,2018-11-05,3.x,59,0,devtools,S2,amazonaws.com__transfer__2018-11-05__openapi.yaml,provider_override:amazonaws.com
amazonaws.com/translate/2017-07-01/openapi.yaml,Amazon Translate,http://translate.{region}.amazonaws.com,amazonaws.com,2017-07-01,3.x,19,0,devtools,S2,amazonaws.com__translate__2017-07-01__openapi.yaml,provider_override:amazonaws.com
amazonaws.com/verifiedpermissions/2021-12-01/openapi.yaml,Amazon Verified Permissions,http://verifiedpermissions.{region}.amazonaws.com,amazonaws.com,2021-12-01,3.x,24,0,devtools,S2,amazonaws.com__verifiedpermissions__2021-12-01__openapi.yaml,provider_override:amazonaws.com
amazonaws.com/voice-id/2021-09-27/openapi.yaml,Amazon Voice ID,http://voiceid.{region}.amazonaws.com,amazonaws.com,2021-09-27,3.x,29,0,devtools,S2,amazonaws.com__voice-id__2021-09-27__openapi.yaml,provider_override:amazonaws.com
amazonaws.com/vpc-lattice/2022-11-30/openapi.yaml,Amazon VPC Lattice,http://vpc-lattice.{region}.amazonaws.com,amazonaws.com,2022-11-30,3.x,52,0,devtools,S2,amazonaws.com__vpc-lattice__2022-11-30__openapi.yaml,provider_override:amazonaws.com
amazonaws.com/waf-regional/2016-11-28/openapi.yaml,AWS WAF Regional,http://waf-regional.{region}.amazonaws.com,amazonaws.com,2016-11-28,3.x,81,0,devtools,S2,amazonaws.com__waf-regional__2016-11-28__openapi.yaml,provider_override:amazonaws.com
amazonaws.com/waf/2015-08-24/openapi.yaml,AWS WAF,https://waf.amazonaws.com,amazonaws.com,2015-08-24,3.x,77,0,devtools,S2,amazonaws.com__waf__2015-08-24__openapi.yaml,provider_override:amazonaws.com
amazonaws.com/wafv2/2019-07-29/openapi.yaml,AWS WAFV2,http://wafv2.{region}.amazonaws.com,amazonaws.com,2019-07-29,3.x,53,0,devtools,S2,amazonaws.com__wafv2__2019-07-29__openapi.yaml,provider_override:amazonaws.com
amazonaws.com/wellarchitected/2020-03-31/openapi.yaml,AWS Well-Architected Tool,http://wellarchitected.{region}.amazonaws.com,amazonaws.com,2020-03-31,3.x,56,0,devtools,S2,amazonaws.com__wellarchitected__2020-03-31__openapi.yaml,provider_override:amazonaws.com
amazonaws.com/wisdom/2020-10-19/openapi.yaml,Amazon Connect Wisdom Service,http://wisdom.{region}.amazonaws.com,amazonaws.com,2020-10-19,3.x,31,0,devtools,S2,amazonaws.com__wisdom__2020-10-19__openapi.yaml,provider_override:amazonaws.com
amazonaws.com/workdocs/2016-05-01/openapi.yaml,Amazon WorkDocs,http://workdocs.{region}.amazonaws.com,amazonaws.com,2016-05-01,3.x,44,0,devtools,S2,amazonaws.com__workdocs__2016-05-01__openapi.yaml,provider_override:amazonaws.com
amazonaws.com/worklink/2018-09-25/openapi.yaml,Amazon WorkLink,http://worklink.{region}.amazonaws.com,amazonaws.com,2018-09-25,3.x,33,0,devtools,S2,amazonaws.com__worklink__2018-09-25__openapi.yaml,provider_override:amazonaws.com
amazonaws.com/workmail/2017-10-01/openapi.yaml,Amazon WorkMail,http://workmail.{region}.amazonaws.com,amazonaws.com,2017-10-01,3.x,80,0,devtools,S2,amazonaws.com__workmail__2017-10-01__openapi.yaml,provider_override:amazonaws.com
amazonaws.com/workspaces-web/2020-07-08/openapi.yaml,Amazon WorkSpaces Web,http://workspaces-web.{region}.amazonaws.com,amazonaws.com,2020-07-08,3.x,58,0,devtools,S2,amazonaws.com__workspaces-web__2020-07-08__openapi.yaml,provider_override:amazonaws.com
amazonaws.com/workspaces/2015-04-08/openapi.yaml,Amazon WorkSpaces,http://workspaces.{region}.amazonaws.com,amazonaws.com,2015-04-08,3.x,65,0,devtools,S2,amazonaws.com__workspaces__2015-04-08__openapi.yaml,provider_override:amazonaws.com
amazonaws.com/xray/2016-04-12/openapi.yaml,AWS X-Ray,http://xray.{region}.amazonaws.com,amazonaws.com,2016-04-12,3.x,30,0,devtools,S2,amazonaws.com__xray__2016-04-12__openapi.yaml,provider_override:amazonaws.com
amentum.space/atmosphere/1.1.1/openapi.yaml,Atmosphere API,,amentum.space,1.1.1,3.x,3,0,UNLABELLED,S2,amentum.space__atmosphere__1.1.1__openapi.yaml,no_keyword_match
amentum.space/aviation_radiation/1.5.0/openapi.yaml,Aviation Radiation API,,amentum.space,1.5.0,3.x,7,0,UNLABELLED,S2,amentum.space__aviation_radiation__1.5.0__openapi.yaml,no_keyword_match
amentum.space/space_radiation/1.1.2/openapi.yaml,Space Radiation API,,amentum.space,1.1.2,3.x,3,0,UNLABELLED,S2,amentum.space__space_radiation__1.1.2__openapi.yaml,no_keyword_match
anchore.io/0.1.20/openapi.yaml,Anchore Engine API Server,/,anchore.io,0.1.20,3.x,109,3,UNLABELLED,S2,anchore.io__0.1.20__openapi.yaml,no_keyword_match
apache.org/airflow/2.5.3/openapi.yaml,Airflow API (Stable),/api/v1,apache.org,2.5.3,3.x,71,2,UNLABELLED,S2,apache.org__airflow__2.5.3__openapi.yaml,no_keyword_match
apache.org/qakka/v1/openapi.yaml,Qakka,https://apache.local,apache.org,v1,3.x,9,1,UNLABELLED,S2,apache.org__qakka__v1__openapi.yaml,no_keyword_match
apacta.com/0.0.42/openapi.yaml,Apacta,https://app.apacta.com/api/v1,apacta.com,0.0.42,3.x,289,1,UNLABELLED,S2,apacta.com__0.0.42__openapi.yaml,no_keyword_match
api.video/1/openapi.yaml,api.video,https://ws.api.video,api.video,1,3.x,47,0,media,S2,api.video__1__openapi.yaml,keywords:video
api2cart.com/1.1/openapi.yaml,Swagger API2Cart,https://api.api2cart.com/v1.1,api2cart.com,1.1,3.x,147,0,commerce,S2,api2cart.com__1.1__openapi.yaml,keywords:cart
api2pdf.com/1.0.0/openapi.yaml,"Api2Pdf - PDF Generation, Powered by AWS Lambda",https://v2018.api2pdf.com,api2pdf.com,1.0.0,3.x,9,0,UNLABELLED,S2,api2pdf.com__1.0.0__openapi.yaml,no_keyword_match
apicurio.local/registry/1.3.2.Final/openapi.yaml,Apicurio Registry API,http://apicurio.local,apicurio.local,1.3.2.Final,3.x,33,0,UNLABELLED,S2,apicurio.local__registry__1.3.2.Final__openapi.yaml,no_keyword_match
apicurio.local/registry/2.4.x/openapi.yaml,Apicurio Registry API [v2],http://apicurio.local,apicurio.local,2.4.x,3.x,65,0,UNLABELLED,S2,apicurio.local__registry__2.4.x__openapi.yaml,no_keyword_match
apidapp.com/2019-02-14T164701Z/openapi.yaml,ApiDapp,https://ethereum.apidapp.com/1,apidapp.com,2019-02-14 16:47:01+00:00,3.x,29,1,UNLABELLED,S2,apidapp.com__2019-02-14T164701Z__openapi.yaml,no_keyword_match
apideck.com/accounting/10.0.0/openapi.yaml,Accounting API,https://unify.apideck.com,apideck.com,10.0.0,3.x,58,0,finance,S2,apideck.com__accounting__10.0.0__openapi.yaml,keywords:accounting
apideck.com/ats/10.0.0/openapi.yaml,ATS API,https://unify.apideck.com,apideck.com,10.0.0,3.x,12,0,UNLABELLED,S2,apideck.com__ats__10.0.0__openapi.yaml,no_keyword_match
apideck.com/connector/10.0.0/openapi.yaml,Connector API,https://unify.apideck.com,apideck.com,10.0.0,3.x,10,0,UNLABELLED,S2,apideck.com__connector__10.0.0__openapi.yaml,no_keyword_match
apideck.com/crm/10.0.0/openapi.yaml,CRM API,https://unify.apideck.com,apideck.com,10.0.0,3.x,40,0,UNLABELLED,S2,apideck.com__crm__10.0.0__openapi.yaml,no_keyword_match
apideck.com/customer-support/9.5.0/openapi.yaml,Customer Support,https://unify.apideck.com,apideck.com,9.5.0,3.x,5,0,UNLABELLED,S2,apideck.com__customer-support__9.5.0__openapi.yaml,no_keyword_match
apideck.com/ecommerce/10.0.0/openapi.yaml,Ecommerce API,https://unify.apideck.com,apideck.com,10.0.0,3.x,7,0,commerce,S2,apideck.com__ecommerce__10.0.0__openapi.yaml,keywords:ecommerce
apideck.com/ecosystem/0.0.6/openapi.yaml,Ecosystem API,https://api.apideck.com,apideck.com,0.0.6,3.x,12,0,UNLABELLED,S2,apideck.com__ecosystem__0.0.6__openapi.yaml,no_keyword_match
apideck.com/file-storage/10.0.0/openapi.yaml,File storage API,https://unify.apideck.com,apideck.com,10.0.0,3.x,33,0,UNLABELLED,S2,apideck.com__file-storage__10.0.0__openapi.yaml,no_keyword_match
apideck.com/hris/10.0.0/openapi.yaml,HRIS API,https://unify.apideck.com,apideck.com,10.0.0,3.x,25,0,UNLABELLED,S2,apideck.com__hris__10.0.0__openapi.yaml,no_keyword_match
apideck.com/issue-tracking/10.0.0/openapi.yaml,Issue Tracking API,https://unify.apideck.com,apideck.com,10.0.0,3.x,15,0,UNLABELLED,S2,apideck.com__issue-tracking__10.0.0__openapi.yaml,no_keyword_match
apideck.com/lead/10.0.0/openapi.yaml,Lead API,https://unify.apideck.com,apideck.com,10.0.0,3.x,5,0,UNLABELLED,S2,apideck.com__lead__10.0.0__openapi.yaml,no_keyword_match
apideck.com/pos/10.0.0/openapi.yaml,POS API,https://unify.apideck.com,apideck.com,10.0.0,3.x,46,0,UNLABELLED,S2,apideck.com__pos__10.0.0__openapi.yaml,no_keyword_match
apideck.com/proxy/10.0.0/openapi.yaml,Proxy API,https://unify.apideck.com,apideck.com,10.0.0,3.x,5,0,UNLABELLED,S2,apideck.com__proxy__10.0.0__openapi.yaml,no_keyword_match
apideck.com/sms/10.0.0/openapi.yaml,SMS API,https://unify.apideck.com,apideck.com,10.0.0,3.x,5,0,communication,S2,apideck.com__sms__10.0.0__openapi.yaml,keywords:sms
apideck.com/vault/10.0.0/openapi.yaml,Vault API,https://unify.apideck.com,apideck.com,10.0.0,3.x,27,0,UNLABELLED,S2,apideck.com__vault__10.0.0__openapi.yaml,no_keyword_match
apideck.com/webhook/10.0.0/openapi.yaml,Webhook API,https://unify.apideck.com,apideck.com,10.0.0,3.x,10,0,devtools,S2,apideck.com__webhook__10.0.0__openapi.yaml,keywords:webhook
apigee.local/registry/0.0.1/openapi.yaml,Registry API,http://apigee.local,apigee.local,0.0.1,3.x,35,0,UNLABELLED,S2,apigee.local__registry__0.0.1__openapi.yaml,no_keyword_match
apigee.net/marketcheck-cars/2.01/openapi.yaml,Marketcheck APIs,https://marketcheck-prod.apigee.net/v2,apigee.net,2.01,3.x,71,0,UNLABELLED,S2,apigee.net__marketcheck-cars__2.01__openapi.yaml,no_keyword_match
apis.guru/2.2.0/openapi.yaml,APIs.guru,https://api.apis.guru/v2,apis.guru,2.2.0,3.x,7,0,UNLABELLED,S2,apis.guru__2.2.0__openapi.yaml,no_keyword_match
apisetu.gov.in/acko/3.0.0/openapi.yaml,Acko General Insurance Limited,https://apisetu.gov.in/acko/v3,apisetu.gov.in,3.0.0,3.x,3,0,government,S2,apisetu.gov.in__acko__3.0.0__openapi.yaml,provider_override:apisetu.gov.in
apisetu.gov.in/bajajallianz/3.0.0/openapi.yaml,Bajaj Allianz General Insurance Company Ltd. (BAGIC),https://apisetu.gov.in/bajajallianz/v3,apisetu.gov.in,3.0.0,3.x,7,0,government,S2,apisetu.gov.in__bajajallianz__3.0.0__openapi.yaml,provider_override:apisetu.gov.in
apisetu.gov.in/bhartiaxagi/3.0.0/openapi.yaml,Bharti AXA General Insurance Company Ltd.,https://apisetu.gov.in/bhartiaxagi/v3,apisetu.gov.in,3.0.0,3.x,5,0,government,S2,apisetu.gov.in__bhartiaxagi__3.0.0__openapi.yaml,provider_override:apisetu.gov.in
apisetu.gov.in/cbse/3.0.0/openapi.yaml,Central Board of Secondary Education,https://apisetu.gov.in/cbse/v3,apisetu.gov.in,3.0.0,3.x,16,0,government,S2,apisetu.gov.in__cbse__3.0.0__openapi.yaml,provider_override:apisetu.gov.in
apisetu.gov.in/cisce/3.0.0/openapi.yaml,CISCE,https://apisetu.gov.in/cisce/v3,apisetu.gov.in,3.0.0,3.x,5,0,government,S2,apisetu.gov.in__cisce__3.0.0__openapi.yaml,provider_override:apisetu.gov.in
apisetu.gov.in/ditch/3.0.0/openapi.yaml,"eDistrict Chandigarh, Chandigarh",https://apisetu.gov.in/ditch/v3,apisetu.gov.in,3.0.0,3.x,4,0,government,S2,apisetu.gov.in__ditch__3.0.0__openapi.yaml,provider_override:apisetu.gov.in
apisetu.gov.in/dittripura/3.0.0/openapi.yaml,"Directorate of Information Technology, Government of Tripura, Tripura",https://apisetu.gov.in/dittripura/v3,apisetu.gov.in,3.0.0,3.x,18,0,government,S2,apisetu.gov.in__dittripura__3.0.0__openapi.yaml,provider_override:apisetu.gov.in
apisetu.gov.in/edistrictandaman/3.0.0/openapi.yaml,"eDistrict Andaman & Nicobar Islands, Andaman & Nicobar",https://apisetu.gov.in/edistrictandaman/v3,apisetu.gov.in,3.0.0,3.x,12,0,government,S2,apisetu.gov.in__edistrictandaman__3.0.0__openapi.yaml,provider_override:apisetu.gov.in
apisetu.gov.in/edistricthp/3.0.0/openapi.yaml,"eDistrict Himachal Pradesh, Himachal Pradesh",https://apisetu.gov.in/edistricthp/v3,apisetu.gov.in,3.0.0,3.x,32,0,government,S2,apisetu.gov.in__edistricthp__3.0.0__openapi.yaml,provider_override:apisetu.gov.in
apisetu.gov.in/edistrictkerala/3.0.0/openapi.yaml,"eDistrict Kerala, Kerala",https://apisetu.gov.in/edistrictkerala/v3,apisetu.gov.in,3.0.0,3.x,24,0,government,S2,apisetu.gov.in__edistrictkerala__3.0.0__openapi.yaml,provider_override:apisetu.gov.in
apisetu.gov.in/edistrictodisha/3.0.0/openapi.yaml,"eDistrict Odisha, Odisha",https://apisetu.gov.in/edistrictodisha/v3,apisetu.gov.in,3.0.0,3.x,6,0,government,S2,apisetu.gov.in__edistrictodisha__3.0.0__openapi.yaml,provider_override:apisetu.gov.in
apisetu.gov.in/edistrictodishasp/3.0.0/openapi.yaml,"eDistrict Odisha ServicePlus, Odisha",https://apisetu.gov.in/edistrictodishasp/v3,apisetu.gov.in,3.0.0,3.x,7,0,government,S2,apisetu.gov.in__edistrictodishasp__3.0.0__openapi.yaml,provider_override:apisetu.gov.in
apisetu.gov.in/edistrictpb/3.0.0/openapi.yaml,"Punjab State eGovernance Society, Punjab",https://apisetu.gov.in/edistrictpb/v3,apisetu.gov.in,3.0.0,3.x,7,0,government,S2,apisetu.gov.in__edistrictpb__3.0.0__openapi.yaml,provider_override:apisetu.gov.in
apisetu.gov.in/edistrictup/3.0.0/openapi.yaml,"eDistrict Uttar Pradesh, Uttar Pradesh",https://apisetu.gov.in/edistrictup/v3,apisetu.gov.in,3.0.0,3.x,6,0,government,S2,apisetu.gov.in__edistrictup__3.0.0__openapi.yaml,provider_override:apisetu.gov.in
apisetu.gov.in/enibandhanjh/3.0.0/openapi.yaml,"Revenue, Registration & Land Reforms Department, Jharkhand",https://apisetu.gov.in/enibandhanjh/v3,apisetu.gov.in,3.0.0,3.x,3,0,government,S2,apisetu.gov.in__enibandhanjh__3.0.0__openapi.yaml,provider_override:apisetu.gov.in
apisetu.gov.in/epfindia/3.0.0/openapi.yaml,Employees' Provident Fund Organization,https://apisetu.gov.in/epfindia/v3,apisetu.gov.in,3.0.0,3.x,3,0,government,S2,apisetu.gov.in__epfindia__3.0.0__openapi.yaml,provider_override:apisetu.gov.in
apisetu.gov.in/epramanhp/3.0.0/openapi.yaml,"Himachal Pradesh Department of Revenue, Himachal Pradesh",https://apisetu.gov.in/epramanhp/v3,apisetu.gov.in,3.0.0,3.x,14,0,government,S2,apisetu.gov.in__epramanhp__3.0.0__openapi.yaml,provider_override:apisetu.gov.in
apisetu.gov.in/eservicearunachal/3.0.0/openapi.yaml,"eService (eDistrict), Arunachal Pradesh",https://apisetu.gov.in/eservicearunachal/v3,apisetu.gov.in,3.0.0,3.x,6,0,government,S2,apisetu.gov.in__eservicearunachal__3.0.0__openapi.yaml,provider_override:apisetu.gov.in
apisetu.gov.in/futuregenerali/3.0.0/openapi.yaml,Future Generali Total Insurance Solutions,https://apisetu.gov.in/futuregenerali/v3,apisetu.gov.in,3.0.0,3.x,5,0,government,S2,apisetu.gov.in__futuregenerali__3.0.0__openapi.yaml,provider_override:apisetu.gov.in
apisetu.gov.in/gadbih/3.0.0/openapi.yaml,"General Administration Department, Bihar",https://apisetu.gov.in/gadbih/v3,apisetu.gov.in,3.0.0,3.x,4,0,government,S2,apisetu.gov.in__gadbih__3.0.0__openapi.yaml,provider_override:apisetu.gov.in
apisetu.gov.in/goawrd/3.0.0/openapi.yaml,"Goa Water Resources Department, Goa",https://apisetu.gov.in/goawrd/v3,apisetu.gov.in,3.0.0,3.x,3,0,government,S2,apisetu.gov.in__goawrd__3.0.0__openapi.yaml,provider_override:apisetu.gov.in
apisetu.gov.in/godigit/3.0.0/openapi.yaml,Go Digit General Insurance Ltd.,https://apisetu.gov.in/godigit/v3,apisetu.gov.in,3.0.0,3.x,3,0,government,S2,apisetu.gov.in__godigit__3.0.0__openapi.yaml,provider_override:apisetu.gov.in
apisetu.gov.in/hsscboardmh/3.0.0/openapi.yaml,"Maharashtra State Board of Secondary and Higher Secondary Education, Maharashtra",https://apisetu.gov.in/hsscboardmh/v3,apisetu.gov.in,3.0.0,3.x,4,0,government,S2,apisetu.gov.in__hsscboardmh__3.0.0__openapi.yaml,provider_override:apisetu.gov.in
apisetu.gov.in/icicilombard/3.0.0/openapi.yaml,ICICI Lombard GIC Ltd.,https://apisetu.gov.in/icicilombard/v3,apisetu.gov.in,3.0.0,3.x,7,0,government,S2,apisetu.gov.in__icicilombard__3.0.0__openapi.yaml,provider_override:apisetu.gov.in
apisetu.gov.in/jac/3.0.0/openapi.yaml,"Jharkhand State Board (Jharkhand Academic Council), Jharkhand",https://apisetu.gov.in/jac/v3,apisetu.gov.in,3.0.0,3.x,4,0,government,S2,apisetu.gov.in__jac__3.0.0__openapi.yaml,provider_override:apisetu.gov.in
apisetu.gov.in/jharsewa/3.0.0/openapi.yaml,"Jharsewa (eDistrict), Jharkhand",https://apisetu.gov.in/jharsewa/v3,apisetu.gov.in,3.0.0,3.x,7,0,government,S2,apisetu.gov.in__jharsewa__3.0.0__openapi.yaml,provider_override:apisetu.gov.in
apisetu.gov.in/kiadb/3.0.0/openapi.yaml,"Karnataka Industrial Areas Development Board, Karnataka",https://apisetu.gov.in/kiadb/v3,apisetu.gov.in,3.0.0,3.x,8,0,government,S2,apisetu.gov.in__kiadb__3.0.0__openapi.yaml,provider_override:apisetu.gov.in
apisetu.gov.in/kotakgeneralinsurance/3.0.0/openapi.yaml,Kotak Mahindra General Insurance Company Ltd.,https://apisetu.gov.in/kotakgeneralinsurance/v3,apisetu.gov.in,3.0.0,3.x,6,0,government,S2,apisetu.gov.in__kotakgeneralinsurance__3.0.0__openapi.yaml,provider_override:apisetu.gov.in
apisetu.gov.in/labourbih/3.0.0/openapi.yaml,"Labour Resource Department, Bihar",https://apisetu.gov.in/labourbih/v3,apisetu.gov.in,3.0.0,3.x,7,0,government,S2,apisetu.gov.in__labourbih__3.0.0__openapi.yaml,provider_override:apisetu.gov.in
apisetu.gov.in/legalmetrologyup/3.0.0/openapi.yaml,"Department of Legal Metrology, Uttar Pradesh",https://apisetu.gov.in/legalmetrologyup/v3,apisetu.gov.in,3.0.0,3.x,4,0,government,S2,apisetu.gov.in__legalmetrologyup__3.0.0__openapi.yaml,provider_override:apisetu.gov.in
apisetu.gov.in/mbse/3.0.0/openapi.yaml,Mizoram State Board of School education,https://apisetu.gov.in/mbse/v3,apisetu.gov.in,3.0.0,3.x,4,0,government,S2,apisetu.gov.in__mbse__3.0.0__openapi.yaml,provider_override:apisetu.gov.in
apisetu.gov.in/municipaladmin/3.0.0/openapi.yaml,"Directorate of Municipal Administration, Karnataka",https://apisetu.gov.in/municipaladmin/v3,apisetu.gov.in,3.0.0,3.x,4,0,government,S2,apisetu.gov.in__municipaladmin__3.0.0__openapi.yaml,provider_override:apisetu.gov.in
apisetu.gov.in/nationalinsurance/3.0.0/openapi.yaml,National Insurance Company Ltd.,https://apisetu.gov.in/nationalinsurance/v3,apisetu.gov.in,3.0.0,3.x,10,0,government,S2,apisetu.gov.in__nationalinsurance__3.0.0__openapi.yaml,provider_override:apisetu.gov.in
apisetu.gov.in/newindia/3.0.0/openapi.yaml,New India Assurance Co. Ltd.,https://apisetu.gov.in/newindia/v3,apisetu.gov.in,3.0.0,3.x,7,0,government,S2,apisetu.gov.in__newindia__3.0.0__openapi.yaml,provider_override:apisetu.gov.in
apisetu.gov.in/nios/3.0.0/openapi.yaml,National Institute of Open Schooling,https://apisetu.gov.in/nios/v3,apisetu.gov.in,3.0.0,3.x,6,0,government,S2,apisetu.gov.in__nios__3.0.0__openapi.yaml,provider_override:apisetu.gov.in
apisetu.gov.in/orientalinsurance/3.0.0/openapi.yaml,The Oriental Insurance Co. Ltd.,https://apisetu.gov.in/orientalinsurance/v3,apisetu.gov.in,3.0.0,3.x,10,0,government,S2,apisetu.gov.in__orientalinsurance__3.0.0__openapi.yaml,provider_override:apisetu.gov.in
apisetu.gov.in/pblabour/3.0.0/openapi.yaml,"Department of Labour, Govt of Punjab, Punjab",https://apisetu.gov.in/pblabour/v3,apisetu.gov.in,3.0.0,3.x,3,0,government,S2,apisetu.gov.in__pblabour__3.0.0__openapi.yaml,provider_override:apisetu.gov.in
apisetu.gov.in/phedharyana/3.0.0/openapi.yaml,"Public Health Engineering Department, Haryana, Haryana",https://apisetu.gov.in/phedharyana/v3,apisetu.gov.in,3.0.0,3.x,3,0,government,S2,apisetu.gov.in__phedharyana__3.0.0__openapi.yaml,provider_override:apisetu.gov.in
apisetu.gov.in/pseb/3.0.0/openapi.yaml,"Punjab School Education Board, Punjab",https://apisetu.gov.in/pseb/v3,apisetu.gov.in,3.0.0,3.x,5,0,government,S2,apisetu.gov.in__pseb__3.0.0__openapi.yaml,provider_override:apisetu.gov.in
apisetu.gov.in/reliancegeneral/3.0.0/openapi.yaml,Reliance General Insurance Company Ltd,https://apisetu.gov.in/reliancegeneral/v3,apisetu.gov.in,3.0.0,3.x,6,0,government,S2,apisetu.gov.in__reliancegeneral__3.0.0__openapi.yaml,provider_override:apisetu.gov.in
apisetu.gov.in/sbigeneral/3.0.0/openapi.yaml,SBI General Insurance Company Ltd,https://apisetu.gov.in/sbigeneral/v3,apisetu.gov.in,3.0.0,3.x,5,0,government,S2,apisetu.gov.in__sbigeneral__3.0.0__openapi.yaml,provider_override:apisetu.gov.in
apisetu.gov.in/statisticsrajasthan/3.0.0/openapi.yaml,"Directorate of Economics and Statistics Cum Chief Registrar, Rajasthan, Rajasthan",https://apisetu.gov.in/statisticsrajasthan/v3,apisetu.gov.in,3.0.0,3.x,3,0,government,S2,apisetu.gov.in__statisticsrajasthan__3.0.0__openapi.yaml,provider_override:apisetu.gov.in
apisetu.gov.in/transport/3.0.0/openapi.yaml,Ministry of Road Transport and Highways,https://apisetu.gov.in/transport/v3,apisetu.gov.in,3.0.0,3.x,5,0,government,S2,apisetu.gov.in__transport__3.0.0__openapi.yaml,provider_override:apisetu.gov.in
apisetu.gov.in/ubseuk/3.0.0/openapi.yaml,"Uttarakhand State Board of School Education, Uttarakhand",https://apisetu.gov.in/ubseuk/v3,apisetu.gov.in,3.0.0,3.x,3,0,government,S2,apisetu.gov.in__ubseuk__3.0.0__openapi.yaml,provider_override:apisetu.gov.in
apispot.io/whois/2.0/openapi.yaml,Bulk WHOIS API,https://apispot.io/api/v2,apispot.io,2.0,3.x,8,0,UNLABELLED,S2,apispot.io__whois__2.0__openapi.yaml,no_keyword_match
apiz.ebay.com/sell-finances/v1.15.0/openapi.yaml,eBay Finances API,https://apiz.ebay.com{basepath},apiz.ebay.com,v1.15.0,3.x,7,0,finance,S2,apiz.ebay.com__sell-finances__v1.15.0__openapi.yaml,keywords:finance
appcenter.ms/v0.1/openapi.yaml,App Center Client,https://api.appcenter.ms,appcenter.ms,v0.1,3.x,351,0,UNLABELLED,S2,appcenter.ms__v0.1__openapi.yaml,no_keyword_match
apple.com/app-store-connect/1.4.1/openapi.yaml,App Store Connect API,https://api.appstoreconnect.apple.com/,apple.com,1.4.1,3.x,252,0,commerce,S2,apple.com__app-store-connect__1.4.1__openapi.yaml,keywords:store
apple.com/sirikit-cloud-media/1.0.2/openapi.yaml,SiriKit Cloud Media,https://cloudextension-testservice.local/api,apple.com,1.0.2,3.x,6,0,UNLABELLED,S2,apple.com__sirikit-cloud-media__1.0.2__openapi.yaml,no_keyword_match
apptigent.com/2021.1.01/openapi.yaml,PowerTools Developer,https://connect.apptigent.com/api/utilities,apptigent.com,2021.1.01,3.x,88,0,UNLABELLED,S2,apptigent.com__2021.1.01__openapi.yaml,no_keyword_match
appveyor.com/1.0.0/swagger.yaml,AppVeyor REST API,ci.appveyor.com,appveyor.com,1.0.0,2.0,53,0,UNLABELLED,S2,appveyor.com__1.0.0__swagger.yaml,no_keyword_match
appwrite.io/client/0.9.3/openapi.yaml,Appwrite,https://appwrite.io/v1,appwrite.io,0.9.3,3.x,61,0,UNLABELLED,S2,appwrite.io__client__0.9.3__openapi.yaml,no_keyword_match
archive.org/search/1.0.0/openapi.yaml,Search Services,https://api.archive.org,archive.org,1.0.0,3.x,3,0,UNLABELLED,S2,archive.org__search__1.0.0__openapi.yaml,no_keyword_match
art19.com/1.0.0/openapi.yaml,ART19 Content API Documentation,https://art19.com,art19.com,1.0.0,3.x,22,0,UNLABELLED,S2,art19.com__1.0.0__openapi.yaml,no_keyword_match
asana.com/1.0/openapi.yaml,Asana,https://app.asana.com/api/1.0,asana.com,1.0,3.x,167,0,UNLABELLED,S2,asana.com__1.0__openapi.yaml,no_keyword_match
asuarez.dev/searchly/1.0/openapi.yaml,SearchLy API v1,https://searchly.asuarez.dev/api/v1,asuarez.dev,1.0,3.x,3,0,UNLABELLED,S2,asuarez.dev__searchly__1.0__openapi.yaml,no_keyword_match
ato.gov.au/0.0.6/openapi.yaml,Business Registries,//api.abr.ato.gov.au/,ato.gov.au,0.0.6,3.x,74,0,UNLABELLED,S2,ato.gov.au__0.0.6__openapi.yaml,no_keyword_match
aucklandmuseum.com/2.0.0/swagger.yaml,Auckland Museum API,api.aucklandmuseum.com,aucklandmuseum.com,2.0.0,2.0,6,0,UNLABELLED,S2,aucklandmuseum.com__2.0.0__swagger.yaml,no_keyword_match
authentiq.io/1.0/openapi.yaml,Authentiq Connect API,https://connect.authentiq.io,authentiq.io,1.0,3.x,9,0,UNLABELLED,S2,authentiq.io__1.0__openapi.yaml,no_keyword_match
autodealerdata.com/1.0/openapi.yaml,CIS Automotive API,,autodealerdata.com,1.0,3.x,35,0,UNLABELLED,S2,autodealerdata.com__1.0__openapi.yaml,no_keyword_match
autotask.net/v1/swagger.yaml,Datto|Autotask PSA Rest API,webservices5.autotask.net,autotask.net,v1,2.0,2958,0,UNLABELLED,S2,autotask.net__v1__swagger.yaml,no_keyword_match
avaza.com/v1/swagger.yaml,Avaza API Documentation,api.avaza.com,avaza.com,v1,2.0,86,0,UNLABELLED,S2,avaza.com__v1__swagger.yaml,no_keyword_match
aviationdata.systems/v1/swagger.yaml,AviationData.Systems Airports API V1,api.aviationdata.systems,aviationdata.systems,v1,2.0,6,0,travel,S2,aviationdata.systems__v1__swagger.yaml,keywords:airport
axesso.de/1.0.0/openapi.yaml,Axesso Api,http://api.axesso.de,axesso.de,1.0.0,3.x,4,0,identity,S2,axesso.de__1.0.0__openapi.yaml,keywords:sso
azure.com/EnterpriseKnowledgeGraph-EnterpriseKnowledgeGraphSwagger/2018-12-03/swagger.yaml,Azure Enterprise Knowledge Graph Service,management.azure.com,azure.com,2018-12-03,2.0,7,0,devtools,S2,azure.com__EnterpriseKnowledgeGraph-EnterpriseKnowledgeGraphSwagger__2018-12-03__swagger.yaml,provider_override:azure.com
azure.com/addons-addons-swagger/2018-03-01/swagger.yaml,Azure Addons Resource Provider,management.azure.com,azure.com,2018-03-01,2.0,5,0,devtools,S2,azure.com__addons-addons-swagger__2018-03-01__swagger.yaml,provider_override:azure.com
azure.com/adhybridhealthservice-ADHybridHealthService/2014-01-01/swagger.yaml,ADHybridHealthService,management.azure.com,azure.com,2014-01-01,2.0,74,0,devtools,S2,azure.com__adhybridhealthservice-ADHybridHealthService__2014-01-01__swagger.yaml,provider_override:azure.com
azure.com/advisor/2020-01-01/swagger.yaml,AdvisorManagementClient,management.azure.com,azure.com,2020-01-01,2.0,15,0,devtools,S2,azure.com__advisor__2020-01-01__swagger.yaml,provider_override:azure.com
azure.com/alertsmanagement-SmartDetectorAlertRulesApi/2019-06-01/swagger.yaml,Azure Alerts Management Service Resource Provider,management.azure.com,azure.com,2019-06-01,2.0,6,0,devtools,S2,azure.com__alertsmanagement-SmartDetectorAlertRulesApi__2019-06-01__swagger.yaml,provider_override:azure.com
azure.com/analysisservices/2017-08-01-beta/swagger.yaml,AzureAnalysisServices,management.azure.com,azure.com,2017-08-01-beta,2.0,16,0,devtools,S2,azure.com__analysisservices__2017-08-01-beta__swagger.yaml,provider_override:azure.com
azure.com/apimanagement-apimapis/2019-12-01-preview/swagger.yaml,ApiManagementClient,management.azure.com,azure.com,2019-12-01-preview,2.0,60,0,devtools,S2,azure.com__apimanagement-apimapis__2019-12-01-preview__swagger.yaml,provider_override:azure.com
azure.com/apimanagement-apimbackends/2017-03-01/swagger.yaml,ApiManagementClient,azure.local,azure.com,2017-03-01,2.0,5,0,devtools,S2,azure.com__apimanagement-apimbackends__2017-03-01__swagger.yaml,provider_override:azure.com
azure.com/appconfiguration/1.0/swagger.yaml,Azure App Configuration,azure.local,azure.com,1.0,2.0,9,0,devtools,S2,azure.com__appconfiguration__1.0__swagger.yaml,provider_override:azure.com
azure.com/appconfiguration/2019-11-01-preview/swagger.yaml,AppConfigurationManagementClient,management.azure.com,azure.com,2019-11-01-preview,2.0,17,0,devtools,S2,azure.com__appconfiguration__2019-11-01-preview__swagger.yaml,provider_override:azure.com
azure.com/applicationinsights-QueryPackQueries_API/2019-09-01-preview/swagger.yaml,Azure Log Analytics Query Packs,management.azure.com,azure.com,2019-09-01-preview,2.0,5,0,devtools,S2,azure.com__applicationinsights-QueryPackQueries_API__2019-09-01-preview__swagger.yaml,provider_override:azure.com
azure.com/applicationinsights-workbookTemplates_API/2019-10-17-preview/swagger.yaml,ApplicationInsightsManagementClient,management.azure.com,azure.com,2019-10-17-preview,2.0,5,0,devtools,S2,azure.com__applicationinsights-workbookTemplates_API__2019-10-17-preview__swagger.yaml,provider_override:azure.com
azure.com/applicationinsights-swagger/2018-04-20/swagger.yaml,Application Insights Data Plane,management.azure.com,azure.com,2018-04-20,2.0,7,0,devtools,S2,azure.com__applicationinsights-swagger__2018-04-20__swagger.yaml,provider_override:azure.com
azure.com/appplatform/2019-05-01-preview/swagger.yaml,AppPlatformManagementClient,management.azure.com,azure.com,2019-05-01-preview,2.0,33,0,devtools,S2,azure.com__appplatform__2019-05-01-preview__swagger.yaml,provider_override:azure.com
azure.com/attestation/2018-09-01-preview/swagger.yaml,AttestationClient,azure.local,azure.com,2018-09-01-preview,2.0,6,0,devtools,S2,azure.com__attestation__2018-09-01-preview__swagger.yaml,provider_override:azure.com
azure.com/authorization-authorization-RoleAssignmentsCalls/2018-09-01-preview/swagger.yaml,AuthorizationManagementClient,management.azure.com,azure.com,2018-09-01-preview,2.0,10,0,devtools,S2,azure.com__authorization-authorization-RoleAssignmentsCalls__2018-09-01-preview__swagger.yaml,provider_override:azure.com
azure.com/automation-python2package/2018-06-30/swagger.yaml,AutomationManagement,management.azure.com,azure.com,2018-06-30,2.0,5,0,devtools,S2,azure.com__automation-python2package__2018-06-30__swagger.yaml,provider_override:azure.com
azure.com/automation-softwareUpdateConfiguration/2017-05-15-preview/swagger.yaml,Update Management,management.azure.com,azure.com,2017-05-15-preview,2.0,4,0,devtools,S2,azure.com__automation-softwareUpdateConfiguration__2017-05-15-preview__swagger.yaml,provider_override:azure.com
azure.com/automation-webhook/2015-10-31/swagger.yaml,AutomationManagementClient,management.azure.com,azure.com,2015-10-31,2.0,6,0,devtools,S2,azure.com__automation-webhook__2015-10-31__swagger.yaml,provider_override:azure.com
azure.com/azsadmin-AcquiredPlan/2015-11-01/swagger.yaml,SubscriptionsManagementClient,adminmanagement.local.azurestack.external,azure.com,2015-11-01,2.0,4,0,devtools,S2,azure.com__azsadmin-AcquiredPlan__2015-11-01__swagger.yaml,provider_override:azure.com
azure.com/azsadmin-Activation/2016-01-01/swagger.yaml,AzureBridgeAdminClient,adminmanagement.local.azurestack.external,azure.com,2016-01-01,2.0,4,0,devtools,S2,azure.com__azsadmin-Activation__2016-01-01__swagger.yaml,provider_override:azure.com
azure.com/azsadmin-Alert/2016-05-01/swagger.yaml,InfrastructureInsightsManagementClient,adminmanagement.local.azurestack.external,azure.com,2016-05-01,2.0,4,0,devtools,S2,azure.com__azsadmin-Alert__2016-05-01__swagger.yaml,provider_override:azure.com
azure.com/azsadmin-BackupLocations/2018-09-01/swagger.yaml,BackupManagementClient,adminmanagement.local.azurestack.external,azure.com,2018-09-01,2.0,4,0,devtools,S2,azure.com__azsadmin-BackupLocations__2018-09-01__swagger.yaml,provider_override:azure.com
azure.com/azsadmin-Commerce/2015-06-01-preview/swagger.yaml,CommerceManagementClient,adminmanagement.local.azurestack.external,azure.com,2015-06-01-preview,2.0,3,0,devtools,S2,azure.com__azsadmin-Commerce__2015-06-01-preview__swagger.yaml,provider_override:azure.com
azure.com/azsadmin-DiskMigrationJobs/2018-07-30-preview/swagger.yaml,ComputeDiskAdminManagementClient,adminmanagement.local.azurestack.external,azure.com,2018-07-30-preview,2.0,4,0,devtools,S2,azure.com__azsadmin-DiskMigrationJobs__2018-07-30-preview__swagger.yaml,provider_override:azure.com
azure.com/azsadmin-FileContainer/2019-01-01/swagger.yaml,DeploymentAdminClient,management.azure.com,azure.com,2019-01-01,2.0,4,0,devtools,S2,azure.com__azsadmin-FileContainer__2019-01-01__swagger.yaml,provider_override:azure.com
azure.com/azsadmin-GalleryItem/2015-04-01/swagger.yaml,GalleryManagementClient,adminmanagement.local.azurestack.external,azure.com,2015-04-01,2.0,4,0,devtools,S2,azure.com__azsadmin-GalleryItem__2015-04-01__swagger.yaml,provider_override:azure.com
azure.com/azsadmin-InfraRole/2016-05-01/swagger.yaml,FabricAdminClient,adminmanagement.local.azurestack.external,azure.com,2016-05-01,2.0,3,0,devtools,S2,azure.com__azsadmin-InfraRole__2016-05-01__swagger.yaml,provider_override:azure.com
azure.com/azsadmin-Network/2015-06-15/swagger.yaml,NetworkAdminManagementClient,adminmanagement.local.azurestack.external,azure.com,2015-06-15,2.0,5,0,devtools,S2,azure.com__azsadmin-Network__2015-06-15__swagger.yaml,provider_override:azure.com
azure.com/subscription-subscriptions/2020-01-01/swagger.yaml,SubscriptionClient,management.azure.com,azure.com,2020-01-01,2.0,8,0,devtools,S2,azure.com__subscription-subscriptions__2020-01-01__swagger.yaml,provider_override:azure.com
azure.com/azsadmin-Quotas/2018-02-09/swagger.yaml,Compute Admin Client,adminmanagement.local.azurestack.external,azure.com,2018-02-09,2.0,4,0,devtools,S2,azure.com__azsadmin-Quotas__2018-02-09__swagger.yaml,provider_override:azure.com
azure.com/azsadmin-UpdateRuns/2016-05-01/swagger.yaml,UpdateAdminClient,adminmanagement.local.azurestack.external,azure.com,2016-05-01,2.0,5,0,devtools,S2,azure.com__azsadmin-UpdateRuns__2016-05-01__swagger.yaml,provider_override:azure.com
azure.com/azsadmin-storageaccounts/2019-08-08-preview/swagger.yaml,StorageManagementClient,adminmanagement.local.azurestack.external,azure.com,2019-08-08-preview,2.0,4,0,devtools,S2,azure.com__azsadmin-storageaccounts__2019-08-08-preview__swagger.yaml,provider_override:azure.com
azure.com/azure-kusto/2019-11-09/swagger.yaml,KustoManagementClient,management.azure.com,azure.com,2019-11-09,2.0,45,0,devtools,S2,azure.com__azure-kusto__2019-11-09__swagger.yaml,provider_override:azure.com
azure.com/azureactivedirectory/2017-04-01/swagger.yaml,azureactivedirectory,management.azure.com,azure.com,2017-04-01,2.0,6,0,devtools,S2,azure.com__azureactivedirectory__2017-04-01__swagger.yaml,provider_override:azure.com
azure.com/azuredata/2017-03-01-preview/swagger.yaml,AzureDataManagementClient,management.azure.com,azure.com,2017-03-01-preview,2.0,11,0,devtools,S2,azure.com__azuredata__2017-03-01-preview__swagger.yaml,provider_override:azure.com
azure.com/azurestack-CustomerSubscription/2017-06-01/swagger.yaml,AzureStack Azure Bridge Client,management.azure.com,azure.com,2017-06-01,2.0,4,0,devtools,S2,azure.com__azurestack-CustomerSubscription__2017-06-01__swagger.yaml,provider_override:azure.com
azure.com/azurestack-Registration/2017-06-01/swagger.yaml,Azure Stack Azure Bridge Client,management.azure.com,azure.com,2017-06-01,2.0,6,0,devtools,S2,azure.com__azurestack-Registration__2017-06-01__swagger.yaml,provider_override:azure.com
azure.com/batch-BatchManagement/2019-08-01/swagger.yaml,BatchManagement,management.azure.com,azure.com,2019-08-01,2.0,35,0,devtools,S2,azure.com__batch-BatchManagement__2019-08-01__swagger.yaml,provider_override:azure.com
azure.com/batch-BatchService/2019-08-01.10.0/swagger.yaml,BatchService,azure.local,azure.com,2019-08-01.10.0,2.0,72,0,devtools,S2,azure.com__batch-BatchService__2019-08-01.10.0__swagger.yaml,provider_override:azure.com
azure.com/batchai-BatchAI/2018-05-01/swagger.yaml,BatchAI,management.azure.com,azure.com,2018-05-01,2.0,29,0,devtools,S2,azure.com__batchai-BatchAI__2018-05-01__swagger.yaml,provider_override:azure.com
azure.com/billing/2017-02-27-preview/swagger.yaml,BillingClient,management.azure.com,azure.com,2017-02-27-preview,2.0,4,0,devtools,S2,azure.com__billing__2017-02-27-preview__swagger.yaml,provider_override:azure.com
azure.com/billing/2019-10-01-preview/swagger.yaml,BillingManagementClient,management.azure.com,azure.com,2019-10-01-preview,2.0,100,0,devtools,S2,azure.com__billing__2019-10-01-preview__swagger.yaml,provider_override:azure.com
azure.com/blockchain/2018-06-01-preview/swagger.yaml,BlockchainManagementClient,management.azure.com,azure.com,2018-06-01-preview,2.0,21,0,devtools,S2,azure.com__blockchain__2018-06-01-preview__swagger.yaml,provider_override:azure.com
azure.com/blueprint-blueprintAssignment/2018-11-01-preview/swagger.yaml,BlueprintClient,management.azure.com,azure.com,2018-11-01-preview,2.0,5,0,devtools,S2,azure.com__blueprint-blueprintAssignment__2018-11-01-preview__swagger.yaml,provider_override:azure.com
azure.com/botservice/2018-07-12/swagger.yaml,Azure Bot Service,management.azure.com,azure.com,2018-07-12,2.0,27,0,devtools,S2,azure.com__botservice__2018-07-12__swagger.yaml,provider_override:azure.com
azure.com/cdn-cdnwebapplicationfirewall/2019-06-15-preview/swagger.yaml,Azure CDN WebApplicationFirewallManagement,management.azure.com,azure.com,2019-06-15-preview,2.0,6,0,devtools,S2,azure.com__cdn-cdnwebapplicationfirewall__2019-06-15-preview__swagger.yaml,provider_override:azure.com
azure.com/cdn/2019-12-31/swagger.yaml,CdnManagementClient,management.azure.com,azure.com,2019-12-31,2.0,42,0,devtools,S2,azure.com__cdn__2019-12-31__swagger.yaml,provider_override:azure.com
azure.com/cognitiveservices-AnomalyDetector/1.0/swagger.yaml,Anomaly Detector Client,azure.local,azure.com,1.0,2.0,3,0,devtools,S2,azure.com__cognitiveservices-AnomalyDetector__1.0__swagger.yaml,provider_override:azure.com
azure.com/cognitiveservices-ComputerVision/1.0/swagger.yaml,Computer Vision,azure.local,azure.com,1.0,2.0,9,0,devtools,S2,azure.com__cognitiveservices-ComputerVision__1.0__swagger.yaml,provider_override:azure.com
azure.com/cognitiveservices-ContentModerator/1.0/swagger.yaml,Content Moderator Client,azure.local,azure.com,1.0,2.0,35,0,devtools,S2,azure.com__cognitiveservices-ContentModerator__1.0__swagger.yaml,provider_override:azure.com
azure.com/cognitiveservices-Face/1.0/swagger.yaml,Face Client,azure.local,azure.com,1.0,2.0,63,0,devtools,S2,azure.com__cognitiveservices-Face__1.0__swagger.yaml,provider_override:azure.com
azure.com/cognitiveservices-FormRecognizer/2.0-preview/swagger.yaml,Form Recognizer Client,azure.local,azure.com,2.0-preview,2.0,10,0,devtools,S2,azure.com__cognitiveservices-FormRecognizer__2.0-preview__swagger.yaml,provider_override:azure.com
azure.com/cognitiveservices-LUIS-Runtime/3.0-preview/swagger.yaml,LUIS Runtime Client,azure.local,azure.com,3.0-preview,2.0,4,0,devtools,S2,azure.com__cognitiveservices-LUIS-Runtime__3.0-preview__swagger.yaml,provider_override:azure.com
azure.com/cognitiveservices-Personalizer/v1.0/swagger.yaml,Personalizer Client,azure.local,azure.com,v1.0,2.0,17,0,devtools,S2,azure.com__cognitiveservices-Personalizer__v1.0__swagger.yaml,provider_override:azure.com
azure.com/cognitiveservices-QnAMaker/4.0/swagger.yaml,QnAMaker Client,azure.local,azure.com,4.0,2.0,15,0,devtools,S2,azure.com__cognitiveservices-QnAMaker__4.0__swagger.yaml,provider_override:azure.com
azure.com/cognitiveservices-TextAnalytics/v3.0-preview.1/swagger.yaml,Text Analytics Client,azure.local,azure.com,v3.0-preview.1,2.0,6,0,devtools,S2,azure.com__cognitiveservices-TextAnalytics__v3.0-preview.1__swagger.yaml,provider_override:azure.com
azure.com/cognitiveservices/2017-04-18/swagger.yaml,CognitiveServicesManagementClient,management.azure.com,azure.com,2017-04-18,2.0,14,0,devtools,S2,azure.com__cognitiveservices__2017-04-18__swagger.yaml,provider_override:azure.com
azure.com/containerservice-managedClusters/2020-01-01/swagger.yaml,ContainerServiceClient,management.azure.com,azure.com,2020-01-01,2.0,21,0,devtools,S2,azure.com__containerservice-managedClusters__2020-01-01__swagger.yaml,provider_override:azure.com
azure.com/compute-disk/2019-07-01/swagger.yaml,DiskResourceProviderClient,management.azure.com,azure.com,2019-07-01,2.0,22,0,devtools,S2,azure.com__compute-disk__2019-07-01__swagger.yaml,provider_override:azure.com
azure.com/compute-gallery/2019-07-01/swagger.yaml,SharedImageGalleryServiceClient,management.azure.com,azure.com,2019-07-01,2.0,26,0,devtools,S2,azure.com__compute-gallery__2019-07-01__swagger.yaml,provider_override:azure.com
azure.com/compute-runCommands/2019-07-01/swagger.yaml,RunCommandsClient,management.azure.com,azure.com,2019-07-01,2.0,4,0,devtools,S2,azure.com__compute-runCommands__2019-07-01__swagger.yaml,provider_override:azure.com
azure.com/compute/2019-07-01/swagger.yaml,ComputeManagementClient,management.azure.com,azure.com,2019-07-01,2.0,116,0,devtools,S2,azure.com__compute__2019-07-01__swagger.yaml,provider_override:azure.com
azure.com/consumption/2019-10-01/swagger.yaml,ConsumptionManagementClient,management.azure.com,azure.com,2019-10-01,2.0,27,0,devtools,S2,azure.com__consumption__2019-10-01__swagger.yaml,provider_override:azure.com
azure.com/containerinstance-containerInstance/2018-10-01/swagger.yaml,ContainerInstanceManagementClient,management.azure.com,azure.com,2018-10-01,2.0,16,0,devtools,S2,azure.com__containerinstance-containerInstance__2018-10-01__swagger.yaml,provider_override:azure.com
azure.com/containerregistry/2019-12-01-preview/swagger.yaml,ContainerRegistryManagementClient,management.azure.com,azure.com,2019-12-01-preview,2.0,25,0,devtools,S2,azure.com__containerregistry__2019-12-01-preview__swagger.yaml,provider_override:azure.com
azure.com/containerregistry/2019-08-15-preview/swagger.yaml,Azure Container Registry,azure.local,azure.com,2019-08-15-preview,2.0,25,0,devtools,S2,azure.com__containerregistry__2019-08-15-preview__swagger.yaml,provider_override:azure.com
azure.com/cosmos-db/2019-12-12/swagger.yaml,Cosmos DB,management.azure.com,azure.com,2019-12-12,2.0,100,0,devtools,S2,azure.com__cosmos-db__2019-12-12__swagger.yaml,provider_override:azure.com
azure.com/cost-management-costmanagement/2019-11-01/swagger.yaml,CostManagementClient,management.azure.com,azure.com,2019-11-01,2.0,9,0,devtools,S2,azure.com__cost-management-costmanagement__2019-11-01__swagger.yaml,provider_override:azure.com
azure.com/customer-insights/2017-04-26/swagger.yaml,CustomerInsightsManagementClient,management.azure.com,azure.com,2017-04-26,2.0,66,0,devtools,S2,azure.com__customer-insights__2017-04-26__swagger.yaml,provider_override:azure.com
azure.com/customerlockbox/2018-02-28-preview/swagger.yaml,Customer Lockbox,management.azure.com,azure.com,2018-02-28-preview,2.0,4,0,devtools,S2,azure.com__customerlockbox__2018-02-28-preview__swagger.yaml,provider_override:azure.com
azure.com/customproviders/2018-09-01-preview/swagger.yaml,customproviders,management.azure.com,azure.com,2018-09-01-preview,2.0,11,0,devtools,S2,azure.com__customproviders__2018-09-01-preview__swagger.yaml,provider_override:azure.com
azure.com/databox/2019-09-01/swagger.yaml,DataBoxManagementClient,management.azure.com,azure.com,2019-09-01,2.0,16,0,devtools,S2,azure.com__databox__2019-09-01__swagger.yaml,provider_override:azure.com
azure.com/databoxedge/2019-08-01/swagger.yaml,DataBoxEdgeManagementClient,management.azure.com,azure.com,2019-08-01,2.0,59,0,devtools,S2,azure.com__databoxedge__2019-08-01__swagger.yaml,provider_override:azure.com
azure.com/databricks/2018-04-01/swagger.yaml,DatabricksClient,management.azure.com,azure.com,2018-04-01,2.0,7,0,devtools,S2,azure.com__databricks__2018-04-01__swagger.yaml,provider_override:azure.com
azure.com/datacatalog/2016-03-30/swagger.yaml,Azure Data Catalog Resource Provider,management.azure.com,azure.com,2016-03-30,2.0,6,0,devtools,S2,azure.com__datacatalog__2016-03-30__swagger.yaml,provider_override:azure.com
azure.com/datafactory/2018-06-01/swagger.yaml,DataFactoryManagementClient,management.azure.com,azure.com,2018-06-01,2.0,76,0,devtools,S2,azure.com__datafactory__2018-06-01__swagger.yaml,provider_override:azure.com
azure.com/datalake-analytics-account/2016-11-01/swagger.yaml,DataLakeAnalyticsAccountManagementClient,management.azure.com,azure.com,2016-11-01,2.0,31,0,devtools,S2,azure.com__datalake-analytics-account__2016-11-01__swagger.yaml,provider_override:azure.com
azure.com/datalake-analytics-catalog/2016-11-01/swagger.yaml,DataLakeAnalyticsCatalogManagementClient,azure.local,azure.com,2016-11-01,2.0,45,0,devtools,S2,azure.com__datalake-analytics-catalog__2016-11-01__swagger.yaml,provider_override:azure.com
azure.com/datalake-analytics-job/2017-09-01-preview/swagger.yaml,DataLakeAnalyticsJobManagementClient,azure.local,azure.com,2017-09-01-preview,2.0,13,0,devtools,S2,azure.com__datalake-analytics-job__2017-09-01-preview__swagger.yaml,provider_override:azure.com
azure.com/datalake-store-account/2016-11-01/swagger.yaml,DataLakeStoreAccountManagementClient,management.azure.com,azure.com,2016-11-01,2.0,26,0,devtools,S2,azure.com__datalake-store-account__2016-11-01__swagger.yaml,provider_override:azure.com
azure.com/datalake-store-filesystem/2016-11-01/swagger.yaml,DataLakeStoreFileSystemManagementClient,azure.local,azure.com,2016-11-01,2.0,3,0,devtools,S2,azure.com__datalake-store-filesystem__2016-11-01__swagger.yaml,provider_override:azure.com
azure.com/datamigration/2018-03-15-preview/swagger.yaml,Azure Data Migration Service Resource Provider,management.azure.com,azure.com,2018-03-15-preview,2.0,26,0,devtools,S2,azure.com__datamigration__2018-03-15-preview__swagger.yaml,provider_override:azure.com
azure.com/datashare-DataShare/2019-11-01/swagger.yaml,DataShareManagementClient,management.azure.com,azure.com,2019-11-01,2.0,50,0,devtools,S2,azure.com__datashare-DataShare__2019-11-01__swagger.yaml,provider_override:azure.com
azure.com/deploymentmanager/2019-11-01-preview/swagger.yaml,AzureDeploymentManager,management.azure.com,azure.com,2019-11-01-preview,2.0,27,0,devtools,S2,azure.com__deploymentmanager__2019-11-01-preview__swagger.yaml,provider_override:azure.com
azure.com/deviceprovisioningservices-iotdps/2018-01-22/swagger.yaml,iotDpsClient,management.azure.com,azure.com,2018-01-22,2.0,18,0,devtools,S2,azure.com__deviceprovisioningservices-iotdps__2018-01-22__swagger.yaml,provider_override:azure.com
azure.com/devops/2019-07-01-preview/swagger.yaml,Azure DevOps,management.azure.com,azure.com,2019-07-01-preview,2.0,8,0,devtools,S2,azure.com__devops__2019-07-01-preview__swagger.yaml,provider_override:azure.com
azure.com/devspaces/2019-04-01/swagger.yaml,DevSpacesManagement,management.azure.com,azure.com,2019-04-01,2.0,9,0,devtools,S2,azure.com__devspaces__2019-04-01__swagger.yaml,provider_override:azure.com
azure.com/devtestlabs-DTL/2018-09-15/swagger.yaml,DevTestLabsClient,management.azure.com,azure.com,2018-09-15,2.0,132,0,devtools,S2,azure.com__devtestlabs-DTL__2018-09-15__swagger.yaml,provider_override:azure.com
azure.com/digitaltwins/2020-03-01-preview/swagger.yaml,AzureDigitalTwinsManagementClient,management.azure.com,azure.com,2020-03-01-preview,2.0,16,0,devtools,S2,azure.com__digitaltwins__2020-03-01-preview__swagger.yaml,provider_override:azure.com
azure.com/dns/2018-05-01/swagger.yaml,DnsManagementClient,management.azure.com,azure.com,2018-05-01,2.0,14,0,devtools,S2,azure.com__dns__2018-05-01__swagger.yaml,provider_override:azure.com
azure.com/domainservices/2020-01-01/swagger.yaml,Domain Services Resource Provider,management.azure.com,azure.com,2020-01-01,2.0,7,0,devtools,S2,azure.com__domainservices__2020-01-01__swagger.yaml,provider_override:azure.com
azure.com/engagementfabric-EngagementFabric/2018-09-01-preview/swagger.yaml,EngagementFabric,management.azure.com,azure.com,2018-09-01-preview,2.0,16,0,devtools,S2,azure.com__engagementfabric-EngagementFabric__2018-09-01-preview__swagger.yaml,provider_override:azure.com
azure.com/eventgrid-EventGrid/2020-04-01-preview/swagger.yaml,EventGridManagementClient,management.azure.com,azure.com,2020-04-01-preview,2.0,40,0,devtools,S2,azure.com__eventgrid-EventGrid__2020-04-01-preview__swagger.yaml,provider_override:azure.com
azure.com/eventhub-EventHub-preview/2018-01-01-preview/swagger.yaml,EventHub2018PreviewManagementClient,management.azure.com,azure.com,2018-01-01-preview,2.0,26,0,devtools,S2,azure.com__eventhub-EventHub-preview__2018-01-01-preview__swagger.yaml,provider_override:azure.com
azure.com/eventhub-EventHub/2017-04-01/swagger.yaml,EventHubManagementClient,management.azure.com,azure.com,2017-04-01,2.0,43,0,devtools,S2,azure.com__eventhub-EventHub__2017-04-01__swagger.yaml,provider_override:azure.com
azure.com/frontdoor-networkexperiment/2019-11-01/swagger.yaml,NetworkExperiments,management.azure.com,azure.com,2019-11-01,2.0,14,0,devtools,S2,azure.com__frontdoor-networkexperiment__2019-11-01__swagger.yaml,provider_override:azure.com
azure.com/frontdoor-webapplicationfirewall/2019-10-01/swagger.yaml,WebApplicationFirewallManagement,management.azure.com,azure.com,2019-10-01,2.0,5,0,devtools,S2,azure.com__frontdoor-webapplicationfirewall__2019-10-01__swagger.yaml,provider_override:azure.com
azure.com/frontdoor/2020-01-01/swagger.yaml,FrontDoorManagementClient,management.azure.com,azure.com,2020-01-01,2.0,17,0,devtools,S2,azure.com__frontdoor__2020-01-01__swagger.yaml,provider_override:azure.com
azure.com/guestconfiguration/2018-11-20/swagger.yaml,GuestConfiguration,management.azure.com,azure.com,2018-11-20,2.0,7,0,devtools,S2,azure.com__guestconfiguration__2018-11-20__swagger.yaml,provider_override:azure.com
azure.com/hanaonazure/2017-11-03-preview/swagger.yaml,HanaManagementClient,management.azure.com,azure.com,2017-11-03-preview,2.0,15,0,devtools,S2,azure.com__hanaonazure__2017-11-03-preview__swagger.yaml,provider_override:azure.com
azure.com/hardwaresecuritymodules-dedicatedhsm/2018-10-31-preview/swagger.yaml,Azure Dedicated HSM Resource Provider,management.azure.com,azure.com,2018-10-31-preview,2.0,6,0,devtools,S2,azure.com__hardwaresecuritymodules-dedicatedhsm__2018-10-31-preview__swagger.yaml,provider_override:azure.com
azure.com/hdinsight-applications/2018-06-01-preview/swagger.yaml,HDInsightManagementClient,management.azure.com,azure.com,2018-06-01-preview,2.0,4,0,devtools,S2,azure.com__hdinsight-applications__2018-06-01-preview__swagger.yaml,provider_override:azure.com
azure.com/hdinsight-job/2018-11-01-preview/swagger.yaml,HDInsightJobManagementClient,azure.local,azure.com,2018-11-01-preview,2.0,10,0,devtools,S2,azure.com__hdinsight-job__2018-11-01-preview__swagger.yaml,provider_override:azure.com
azure.com/healthcareapis-healthcare-apis/2019-09-16/swagger.yaml,HealthcareApisClient,management.azure.com,azure.com,2019-09-16,2.0,9,0,devtools,S2,azure.com__healthcareapis-healthcare-apis__2019-09-16__swagger.yaml,provider_override:azure.com
azure.com/hybridcompute-HybridCompute/2019-12-12/swagger.yaml,HybridComputeManagementClient,management.azure.com,azure.com,2019-12-12,2.0,13,0,devtools,S2,azure.com__hybridcompute-HybridCompute__2019-12-12__swagger.yaml,provider_override:azure.com
azure.com/hybriddatamanager-hybriddata/2016-06-01/swagger.yaml,HybridDataManagementClient,management.azure.com,azure.com,2016-06-01,2.0,29,0,devtools,S2,azure.com__hybriddatamanager-hybriddata__2016-06-01__swagger.yaml,provider_override:azure.com
azure.com/imagebuilder/2019-05-01-preview/swagger.yaml,VirtualMachineImageTemplate,management.azure.com,azure.com,2019-05-01-preview,2.0,10,0,devtools,S2,azure.com__imagebuilder__2019-05-01-preview__swagger.yaml,provider_override:azure.com
azure.com/imds/2019-11-01/swagger.yaml,InstanceMetadataClient,169.254.169.254,azure.com,2019-11-01,2.0,4,0,devtools,S2,azure.com__imds__2019-11-01__swagger.yaml,provider_override:azure.com
azure.com/intune/2015-01-14-preview/swagger.yaml,IntuneResourceManagementClient,management.azure.com,azure.com,2015-01-14-preview,2.0,33,0,devtools,S2,azure.com__intune__2015-01-14-preview__swagger.yaml,provider_override:azure.com
azure.com/iotcentral/2018-09-01/swagger.yaml,IotCentralClient,management.azure.com,azure.com,2018-09-01,2.0,10,0,devtools,S2,azure.com__iotcentral__2018-09-01__swagger.yaml,provider_override:azure.com
azure.com/iotcentral/preview/swagger.yaml,Azure IoT Central,azure.local,azure.com,preview,2.0,30,0,devtools,S2,azure.com__iotcentral__preview__swagger.yaml,provider_override:azure.com
azure.com/iothub/2019-11-04/swagger.yaml,iotHubClient,management.azure.com,azure.com,2019-11-04,2.0,32,0,devtools,S2,azure.com__iothub__2019-11-04__swagger.yaml,provider_override:azure.com
azure.com/iotspaces/2017-10-01-preview/swagger.yaml,IoTSpacesClient,management.azure.com,azure.com,2017-10-01-preview,2.0,8,0,devtools,S2,azure.com__iotspaces__2017-10-01-preview__swagger.yaml,provider_override:azure.com
azure.com/keyvault-secrets/2019-09-01/swagger.yaml,KeyVaultManagementClient,management.azure.com,azure.com,2019-09-01,2.0,4,0,devtools,S2,azure.com__keyvault-secrets__2019-09-01__swagger.yaml,provider_override:azure.com
azure.com/keyvault/7.0-preview/swagger.yaml,KeyVaultClient,azure.local,azure.com,7.0-preview,2.0,78,0,devtools,S2,azure.com__keyvault__7.0-preview__swagger.yaml,provider_override:azure.com
azure.com/labservices-ML/2018-10-15/swagger.yaml,ManagedLabsClient,management.azure.com,azure.com,2018-10-15,2.0,55,0,devtools,S2,azure.com__labservices-ML__2018-10-15__swagger.yaml,provider_override:azure.com
azure.com/locationbasedservices/2017-01-01-preview/swagger.yaml,Azure Location Based Services Resource Provider,management.azure.com,azure.com,2017-01-01-preview,2.0,10,0,devtools,S2,azure.com__locationbasedservices__2017-01-01-preview__swagger.yaml,provider_override:azure.com
azure.com/logic/2019-05-01/swagger.yaml,LogicManagementClient,management.azure.com,azure.com,2019-05-01,2.0,106,0,devtools,S2,azure.com__logic__2019-05-01__swagger.yaml,provider_override:azure.com
azure.com/machinelearning-commitmentPlans/2016-05-01-preview/swagger.yaml,Azure ML Commitment Plans Management Client,management.azure.com,azure.com,2016-05-01-preview,2.0,12,0,devtools,S2,azure.com__machinelearning-commitmentPlans__2016-05-01-preview__swagger.yaml,provider_override:azure.com
azure.com/machinelearning-webservices/2017-01-01/swagger.yaml,Azure ML Web Services Management Client,management.azure.com,azure.com,2017-01-01,2.0,9,0,devtools,S2,azure.com__machinelearning-webservices__2017-01-01__swagger.yaml,provider_override:azure.com
azure.com/machinelearning-workspaces/2019-10-01/swagger.yaml,Machine Learning Workspaces Management Client,management.azure.com,azure.com,2019-10-01,2.0,9,0,devtools,S2,azure.com__machinelearning-workspaces__2019-10-01__swagger.yaml,provider_override:azure.com
azure.com/machinelearningcompute-machineLearningCompute/2017-06-01-preview/swagger.yaml,Azure Machine Learning Compute Management Client,management.azure.com,azure.com,2017-06-01-preview,2.0,10,0,devtools,S2,azure.com__machinelearningcompute-machineLearningCompute__2017-06-01-preview__swagger.yaml,provider_override:azure.com
azure.com/machinelearningcompute-machineLearningCompute/2017-08-01-preview/swagger.yaml,Machine Learning Compute Management Client,management.azure.com,azure.com,2017-08-01-preview,2.0,10,0,devtools,S2,azure.com__machinelearningcompute-machineLearningCompute__2017-08-01-preview__swagger.yaml,provider_override:azure.com
azure.com/machinelearningexperimentation-machineLearningExperimentation/2017-05-01-preview/swagger.yaml,ML Team Account Management Client,management.azure.com,azure.com,2017-05-01-preview,2.0,17,0,devtools,S2,azure.com__machinelearningexperimentation-machineLearningExperimentation__2017-05-01-preview__swagger.yaml,provider_override:azure.com
azure.com/machinelearningservices-artifact/2019-09-30/swagger.yaml,Artifact,azure.local,azure.com,2019-09-30,2.0,18,0,devtools,S2,azure.com__machinelearningservices-artifact__2019-09-30__swagger.yaml,provider_override:azure.com
azure.com/machinelearningservices-datastore/2019-09-30/swagger.yaml,Azure Machine Learning Datastore Management Client,azure.local,azure.com,2019-09-30,2.0,8,0,devtools,S2,azure.com__machinelearningservices-datastore__2019-09-30__swagger.yaml,provider_override:azure.com
azure.com/machinelearningservices-execution/2019-09-30/swagger.yaml,Execution Service,azure.local,azure.com,2019-09-30,2.0,4,0,devtools,S2,azure.com__machinelearningservices-execution__2019-09-30__swagger.yaml,provider_override:azure.com
azure.com/machinelearningservices-machineLearningServices/2020-01-01/swagger.yaml,Azure Machine Learning Workspaces,management.azure.com,azure.com,2020-01-01,2.0,26,0,devtools,S2,azure.com__machinelearningservices-machineLearningServices__2020-01-01__swagger.yaml,provider_override:azure.com
azure.com/machinelearningservices-modelManagement/2019-09-30/swagger.yaml,Azure Machine Learning Model Management Service,azure.local,azure.com,2019-09-30,2.0,23,0,devtools,S2,azure.com__machinelearningservices-modelManagement__2019-09-30__swagger.yaml,provider_override:azure.com
azure.com/machinelearningservices-runHistory/2019-09-30/swagger.yaml,Run History APIs,azure.local,azure.com,2019-09-30,2.0,26,0,devtools,S2,azure.com__machinelearningservices-runHistory__2019-09-30__swagger.yaml,provider_override:azure.com
azure.com/maintenance-Maintenance/2018-06-01-preview/swagger.yaml,MaintenanceManagementClient,management.azure.com,azure.com,2018-06-01-preview,2.0,18,0,devtools,S2,azure.com__maintenance-Maintenance__2018-06-01-preview__swagger.yaml,provider_override:azure.com
azure.com/managednetwork-managedNetwork/2019-06-01-preview/swagger.yaml,ManagedNetworkManagementClient,management.azure.com,azure.com,2019-06-01-preview,2.0,19,0,devtools,S2,azure.com__managednetwork-managedNetwork__2019-06-01-preview__swagger.yaml,provider_override:azure.com
azure.com/managedservices/2019-09-01/swagger.yaml,ManagedServicesClient,management.azure.com,azure.com,2019-09-01,2.0,11,0,devtools,S2,azure.com__managedservices__2019-09-01__swagger.yaml,provider_override:azure.com
azure.com/managementgroups-management/2019-11-01/swagger.yaml,Management Groups,management.azure.com,azure.com,2019-11-01,2.0,13,0,devtools,S2,azure.com__managementgroups-management__2019-11-01__swagger.yaml,provider_override:azure.com
azure.com/managementpartner-ManagementPartner/2018-02-01/swagger.yaml,ACE Provisioning ManagementPartner,management.azure.com,azure.com,2018-02-01,2.0,6,0,devtools,S2,azure.com__managementpartner-ManagementPartner__2018-02-01__swagger.yaml,provider_override:azure.com
azure.com/maps-maps-management/2020-02-01-preview/swagger.yaml,Azure Maps Resource Provider,management.azure.com,azure.com,2020-02-01-preview,2.0,14,0,devtools,S2,azure.com__maps-maps-management__2020-02-01-preview__swagger.yaml,provider_override:azure.com
azure.com/mariadb-DataEncryptionKeys/2020-01-01-privatepreview/swagger.yaml,MariaDBManagementClient,management.azure.com,azure.com,2020-01-01-privatepreview,2.0,4,0,devtools,S2,azure.com__mariadb-DataEncryptionKeys__2020-01-01-privatepreview__swagger.yaml,provider_override:azure.com
azure.com/marketplace-Marketplace/2020-01-01/swagger.yaml,Marketplace RP Service,management.azure.com,azure.com,2020-01-01,2.0,9,0,devtools,S2,azure.com__marketplace-Marketplace__2020-01-01__swagger.yaml,provider_override:azure.com
azure.com/marketplaceordering-Agreements/2015-06-01/swagger.yaml,MarketplaceOrdering.Agreements,management.azure.com,azure.com,2015-06-01,2.0,7,0,devtools,S2,azure.com__marketplaceordering-Agreements__2015-06-01__swagger.yaml,provider_override:azure.com
azure.com/mediaservices-MediaGraphs/2019-09-01-preview/swagger.yaml,Azure Media Services,management.azure.com,azure.com,2019-09-01-preview,2.0,8,0,devtools,S2,azure.com__mediaservices-MediaGraphs__2019-09-01-preview__swagger.yaml,provider_override:azure.com
azure.com/mediaservices-Accounts/2018-03-30-preview/swagger.yaml,Azure Media Services,azure.local,azure.com,2018-03-30-preview,2.0,10,0,devtools,S2,azure.com__mediaservices-Accounts__2018-03-30-preview__swagger.yaml,provider_override:azure.com
azure.com/mediaservices-media/2015-10-01/swagger.yaml,MediaServicesManagementClient,management.azure.com,azure.com,2015-10-01,2.0,10,0,devtools,S2,azure.com__mediaservices-media__2015-10-01__swagger.yaml,provider_override:azure.com
azure.com/migrate/2018-02-02/swagger.yaml,Azure Migrate,management.azure.com,azure.com,2018-02-02,2.0,24,0,devtools,S2,azure.com__migrate__2018-02-02__swagger.yaml,provider_override:azure.com
azure.com/migrate/2019-10-01/swagger.yaml,Azure Migrate V2,management.azure.com,azure.com,2019-10-01,2.0,32,0,devtools,S2,azure.com__migrate__2019-10-01__swagger.yaml,provider_override:azure.com
azure.com/migrateprojects-migrate/2018-09-01-preview/swagger.yaml,Azure Migrate Hub,management.azure.com,azure.com,2018-09-01-preview,2.0,23,0,devtools,S2,azure.com__migrateprojects-migrate__2018-09-01-preview__swagger.yaml,provider_override:azure.com
azure.com/mixedreality-remote-rendering/2019-12-02-preview/swagger.yaml,Mixed Reality,management.azure.com,azure.com,2019-12-02-preview,2.0,8,0,devtools,S2,azure.com__mixedreality-remote-rendering__2019-12-02-preview__swagger.yaml,provider_override:azure.com
azure.com/mobileengagement-mobile-engagement/2014-12-01/swagger.yaml,Engagement.ManagementClient,management.azure.com,azure.com,2014-12-01,2.0,37,0,devtools,S2,azure.com__mobileengagement-mobile-engagement__2014-12-01__swagger.yaml,provider_override:azure.com
azure.com/monitor-actionGroups_API/2019-06-01/swagger.yaml,Azure Action Groups,management.azure.com,azure.com,2019-06-01,2.0,7,0,devtools,S2,azure.com__monitor-actionGroups_API__2019-06-01__swagger.yaml,provider_override:azure.com
azure.com/monitor-activityLogAlerts_API/2017-04-01/swagger.yaml,Azure Activity Log Alerts,management.azure.com,azure.com,2017-04-01,2.0,6,0,devtools,S2,azure.com__monitor-activityLogAlerts_API__2017-04-01__swagger.yaml,provider_override:azure.com
azure.com/monitor-metricAlert_API/2018-03-01/swagger.yaml,MonitorManagementClient,management.azure.com,azure.com,2018-03-01,2.0,8,0,devtools,S2,azure.com__monitor-metricAlert_API__2018-03-01__swagger.yaml,provider_override:azure.com
azure.com/monitor-guestDiagnosticSettingsAssociation_API/2018-06-01-preview/swagger.yaml,Guest Diagnostic Settings Association,management.azure.com,azure.com,2018-06-01-preview,2.0,6,0,devtools,S2,azure.com__monitor-guestDiagnosticSettingsAssociation_API__2018-06-01-preview__swagger.yaml,provider_override:azure.com
azure.com/monitor-guestDiagnosticSettings_API/2018-06-01-preview/swagger.yaml,Guest Diagnostic Settings,management.azure.com,azure.com,2018-06-01-preview,2.0,6,0,devtools,S2,azure.com__monitor-guestDiagnosticSettings_API__2018-06-01-preview__swagger.yaml,provider_override:azure.com
azure.com/monitor-privateLinkScopes_API/2019-10-17-preview/swagger.yaml,Azure Monitor Private Link Scopes,management.azure.com,azure.com,2019-10-17-preview,2.0,16,0,devtools,S2,azure.com__monitor-privateLinkScopes_API__2019-10-17-preview__swagger.yaml,provider_override:azure.com
azure.com/monitor-scheduledQueryRule_API/2018-04-16/swagger.yaml,Microsoft Insights,management.azure.com,azure.com,2018-04-16,2.0,6,0,devtools,S2,azure.com__monitor-scheduledQueryRule_API__2018-04-16__swagger.yaml,provider_override:azure.com
azure.com/msi-ManagedIdentity/2018-11-30/swagger.yaml,ManagedServiceIdentityClient,management.azure.com,azure.com,2018-11-30,2.0,7,0,devtools,S2,azure.com__msi-ManagedIdentity__2018-11-30__swagger.yaml,provider_override:azure.com
azure.com/mysql-DataEncryptionKeys/2020-01-01-privatepreview/swagger.yaml,MySQLManagementClient,management.azure.com,azure.com,2020-01-01-privatepreview,2.0,4,0,devtools,S2,azure.com__mysql-DataEncryptionKeys__2020-01-01-privatepreview__swagger.yaml,provider_override:azure.com
azure.com/netapp/2019-11-01/swagger.yaml,Microsoft NetApp,management.azure.com,azure.com,2019-11-01,2.0,29,0,devtools,S2,azure.com__netapp__2019-11-01__swagger.yaml,provider_override:azure.com
azure.com/network-ipGroups/2019-11-01/swagger.yaml,NetworkManagementClient,management.azure.com,azure.com,2019-11-01,2.0,6,0,devtools,S2,azure.com__network-ipGroups__2019-11-01__swagger.yaml,provider_override:azure.com
azure.com/network-expressRouteCrossConnection/2019-08-01/swagger.yaml,ExpressRouteCrossConnection REST APIs,management.azure.com,azure.com,2019-08-01,2.0,12,0,devtools,S2,azure.com__network-expressRouteCrossConnection__2019-08-01__swagger.yaml,provider_override:azure.com
azure.com/network-virtualWan/2019-07-01/swagger.yaml,VirtualWANAsAServiceManagementClient,management.azure.com,azure.com,2019-07-01,2.0,49,0,devtools,S2,azure.com__network-virtualWan__2019-07-01__swagger.yaml,provider_override:azure.com
azure.com/network/2015-05-01-preview/swagger.yaml,NetworkResourceProviderClient,management.azure.com,azure.com,2015-05-01-preview,2.0,87,0,devtools,S2,azure.com__network__2015-05-01-preview__swagger.yaml,provider_override:azure.com
azure.com/notificationhubs/2017-04-01/swagger.yaml,NotificationHubsManagementClient,management.azure.com,azure.com,2017-04-01,2.0,28,0,devtools,S2,azure.com__notificationhubs__2017-04-01__swagger.yaml,provider_override:azure.com
azure.com/operationalinsights-Clusters/2019-08-01-preview/swagger.yaml,Azure Log Analytics,management.azure.com,azure.com,2019-08-01-preview,2.0,6,0,devtools,S2,azure.com__operationalinsights-Clusters__2019-08-01-preview__swagger.yaml,provider_override:azure.com
azure.com/operationsmanagement-OperationsManagement/2015-11-01-preview/swagger.yaml,Azure Log Analytics - Operations Management,management.azure.com,azure.com,2015-11-01-preview,2.0,15,0,devtools,S2,azure.com__operationsmanagement-OperationsManagement__2015-11-01-preview__swagger.yaml,provider_override:azure.com
azure.com/peering/2020-01-01-preview/swagger.yaml,PeeringManagementClient,management.azure.com,azure.com,2020-01-01-preview,2.0,35,0,devtools,S2,azure.com__peering__2020-01-01-preview__swagger.yaml,provider_override:azure.com
azure.com/policyinsights-policyEvents/2018-04-04/swagger.yaml,PolicyEventsClient,management.azure.com,azure.com,2018-04-04,2.0,9,0,devtools,S2,azure.com__policyinsights-policyEvents__2018-04-04__swagger.yaml,provider_override:azure.com
azure.com/policyinsights-policyStates/2019-10-01/swagger.yaml,PolicyStatesClient,management.azure.com,azure.com,2019-10-01,2.0,19,0,devtools,S2,azure.com__policyinsights-policyStates__2019-10-01__swagger.yaml,provider_override:azure.com
azure.com/policyinsights-policyTrackedResources/2018-07-01-preview/swagger.yaml,PolicyTrackedResourcesClient,management.azure.com,azure.com,2018-07-01-preview,2.0,4,0,devtools,S2,azure.com__policyinsights-policyTrackedResources__2018-07-01-preview__swagger.yaml,provider_override:azure.com
azure.com/policyinsights-remediations/2019-07-01/swagger.yaml,RemediationsClient,management.azure.com,azure.com,2019-07-01,2.0,24,0,devtools,S2,azure.com__policyinsights-remediations__2019-07-01__swagger.yaml,provider_override:azure.com
azure.com/portal/2019-01-01-preview/swagger.yaml,portal,management.azure.com,azure.com,2019-01-01-preview,2.0,7,0,devtools,S2,azure.com__portal__2019-01-01-preview__swagger.yaml,provider_override:azure.com
azure.com/postgresql-DataEncryptionKeys/2020-01-01-privatepreview/swagger.yaml,PostgreSQLManagementClient,management.azure.com,azure.com,2020-01-01-privatepreview,2.0,4,0,devtools,S2,azure.com__postgresql-DataEncryptionKeys__2020-01-01-privatepreview__swagger.yaml,provider_override:azure.com
azure.com/powerbidedicated/2017-10-01/swagger.yaml,PowerBIDedicated,management.azure.com,azure.com,2017-10-01,2.0,12,0,devtools,S2,azure.com__powerbidedicated__2017-10-01__swagger.yaml,provider_override:azure.com
azure.com/powerbiembedded/2016-01-29/swagger.yaml,Power BI Embedded Management Client,management.azure.com,azure.com,2016-01-29,2.0,12,0,devtools,S2,azure.com__powerbiembedded__2016-01-29__swagger.yaml,provider_override:azure.com
azure.com/privatedns/2018-09-01/swagger.yaml,PrivateDnsManagementClient,management.azure.com,azure.com,2018-09-01,2.0,17,0,devtools,S2,azure.com__privatedns__2018-09-01__swagger.yaml,provider_override:azure.com
azure.com/recoveryservicesbackup-bms/2019-06-15/swagger.yaml,RecoveryServicesBackupClient,management.azure.com,azure.com,2019-06-15,2.0,21,0,devtools,S2,azure.com__recoveryservicesbackup-bms__2019-06-15__swagger.yaml,provider_override:azure.com
azure.com/recoveryservices-vaults/2016-06-01/swagger.yaml,RecoveryServicesClient,management.azure.com,azure.com,2016-06-01,2.0,11,0,devtools,S2,azure.com__recoveryservices-vaults__2016-06-01__swagger.yaml,provider_override:azure.com
azure.com/recoveryservicessiterecovery-service/2018-07-10/swagger.yaml,SiteRecoveryManagementClient,management.azure.com,azure.com,2018-07-10,2.0,126,0,devtools,S2,azure.com__recoveryservicessiterecovery-service__2018-07-10__swagger.yaml,provider_override:azure.com
azure.com/redis/2019-07-01/swagger.yaml,RedisManagementClient,management.azure.com,azure.com,2019-07-01,2.0,26,0,devtools,S2,azure.com__redis__2019-07-01__swagger.yaml,provider_override:azure.com
azure.com/relay/2017-04-01/swagger.yaml,Relay,management.azure.com,azure.com,2017-04-01,2.0,34,0,devtools,S2,azure.com__relay__2017-04-01__swagger.yaml,provider_override:azure.com
azure.com/reservations-quota/2019-07-19-preview/swagger.yaml,Azure Reservation,management.azure.com,azure.com,2019-07-19-preview,2.0,8,0,devtools,S2,azure.com__reservations-quota__2019-07-19-preview__swagger.yaml,provider_override:azure.com
azure.com/resourcegraph-graphquery/2018-09-01-preview/swagger.yaml,Azure Resource Graph Query,management.azure.com,azure.com,2018-09-01-preview,2.0,5,0,devtools,S2,azure.com__resourcegraph-graphquery__2018-09-01-preview__swagger.yaml,provider_override:azure.com
azure.com/resourcegraph/2018-09-01-preview/swagger.yaml,Azure Resource Graph,management.azure.com,azure.com,2018-09-01-preview,2.0,4,0,devtools,S2,azure.com__resourcegraph__2018-09-01-preview__swagger.yaml,provider_override:azure.com
azure.com/resourcehealth-ResourceHealth/2018-07-01-preview/swagger.yaml,Microsoft.ResourceHealth,management.azure.com,azure.com,2018-07-01-preview,2.0,12,0,devtools,S2,azure.com__resourcehealth-ResourceHealth__2018-07-01-preview__swagger.yaml,provider_override:azure.com
azure.com/resources-deploymentScripts/2019-10-01-preview/swagger.yaml,DeploymentScriptsClient,management.azure.com,azure.com,2019-10-01-preview,2.0,8,0,devtools,S2,azure.com__resources-deploymentScripts__2019-10-01-preview__swagger.yaml,provider_override:azure.com
azure.com/resources-features/2015-12-01/swagger.yaml,FeatureClient,management.azure.com,azure.com,2015-12-01,2.0,5,0,devtools,S2,azure.com__resources-features__2015-12-01__swagger.yaml,provider_override:azure.com
azure.com/resources-links/2016-09-01/swagger.yaml,ManagementLinkClient,management.azure.com,azure.com,2016-09-01,2.0,6,0,devtools,S2,azure.com__resources-links__2016-09-01__swagger.yaml,provider_override:azure.com
azure.com/resources-locks/2016-09-01/swagger.yaml,ManagementLockClient,management.azure.com,azure.com,2016-09-01,2.0,17,0,devtools,S2,azure.com__resources-locks__2016-09-01__swagger.yaml,provider_override:azure.com
azure.com/resources-managedapplications/2016-09-01-preview/swagger.yaml,ManagedApplicationClient,management.azure.com,azure.com,2016-09-01-preview,2.0,18,0,devtools,S2,azure.com__resources-managedapplications__2016-09-01-preview__swagger.yaml,provider_override:azure.com
azure.com/resources-managedapplications/2019-07-01/swagger.yaml,ApplicationClient,management.azure.com,azure.com,2019-07-01,2.0,22,0,devtools,S2,azure.com__resources-managedapplications__2019-07-01__swagger.yaml,provider_override:azure.com
azure.com/resources-policyAssignments/2019-09-01/swagger.yaml,PolicyClient,management.azure.com,azure.com,2019-09-01,2.0,10,0,devtools,S2,azure.com__resources-policyAssignments__2019-09-01__swagger.yaml,provider_override:azure.com
azure.com/resources/2019-10-01/swagger.yaml,ResourceManagementClient,management.azure.com,azure.com,2019-10-01,2.0,82,0,devtools,S2,azure.com__resources__2019-10-01__swagger.yaml,provider_override:azure.com
azure.com/scheduler/2016-03-01/swagger.yaml,SchedulerManagementClient,management.azure.com,azure.com,2016-03-01,2.0,15,0,devtools,S2,azure.com__scheduler__2016-03-01__swagger.yaml,provider_override:azure.com
azure.com/search-searchindex/2019-05-06-Preview/swagger.yaml,SearchIndexClient,azure.local,azure.com,2019-05-06-Preview,2.0,9,0,devtools,S2,azure.com__search-searchindex__2019-05-06-Preview__swagger.yaml,provider_override:azure.com
azure.com/search-searchservice/2019-05-06-Preview/swagger.yaml,SearchServiceClient,azure.local,azure.com,2019-05-06-Preview,2.0,31,0,devtools,S2,azure.com__search-searchservice__2019-05-06-Preview__swagger.yaml,provider_override:azure.com
azure.com/search/2019-10-01-preview/swagger.yaml,SearchManagementClient,management.azure.com,azure.com,2019-10-01-preview,2.0,16,0,devtools,S2,azure.com__search__2019-10-01-preview__swagger.yaml,provider_override:azure.com
azure.com/security-assessmentMetadata/2020-01-01/swagger.yaml,Security Center,management.azure.com,azure.com,2020-01-01,2.0,6,0,devtools,S2,azure.com__security-assessmentMetadata__2020-01-01__swagger.yaml,provider_override:azure.com
azure.com/securityinsights-SecurityInsights/2020-01-01/swagger.yaml,Security Insights,management.azure.com,azure.com,2020-01-01,2.0,13,0,devtools,S2,azure.com__securityinsights-SecurityInsights__2020-01-01__swagger.yaml,provider_override:azure.com
azure.com/serialconsole/2018-05-01/swagger.yaml,MicrosoftSerialConsoleClient,management.azure.com,azure.com,2018-05-01,2.0,4,0,devtools,S2,azure.com__serialconsole__2018-05-01__swagger.yaml,provider_override:azure.com
azure.com/servermanagement/2016-07-01-preview/swagger.yaml,ServerManagement,management.azure.com,azure.com,2016-07-01-preview,2.0,25,0,devtools,S2,azure.com__servermanagement__2016-07-01-preview__swagger.yaml,provider_override:azure.com
azure.com/service-map-arm-service-map/2015-11-01-preview/swagger.yaml,Service Map,management.azure.com,azure.com,2015-11-01-preview,2.0,25,0,devtools,S2,azure.com__service-map-arm-service-map__2015-11-01-preview__swagger.yaml,provider_override:azure.com
azure.com/servicebus-servicebus-preview/2018-01-01-preview/swagger.yaml,ServiceBusManagementClient,management.azure.com,azure.com,2018-01-01-preview,2.0,17,0,devtools,S2,azure.com__servicebus-servicebus-preview__2018-01-01-preview__swagger.yaml,provider_override:azure.com
azure.com/servicefabric-application/2019-06-01-preview/swagger.yaml,ServiceFabricManagementClient,management.azure.com,azure.com,2019-06-01-preview,2.0,19,0,devtools,S2,azure.com__servicefabric-application__2019-06-01-preview__swagger.yaml,provider_override:azure.com
azure.com/servicefabric/1.0.0/swagger.yaml,ServiceFabricClient,azure.local:19080,azure.com,1.0.0,2.0,77,0,devtools,S2,azure.com__servicefabric__1.0.0__swagger.yaml,provider_override:azure.com
azure.com/servicefabric/7.0.0.42/swagger.yaml,Service Fabric Client APIs,azure.local:19080,azure.com,7.0.0.42,2.0,239,0,devtools,S2,azure.com__servicefabric__7.0.0.42__swagger.yaml,provider_override:azure.com
azure.com/servicefabricmesh/2018-09-01-preview/swagger.yaml,SeaBreezeManagementClient,management.azure.com,azure.com,2018-09-01-preview,2.0,36,0,devtools,S2,azure.com__servicefabricmesh__2018-09-01-preview__swagger.yaml,provider_override:azure.com
azure.com/signalr/2018-10-01/swagger.yaml,SignalRManagementClient,management.azure.com,azure.com,2018-10-01,2.0,12,0,devtools,S2,azure.com__signalr__2018-10-01__swagger.yaml,provider_override:azure.com
azure.com/softwareplan/2019-12-01/swagger.yaml,Software Plan RP,management.azure.com,azure.com,2019-12-01,2.0,8,0,devtools,S2,azure.com__softwareplan__2019-12-01__swagger.yaml,provider_override:azure.com
azure.com/sql-WorkloadClassifiers/2019-06-01-preview/swagger.yaml,SqlManagementClient,management.azure.com,azure.com,2019-06-01-preview,2.0,4,0,devtools,S2,azure.com__sql-WorkloadClassifiers__2019-06-01-preview__swagger.yaml,provider_override:azure.com
azure.com/sql-backupLongTermRetentionPolicies/2014-04-01/swagger.yaml,Azure SQL Database Backup Long Term Retention Policy,management.azure.com,azure.com,2014-04-01,2.0,3,0,devtools,S2,azure.com__sql-backupLongTermRetentionPolicies__2014-04-01__swagger.yaml,provider_override:azure.com
azure.com/sql-backupLongTermRetentionVaults/2014-04-01/swagger.yaml,Azure SQL Server Backup Long Term Retention Vault,management.azure.com,azure.com,2014-04-01,2.0,3,0,devtools,S2,azure.com__sql-backupLongTermRetentionVaults__2014-04-01__swagger.yaml,provider_override:azure.com
azure.com/sql-backups/2014-04-01/swagger.yaml,Azure SQL Database Backup,management.azure.com,azure.com,2014-04-01,2.0,4,0,devtools,S2,azure.com__sql-backups__2014-04-01__swagger.yaml,provider_override:azure.com
azure.com/sql-dataMasking/2014-04-01/swagger.yaml,Azure SQL Database Datamasking Policies and Rules,management.azure.com,azure.com,2014-04-01,2.0,4,0,devtools,S2,azure.com__sql-dataMasking__2014-04-01__swagger.yaml,provider_override:azure.com
azure.com/sql-databases/2014-04-01/swagger.yaml,Azure SQL Database,management.azure.com,azure.com,2014-04-01,2.0,11,0,devtools,S2,azure.com__sql-databases__2014-04-01__swagger.yaml,provider_override:azure.com
azure.com/sql-disasterRecoveryConfigurations/2014-04-01/swagger.yaml,Azure SQL Database disaster recovery configurations,management.azure.com,azure.com,2014-04-01,2.0,6,0,devtools,S2,azure.com__sql-disasterRecoveryConfigurations__2014-04-01__swagger.yaml,provider_override:azure.com
azure.com/sql-firewallRules/2014-04-01/swagger.yaml,Azure SQL Database server firewall rules,management.azure.com,azure.com,2014-04-01,2.0,4,0,devtools,S2,azure.com__sql-firewallRules__2014-04-01__swagger.yaml,provider_override:azure.com
azure.com/sql-importExport/2014-04-01/swagger.yaml,Azure SQL Database Import/Export spec,management.azure.com,azure.com,2014-04-01,2.0,3,0,devtools,S2,azure.com__sql-importExport__2014-04-01__swagger.yaml,provider_override:azure.com
azure.com/sql-replicationLinks/2014-04-01/swagger.yaml,Azure SQL Database replication links,management.azure.com,azure.com,2014-04-01,2.0,5,0,devtools,S2,azure.com__sql-replicationLinks__2014-04-01__swagger.yaml,provider_override:azure.com
azure.com/sqlvirtualmachine-sqlvm/2017-03-01-preview/swagger.yaml,SqlVirtualMachineManagementClient,management.azure.com,azure.com,2017-03-01-preview,2.0,18,0,devtools,S2,azure.com__sqlvirtualmachine-sqlvm__2017-03-01-preview__swagger.yaml,provider_override:azure.com
azure.com/storSimple1200Series-StorSimple/2016-10-01/swagger.yaml,StorSimpleManagementClient,management.azure.com,azure.com,2016-10-01,2.0,94,0,devtools,S2,azure.com__storSimple1200Series-StorSimple__2016-10-01__swagger.yaml,provider_override:azure.com
azure.com/storage-DataLakeStorage/2019-10-31/swagger.yaml,Azure Data Lake Storage,azure.local,azure.com,2019-10-31,2.0,10,0,devtools,S2,azure.com__storage-DataLakeStorage__2019-10-31__swagger.yaml,provider_override:azure.com
azure.com/storage-blob/2019-06-01/swagger.yaml,StorageManagementClient,management.azure.com,azure.com,2019-06-01,2.0,16,0,devtools,S2,azure.com__storage-blob__2019-06-01__swagger.yaml,provider_override:azure.com
azure.com/storage/2017-10-01/swagger.yaml,StorageManagement,management.azure.com,azure.com,2017-10-01,2.0,14,0,devtools,S2,azure.com__storage__2017-10-01__swagger.yaml,provider_override:azure.com
azure.com/storagecache/2019-11-01/swagger.yaml,Storage Cache Mgmt Client,management.azure.com,azure.com,2019-11-01,2.0,17,0,devtools,S2,azure.com__storagecache__2019-11-01__swagger.yaml,provider_override:azure.com
azure.com/storageimportexport/2016-11-01/swagger.yaml,StorageImportExport,management.azure.com,azure.com,2016-11-01,2.0,10,0,devtools,S2,azure.com__storageimportexport__2016-11-01__swagger.yaml,provider_override:azure.com
azure.com/storagesync/2019-06-01/swagger.yaml,Microsoft Storage Sync,management.azure.com,azure.com,2019-06-01,2.0,37,0,devtools,S2,azure.com__storagesync__2019-06-01__swagger.yaml,provider_override:azure.com
azure.com/storsimple8000series-storsimple/2017-06-01/swagger.yaml,StorSimple8000SeriesManagementClient,management.azure.com,azure.com,2017-06-01,2.0,92,0,devtools,S2,azure.com__storsimple8000series-storsimple__2017-06-01__swagger.yaml,provider_override:azure.com
azure.com/streamanalytics-functions/2016-03-01/swagger.yaml,StreamAnalyticsManagementClient,management.azure.com,azure.com,2016-03-01,2.0,7,0,devtools,S2,azure.com__streamanalytics-functions__2016-03-01__swagger.yaml,provider_override:azure.com
azure.com/subscription-subscriptionDefinitions/2017-11-01-preview/swagger.yaml,SubscriptionDefinitionsClient,management.azure.com,azure.com,2017-11-01-preview,2.0,5,0,devtools,S2,azure.com__subscription-subscriptionDefinitions__2017-11-01-preview__swagger.yaml,provider_override:azure.com
azure.com/support/2019-05-01-preview/swagger.yaml,Microsoft.Support,management.azure.com,azure.com,2019-05-01-preview,2.0,14,0,devtools,S2,azure.com__support__2019-05-01-preview__swagger.yaml,provider_override:azure.com
azure.com/timeseriesinsights/2018-08-15-preview/swagger.yaml,TimeSeriesInsightsClient,management.azure.com,azure.com,2018-08-15-preview,2.0,22,0,devtools,S2,azure.com__timeseriesinsights__2018-08-15-preview__swagger.yaml,provider_override:azure.com
azure.com/timeseriesinsights/2018-11-01-preview/swagger.yaml,TimeSeriesInsightsClient,azure.local,azure.com,2018-11-01-preview,2.0,13,0,devtools,S2,azure.com__timeseriesinsights__2018-11-01-preview__swagger.yaml,provider_override:azure.com
azure.com/trafficmanager/2018-04-01/swagger.yaml,TrafficManagerManagementClient,management.azure.com,azure.com,2018-04-01,2.0,16,0,devtools,S2,azure.com__trafficmanager__2018-04-01__swagger.yaml,provider_override:azure.com
azure.com/visualstudio-Csm/2017-11-01-preview/swagger.yaml,Visual Studio Resource Provider Client,management.azure.com,azure.com,2017-11-01-preview,2.0,15,0,devtools,S2,azure.com__visualstudio-Csm__2017-11-01-preview__swagger.yaml,provider_override:azure.com
azure.com/visualstudio-Projects/2018-08-01-preview/swagger.yaml,Visual Studio Projects Resource Provider Client,management.azure.com,azure.com,2018-08-01-preview,2.0,4,0,devtools,S2,azure.com__visualstudio-Projects__2018-08-01-preview__swagger.yaml,provider_override:azure.com
azure.com/vmwarecloudsimple/2019-04-01/swagger.yaml,VMwareCloudSimple,management.azure.com,azure.com,2019-04-01,2.0,34,0,devtools,S2,azure.com__vmwarecloudsimple__2019-04-01__swagger.yaml,provider_override:azure.com
azure.com/web-AppServiceCertificateOrders/2019-08-01/swagger.yaml,AppServiceCertificateOrders API Client,management.azure.com,azure.com,2019-08-01,2.0,20,0,devtools,S2,azure.com__web-AppServiceCertificateOrders__2019-08-01__swagger.yaml,provider_override:azure.com
azure.com/web-AppServiceEnvironments/2019-08-01/swagger.yaml,AppServiceEnvironments API Client,management.azure.com,azure.com,2019-08-01,2.0,36,0,devtools,S2,azure.com__web-AppServiceEnvironments__2019-08-01__swagger.yaml,provider_override:azure.com
azure.com/web-AppServicePlans/2019-08-01/swagger.yaml,AppServicePlans API Client,management.azure.com,azure.com,2019-08-01,2.0,27,0,devtools,S2,azure.com__web-AppServicePlans__2019-08-01__swagger.yaml,provider_override:azure.com
azure.com/web-Certificates/2019-08-01/swagger.yaml,Certificates API Client,management.azure.com,azure.com,2019-08-01,2.0,6,0,devtools,S2,azure.com__web-Certificates__2019-08-01__swagger.yaml,provider_override:azure.com
azure.com/web-DeletedWebApps/2019-08-01/swagger.yaml,DeletedWebApps API Client,management.azure.com,azure.com,2019-08-01,2.0,3,0,devtools,S2,azure.com__web-DeletedWebApps__2019-08-01__swagger.yaml,provider_override:azure.com
azure.com/web-Diagnostics/2019-08-01/swagger.yaml,Diagnostics API Client,management.azure.com,azure.com,2019-08-01,2.0,22,0,devtools,S2,azure.com__web-Diagnostics__2019-08-01__swagger.yaml,provider_override:azure.com
azure.com/web-Domains/2019-08-01/swagger.yaml,Domains API Client,management.azure.com,azure.com,2019-08-01,2.0,15,0,devtools,S2,azure.com__web-Domains__2019-08-01__swagger.yaml,provider_override:azure.com
azure.com/web-Provider/2019-08-01/swagger.yaml,Provider API Client,management.azure.com,azure.com,2019-08-01,2.0,3,0,devtools,S2,azure.com__web-Provider__2019-08-01__swagger.yaml,provider_override:azure.com
azure.com/web-Recommendations/2019-08-01/swagger.yaml,Recommendations API Client,management.azure.com,azure.com,2019-08-01,2.0,15,0,devtools,S2,azure.com__web-Recommendations__2019-08-01__swagger.yaml,provider_override:azure.com
azure.com/web-ResourceHealthMetadata/2019-08-01/swagger.yaml,ResourceHealthMetadata API Client,management.azure.com,azure.com,2019-08-01,2.0,6,0,devtools,S2,azure.com__web-ResourceHealthMetadata__2019-08-01__swagger.yaml,provider_override:azure.com
azure.com/web-ResourceProvider/2019-08-01/swagger.yaml, API Client,management.azure.com,azure.com,2019-08-01,2.0,16,0,devtools,S2,azure.com__web-ResourceProvider__2019-08-01__swagger.yaml,provider_override:azure.com
azure.com/web-TopLevelDomains/2019-08-01/swagger.yaml,TopLevelDomains API Client,management.azure.com,azure.com,2019-08-01,2.0,3,0,devtools,S2,azure.com__web-TopLevelDomains__2019-08-01__swagger.yaml,provider_override:azure.com
azure.com/web-WebApps/2019-08-01/swagger.yaml,WebApps API Client,management.azure.com,azure.com,2019-08-01,2.0,363,0,devtools,S2,azure.com__web-WebApps__2019-08-01__swagger.yaml,provider_override:azure.com
azure.com/web-logicAppsManagementClient/2016-06-01/swagger.yaml,LogicAppsManagementClient,management.azure.com,azure.com,2016-06-01,2.0,26,0,devtools,S2,azure.com__web-logicAppsManagementClient__2016-06-01__swagger.yaml,provider_override:azure.com
azure.com/web-service/2015-08-01/swagger.yaml,WebSite Management Client,management.azure.com,azure.com,2015-08-01,2.0,295,0,devtools,S2,azure.com__web-service__2015-08-01__swagger.yaml,provider_override:azure.com
azure.com/windowsesu/2019-09-16-preview/swagger.yaml,windowsesu,management.azure.com,azure.com,2019-09-16-preview,2.0,7,0,devtools,S2,azure.com__windowsesu__2019-09-16-preview__swagger.yaml,provider_override:azure.com
azure.com/windowsiot-WindowsIotServices/2019-06-01/swagger.yaml,DeviceServices,management.azure.com,azure.com,2019-06-01,2.0,8,0,devtools,S2,azure.com__windowsiot-WindowsIotServices__2019-06-01__swagger.yaml,provider_override:azure.com
azure.com/workloadmonitor-Microsoft.WorkloadMonitor/2018-08-31-preview/swagger.yaml,Workload Monitor,management.azure.com,azure.com,2018-08-31-preview,2.0,13,0,devtools,S2,azure.com__workloadmonitor-Microsoft.WorkloadMonitor__2018-08-31-preview__swagger.yaml,provider_override:azure.com
balldontlie.io/1.0.0/openapi.yaml,balldontlie,https://balldontlie.io,balldontlie.io,1.0.0,3.x,7,0,UNLABELLED,S2,balldontlie.io__1.0.0__openapi.yaml,no_keyword_match
bbc.co.uk/1.0.0/swagger.yaml,Radio & Music Services,rms.api.bbc.co.uk,bbc.co.uk,1.0.0,2.0,75,0,media,S2,bbc.co.uk__1.0.0__swagger.yaml,keywords:music
bbc.com/1.0.0/openapi.yaml,BBC Nitro API,https://programmes.api.bbc.com,bbc.com,1.0.0,3.x,25,0,UNLABELLED,S2,bbc.com__1.0.0__openapi.yaml,no_keyword_match
bbci.co.uk/1.0/openapi.yaml,BBC iPlayer Business Layer,https://ibl.api.bbci.co.uk/ibl/v1,bbci.co.uk,1.0,3.x,29,1,media,S2,bbci.co.uk__1.0__openapi.yaml,keywords:player
bclaws.ca/bclaws/1.0.0/openapi.yaml,BC Laws,http://www.bclaws.ca/civix,bclaws.ca,1.0.0,3.x,7,0,UNLABELLED,S2,bclaws.ca__bclaws__1.0.0__openapi.yaml,no_keyword_match
beanstream.com/1.0.1/swagger.yaml,Beanstream Payments,www.beanstream.com,beanstream.com,1.0.1,2.0,15,0,finance,S2,beanstream.com__1.0.1__swagger.yaml,keywords:payment
beezup.com/2.0/openapi.yaml,BeezUP Merchant API ,https://api.beezup.com,beezup.com,2.0,3.x,224,0,commerce,S2,beezup.com__2.0__openapi.yaml,keywords:merchant
bhagavadgita.io/1.0/openapi.yaml,Bhagavad Gita API,,bhagavadgita.io,1.0,3.x,6,0,UNLABELLED,S2,bhagavadgita.io__1.0__openapi.yaml,no_keyword_match
biapi.pro/2.0/openapi.yaml,Budgea API Documentation,//budgea.biapi.pro/2.0,biapi.pro,2.0,3.x,167,0,UNLABELLED,S2,biapi.pro__2.0__openapi.yaml,no_keyword_match
bigoven.com/partner/openapi.yaml,"1,000,000+ Recipe and Grocery List API (v2)",https://api2.bigoven.com,bigoven.com,partner,3.x,66,0,UNLABELLED,S2,bigoven.com__partner__openapi.yaml,no_keyword_match
bigredcloud.com/v1/openapi.yaml,Big Red Cloud API,https://app.bigredcloud.com/api,bigredcloud.com,v1,3.x,111,0,UNLABELLED,S2,bigredcloud.com__v1__openapi.yaml,no_keyword_match
bikewise.org/v2/openapi.yaml,BikeWise API v2,https://bikewise.org/api,bikewise.org,v2,3.x,4,0,UNLABELLED,S2,bikewise.org__v2__openapi.yaml,no_keyword_match
billbee.io/v1/openapi.yaml,Billbee API,https://app.billbee.io,billbee.io,v1,3.x,76,0,UNLABELLED,S2,billbee.io__v1__openapi.yaml,no_keyword_match
billingo.hu/3.0.7/openapi.yaml,Billingo API v3,https://api.billingo.hu/v3,billingo.hu,3.0.7,3.x,31,0,finance,S2,billingo.hu__3.0.7__openapi.yaml,keywords:billing
bitbucket.org/2.0/openapi.yaml,Bitbucket API,https://api.bitbucket.org/2.0,bitbucket.org,2.0,3.x,305,0,UNLABELLED,S2,bitbucket.org__2.0__openapi.yaml,no_keyword_match
bkk.hu/1.0.1/openapi.yaml,realCity Query Server API,https://futar.bkk.hu/api/query/v1/ws,bkk.hu,1.0.1,3.x,23,0,UNLABELLED,S2,bkk.hu__1.0.1__openapi.yaml,no_keyword_match
blazemeter.com/4/swagger.yaml,Blazemeter API Explorer,a.blazemeter.com,blazemeter.com,4,2.0,14,0,UNLABELLED,S2,blazemeter.com__4__swagger.yaml,no_keyword_match
bluemix.net/containers/3.0.0/openapi.yaml,IBM Containers API,https://containers-api.ng.bluemix.net/v3,bluemix.net,3.0.0,3.x,47,0,devtools,S2,bluemix.net__containers__3.0.0__openapi.yaml,keywords:container
botify.com/1.0.0/openapi.yaml,Botify API,https://api.botify.com/v1,botify.com,1.0.0,3.x,26,0,UNLABELLED,S2,botify.com__1.0.0__openapi.yaml,no_keyword_match
botschaft.local/0.1.0/openapi.yaml,FastAPI,http://botschaft.local,botschaft.local,0.1.0,3.x,10,0,UNLABELLED,S2,botschaft.local__0.1.0__openapi.yaml,no_keyword_match
box.com/2.0.0/openapi.yaml,Box Platform API,https://api.box.com/2.0,box.com,2.0.0,3.x,258,0,UNLABELLED,S2,box.com__2.0.0__openapi.yaml,no_keyword_match
brainbi.net/1.0.0/openapi.yaml,brainbi,",",brainbi.net,1.0.0,3.x,14,0,UNLABELLED,S2,brainbi.net__1.0.0__openapi.yaml,no_keyword_match
brandlovers.com/1.0.0/swagger.yaml,BrandLovers Marketplace API V1,api.brandlovers.com,brandlovers.com,1.0.0,2.0,36,0,UNLABELLED,S2,brandlovers.com__1.0.0__swagger.yaml,no_keyword_match
braze.com/1.0.0/openapi.yaml,Braze Endpoints,https://rest.iad-01.braze.com,braze.com,1.0.0,3.x,31,0,UNLABELLED,S2,braze.com__1.0.0__openapi.yaml,no_keyword_match
breadcrumbs.one/v1/openapi.yaml,Breadcrumbs One,https://api.breadcrumbs.one,breadcrumbs.one,v1,3.x,5,0,UNLABELLED,S2,breadcrumbs.one__v1__openapi.yaml,no_keyword_match
brex.io/2021.12/openapi.yaml,KYC API Documentation,https://api.kompany.com/,brex.io,2021.12,3.x,54,0,UNLABELLED,S2,brex.io__2021.12__openapi.yaml,no_keyword_match
bridgedb.org/0.9.0/swagger.yaml,bridgedb webservices,webservice.bridgedb.org,bridgedb.org,0.9.0,2.0,13,0,UNLABELLED,S2,bridgedb.org__0.9.0__swagger.yaml,no_keyword_match
britbox.co.uk/3.730.300-ref-1-39-0/openapi.yaml,Rocket Services,/api,britbox.co.uk,3.730.300-ref-1-39-0,3.x,121,0,UNLABELLED,S2,britbox.co.uk__3.730.300-ref-1-39-0__openapi.yaml,no_keyword_match
browshot.com/1.17.0/swagger.yaml,Browshot API,api.browshot.com,browshot.com,1.17.0,2.0,17,0,UNLABELLED,S2,browshot.com__1.17.0__swagger.yaml,no_keyword_match
bufferapp.com/1/swagger.yaml,Bufferapp,api.bufferapp.com,bufferapp.com,1,2.0,18,0,UNLABELLED,S2,bufferapp.com__1__swagger.yaml,no_keyword_match
bulksms.com/1.0.0/openapi.yaml,BulkSMS JSON REST API,https://api.bulksms.com/v1,bulksms.com,1.0.0,3.x,15,0,communication,S2,bulksms.com__1.0.0__openapi.yaml,keywords:sms
bungie.net/2.18.0/openapi.yaml,Bungie.Net API,https://www.bungie.net/platform,bungie.net,2.18.0,3.x,134,0,UNLABELLED,S2,bungie.net__2.18.0__openapi.yaml,no_keyword_match
byautomata.io/1.0.1/openapi.yaml,Automata Market Intelligence API,https://api.byautomata.io,byautomata.io,1.0.1,3.x,4,0,UNLABELLED,S2,byautomata.io__1.0.1__openapi.yaml,no_keyword_match
c19qrserver.local/1.1/openapi.yaml,API for the COVID-19 Tracking QR Code Signin Server.,http://c19qrserver.local,c19qrserver.local,1.1,3.x,14,0,health,S2,c19qrserver.local__1.1__openapi.yaml,keywords:covid
callcontrol.com/2015-11-01/swagger.yaml,Call Control API,api.callcontrol.com,callcontrol.com,2015-11-01,2.0,6,0,UNLABELLED,S2,callcontrol.com__2015-11-01__swagger.yaml,no_keyword_match
callfire.com/V2/openapi.yaml,CallFire API Documentation,https://api.callfire.com/v2,callfire.com,V2,3.x,122,0,UNLABELLED,S2,callfire.com__V2__openapi.yaml,no_keyword_match
cambase.io/1.0/swagger.yaml,Cambase.io,api.cambase.io,cambase.io,1.0,2.0,17,0,UNLABELLED,S2,cambase.io__1.0__swagger.yaml,no_keyword_match
canada-holidays.ca/1.8.0/openapi.yaml,Canada Holidays API,https://canada-holidays.ca,canada-holidays.ca,1.8.0,3.x,6,0,UNLABELLED,S2,canada-holidays.ca__1.8.0__openapi.yaml,no_keyword_match
carbone.io/1.2.0/openapi.yaml,Carbone API,https://api.carbone.io,carbone.io,1.2.0,3.x,5,1,UNLABELLED,S2,carbone.io__1.2.0__openapi.yaml,no_keyword_match
cdcgov.local/prime-data-hub/0.2.0-oas3/openapi.yaml,Prime ReportStream,http://cdcgov.local,cdcgov.local,0.2.0-oas3,3.x,13,0,UNLABELLED,S2,cdcgov.local__prime-data-hub__0.2.0-oas3__openapi.yaml,no_keyword_match
cenit.io/v1/swagger.yaml,Cenit IO - REST API Specification,cenit.io,cenit.io,v1,2.0,40,0,UNLABELLED,S2,cenit.io__v1__swagger.yaml,no_keyword_match
chain49.com/2.0/openapi.yaml,Chain49 API,https://api.chain49.com,chain49.com,2.0,3.x,18,0,UNLABELLED,S2,chain49.com__2.0__openapi.yaml,no_keyword_match
chaingateway.io/1.0.0/openapi.yaml,Chaingateway.io V2,https://dev.api.chaingateway.io,chaingateway.io,1.0.0,3.x,119,0,UNLABELLED,S2,chaingateway.io__1.0.0__openapi.yaml,no_keyword_match
chaingateway.io/1.0/openapi.yaml,Chaingateway.io,https://eu.eth.chaingateway.io/v1,chaingateway.io,1.0,3.x,21,0,UNLABELLED,S2,chaingateway.io__1.0__openapi.yaml,no_keyword_match
change.local/v1/openapi.yaml,API V1,http://change.local,change.local,v1,3.x,8,0,UNLABELLED,S2,change.local__v1__openapi.yaml,no_keyword_match
channel4.com/1.0.0/swagger.yaml,Channel 4 API,channel4.com,channel4.com,1.0.0,2.0,68,0,UNLABELLED,S2,channel4.com__1.0.0__swagger.yaml,no_keyword_match
chompthis.com/1.0.0-oas3/openapi.yaml,Chomp Food Database API Documentation,https://chompthis.com/api/v2,chompthis.com,1.0.0-oas3,3.x,4,0,UNLABELLED,S2,chompthis.com__1.0.0-oas3__openapi.yaml,no_keyword_match
circl.lu/hashlookup/1.2/openapi.yaml,hashlookup CIRCL API,/,circl.lu,1.2,3.x,11,0,UNLABELLED,S2,circl.lu__hashlookup__1.2__openapi.yaml,no_keyword_match
circleci.com/v1/openapi.yaml,CircleCI REST API,https://circleci.com/api/v1,circleci.com,v1,3.x,22,0,UNLABELLED,S2,circleci.com__v1__openapi.yaml,no_keyword_match
circuitsandbox.net/2.9.235/openapi.yaml,REST API Version 2,https://circuitsandbox.net/rest/v2,circuitsandbox.net,2.9.235,3.x,123,0,UNLABELLED,S2,circuitsandbox.net__2.9.235__openapi.yaml,no_keyword_match
cisco.com/0.0.3/swagger.yaml,Cisco PSIRT openVuln API,api.cisco.com,cisco.com,0.0.3,2.0,19,0,UNLABELLED,S2,cisco.com__0.0.3__swagger.yaml,no_keyword_match
citrixonline.com/gotomeeting/1.0.0/swagger.yaml,GoToMeeting,api.citrixonline.com,citrixonline.com,1.0.0,2.0,26,0,UNLABELLED,S2,citrixonline.com__gotomeeting__1.0.0__swagger.yaml,no_keyword_match
citrixonline.com/scim/NA/swagger.yaml,SCIM,api.citrixonline.com,citrixonline.com,N/A,2.0,17,0,UNLABELLED,S2,citrixonline.com__scim__NA__swagger.yaml,no_keyword_match
citycontext.com/1.0.0/swagger.yaml,City Context,api.citycontext.com,citycontext.com,1.0.0,2.0,3,0,UNLABELLED,S2,citycontext.com__1.0.0__swagger.yaml,no_keyword_match
clarify.io/1.3.7/swagger.yaml,api.clarify.io,api.clarify.io,clarify.io,1.3.7,2.0,21,0,UNLABELLED,S2,clarify.io__1.3.7__swagger.yaml,no_keyword_match
clearblade.com/3.0/swagger.yaml,ClearBlade API,platform.clearblade.com,clearblade.com,3.0,2.0,220,0,UNLABELLED,S2,clearblade.com__3.0__swagger.yaml,no_keyword_match
clever-cloud.com/1.0.0/openapi.yaml,Clever-Cloud API,https://api.clever-cloud.com/v2,clever-cloud.com,1.0.0,3.x,324,0,UNLABELLED,S2,clever-cloud.com__1.0.0__openapi.yaml,no_keyword_match
clever.com/1.2.0/openapi.yaml,Data API,https://api.clever.com/v1.2,clever.com,1.2.0,3.x,44,0,UNLABELLED,S2,clever.com__1.2.0__openapi.yaml,no_keyword_match
clickmeter.com/v2/openapi.yaml,ClickMeter API,http://apiv2.clickmeter.com:80,clickmeter.com,v2,3.x,104,0,UNLABELLED,S2,clickmeter.com__v2__openapi.yaml,no_keyword_match
clicksend.com/1.0.0/openapi.yaml,ClickSend REST API v3,https://rest.clicksend.com/v3,clicksend.com,1.0.0,3.x,205,0,UNLABELLED,S2,clicksend.com__1.0.0__openapi.yaml,no_keyword_match
climate.com/4.0.11/openapi.yaml,Climate FieldView Platform APIs,https://platform.climate.com/,climate.com,4.0.11,3.x,26,0,geo,S2,climate.com__4.0.11__openapi.yaml,keywords:climate
climatekuul.com/1.0/openapi.yaml,climateKuul live,http://api.climatekuul.com:8000/footprint,climatekuul.com,1.0,3.x,26,0,geo,S2,climatekuul.com__1.0__openapi.yaml,keywords:climate
cloud-elements.com/ecwid/api-v2/swagger.yaml,ecwid,api.cloud-elements.com,cloud-elements.com,api-v2,2.0,41,1,UNLABELLED,S2,cloud-elements.com__ecwid__api-v2__swagger.yaml,no_keyword_match
cloudmersive.com/ocr/v1/openapi.yaml,ocrapi,https://api.cloudmersive.com,cloudmersive.com,v1,3.x,20,0,UNLABELLED,S2,cloudmersive.com__ocr__v1__openapi.yaml,no_keyword_match
cloudrf.com/2.0.0/openapi.yaml,Cloud-RF API,https://api.cloudrf.com,cloudrf.com,2.0.0,3.x,11,0,UNLABELLED,S2,cloudrf.com__2.0.0__openapi.yaml,no_keyword_match
clubhouseapi.com/1/openapi.yaml,Clubhouse API,https://www.clubhouseapi.com/api/,clubhouseapi.com,1,3.x,41,0,UNLABELLED,S2,clubhouseapi.com__1__openapi.yaml,no_keyword_match
cnab-online.herokuapp.com/1.0.0/swagger.yaml,Cnab Online,cnab-online.herokuapp.com,cnab-online.herokuapp.com,1.0.0,2.0,4,0,UNLABELLED,S2,cnab-online.herokuapp.com__1.0.0__swagger.yaml,no_keyword_match
codat.io/assess/1.0/openapi.yaml,Assess API,https://api.codat.io,codat.io,1.0,3.x,27,0,UNLABELLED,S2,codat.io__assess__1.0__openapi.yaml,no_keyword_match
codat.io/bank-feeds/2.1.0/openapi.yaml,Bank Feeds API,https://api.codat.io,codat.io,2.1.0,3.x,6,0,UNLABELLED,S2,codat.io__bank-feeds__2.1.0__openapi.yaml,tie:finance/social
codat.io/banking/2.1.0/openapi.yaml,Banking API,https://api.codat.io,codat.io,2.1.0,3.x,8,0,finance,S2,codat.io__banking__2.1.0__openapi.yaml,"keywords:bank,banking"
codat.io/commerce/2.1.0/openapi.yaml,Commerce API,https://api.codat.io,codat.io,2.1.0,3.x,11,0,UNLABELLED,S2,codat.io__commerce__2.1.0__openapi.yaml,no_keyword_match
codat.io/sync-for-commerce/1.1/openapi.yaml,Sync for Commerce API,https://api.codat.io,codat.io,1.1,3.x,17,0,UNLABELLED,S2,codat.io__sync-for-commerce__1.1__openapi.yaml,no_keyword_match
codat.io/sync-for-expenses/prealpha/openapi.yaml,Codat Expense API,https://api.codat.io,codat.io,prealpha,3.x,13,0,UNLABELLED,S2,codat.io__sync-for-expenses__prealpha__openapi.yaml,no_keyword_match
collegefootballdata.com/4.4.12/openapi.yaml,College Football Data API,https://api.collegefootballdata.com,collegefootballdata.com,4.4.12,3.x,51,0,UNLABELLED,S2,collegefootballdata.com__4.4.12__openapi.yaml,no_keyword_match
color.pizza/1.0.0/openapi.yaml,Color Name API,https://api.color.pizza/v1/,color.pizza,1.0.0,3.x,4,0,UNLABELLED,S2,color.pizza__1.0.0__openapi.yaml,no_keyword_match
combell.com/v2/openapi.yaml,Public Api,/v2,combell.com,v2,3.x,75,0,UNLABELLED,S2,combell.com__v2__openapi.yaml,no_keyword_match
configcat.com/v1/openapi.yaml,ConfigCat Public Management API,https://api.configcat.com,configcat.com,v1,3.x,63,0,UNLABELLED,S2,configcat.com__v1__openapi.yaml,no_keyword_match
conjur.local/5.3.0/openapi.yaml,Conjur,http://conjur.local,conjur.local,5.3.0,3.x,40,1,UNLABELLED,S2,conjur.local__5.3.0__openapi.yaml,no_keyword_match
consumerfinance.gov/1.0/swagger.yaml,The Consumer Financial Protection Bureau,api.consumerfinance.gov:443,consumerfinance.gov,1.0,2.0,6,0,finance,S2,consumerfinance.gov__1.0__swagger.yaml,"keywords:finance,financial"
contentgroove.com/1.0.0/openapi.yaml,ContentGroove API,https://api.contentgroove.com/api/v1,contentgroove.com,1.0.0,3.x,15,0,UNLABELLED,S2,contentgroove.com__1.0.0__openapi.yaml,no_keyword_match
contract-p.fit/1.0/openapi.yaml,Contract.fit API,//cfportal.contract-p.fit/api,contract-p.fit,1.0,3.x,138,0,UNLABELLED,S2,contract-p.fit__1.0__openapi.yaml,no_keyword_match
contribly.com/1.0.0/openapi.yaml,Contribly,https://api.contribly.com/1,contribly.com,1.0.0,3.x,44,0,UNLABELLED,S2,contribly.com__1.0.0__openapi.yaml,no_keyword_match
core.ac.uk/2.0/swagger.yaml,CORE API v2,core.ac.uk,core.ac.uk,2.0,2.0,18,0,UNLABELLED,S2,core.ac.uk__2.0__swagger.yaml,no_keyword_match
corrently.io/2.0.0/openapi.yaml,Corrently.io,https://api.corrently.io/v2.0,corrently.io,2.0.0,3.x,26,0,UNLABELLED,S2,corrently.io__2.0.0__openapi.yaml,no_keyword_match
covid19-api.com/1.2.6/openapi.yaml,COVID-19 data API,,covid19-api.com,1.2.6,3.x,9,0,health,S2,covid19-api.com__1.2.6__openapi.yaml,keywords:covid
cpy.re/peertube/5.1.0/openapi.yaml,PeerTube,https://peertube2.cpy.re,cpy.re,5.1.0,3.x,186,0,UNLABELLED,S2,cpy.re__peertube__5.1.0__openapi.yaml,no_keyword_match
credas.co.uk/pi/v1/openapi.yaml,Credas API,,credas.co.uk,v1,3.x,37,0,UNLABELLED,S2,credas.co.uk__pi__v1__openapi.yaml,no_keyword_match
crediwatch.com/covid19/1.3.0/openapi.yaml,Crediwatch's Covid APIs,,crediwatch.com,1.3.0,3.x,5,0,health,S2,crediwatch.com__covid19__1.3.0__openapi.yaml,keywords:covid
crossbrowsertesting.com/3.0.0/openapi.yaml,Crossbrowsertesting.com Screenshot Comparisons API,https://crossbrowsertesting.com/api/v3,crossbrowsertesting.com,3.0.0,3.x,3,0,UNLABELLED,S2,crossbrowsertesting.com__3.0.0__openapi.yaml,no_keyword_match
crucible.local/1.0.0/swagger.yaml,Crucible,crucible.local,crucible.local,1.0.0,2.0,79,0,UNLABELLED,S2,crucible.local__1.0.0__swagger.yaml,no_keyword_match
cycat.org/0.9/swagger.yaml,CyCAT.org API,,cycat.org,0.9,2.0,14,0,UNLABELLED,S2,cycat.org__0.9__swagger.yaml,no_keyword_match
d7networks.com/1.0.2/openapi.yaml,D7SMS,https://rest-api.d7networks.com/secure,d7networks.com,1.0.2,3.x,3,0,communication,S2,d7networks.com__1.0.2__openapi.yaml,keywords:sms
daniweb.com/4/openapi.yaml,DaniWeb Connect API,https://www.daniweb.com/connect/api/v4,daniweb.com,4,3.x,67,0,UNLABELLED,S2,daniweb.com__4__openapi.yaml,no_keyword_match
data.gov/3.0/swagger.yaml,Regulations.gov,api.data.gov,data.gov,3.0,2.0,3,0,government,S2,data.gov__3.0__swagger.yaml,keywords:regulation
data2crm.com/1/swagger.yaml,Data2CRM.API,api-2445581398133.apicast.io:443,data2crm.com,1,2.0,336,0,UNLABELLED,S2,data2crm.com__1__swagger.yaml,no_keyword_match
dataatwork.org/1.0/swagger.yaml,Open Skills API,api.dataatwork.org,dataatwork.org,1.0,2.0,13,0,UNLABELLED,S2,dataatwork.org__1.0__swagger.yaml,no_keyword_match
dataflowkit.com/1.3/openapi.yaml,Dataflow Kit Web Scraper,https://api.dataflowkit.com/v1,dataflowkit.com,1.3,3.x,5,0,UNLABELLED,S2,dataflowkit.com__1.3__openapi.yaml,no_keyword_match
datumbox.com/1.0/openapi.yaml,api.datumbox.com,http://api.datumbox.com/,datumbox.com,1.0,3.x,14,0,UNLABELLED,S2,datumbox.com__1.0__openapi.yaml,no_keyword_match
deeparteffects.com/2017-02-10T162446Z/swagger.yaml,Deep Art Effects,api.deeparteffects.com,deeparteffects.com,2017-02-10 16:24:46+00:00,2.0,3,0,UNLABELLED,S2,deeparteffects.com__2017-02-10T162446Z__swagger.yaml,no_keyword_match
departureboard.io/2.0/openapi.yaml,departureboard.io API,https://api.departureboard.io/api/v2.0,departureboard.io,2.0,3.x,6,0,UNLABELLED,S2,departureboard.io__2.0__openapi.yaml,no_keyword_match
deutschebahn.com/fahrplan/v1/swagger.yaml,Fahrplan-Free,api.deutschebahn.com,deutschebahn.com,v1,2.0,4,0,UNLABELLED,S2,deutschebahn.com__fahrplan__v1__swagger.yaml,no_keyword_match
deutschebahn.com/fasta/2.1/swagger.yaml,FaSta - Station Facilities Status,api.deutschebahn.com,deutschebahn.com,2.1,2.0,3,0,UNLABELLED,S2,deutschebahn.com__fasta__2.1__swagger.yaml,no_keyword_match
deutschebahn.com/flinkster/v1/swagger.yaml,Flinkster_API_NG,api.deutschebahn.com,deutschebahn.com,v1,2.0,10,0,UNLABELLED,S2,deutschebahn.com__flinkster__v1__swagger.yaml,no_keyword_match
deutschebahn.com/reisezentren/v1/openapi.yaml,Reisezentren-API,https://api.deutschebahn.com/reisezentren/v1,deutschebahn.com,v1,3.x,4,0,UNLABELLED,S2,deutschebahn.com__reisezentren__v1__openapi.yaml,no_keyword_match
deutschebahn.com/stada/2.2.01/swagger.yaml,Stationsdatenbereitstellung,api.deutschebahn.com,deutschebahn.com,2.2.01,2.0,4,0,UNLABELLED,S2,deutschebahn.com__stada__2.2.01__swagger.yaml,no_keyword_match
dev.to/1.0.0/openapi.yaml,Forem API V1,https://dev.to/api,dev.to,1.0.0,3.x,40,0,UNLABELLED,S2,dev.to__1.0.0__openapi.yaml,no_keyword_match
digitallinguistics.io/0.3.1/swagger.yaml,DLx,api.digitallinguistics.io,digitallinguistics.io,0.3.1,2.0,18,0,UNLABELLED,S2,digitallinguistics.io__0.3.1__swagger.yaml,no_keyword_match
digitallocker.gov.in/authpartner/1.0.0/openapi.yaml,Authorized Partner API Specification,https://betaapi.digitallocker.gov.in/public,digitallocker.gov.in,1.0.0,3.x,22,0,UNLABELLED,S2,digitallocker.gov.in__authpartner__1.0.0__openapi.yaml,no_keyword_match
digitalnz.org/3/openapi.yaml,DigitalNZ API,https://api.digitalnz.org,digitalnz.org,3,3.x,3,0,UNLABELLED,S2,digitalnz.org__3__openapi.yaml,no_keyword_match
digitalocean.com/2.0/openapi.yaml,DigitalOcean API,https://api.digitalocean.com,digitalocean.com,2.0,3.x,290,0,UNLABELLED,S2,digitalocean.com__2.0__openapi.yaml,no_keyword_match
discourse.local/latest/openapi.yaml,Discourse API Documentation,http://discourse.local,discourse.local,latest,3.x,84,0,UNLABELLED,S2,discourse.local__latest__openapi.yaml,no_keyword_match
dnd5eapi.co/0.1/openapi.yaml,D&D 5e API,https://www.dnd5eapi.co,dnd5eapi.co,0.1,3.x,47,0,UNLABELLED,S2,dnd5eapi.co__0.1__openapi.yaml,no_keyword_match
docker.com/dvp/1.0.0/openapi.yaml,DVP Data API,https://hub.docker.com/api/publisher/analytics/v1,docker.com,1.0.0,3.x,8,0,devtools,S2,docker.com__dvp__1.0.0__openapi.yaml,provider_override:docker.com
docker.com/engine/1.33/openapi.yaml,Docker Engine API,/v1.33,docker.com,1.33,3.x,103,1,devtools,S2,docker.com__engine__1.33__openapi.yaml,provider_override:docker.com
docker.com/hub/beta/openapi.yaml,Docker HUB API,https://hub.docker.com/,docker.com,beta,3.x,26,0,devtools,S2,docker.com__hub__beta__openapi.yaml,provider_override:docker.com
dodo.ac/1.6.0/openapi.yaml,Nookipedia,https://api.nookipedia.com/,dodo.ac,1.6.0,3.x,30,0,UNLABELLED,S2,dodo.ac__1.6.0__openapi.yaml,no_keyword_match
domainsdb.info/1.0/openapi.yaml,Domains-Index API,/v1,domainsdb.info,1.0,3.x,14,0,UNLABELLED,S2,domainsdb.info__1.0__openapi.yaml,no_keyword_match
doqs.dev/1.0/openapi.yaml,doqs.dev | PDF filling API,https://api.doqs.dev/v1,doqs.dev,1.0,3.x,14,0,UNLABELLED,S2,doqs.dev__1.0__openapi.yaml,no_keyword_match
dracoon.team/4.42.3/openapi.yaml,DRACOON API,/api,dracoon.team,4.42.3,3.x,294,0,UNLABELLED,S2,dracoon.team__4.42.3__openapi.yaml,no_keyword_match
drchrono.com/v4 (Hunt Valley)/openapi.yaml,,https://app.drchrono.com,drchrono.com,v4 (Hunt Valley),3.x,263,0,UNLABELLED,S2,drchrono.com__v4 (Hunt Valley)__openapi.yaml,no_keyword_match
dropx.io/1.0.0/swagger.yaml,DropX,dropx.io,dropx.io,1.0.0,2.0,7,0,UNLABELLED,S2,dropx.io__1.0.0__swagger.yaml,no_keyword_match
dweet.io/2.0/swagger.yaml,dweet.io,dweet.io,dweet.io,2.0,2.0,13,0,UNLABELLED,S2,dweet.io__2.0__swagger.yaml,no_keyword_match
e-conomic.com/v20.0.0/openapi.yaml,Visma e-conomic OpenAPI,https://apis.e-conomic.com/api/v20.0.0/,e-conomic.com,v20.0.0,3.x,98,0,UNLABELLED,S2,e-conomic.com__v20.0.0__openapi.yaml,no_keyword_match
ean-search.org/1.50.0/swagger.yaml,EAN-Search.org API,api.ean-search.org,ean-search.org,1.50.0,2.0,7,0,UNLABELLED,S2,ean-search.org__1.50.0__swagger.yaml,no_keyword_match
ebay.com/buy-browse/v1.1.0/swagger.yaml,Browse API,api.ebay.com,ebay.com,v1.1.0,2.0,11,0,commerce,S2,ebay.com__buy-browse__v1.1.0__swagger.yaml,provider_override:ebay.com
ebay.com/buy-deal/v1.3.0/openapi.yaml,Deal API,https://api.ebay.com{basepath},ebay.com,v1.3.0,3.x,4,0,commerce,S2,ebay.com__buy-deal__v1.3.0__openapi.yaml,provider_override:ebay.com
ebay.com/buy-feed/v1_beta.34.0/openapi.yaml,Item Feed Service,https://api.ebay.com/buy/feed/v1_beta,ebay.com,v1_beta.34.0,3.x,4,0,commerce,S2,ebay.com__buy-feed__v1_beta.34.0__openapi.yaml,provider_override:ebay.com
ebay.com/commerce-taxonomy/v1.0.0/swagger.yaml,Taxonomy API,api.ebay.com,ebay.com,v1.0.0,2.0,8,0,commerce,S2,ebay.com__commerce-taxonomy__v1.0.0__swagger.yaml,provider_override:ebay.com
ebay.com/sell-account/v1.9.0/openapi.yaml,Account API,https://api.ebay.com{basepath},ebay.com,v1.9.0,3.x,36,0,commerce,S2,ebay.com__sell-account__v1.9.0__openapi.yaml,provider_override:ebay.com
ebay.com/sell-analytics/1.2.0/openapi.yaml, Seller Service Metrics API ,https://api.ebay.com{basepath},ebay.com,1.2.0,3.x,4,0,commerce,S2,ebay.com__sell-analytics__1.2.0__openapi.yaml,provider_override:ebay.com
ebay.com/sell-compliance/1.4.1/openapi.yaml,Compliance API,https://api.ebay.com{basepath},ebay.com,1.4.1,3.x,3,0,commerce,S2,ebay.com__sell-compliance__1.4.1__openapi.yaml,provider_override:ebay.com
ebay.com/sell-feed/v1.3.1/openapi.yaml,Feed API,https://api.ebay.com{basepath},ebay.com,v1.3.1,3.x,23,0,commerce,S2,ebay.com__sell-feed__v1.3.1__openapi.yaml,provider_override:ebay.com
ebay.com/sell-fulfillment/v1.20.0/openapi.yaml,Fulfillment API,https://api.ebay.com{basepath},ebay.com,v1.20.0,3.x,15,0,commerce,S2,ebay.com__sell-fulfillment__v1.20.0__openapi.yaml,provider_override:ebay.com
ebay.com/sell-logistics/v1_beta.0.0/openapi.yaml,Logistics API,https://api.ebay.com{basepath},ebay.com,v1_beta.0.0,3.x,6,0,commerce,S2,ebay.com__sell-logistics__v1_beta.0.0__openapi.yaml,provider_override:ebay.com
ebay.com/sell-marketing/v1.15.0/openapi.yaml,Marketing API,https://api.ebay.com{basepath},ebay.com,v1.15.0,3.x,69,0,commerce,S2,ebay.com__sell-marketing__v1.15.0__openapi.yaml,provider_override:ebay.com
ebay.com/sell-metadata/v1.6.0/openapi.yaml,Metadata API,https://api.ebay.com{basepath},ebay.com,v1.6.0,3.x,8,0,commerce,S2,ebay.com__sell-metadata__v1.6.0__openapi.yaml,provider_override:ebay.com
ebi.ac.uk/1.0/swagger.yaml,CROssBAR Data API,www.ebi.ac.uk,ebi.ac.uk,1.0,2.0,13,0,UNLABELLED,S2,ebi.ac.uk__1.0__swagger.yaml,no_keyword_match
edrv.io/v1/openapi.yaml,eDRV API,//api.edrv.io,edrv.io,v1,3.x,57,0,UNLABELLED,S2,edrv.io__v1__openapi.yaml,no_keyword_match
elevenlabs.io/1.0/openapi.yaml,ElevenLabs API Documentation,,elevenlabs.io,1.0,3.x,19,0,UNLABELLED,S2,elevenlabs.io__1.0__openapi.yaml,no_keyword_match
elmah.io/v3/openapi.yaml,elmah.io API,,elmah.io,v3,3.x,22,0,UNLABELLED,S2,elmah.io__v3__openapi.yaml,no_keyword_match
envoice.in/v1/openapi.yaml,API v1.0.0,https://www.envoice.in,envoice.in,v1,3.x,61,0,UNLABELLED,S2,envoice.in__v1__openapi.yaml,no_keyword_match
eos.local/1.0.0/openapi.yaml,Net API,http://eos.local,eos.local,1.0.0,3.x,4,0,UNLABELLED,S2,eos.local__1.0.0__openapi.yaml,no_keyword_match
epa.gov/air/2019.10.15/swagger.yaml,U.S. EPA Enforcement and Compliance History Online (ECHO) - Clean Air Act,echodata.epa.gov,epa.gov,2019.10.15,2.0,16,0,UNLABELLED,S2,epa.gov__air__2019.10.15__swagger.yaml,no_keyword_match
epa.gov/case/1.0.0/swagger.yaml,U.S. EPA Enforcement and Compliance History Online (ECHO) - Enforcement Case Search,echodata.epa.gov,epa.gov,1.0.0,2.0,22,0,UNLABELLED,S2,epa.gov__case__1.0.0__swagger.yaml,no_keyword_match
epa.gov/cwa/2019.10.15/swagger.yaml,U.S. EPA Enforcement and Compliance History Online (ECHO) - Clean Water Act (CWA) Rest Services,echodata.epa.gov,epa.gov,2019.10.15,2.0,36,0,UNLABELLED,S2,epa.gov__cwa__2019.10.15__swagger.yaml,no_keyword_match
epa.gov/dfr/0.0.0/swagger.yaml,U.S. EPA Enforcement and Compliance History Online (ECHO) - Detailed Facility Report (DFR),echodata.epa.gov,epa.gov,0.0.0,2.0,94,0,UNLABELLED,S2,epa.gov__dfr__0.0.0__swagger.yaml,no_keyword_match
epa.gov/echo/2019.10.15/swagger.yaml,U.S. EPA Enforcement and Compliance History Online (ECHO) - All Data,echodata.epa.gov,epa.gov,2019.10.15,2.0,16,0,UNLABELLED,S2,epa.gov__echo__2019.10.15__swagger.yaml,no_keyword_match
epa.gov/rcra/2019.10.15/swagger.yaml,U.S. EPA Enforcement and Compliance History Online (ECHO) - Resource Conservation and Recovery Act ,echodata.epa.gov,epa.gov,2019.10.15,2.0,16,0,UNLABELLED,S2,epa.gov__rcra__2019.10.15__swagger.yaml,no_keyword_match
epa.gov/sdw/2019.10.15/swagger.yaml,U.S. EPA Enforcement and Compliance History Online (ECHO) - Safe Drinking Water Act,echodata.epa.gov,epa.gov,2019.10.15,2.0,8,0,UNLABELLED,S2,epa.gov__sdw__2019.10.15__swagger.yaml,no_keyword_match
etherpad.local/1.2.15/openapi.yaml,Etherpad API,http://etherpad.local,etherpad.local,1.2.15,3.x,96,0,UNLABELLED,S2,etherpad.local__1.2.15__openapi.yaml,no_keyword_match
etmdb.com/1.0.0/openapi.yaml,EtMDB REST API v1,https://etmdb.com,etmdb.com,1.0.0,3.x,27,0,UNLABELLED,S2,etmdb.com__1.0.0__openapi.yaml,no_keyword_match
etsi.local/MEC010-2_AppPkgMgmt/2.1.1/openapi.yaml,"ETSI GS MEC 010-2 - Part 2: Application lifecycle, rules and requirements management",http://etsi.local,etsi.local,2.1.1,3.x,16,0,UNLABELLED,S2,etsi.local__MEC010-2_AppPkgMgmt__2.1.1__openapi.yaml,no_keyword_match
europeana.eu/version unknown/swagger.yaml,Europeana Search & Record API,api.europeana.eu,europeana.eu,version unknown,2.0,9,0,UNLABELLED,S2,europeana.eu__version unknown__swagger.yaml,no_keyword_match
evemarketer.com/1.0.1/swagger.yaml,EVEMarketer Marketstat API,api.evemarketer.com,evemarketer.com,1.0.1,2.0,4,0,UNLABELLED,S2,evemarketer.com__1.0.1__swagger.yaml,no_keyword_match
evetech.net/0.8.6/swagger.yaml,EVE Swagger Interface,esi.evetech.net,evetech.net,0.8.6,2.0,205,1,UNLABELLED,S2,evetech.net__0.8.6__swagger.yaml,no_keyword_match
exhibitday.com/v1/swagger.yaml,Test the ExhibitDay API with Swagger,api.exhibitday.com,exhibitday.com,v1,2.0,23,0,UNLABELLED,S2,exhibitday.com__v1__swagger.yaml,no_keyword_match
exlibrisgroup.com/tasklists/1.0/openapi.yaml,Ex Libris APIs,https://api-eu.hosted.exlibrisgroup.com,exlibrisgroup.com,1.0,3.x,10,0,UNLABELLED,S2,exlibrisgroup.com__tasklists__1.0__openapi.yaml,no_keyword_match
exoapi.dev/1.0.0/openapi.yaml,ExoAPI,https://api.exoapi.dev,exoapi.dev,1.0.0,3.x,4,0,UNLABELLED,S2,exoapi.dev__1.0.0__openapi.yaml,no_keyword_match
extendsclass.com/json-storage/0.1/openapi.yaml,JSON storage,https://extendsclass.com/api/json-storage,extendsclass.com,0.1,3.x,5,0,UNLABELLED,S2,extendsclass.com__json-storage__0.1__openapi.yaml,no_keyword_match
facecheck.id/v1.02/openapi.yaml,Facial Recognition Reverse Image Face Search API,,facecheck.id,v1.02,3.x,4,0,media,S2,facecheck.id__v1.02__openapi.yaml,keywords:image
fec.gov/1.0/openapi.yaml,OpenFEC,/v1,fec.gov,1.0,3.x,92,0,UNLABELLED,S2,fec.gov__1.0__openapi.yaml,no_keyword_match
fecru.local/1.0.0/swagger.yaml,Fisheye Crucible,fecru.local,fecru.local,1.0.0,2.0,113,0,UNLABELLED,S2,fecru.local__1.0.0__swagger.yaml,no_keyword_match
figshare.com/2.0.0/openapi.yaml,Figshare API,https://api.figshare.com/v2,figshare.com,2.0.0,3.x,136,0,UNLABELLED,S2,figshare.com__2.0.0__openapi.yaml,no_keyword_match
files.com/0.0.1/openapi.yaml,Files.com API,//app.files.com/api/rest/v1,files.com,0.0.1,3.x,222,0,UNLABELLED,S2,files.com__0.0.1__openapi.yaml,no_keyword_match
fire.com/1.0/openapi.yaml,Fire Financial Services Business API,https://api.fire.com/business,fire.com,1.0,3.x,42,0,finance,S2,fire.com__1.0__openapi.yaml,keywords:financial
firebrowse.org/1.1.38/swagger.yaml,FireBrowse Beta API,firebrowse.org,firebrowse.org,1.1.38 (2018-02-26 11:01:29 484103261f6ef681a05cf163),2.0,30,0,UNLABELLED,S2,firebrowse.org__1.1.38__swagger.yaml,no_keyword_match
firmalyzer.com/iotvas/1.0/openapi.yaml,IoTVAS API,/api/v1,firmalyzer.com,1.0,3.x,8,0,UNLABELLED,S2,firmalyzer.com__iotvas__1.0__openapi.yaml,no_keyword_match
fisheye.local/1.0.0/swagger.yaml,FishEye,fisheye.local,fisheye.local,1.0.0,2.0,16,0,UNLABELLED,S2,fisheye.local__1.0.0__swagger.yaml,no_keyword_match
flat.io/2.13.0/openapi.yaml,Flat API,https://api.flat.io/v2,flat.io,2.13.0,3.x,81,0,UNLABELLED,S2,flat.io__2.13.0__openapi.yaml,no_keyword_match
flickr.com/1.0.0/openapi.yaml,Flickr API Schema,https://api.flickr.com/services,flickr.com,1.0.0,3.x,25,0,UNLABELLED,S2,flickr.com__1.0.0__openapi.yaml,no_keyword_match
formapi.io/v1/openapi.yaml,API v1,https://api.docspring.com/api/v1,formapi.io,v1,3.x,35,0,geo,S2,formapi.io__v1__openapi.yaml,keywords:map
frankiefinancial.io/1.5.3/swagger.yaml,Frankie Financial API,api.demo.frankiefinancial.io,frankiefinancial.io,1.5.3,2.0,46,0,finance,S2,frankiefinancial.io__1.5.3__swagger.yaml,keywords:financial
fulfillment.com/2.0/openapi.yaml,Fulfillment.com APIv2,https://api.fulfillment.com/v2,fulfillment.com,2.0,3.x,13,0,commerce,S2,fulfillment.com__2.0__openapi.yaml,keywords:fulfillment
fungenerators.com/barcode/1.5/openapi.yaml,Barcode API,http://api.fungenerators.com,fungenerators.com,1.5,3.x,4,0,UNLABELLED,S2,fungenerators.com__barcode__1.5__openapi.yaml,no_keyword_match
fungenerators.com/fake-identity/1.5/swagger.yaml,Fake identity generation API,api.fungenerators.com,fungenerators.com,1.5,2.0,12,0,identity,S2,fungenerators.com__fake-identity__1.5__swagger.yaml,keywords:identity
fungenerators.com/lottery/1.5/swagger.yaml,Random Lottery Number generator API,api.fungenerators.com,fungenerators.com,1.5,2.0,3,0,UNLABELLED,S2,fungenerators.com__lottery__1.5__swagger.yaml,no_keyword_match
fungenerators.com/pirate/1.5/openapi.yaml,Pirates API,http://api.fungenerators.com,fungenerators.com,1.5,3.x,4,0,UNLABELLED,S2,fungenerators.com__pirate__1.5__openapi.yaml,no_keyword_match
fungenerators.com/qrcode/1.5/swagger.yaml,Fun Generators API,api.fungenerators.com,fungenerators.com,1.5,2.0,9,0,UNLABELLED,S2,fungenerators.com__qrcode__1.5__swagger.yaml,no_keyword_match
fungenerators.com/random-facts/1.5/openapi.yaml,Facts API,https://api.fungenerators.com,fungenerators.com,1.5,3.x,12,0,UNLABELLED,S2,fungenerators.com__random-facts__1.5__openapi.yaml,no_keyword_match
fungenerators.com/riddle/1.5/openapi.yaml,Fun Generators API,https://api.fungenerators.com,fungenerators.com,1.5,3.x,6,0,UNLABELLED,S2,fungenerators.com__riddle__1.5__openapi.yaml,no_keyword_match
fungenerators.com/shakespeare/1.5/openapi.yaml,Shakespeare API,http://api.fungenerators.com,fungenerators.com,1.5,3.x,5,0,UNLABELLED,S2,fungenerators.com__shakespeare__1.5__openapi.yaml,no_keyword_match
fungenerators.com/uuid/1.5/openapi.yaml,UUID Generation API,https://api.fungenerators.com,fungenerators.com,1.5,3.x,3,0,UNLABELLED,S2,fungenerators.com__uuid__1.5__openapi.yaml,no_keyword_match
funtranslations.com/braile/2.3/swagger.yaml,FunTranslations Braille API,api.funtranslations.com,funtranslations.com,2.3,2.0,5,0,UNLABELLED,S2,funtranslations.com__braile__2.3__swagger.yaml,no_keyword_match
funtranslations.com/index/2.3/swagger.yaml,FunTranslations API,api.funtranslations.com,funtranslations.com,2.3,2.0,36,0,UNLABELLED,S2,funtranslations.com__index__2.3__swagger.yaml,no_keyword_match
funtranslations.com/starwars/2.3/swagger.yaml,Starwars Translations API,api.funtranslations.com,funtranslations.com,2.3,2.0,6,0,UNLABELLED,S2,funtranslations.com__starwars__2.3__swagger.yaml,no_keyword_match
gambitcomm.local/mimic/21.00/openapi.yaml,MIMIC REST API,http://gambitcomm.local,gambitcomm.local,21.00,3.x,356,0,UNLABELLED,S2,gambitcomm.local__mimic__21.00__openapi.yaml,no_keyword_match
gamesparks.net/game-details/v2/openapi.yaml,GameSparks Game Details API,//config2.gamesparks.net,gamesparks.net,v2,3.x,76,0,media,S2,gamesparks.net__game-details__v2__openapi.yaml,keywords:game
geneea.com/1.0/swagger.yaml,Geneea Natural Language Processing,api.geneea.com,geneea.com,1.0,2.0,11,1,UNLABELLED,S2,geneea.com__1.0__swagger.yaml,no_keyword_match
geodesystems.com/1.0.0/openapi.yaml,geodesystems.com:443,https://geodesystems.com:443/,geodesystems.com,1.0.0,3.x,241,0,UNLABELLED,S2,geodesystems.com__1.0.0__openapi.yaml,no_keyword_match
gerermesaffaires.com/1.0.6/openapi.yaml,GererMesAffaires {REST:API},https://sandbox.gerermesaffaires.com/api/v1/,gerermesaffaires.com,1.0.6,3.x,280,0,UNLABELLED,S2,gerermesaffaires.com__1.0.6__openapi.yaml,no_keyword_match
getgo.com/gototraining/1.0.0/swagger.yaml,GoToTraining,api.getgo.com,getgo.com,1.0.0,2.0,22,0,UNLABELLED,S2,getgo.com__gototraining__1.0.0__swagger.yaml,no_keyword_match
getgo.com/gotowebinar/1.0.0/swagger.yaml,GoToWebinar,api.getgo.com,getgo.com,1.0.0,2.0,38,0,UNLABELLED,S2,getgo.com__gotowebinar__1.0.0__swagger.yaml,no_keyword_match
getpostman.com/1.20.0/openapi.yaml,Postman API,https://api.getpostman.com,getpostman.com,1.20.0,3.x,57,0,social,S2,getpostman.com__1.20.0__openapi.yaml,keywords:post
getsandbox.com/v1/swagger.yaml,Sandbox API,getsandbox.com,getsandbox.com,v1,2.0,9,0,UNLABELLED,S2,getsandbox.com__v1__swagger.yaml,no_keyword_match
gettyimages.com/3/openapi.yaml,Getty Images,,gettyimages.com,3,3.x,52,0,media,S2,gettyimages.com__3__openapi.yaml,keywords:image
giphy.com/1.0/openapi.yaml,Giphy API,https://api.giphy.com/v1,giphy.com,1.0,3.x,10,0,UNLABELLED,S2,giphy.com__1.0__openapi.yaml,no_keyword_match
gisgraphy.com/4.0.0/swagger.yaml,Gisgraphy webservices,free.gisgraphy.com,gisgraphy.com,4.0.0,2.0,6,0,UNLABELLED,S2,gisgraphy.com__4.0.0__swagger.yaml,no_keyword_match
gitea.io/1.20.0+dev-539-g5e389228f/openapi.yaml,Gitea API.,/api/v1,gitea.io,1.20.0+dev-539-g5e389228f,3.x,345,1,UNLABELLED,S2,gitea.io__1.20.0+dev-539-g5e389228f__openapi.yaml,no_keyword_match
github.com/api.github.com.2022-11-28/1.1.4/openapi.yaml,GitHub v3 REST API,https://github.com/,github.com,1.1.4,3.x,845,0,devtools,S2,github.com__api.github.com.2022-11-28__1.1.4__openapi.yaml,provider_override:github.com
github.com/api.github.com/1.1.4/openapi.yaml,GitHub v3 REST API,https://api.github.com,github.com,1.1.4,3.x,845,0,devtools,S2,github.com__api.github.com__1.1.4__openapi.yaml,provider_override:github.com
github.com/ghes-2.18/1.1.4/openapi.yaml,GitHub v3 REST API,{protocol}://{hostname}/api/v3,github.com,1.1.4,3.x,509,0,devtools,S2,github.com__ghes-2.18__1.1.4__openapi.yaml,provider_override:github.com
github.com/v0.1/openapi.yaml,Eqivo API,https://raw.github.com/rtckit/media/master/eqivo/readme-splash.png,github.com,v0.1,3.x,29,0,devtools,S2,github.com__v0.1__openapi.yaml,provider_override:github.com
gitlab.com/v3/swagger.yaml,Gitlab,gitlab.com,gitlab.com,v3,2.0,358,0,devtools,S2,gitlab.com__v3__swagger.yaml,provider_override:gitlab.com
goog.io/0.1.0/openapi.yaml,goog.io | Unoffical Google Search API,https://api.goog.io,goog.io,0.1.0,3.x,6,0,UNLABELLED,S2,goog.io__0.1.0__openapi.yaml,no_keyword_match
google.com/v3/openapi.yaml,Travel Partner API,https://travelpartner.googleapis.com/,google.com,v3,3.x,23,0,travel,S2,google.com__v3__openapi.yaml,keywords:travel
google.home/2.0/openapi.yaml,Google Home,http://example.com/setup,google.home,2.0,3.x,30,0,UNLABELLED,S2,google.home__2.0__openapi.yaml,no_keyword_match
googleapis.com/accessapproval/v1/openapi.yaml,Access Approval API,https://accessapproval.googleapis.com/,googleapis.com,v1,3.x,7,0,devtools,S2,googleapis.com__accessapproval__v1__openapi.yaml,provider_override:googleapis.com
googleapis.com/accesscontextmanager/v1/openapi.yaml,Access Context Manager API,https://accesscontextmanager.googleapis.com/,googleapis.com,v1,3.x,22,0,devtools,S2,googleapis.com__accesscontextmanager__v1__openapi.yaml,provider_override:googleapis.com
googleapis.com/adexchangebuyer/v1.2/openapi.yaml,Ad Exchange Buyer API,https://www.googleapis.com/adexchangebuyer/v1.2,googleapis.com,v1.2,3.x,7,0,devtools,S2,googleapis.com__adexchangebuyer__v1.2__openapi.yaml,provider_override:googleapis.com
googleapis.com/adexchangebuyer/v1.3/openapi.yaml,Ad Exchange Buyer API,https://www.googleapis.com/adexchangebuyer/v1.3,googleapis.com,v1.3,3.x,21,0,devtools,S2,googleapis.com__adexchangebuyer__v1.3__openapi.yaml,provider_override:googleapis.com
googleapis.com/adexchangebuyer/v1.4/openapi.yaml,Ad Exchange Buyer API,https://www.googleapis.com/adexchangebuyer/v1.4,googleapis.com,v1.4,3.x,38,0,devtools,S2,googleapis.com__adexchangebuyer__v1.4__openapi.yaml,provider_override:googleapis.com
googleapis.com/adexchangebuyer2/v2beta1/openapi.yaml,Ad Exchange Buyer API II,https://adexchangebuyer.googleapis.com/,googleapis.com,v2beta1,3.x,50,0,devtools,S2,googleapis.com__adexchangebuyer2__v2beta1__openapi.yaml,provider_override:googleapis.com
googleapis.com/admin/datatransfer_v1/openapi.yaml,Admin SDK API,https://admin.googleapis.com/,googleapis.com,datatransfer_v1,3.x,5,0,devtools,S2,googleapis.com__admin__datatransfer_v1__openapi.yaml,provider_override:googleapis.com
googleapis.com/admob/v1/openapi.yaml,AdMob API,https://admob.googleapis.com/,googleapis.com,v1,3.x,6,0,devtools,S2,googleapis.com__admob__v1__openapi.yaml,provider_override:googleapis.com
googleapis.com/adsense/v1.4/openapi.yaml,AdSense Management API,https://www.googleapis.com/adsense/v1.4,googleapis.com,v1.4,3.x,39,0,devtools,S2,googleapis.com__adsense__v1.4__openapi.yaml,provider_override:googleapis.com
googleapis.com/adsense/v2/openapi.yaml,AdSense Management API,https://adsense.googleapis.com/,googleapis.com,v2,3.x,24,0,devtools,S2,googleapis.com__adsense__v2__openapi.yaml,provider_override:googleapis.com
googleapis.com/adsensehost/v4.1/openapi.yaml,AdSense Host API,https://www.googleapis.com/adsensehost/v4.1,googleapis.com,v4.1,3.x,26,0,devtools,S2,googleapis.com__adsensehost__v4.1__openapi.yaml,provider_override:googleapis.com
googleapis.com/advisorynotifications/v1/openapi.yaml,Advisory Notifications API,https://advisorynotifications.googleapis.com/,googleapis.com,v1,3.x,3,0,devtools,S2,googleapis.com__advisorynotifications__v1__openapi.yaml,provider_override:googleapis.com
googleapis.com/aiplatform/v1beta1/openapi.yaml,Vertex AI API,https://aiplatform.googleapis.com/,googleapis.com,v1beta1,3.x,173,0,devtools,S2,googleapis.com__aiplatform__v1beta1__openapi.yaml,provider_override:googleapis.com
googleapis.com/alertcenter/v1beta1/openapi.yaml,Google Workspace Alert Center API,https://alertcenter.googleapis.com/,googleapis.com,v1beta1,3.x,11,0,devtools,S2,googleapis.com__alertcenter__v1beta1__openapi.yaml,provider_override:googleapis.com
googleapis.com/alloydb/v1/openapi.yaml,AlloyDB API,https://alloydb.googleapis.com/,googleapis.com,v1,3.x,24,0,devtools,S2,googleapis.com__alloydb__v1__openapi.yaml,provider_override:googleapis.com
googleapis.com/analytics/v2.4/openapi.yaml,Google Analytics,https://www.googleapis.com/analytics/v2.4,googleapis.com,v2.4,3.x,6,0,devtools,S2,googleapis.com__analytics__v2.4__openapi.yaml,provider_override:googleapis.com
googleapis.com/analytics/v3/openapi.yaml,Google Analytics API,https://analytics.googleapis.com/analytics/v3,googleapis.com,v3,3.x,88,0,devtools,S2,googleapis.com__analytics__v3__openapi.yaml,provider_override:googleapis.com
googleapis.com/analyticsadmin/v1alpha/openapi.yaml,Google Analytics Admin API,https://analyticsadmin.googleapis.com/,googleapis.com,v1alpha,3.x,67,0,devtools,S2,googleapis.com__analyticsadmin__v1alpha__openapi.yaml,provider_override:googleapis.com
googleapis.com/analyticsdata/v1beta/openapi.yaml,Google Analytics Data API,https://analyticsdata.googleapis.com/,googleapis.com,v1beta,3.x,10,0,devtools,S2,googleapis.com__analyticsdata__v1beta__openapi.yaml,provider_override:googleapis.com
googleapis.com/analyticshub/v1beta1/openapi.yaml,Analytics Hub API,https://analyticshub.googleapis.com/,googleapis.com,v1beta1,3.x,12,0,devtools,S2,googleapis.com__analyticshub__v1beta1__openapi.yaml,provider_override:googleapis.com
googleapis.com/androiddeviceprovisioning/v1/openapi.yaml,Android Device Provisioning Partner API,https://androiddeviceprovisioning.googleapis.com/,googleapis.com,v1,3.x,24,0,devtools,S2,googleapis.com__androiddeviceprovisioning__v1__openapi.yaml,provider_override:googleapis.com
googleapis.com/androidenterprise/v1/openapi.yaml,Google Play EMM API,https://androidenterprise.googleapis.com/,googleapis.com,v1,3.x,76,0,devtools,S2,googleapis.com__androidenterprise__v1__openapi.yaml,provider_override:googleapis.com
googleapis.com/androidmanagement/v1/openapi.yaml,Android Management API,https://androidmanagement.googleapis.com/,googleapis.com,v1,3.x,17,0,devtools,S2,googleapis.com__androidmanagement__v1__openapi.yaml,provider_override:googleapis.com
googleapis.com/androidpublisher/v1.1/openapi.yaml,Google Play Developer,https://www.googleapis.com/androidpublisher/v1.1/applications,googleapis.com,v1.1,3.x,3,0,devtools,S2,googleapis.com__androidpublisher__v1.1__openapi.yaml,provider_override:googleapis.com
googleapis.com/androidpublisher/v2/openapi.yaml,Google Play Developer,https://www.googleapis.com/androidpublisher/v2/applications,googleapis.com,v2,3.x,58,0,devtools,S2,googleapis.com__androidpublisher__v2__openapi.yaml,provider_override:googleapis.com
googleapis.com/androidpublisher/v3/openapi.yaml,Google Play Android Developer API,https://androidpublisher.googleapis.com/,googleapis.com,v3,3.x,111,0,devtools,S2,googleapis.com__androidpublisher__v3__openapi.yaml,provider_override:googleapis.com
googleapis.com/apigateway/v1alpha2/openapi.yaml,API Gateway API,https://apigateway.googleapis.com/,googleapis.com,v1alpha2,3.x,8,0,devtools,S2,googleapis.com__apigateway__v1alpha2__openapi.yaml,provider_override:googleapis.com
googleapis.com/apigee/v1/openapi.yaml,Apigee API,https://apigee.googleapis.com/,googleapis.com,v1,3.x,120,0,devtools,S2,googleapis.com__apigee__v1__openapi.yaml,provider_override:googleapis.com
googleapis.com/apigeeregistry/v1/openapi.yaml,Apigee Registry API,https://apigeeregistry.googleapis.com/,googleapis.com,v1,3.x,26,0,devtools,S2,googleapis.com__apigeeregistry__v1__openapi.yaml,provider_override:googleapis.com
googleapis.com/apikeys/v2/openapi.yaml,API Keys API,https://apikeys.googleapis.com/,googleapis.com,v2,3.x,8,0,devtools,S2,googleapis.com__apikeys__v2__openapi.yaml,provider_override:googleapis.com
googleapis.com/appengine/v1/openapi.yaml,App Engine Admin API,https://appengine.googleapis.com/,googleapis.com,v1,3.x,40,0,devtools,S2,googleapis.com__appengine__v1__openapi.yaml,provider_override:googleapis.com
googleapis.com/apphub/v1/openapi.yaml,App Hub API,https://apphub.googleapis.com/,googleapis.com,v1,3.x,21,0,devtools,S2,googleapis.com__apphub__v1__openapi.yaml,provider_override:googleapis.com
googleapis.com/area120tables/v1alpha1/openapi.yaml,Area120 Tables API,https://area120tables.googleapis.com/,googleapis.com,v1alpha1,3.x,10,0,devtools,S2,googleapis.com__area120tables__v1alpha1__openapi.yaml,provider_override:googleapis.com
googleapis.com/artifactregistry/v1beta2/openapi.yaml,Artifact Registry API,https://artifactregistry.googleapis.com/,googleapis.com,v1beta2,3.x,18,0,devtools,S2,googleapis.com__artifactregistry__v1beta2__openapi.yaml,provider_override:googleapis.com
googleapis.com/assuredworkloads/v1beta1/openapi.yaml,Assured Workloads API,https://assuredworkloads.googleapis.com/,googleapis.com,v1beta1,3.x,11,0,devtools,S2,googleapis.com__assuredworkloads__v1beta1__openapi.yaml,provider_override:googleapis.com
googleapis.com/authorizedbuyersmarketplace/v1/openapi.yaml,Authorized Buyers Marketplace API,https://authorizedbuyersmarketplace.googleapis.com/,googleapis.com,v1,3.x,27,0,devtools,S2,googleapis.com__authorizedbuyersmarketplace__v1__openapi.yaml,provider_override:googleapis.com
googleapis.com/automl/v1beta1/openapi.yaml,Cloud AutoML API,https://automl.googleapis.com/,googleapis.com,v1beta1,3.x,25,0,devtools,S2,googleapis.com__automl__v1beta1__openapi.yaml,provider_override:googleapis.com
googleapis.com/backupdr/v1/openapi.yaml,Backup and DR Service API,https://backupdr.googleapis.com/,googleapis.com,v1,3.x,10,0,devtools,S2,googleapis.com__backupdr__v1__openapi.yaml,provider_override:googleapis.com
googleapis.com/baremetalsolution/v2/openapi.yaml,Bare Metal Solution API,https://baremetalsolution.googleapis.com/,googleapis.com,v2,3.x,30,0,devtools,S2,googleapis.com__baremetalsolution__v2__openapi.yaml,provider_override:googleapis.com
googleapis.com/batch/v1/openapi.yaml,Batch API,https://batch.googleapis.com/,googleapis.com,v1,3.x,9,0,devtools,S2,googleapis.com__batch__v1__openapi.yaml,provider_override:googleapis.com
googleapis.com/beyondcorp/v1/openapi.yaml,BeyondCorp API,https://beyondcorp.googleapis.com/,googleapis.com,v1,3.x,18,0,devtools,S2,googleapis.com__beyondcorp__v1__openapi.yaml,provider_override:googleapis.com
googleapis.com/biglake/v1/openapi.yaml,BigLake API,https://biglake.googleapis.com/,googleapis.com,v1,3.x,10,0,devtools,S2,googleapis.com__biglake__v1__openapi.yaml,provider_override:googleapis.com
googleapis.com/bigquery/v2/openapi.yaml,BigQuery API,https://bigquery.googleapis.com/bigquery/v2,googleapis.com,v2,3.x,37,0,devtools,S2,googleapis.com__bigquery__v2__openapi.yaml,provider_override:googleapis.com
googleapis.com/bigqueryconnection/v1beta1/openapi.yaml,BigQuery Connection API,https://bigqueryconnection.googleapis.com/,googleapis.com,v1beta1,3.x,8,0,devtools,S2,googleapis.com__bigqueryconnection__v1beta1__openapi.yaml,provider_override:googleapis.com
googleapis.com/bigquerydatapolicy/v1/openapi.yaml,BigQuery Data Policy API,https://bigquerydatapolicy.googleapis.com/,googleapis.com,v1,3.x,9,0,devtools,S2,googleapis.com__bigquerydatapolicy__v1__openapi.yaml,provider_override:googleapis.com
googleapis.com/bigquerydatatransfer/v1/openapi.yaml,BigQuery Data Transfer API,https://bigquerydatatransfer.googleapis.com/,googleapis.com,v1,3.x,14,0,devtools,S2,googleapis.com__bigquerydatatransfer__v1__openapi.yaml,provider_override:googleapis.com
googleapis.com/bigqueryreservation/v1beta1/openapi.yaml,BigQuery Reservation API,https://bigqueryreservation.googleapis.com/,googleapis.com,v1beta1,3.x,13,0,devtools,S2,googleapis.com__bigqueryreservation__v1beta1__openapi.yaml,provider_override:googleapis.com
googleapis.com/bigtableadmin/v2/openapi.yaml,Cloud Bigtable Admin API,https://bigtableadmin.googleapis.com/,googleapis.com,v2,3.x,27,0,devtools,S2,googleapis.com__bigtableadmin__v2__openapi.yaml,provider_override:googleapis.com
googleapis.com/billingbudgets/v1beta1/openapi.yaml,Cloud Billing Budget API,https://billingbudgets.googleapis.com/,googleapis.com,v1beta1,3.x,5,0,devtools,S2,googleapis.com__billingbudgets__v1beta1__openapi.yaml,provider_override:googleapis.com
googleapis.com/binaryauthorization/v1beta1/openapi.yaml,Binary Authorization API,https://binaryauthorization.googleapis.com/,googleapis.com,v1beta1,3.x,9,0,devtools,S2,googleapis.com__binaryauthorization__v1beta1__openapi.yaml,provider_override:googleapis.com
googleapis.com/blockchainnodeengine/v1/openapi.yaml,Blockchain Node Engine API,https://blockchainnodeengine.googleapis.com/,googleapis.com,v1,3.x,8,0,devtools,S2,googleapis.com__blockchainnodeengine__v1__openapi.yaml,provider_override:googleapis.com
googleapis.com/blogger/v3/openapi.yaml,Blogger API,https://blogger.googleapis.com/,googleapis.com,v3,3.x,33,0,devtools,S2,googleapis.com__blogger__v3__openapi.yaml,provider_override:googleapis.com
googleapis.com/books/v1/openapi.yaml,Books API,https://books.googleapis.com/,googleapis.com,v1,3.x,51,0,devtools,S2,googleapis.com__books__v1__openapi.yaml,provider_override:googleapis.com
googleapis.com/businessprofileperformance/v1/openapi.yaml,Business Profile Performance API,https://businessprofileperformance.googleapis.com/,googleapis.com,v1,3.x,3,0,devtools,S2,googleapis.com__businessprofileperformance__v1__openapi.yaml,provider_override:googleapis.com
googleapis.com/calendar/v3/openapi.yaml,Calendar API,https://www.googleapis.com/calendar/v3,googleapis.com,v3,3.x,37,0,devtools,S2,googleapis.com__calendar__v3__openapi.yaml,provider_override:googleapis.com
googleapis.com/certificatemanager/v1/openapi.yaml,Certificate Manager API,https://certificatemanager.googleapis.com/,googleapis.com,v1,3.x,18,0,devtools,S2,googleapis.com__certificatemanager__v1__openapi.yaml,provider_override:googleapis.com
googleapis.com/chat/v1/openapi.yaml,Google Chat API,https://chat.googleapis.com/,googleapis.com,v1,3.x,17,0,devtools,S2,googleapis.com__chat__v1__openapi.yaml,provider_override:googleapis.com
googleapis.com/checks/v1alpha/openapi.yaml,Checks API,https://checks.googleapis.com/,googleapis.com,v1alpha,3.x,8,0,devtools,S2,googleapis.com__checks__v1alpha__openapi.yaml,provider_override:googleapis.com
googleapis.com/chromemanagement/v1/openapi.yaml,Chrome Management API,https://chromemanagement.googleapis.com/,googleapis.com,v1,3.x,18,0,devtools,S2,googleapis.com__chromemanagement__v1__openapi.yaml,provider_override:googleapis.com
googleapis.com/chromepolicy/v1/openapi.yaml,Chrome Policy API,https://chromepolicy.googleapis.com/,googleapis.com,v1,3.x,14,0,devtools,S2,googleapis.com__chromepolicy__v1__openapi.yaml,provider_override:googleapis.com
googleapis.com/civicinfo/v2/openapi.yaml,Google Civic Information API,https://civicinfo.googleapis.com/,googleapis.com,v2,3.x,5,0,devtools,S2,googleapis.com__civicinfo__v2__openapi.yaml,provider_override:googleapis.com
googleapis.com/classroom/v1/openapi.yaml,Google Classroom API,https://classroom.googleapis.com/,googleapis.com,v1,3.x,61,0,devtools,S2,googleapis.com__classroom__v1__openapi.yaml,provider_override:googleapis.com
googleapis.com/cloudasset/v1beta1/openapi.yaml,Cloud Asset API,https://cloudasset.googleapis.com/,googleapis.com,v1beta1,3.x,3,0,devtools,S2,googleapis.com__cloudasset__v1beta1__openapi.yaml,provider_override:googleapis.com
googleapis.com/cloudbilling/v1/openapi.yaml,Cloud Billing API,https://cloudbilling.googleapis.com/,googleapis.com,v1,3.x,18,0,devtools,S2,googleapis.com__cloudbilling__v1__openapi.yaml,provider_override:googleapis.com
googleapis.com/cloudbuild/v2/openapi.yaml,Cloud Build API,https://cloudbuild.googleapis.com/,googleapis.com,v2,3.x,18,0,devtools,S2,googleapis.com__cloudbuild__v2__openapi.yaml,provider_override:googleapis.com
googleapis.com/cloudchannel/v1/openapi.yaml,Cloud Channel API,https://cloudchannel.googleapis.com/,googleapis.com,v1,3.x,43,0,devtools,S2,googleapis.com__cloudchannel__v1__openapi.yaml,provider_override:googleapis.com
googleapis.com/clouddebugger/v2/openapi.yaml,Cloud Debugger API (Deprecated),https://clouddebugger.googleapis.com/,googleapis.com,v2,3.x,8,0,devtools,S2,googleapis.com__clouddebugger__v2__openapi.yaml,provider_override:googleapis.com
googleapis.com/clouddeploy/v1/openapi.yaml,Cloud Deploy API,https://clouddeploy.googleapis.com/,googleapis.com,v1,3.x,30,0,devtools,S2,googleapis.com__clouddeploy__v1__openapi.yaml,provider_override:googleapis.com
googleapis.com/clouderrorreporting/v1beta1/openapi.yaml,Error Reporting API,https://clouderrorreporting.googleapis.com/,googleapis.com,v1beta1,3.x,6,0,devtools,S2,googleapis.com__clouderrorreporting__v1beta1__openapi.yaml,provider_override:googleapis.com
googleapis.com/cloudfunctions/v2/openapi.yaml,Cloud Functions API,https://cloudfunctions.googleapis.com/,googleapis.com,v2,3.x,18,0,devtools,S2,googleapis.com__cloudfunctions__v2__openapi.yaml,provider_override:googleapis.com
googleapis.com/cloudidentity/v1beta1/openapi.yaml,Cloud Identity API,https://cloudidentity.googleapis.com/,googleapis.com,v1beta1,3.x,35,0,devtools,S2,googleapis.com__cloudidentity__v1beta1__openapi.yaml,provider_override:googleapis.com
googleapis.com/cloudiot/v1/openapi.yaml,Cloud IoT API,https://cloudiot.googleapis.com/,googleapis.com,v1,3.x,16,0,devtools,S2,googleapis.com__cloudiot__v1__openapi.yaml,provider_override:googleapis.com
googleapis.com/cloudkms/v1/openapi.yaml,Cloud Key Management Service (KMS) API,https://cloudkms.googleapis.com/,googleapis.com,v1,3.x,31,0,devtools,S2,googleapis.com__cloudkms__v1__openapi.yaml,provider_override:googleapis.com
googleapis.com/cloudprivatecatalog/v1beta1/openapi.yaml,Cloud Private Catalog,https://cloudprivatecatalog.googleapis.com/,googleapis.com,v1beta1,3.x,3,0,devtools,S2,googleapis.com__cloudprivatecatalog__v1beta1__openapi.yaml,provider_override:googleapis.com
googleapis.com/cloudprivatecatalogproducer/v1beta1/openapi.yaml,Cloud Private Catalog Producer,https://cloudprivatecatalogproducer.googleapis.com/,googleapis.com,v1beta1,3.x,19,0,devtools,S2,googleapis.com__cloudprivatecatalogproducer__v1beta1__openapi.yaml,provider_override:googleapis.com
googleapis.com/cloudprofiler/v2/openapi.yaml,Cloud Profiler API,https://cloudprofiler.googleapis.com/,googleapis.com,v2,3.x,4,0,devtools,S2,googleapis.com__cloudprofiler__v2__openapi.yaml,provider_override:googleapis.com
googleapis.com/cloudresourcemanager/v3/openapi.yaml,Cloud Resource Manager API,https://cloudresourcemanager.googleapis.com/,googleapis.com,v3,3.x,28,0,devtools,S2,googleapis.com__cloudresourcemanager__v3__openapi.yaml,provider_override:googleapis.com
googleapis.com/cloudscheduler/v1beta1/openapi.yaml,Cloud Scheduler API,https://cloudscheduler.googleapis.com/,googleapis.com,v1beta1,3.x,9,0,devtools,S2,googleapis.com__cloudscheduler__v1beta1__openapi.yaml,provider_override:googleapis.com
googleapis.com/cloudsearch/v1/openapi.yaml,Cloud Search API,https://cloudsearch.googleapis.com/,googleapis.com,v1,3.x,44,0,devtools,S2,googleapis.com__cloudsearch__v1__openapi.yaml,provider_override:googleapis.com
googleapis.com/cloudshell/v1/openapi.yaml,Cloud Shell API,https://cloudshell.googleapis.com/,googleapis.com,v1,3.x,7,0,devtools,S2,googleapis.com__cloudshell__v1__openapi.yaml,provider_override:googleapis.com
googleapis.com/cloudsupport/v2/openapi.yaml,Google Cloud Support API,https://cloudsupport.googleapis.com/,googleapis.com,v2,3.x,13,0,devtools,S2,googleapis.com__cloudsupport__v2__openapi.yaml,provider_override:googleapis.com
googleapis.com/cloudtasks/v2beta3/openapi.yaml,Cloud Tasks API,https://cloudtasks.googleapis.com/,googleapis.com,v2beta3,3.x,16,0,devtools,S2,googleapis.com__cloudtasks__v2beta3__openapi.yaml,provider_override:googleapis.com
googleapis.com/cloudtrace/v2beta1/openapi.yaml,Cloud Trace API,https://cloudtrace.googleapis.com/,googleapis.com,v2beta1,3.x,5,0,devtools,S2,googleapis.com__cloudtrace__v2beta1__openapi.yaml,provider_override:googleapis.com
googleapis.com/composer/v1beta1/openapi.yaml,Cloud Composer API,https://composer.googleapis.com/,googleapis.com,v1beta1,3.x,22,0,devtools,S2,googleapis.com__composer__v1beta1__openapi.yaml,provider_override:googleapis.com
googleapis.com/compute/alpha/openapi.yaml,Compute Engine API,https://compute.googleapis.com/compute/alpha,googleapis.com,alpha,3.x,916,0,devtools,S2,googleapis.com__compute__alpha__openapi.yaml,provider_override:googleapis.com
googleapis.com/compute/beta/openapi.yaml,Compute Engine API,https://compute.googleapis.com/compute/beta,googleapis.com,beta,3.x,850,0,devtools,S2,googleapis.com__compute__beta__openapi.yaml,provider_override:googleapis.com
googleapis.com/compute/v1/openapi.yaml,Compute Engine API,https://compute.googleapis.com/compute/v1,googleapis.com,v1,3.x,758,0,devtools,S2,googleapis.com__compute__v1__openapi.yaml,provider_override:googleapis.com
googleapis.com/connectors/v2/openapi.yaml,Connectors API,https://connectors.googleapis.com/,googleapis.com,v2,3.x,15,0,devtools,S2,googleapis.com__connectors__v2__openapi.yaml,provider_override:googleapis.com
googleapis.com/contactcenteraiplatform/v1alpha1/openapi.yaml,Contact Center AI Platform API,https://contactcenteraiplatform.googleapis.com/,googleapis.com,v1alpha1,3.x,9,0,devtools,S2,googleapis.com__contactcenteraiplatform__v1alpha1__openapi.yaml,provider_override:googleapis.com
googleapis.com/contactcenterinsights/v1/openapi.yaml,Contact Center AI Insights API,https://contactcenterinsights.googleapis.com/,googleapis.com,v1,3.x,27,0,devtools,S2,googleapis.com__contactcenterinsights__v1__openapi.yaml,provider_override:googleapis.com
googleapis.com/container/v1beta1/openapi.yaml,Kubernetes Engine API,https://container.googleapis.com/,googleapis.com,v1beta1,3.x,62,0,devtools,S2,googleapis.com__container__v1beta1__openapi.yaml,provider_override:googleapis.com
googleapis.com/containeranalysis/v1alpha1/openapi.yaml,Container Analysis API,https://containeranalysis.googleapis.com/,googleapis.com,v1alpha1,3.x,16,0,devtools,S2,googleapis.com__containeranalysis__v1alpha1__openapi.yaml,provider_override:googleapis.com
googleapis.com/content/v2.1/openapi.yaml,Content API for Shopping,https://shoppingcontent.googleapis.com/content/v2.1,googleapis.com,v2.1,3.x,175,0,devtools,S2,googleapis.com__content__v2.1__openapi.yaml,provider_override:googleapis.com
googleapis.com/content/v2/openapi.yaml,Content API for Shopping,https://shoppingcontent.googleapis.com/content/v2,googleapis.com,v2,3.x,86,0,devtools,S2,googleapis.com__content__v2__openapi.yaml,provider_override:googleapis.com
googleapis.com/contentwarehouse/v1/openapi.yaml,Document AI Warehouse API,https://contentwarehouse.googleapis.com/,googleapis.com,v1,3.x,22,0,devtools,S2,googleapis.com__contentwarehouse__v1__openapi.yaml,provider_override:googleapis.com
googleapis.com/datacatalog/v1beta1/openapi.yaml,Google Cloud Data Catalog API,https://datacatalog.googleapis.com/,googleapis.com,v1beta1,3.x,23,0,devtools,S2,googleapis.com__datacatalog__v1beta1__openapi.yaml,provider_override:googleapis.com
googleapis.com/dataflow/v1b3/openapi.yaml,Dataflow API,https://dataflow.googleapis.com/,googleapis.com,v1b3,3.x,41,0,devtools,S2,googleapis.com__dataflow__v1b3__openapi.yaml,provider_override:googleapis.com
googleapis.com/dataform/v1beta1/openapi.yaml,Dataform API,https://dataform.googleapis.com/,googleapis.com,v1beta1,3.x,43,0,devtools,S2,googleapis.com__dataform__v1beta1__openapi.yaml,provider_override:googleapis.com
googleapis.com/datafusion/v1beta1/openapi.yaml,Cloud Data Fusion API,https://datafusion.googleapis.com/,googleapis.com,v1beta1,3.x,18,0,devtools,S2,googleapis.com__datafusion__v1beta1__openapi.yaml,provider_override:googleapis.com
googleapis.com/datalabeling/v1beta1/openapi.yaml,Data Labeling API,https://datalabeling.googleapis.com/,googleapis.com,v1beta1,3.x,28,0,devtools,S2,googleapis.com__datalabeling__v1beta1__openapi.yaml,provider_override:googleapis.com
googleapis.com/datalineage/v1/openapi.yaml,Data Lineage API,https://datalineage.googleapis.com/,googleapis.com,v1,3.x,13,0,devtools,S2,googleapis.com__datalineage__v1__openapi.yaml,provider_override:googleapis.com
googleapis.com/datamigration/v1beta1/openapi.yaml,Database Migration API,https://datamigration.googleapis.com/,googleapis.com,v1beta1,3.x,20,0,devtools,S2,googleapis.com__datamigration__v1beta1__openapi.yaml,provider_override:googleapis.com
googleapis.com/datapipelines/v1/openapi.yaml,Data pipelines API,https://datapipelines.googleapis.com/,googleapis.com,v1,3.x,8,0,devtools,S2,googleapis.com__datapipelines__v1__openapi.yaml,provider_override:googleapis.com
googleapis.com/dataplex/v1/openapi.yaml,Cloud Dataplex API,https://dataplex.googleapis.com/,googleapis.com,v1,3.x,40,0,devtools,S2,googleapis.com__dataplex__v1__openapi.yaml,provider_override:googleapis.com
googleapis.com/dataportability/v1beta/openapi.yaml,Data Portability API,https://dataportability.googleapis.com/,googleapis.com,v1beta,3.x,4,0,devtools,S2,googleapis.com__dataportability__v1beta__openapi.yaml,provider_override:googleapis.com
googleapis.com/dataproc/v1/openapi.yaml,Cloud Dataproc API,https://dataproc.googleapis.com/,googleapis.com,v1,3.x,41,0,devtools,S2,googleapis.com__dataproc__v1__openapi.yaml,provider_override:googleapis.com
googleapis.com/datastore/v1beta3/openapi.yaml,Cloud Datastore API,https://datastore.googleapis.com/,googleapis.com,v1beta3,3.x,8,0,devtools,S2,googleapis.com__datastore__v1beta3__openapi.yaml,provider_override:googleapis.com
googleapis.com/datastream/v1alpha1/openapi.yaml,Datastream API,https://datastream.googleapis.com/,googleapis.com,v1alpha1,3.x,20,0,devtools,S2,googleapis.com__datastream__v1alpha1__openapi.yaml,provider_override:googleapis.com
googleapis.com/deploymentmanager/v2/openapi.yaml,Cloud Deployment Manager V2 API,https://deploymentmanager.googleapis.com/,googleapis.com,v2,3.x,18,0,devtools,S2,googleapis.com__deploymentmanager__v2__openapi.yaml,provider_override:googleapis.com
googleapis.com/dfareporting/v3.3/openapi.yaml,Campaign Manager 360 API,https://dfareporting.googleapis.com/dfareporting/v3.3,googleapis.com,v3.3,3.x,204,0,devtools,S2,googleapis.com__dfareporting__v3.3__openapi.yaml,provider_override:googleapis.com
googleapis.com/dfareporting/v3.4/openapi.yaml,Campaign Manager 360 API,https://dfareporting.googleapis.com/dfareporting/v3.4,googleapis.com,v3.4,3.x,205,0,devtools,S2,googleapis.com__dfareporting__v3.4__openapi.yaml,provider_override:googleapis.com
googleapis.com/dfareporting/v4/openapi.yaml,Campaign Manager 360 API,https://dfareporting.googleapis.com/dfareporting/v4,googleapis.com,v4,3.x,209,0,devtools,S2,googleapis.com__dfareporting__v4__openapi.yaml,provider_override:googleapis.com
googleapis.com/dialogflow/v3beta1/openapi.yaml,Dialogflow API,https://dialogflow.googleapis.com/,googleapis.com,v3beta1,3.x,63,0,devtools,S2,googleapis.com__dialogflow__v3beta1__openapi.yaml,provider_override:googleapis.com
googleapis.com/digitalassetlinks/v1/openapi.yaml,Digital Asset Links API,https://digitalassetlinks.googleapis.com/,googleapis.com,v1,3.x,3,0,devtools,S2,googleapis.com__digitalassetlinks__v1__openapi.yaml,provider_override:googleapis.com
googleapis.com/discoveryengine/v1alpha/openapi.yaml,Discovery Engine API,https://discoveryengine.googleapis.com/,googleapis.com,v1alpha,3.x,44,0,devtools,S2,googleapis.com__discoveryengine__v1alpha__openapi.yaml,provider_override:googleapis.com
googleapis.com/displayvideo/v4/openapi.yaml,Display & Video 360 API,https://displayvideo.googleapis.com/,googleapis.com,v4,3.x,3,0,devtools,S2,googleapis.com__displayvideo__v4__openapi.yaml,provider_override:googleapis.com
googleapis.com/dlp/v2/openapi.yaml,Sensitive Data Protection (DLP),https://dlp.googleapis.com/,googleapis.com,v2,3.x,28,0,devtools,S2,googleapis.com__dlp__v2__openapi.yaml,provider_override:googleapis.com
googleapis.com/dns/v2/openapi.yaml,Cloud DNS API,https://dns.googleapis.com/,googleapis.com,v2,3.x,40,0,devtools,S2,googleapis.com__dns__v2__openapi.yaml,provider_override:googleapis.com
googleapis.com/docs/v1/openapi.yaml,Google Docs API,https://docs.googleapis.com/,googleapis.com,v1,3.x,3,0,devtools,S2,googleapis.com__docs__v1__openapi.yaml,provider_override:googleapis.com
googleapis.com/documentai/v1beta3/openapi.yaml,Cloud Document AI API,https://documentai.googleapis.com/,googleapis.com,v1beta3,3.x,26,0,devtools,S2,googleapis.com__documentai__v1beta3__openapi.yaml,provider_override:googleapis.com
googleapis.com/domains/v1alpha2/openapi.yaml,Cloud Domains API,https://domains.googleapis.com/,googleapis.com,v1alpha2,3.x,22,0,devtools,S2,googleapis.com__domains__v1alpha2__openapi.yaml,provider_override:googleapis.com
googleapis.com/domainsrdap/v1/openapi.yaml,Domains RDAP API,https://domainsrdap.googleapis.com/,googleapis.com,v1,3.x,10,0,devtools,S2,googleapis.com__domainsrdap__v1__openapi.yaml,provider_override:googleapis.com
googleapis.com/doubleclickbidmanager/v1.1/openapi.yaml,DoubleClick Bid Manager API,https://doubleclickbidmanager.googleapis.com/doubleclickbidmanager/v1.1,googleapis.com,v1.1,3.x,6,0,devtools,S2,googleapis.com__doubleclickbidmanager__v1.1__openapi.yaml,provider_override:googleapis.com
googleapis.com/doubleclickbidmanager/v2/openapi.yaml,DoubleClick Bid Manager API,https://doubleclickbidmanager.googleapis.com/v2,googleapis.com,v2,3.x,7,0,devtools,S2,googleapis.com__doubleclickbidmanager__v2__openapi.yaml,provider_override:googleapis.com
googleapis.com/doubleclicksearch/v2/openapi.yaml,Search Ads 360 API,https://doubleclicksearch.googleapis.com/,googleapis.com,v2,3.x,11,0,devtools,S2,googleapis.com__doubleclicksearch__v2__openapi.yaml,provider_override:googleapis.com
googleapis.com/drive/v2/openapi.yaml,Google Drive API,https://www.googleapis.com/drive/v2,googleapis.com,v2,3.x,74,0,devtools,S2,googleapis.com__drive__v2__openapi.yaml,provider_override:googleapis.com
googleapis.com/drive/v3/openapi.yaml,Google Drive API,https://www.googleapis.com/drive/v3,googleapis.com,v3,3.x,50,0,devtools,S2,googleapis.com__drive__v3__openapi.yaml,provider_override:googleapis.com
googleapis.com/drivelabels/v2/openapi.yaml,Drive Labels API,https://drivelabels.googleapis.com/,googleapis.com,v2,3.x,16,0,devtools,S2,googleapis.com__drivelabels__v2__openapi.yaml,provider_override:googleapis.com
googleapis.com/essentialcontacts/v1/openapi.yaml,Essential Contacts API,https://essentialcontacts.googleapis.com/,googleapis.com,v1,3.x,7,0,devtools,S2,googleapis.com__essentialcontacts__v1__openapi.yaml,provider_override:googleapis.com
googleapis.com/eventarc/v1beta1/openapi.yaml,Eventarc API,https://eventarc.googleapis.com/,googleapis.com,v1beta1,3.x,11,0,devtools,S2,googleapis.com__eventarc__v1beta1__openapi.yaml,provider_override:googleapis.com
googleapis.com/factchecktools/v1alpha1/openapi.yaml,Fact Check Tools API,https://factchecktools.googleapis.com/,googleapis.com,v1alpha1,3.x,6,0,devtools,S2,googleapis.com__factchecktools__v1alpha1__openapi.yaml,provider_override:googleapis.com
googleapis.com/file/v1beta1/openapi.yaml,Cloud Filestore API,https://file.googleapis.com/,googleapis.com,v1beta1,3.x,16,0,devtools,S2,googleapis.com__file__v1beta1__openapi.yaml,provider_override:googleapis.com
googleapis.com/firebase/v1beta1/openapi.yaml,Firebase Management API,https://firebase.googleapis.com/,googleapis.com,v1beta1,3.x,21,0,devtools,S2,googleapis.com__firebase__v1beta1__openapi.yaml,provider_override:googleapis.com
googleapis.com/firebaseappcheck/v1/openapi.yaml,Firebase App Check API,https://firebaseappcheck.googleapis.com/,googleapis.com,v1,3.x,24,0,devtools,S2,googleapis.com__firebaseappcheck__v1__openapi.yaml,provider_override:googleapis.com
googleapis.com/firebaseappdistribution/v1/openapi.yaml,Firebase App Distribution API,https://firebaseappdistribution.googleapis.com/,googleapis.com,v1,3.x,18,0,devtools,S2,googleapis.com__firebaseappdistribution__v1__openapi.yaml,provider_override:googleapis.com
googleapis.com/firebasedatabase/v1beta/openapi.yaml,Firebase Realtime Database API,https://firebasedatabase.googleapis.com/,googleapis.com,v1beta,3.x,7,0,devtools,S2,googleapis.com__firebasedatabase__v1beta__openapi.yaml,provider_override:googleapis.com
googleapis.com/firebasedynamiclinks/v1/openapi.yaml,Firebase Dynamic Links API,https://firebasedynamiclinks.googleapis.com/,googleapis.com,v1,3.x,5,0,devtools,S2,googleapis.com__firebasedynamiclinks__v1__openapi.yaml,provider_override:googleapis.com
googleapis.com/firebasehosting/v1beta1/openapi.yaml,Firebase Hosting API,https://firebasehosting.googleapis.com/,googleapis.com,v1beta1,3.x,21,0,devtools,S2,googleapis.com__firebasehosting__v1beta1__openapi.yaml,provider_override:googleapis.com
googleapis.com/firebaseml/v1beta2/openapi.yaml,Firebase ML API,https://firebaseml.googleapis.com/,googleapis.com,v1beta2,3.x,6,0,devtools,S2,googleapis.com__firebaseml__v1beta2__openapi.yaml,provider_override:googleapis.com
googleapis.com/firebaserules/v1/openapi.yaml,Firebase Rules API,https://firebaserules.googleapis.com/,googleapis.com,v1,3.x,9,0,devtools,S2,googleapis.com__firebaserules__v1__openapi.yaml,provider_override:googleapis.com
googleapis.com/firebasestorage/v1beta/openapi.yaml,Cloud Storage for Firebase API,https://firebasestorage.googleapis.com/,googleapis.com,v1beta,3.x,4,0,devtools,S2,googleapis.com__firebasestorage__v1beta__openapi.yaml,provider_override:googleapis.com
googleapis.com/firestore/v1beta2/openapi.yaml,Cloud Firestore API,https://firestore.googleapis.com/,googleapis.com,v1beta2,3.x,8,0,devtools,S2,googleapis.com__firestore__v1beta2__openapi.yaml,provider_override:googleapis.com
googleapis.com/fitness/v1/openapi.yaml,Fitness API,https://fitness.googleapis.com/fitness/v1/users,googleapis.com,v1,3.x,13,0,devtools,S2,googleapis.com__fitness__v1__openapi.yaml,provider_override:googleapis.com
googleapis.com/forms/v1/openapi.yaml,Google Forms API,https://forms.googleapis.com/,googleapis.com,v1,3.x,9,0,devtools,S2,googleapis.com__forms__v1__openapi.yaml,provider_override:googleapis.com
googleapis.com/games/v1/openapi.yaml,Google Play Game Services,https://games.googleapis.com/,googleapis.com,v1,3.x,35,0,devtools,S2,googleapis.com__games__v1__openapi.yaml,provider_override:googleapis.com
googleapis.com/gamesConfiguration/v1configuration/openapi.yaml,Google Play Game Services Publishing API,https://gamesconfiguration.googleapis.com/,googleapis.com,v1configuration,3.x,10,0,devtools,S2,googleapis.com__gamesConfiguration__v1configuration__openapi.yaml,provider_override:googleapis.com
googleapis.com/gamesManagement/v1management/openapi.yaml,Google Play Game Management,https://gamesmanagement.googleapis.com/,googleapis.com,v1management,3.x,18,0,devtools,S2,googleapis.com__gamesManagement__v1management__openapi.yaml,provider_override:googleapis.com
googleapis.com/gameservices/v1/openapi.yaml,Game Services API,https://gameservices.googleapis.com/,googleapis.com,v1,3.x,8,0,devtools,S2,googleapis.com__gameservices__v1__openapi.yaml,provider_override:googleapis.com
googleapis.com/genomics/v2alpha1/openapi.yaml,Genomics API,https://genomics.googleapis.com/,googleapis.com,v2alpha1,3.x,5,0,devtools,S2,googleapis.com__genomics__v2alpha1__openapi.yaml,provider_override:googleapis.com
googleapis.com/gkebackup/v1/openapi.yaml,Backup for GKE API,https://gkebackup.googleapis.com/,googleapis.com,v1,3.x,19,0,devtools,S2,googleapis.com__gkebackup__v1__openapi.yaml,provider_override:googleapis.com
googleapis.com/gkehub/v2alpha/openapi.yaml,GKE Hub API,https://gkehub.googleapis.com/,googleapis.com,v2alpha,3.x,4,0,devtools,S2,googleapis.com__gkehub__v2alpha__openapi.yaml,provider_override:googleapis.com
googleapis.com/gkeonprem/v1/openapi.yaml,Anthos On-Prem API,https://gkeonprem.googleapis.com/,googleapis.com,v1,3.x,30,0,devtools,S2,googleapis.com__gkeonprem__v1__openapi.yaml,provider_override:googleapis.com
googleapis.com/gmail/v1/openapi.yaml,Gmail API,https://gmail.googleapis.com/,googleapis.com,v1,3.x,79,0,devtools,S2,googleapis.com__gmail__v1__openapi.yaml,provider_override:googleapis.com
googleapis.com/gmailpostmastertools/v1beta1/openapi.yaml,Gmail Postmaster Tools API,https://gmailpostmastertools.googleapis.com/,googleapis.com,v1beta1,3.x,3,0,devtools,S2,googleapis.com__gmailpostmastertools__v1beta1__openapi.yaml,provider_override:googleapis.com
googleapis.com/groupssettings/v1/openapi.yaml,Groups Settings API,https://www.googleapis.com/groups/v1/groups,googleapis.com,v1,3.x,3,0,devtools,S2,googleapis.com__groupssettings__v1__openapi.yaml,provider_override:googleapis.com
googleapis.com/healthcare/v1beta1/openapi.yaml,Cloud Healthcare API,https://healthcare.googleapis.com/,googleapis.com,v1beta1,3.x,83,0,devtools,S2,googleapis.com__healthcare__v1beta1__openapi.yaml,provider_override:googleapis.com
googleapis.com/homegraph/v1/openapi.yaml,HomeGraph API,https://homegraph.googleapis.com/,googleapis.com,v1,3.x,5,0,devtools,S2,googleapis.com__homegraph__v1__openapi.yaml,provider_override:googleapis.com
googleapis.com/iam/v2/openapi.yaml,Identity and Access Management (IAM) API,https://iam.googleapis.com/,googleapis.com,v2,3.x,5,0,devtools,S2,googleapis.com__iam__v2__openapi.yaml,provider_override:googleapis.com
googleapis.com/iamcredentials/v1/openapi.yaml,IAM Service Account Credentials API,https://iamcredentials.googleapis.com/,googleapis.com,v1,3.x,4,0,devtools,S2,googleapis.com__iamcredentials__v1__openapi.yaml,provider_override:googleapis.com
googleapis.com/iap/v1beta1/openapi.yaml,Cloud Identity-Aware Proxy API,https://iap.googleapis.com/,googleapis.com,v1beta1,3.x,3,0,devtools,S2,googleapis.com__iap__v1beta1__openapi.yaml,provider_override:googleapis.com
googleapis.com/ideahub/v1alpha/openapi.yaml,Idea Hub API,https://ideahub.googleapis.com/,googleapis.com,v1alpha,3.x,5,0,devtools,S2,googleapis.com__ideahub__v1alpha__openapi.yaml,provider_override:googleapis.com
googleapis.com/identitytoolkit/v2/openapi.yaml,Identity Toolkit API,https://identitytoolkit.googleapis.com/,googleapis.com,v2,3.x,24,0,devtools,S2,googleapis.com__identitytoolkit__v2__openapi.yaml,provider_override:googleapis.com
googleapis.com/identitytoolkit/v3/openapi.yaml,Google Identity Toolkit API,https://www.googleapis.com/identitytoolkit/v3/relyingparty,googleapis.com,v3,3.x,20,0,devtools,S2,googleapis.com__identitytoolkit__v3__openapi.yaml,provider_override:googleapis.com
googleapis.com/ids/v1/openapi.yaml,Cloud IDS API,https://ids.googleapis.com/,googleapis.com,v1,3.x,11,0,devtools,S2,googleapis.com__ids__v1__openapi.yaml,provider_override:googleapis.com
googleapis.com/integrations/v1/openapi.yaml,Application Integration API,https://integrations.googleapis.com/,googleapis.com,v1,3.x,40,0,devtools,S2,googleapis.com__integrations__v1__openapi.yaml,provider_override:googleapis.com
googleapis.com/jobs/v4/openapi.yaml,Cloud Talent Solution API,https://jobs.googleapis.com/,googleapis.com,v4,3.x,16,0,devtools,S2,googleapis.com__jobs__v4__openapi.yaml,provider_override:googleapis.com
googleapis.com/keep/v1/openapi.yaml,Google Keep API,https://keep.googleapis.com/,googleapis.com,v1,3.x,6,0,devtools,S2,googleapis.com__keep__v1__openapi.yaml,provider_override:googleapis.com
googleapis.com/kmsinventory/v1/openapi.yaml,KMS Inventory API,https://kmsinventory.googleapis.com/,googleapis.com,v1,3.x,3,0,devtools,S2,googleapis.com__kmsinventory__v1__openapi.yaml,provider_override:googleapis.com
googleapis.com/language/v2/openapi.yaml,Cloud Natural Language API,https://language.googleapis.com/,googleapis.com,v2,3.x,5,0,devtools,S2,googleapis.com__language__v2__openapi.yaml,provider_override:googleapis.com
googleapis.com/libraryagent/v1/openapi.yaml,Library Agent API,https://libraryagent.googleapis.com/,googleapis.com,v1,3.x,5,0,devtools,S2,googleapis.com__libraryagent__v1__openapi.yaml,provider_override:googleapis.com
googleapis.com/licensing/v1/openapi.yaml,Enterprise License Manager API,https://licensing.googleapis.com/,googleapis.com,v1,3.x,7,0,devtools,S2,googleapis.com__licensing__v1__openapi.yaml,provider_override:googleapis.com
googleapis.com/lifesciences/v2beta/openapi.yaml,Cloud Life Sciences API,https://lifesciences.googleapis.com/,googleapis.com,v2beta,3.x,5,0,devtools,S2,googleapis.com__lifesciences__v2beta__openapi.yaml,provider_override:googleapis.com
googleapis.com/logging/v2/openapi.yaml,Cloud Logging API,https://logging.googleapis.com/,googleapis.com,v2,3.x,42,0,devtools,S2,googleapis.com__logging__v2__openapi.yaml,provider_override:googleapis.com
googleapis.com/looker/v1/openapi.yaml,Looker (Google Cloud core) API,https://looker.googleapis.com/,googleapis.com,v1,3.x,14,0,devtools,S2,googleapis.com__looker__v1__openapi.yaml,provider_override:googleapis.com
googleapis.com/managedidentities/v1alpha1/openapi.yaml,Managed Service for Microsoft Active Directory API,https://managedidentities.googleapis.com/,googleapis.com,v1alpha1,3.x,29,0,devtools,S2,googleapis.com__managedidentities__v1alpha1__openapi.yaml,provider_override:googleapis.com
googleapis.com/manufacturers/v1/openapi.yaml,Manufacturer Center API,https://manufacturers.googleapis.com/,googleapis.com,v1,3.x,8,0,devtools,S2,googleapis.com__manufacturers__v1__openapi.yaml,provider_override:googleapis.com
googleapis.com/marketingplatformadmin/v1alpha/openapi.yaml,Google Marketing Platform Admin API,https://marketingplatformadmin.googleapis.com/,googleapis.com,v1alpha,3.x,4,0,devtools,S2,googleapis.com__marketingplatformadmin__v1alpha__openapi.yaml,provider_override:googleapis.com
googleapis.com/memcache/v1beta2/openapi.yaml,Cloud Memorystore for Memcached API,https://memcache.googleapis.com/,googleapis.com,v1beta2,3.x,13,0,devtools,S2,googleapis.com__memcache__v1beta2__openapi.yaml,provider_override:googleapis.com
googleapis.com/metastore/v1/openapi.yaml,Dataproc Metastore API,https://metastore.googleapis.com/,googleapis.com,v1,3.x,23,0,devtools,S2,googleapis.com__metastore__v1__openapi.yaml,provider_override:googleapis.com
googleapis.com/migrationcenter/v1alpha1/openapi.yaml,Migration Center API,https://migrationcenter.googleapis.com/,googleapis.com,v1alpha1,3.x,30,0,devtools,S2,googleapis.com__migrationcenter__v1alpha1__openapi.yaml,provider_override:googleapis.com
googleapis.com/mirror/v1/openapi.yaml,Google Mirror,https://www.googleapis.com/mirror/v1,googleapis.com,v1,3.x,24,0,devtools,S2,googleapis.com__mirror__v1__openapi.yaml,provider_override:googleapis.com
googleapis.com/ml/v1/openapi.yaml,AI Platform Training & Prediction API,https://ml.googleapis.com/,googleapis.com,v1,3.x,29,0,devtools,S2,googleapis.com__ml__v1__openapi.yaml,provider_override:googleapis.com
googleapis.com/monitoring/v3/openapi.yaml,Cloud Monitoring API,https://monitoring.googleapis.com/,googleapis.com,v3,3.x,32,0,devtools,S2,googleapis.com__monitoring__v3__openapi.yaml,provider_override:googleapis.com
googleapis.com/my-business/v4/openapi.yaml,Google My Business API,https://mybusiness.googleapis.com/,googleapis.com,v4,3.x,50,0,devtools,S2,googleapis.com__my-business__v4__openapi.yaml,provider_override:googleapis.com
googleapis.com/mybusinessaccountmanagement/v1/openapi.yaml,My Business Account Management API,https://mybusinessaccountmanagement.googleapis.com/,googleapis.com,v1,3.x,11,0,devtools,S2,googleapis.com__mybusinessaccountmanagement__v1__openapi.yaml,provider_override:googleapis.com
googleapis.com/mybusinessbusinesscalls/v1/openapi.yaml,My Business Business Calls API,https://mybusinessbusinesscalls.googleapis.com/,googleapis.com,v1,3.x,3,0,devtools,S2,googleapis.com__mybusinessbusinesscalls__v1__openapi.yaml,provider_override:googleapis.com
googleapis.com/mybusinessbusinessinformation/v1/openapi.yaml,My Business Business Information API,https://mybusinessbusinessinformation.googleapis.com/,googleapis.com,v1,3.x,11,0,devtools,S2,googleapis.com__mybusinessbusinessinformation__v1__openapi.yaml,provider_override:googleapis.com
googleapis.com/mybusinesslodging/v1/openapi.yaml,My Business Lodging API,https://mybusinesslodging.googleapis.com/,googleapis.com,v1,3.x,3,0,devtools,S2,googleapis.com__mybusinesslodging__v1__openapi.yaml,provider_override:googleapis.com
googleapis.com/mybusinessplaceactions/v1/openapi.yaml,My Business Place Actions API,https://mybusinessplaceactions.googleapis.com/,googleapis.com,v1,3.x,6,0,devtools,S2,googleapis.com__mybusinessplaceactions__v1__openapi.yaml,provider_override:googleapis.com
googleapis.com/mybusinessqanda/v1/openapi.yaml,My Business Q&A API,https://mybusinessqanda.googleapis.com/,googleapis.com,v1,3.x,7,0,devtools,S2,googleapis.com__mybusinessqanda__v1__openapi.yaml,provider_override:googleapis.com
googleapis.com/mybusinessverifications/v1/openapi.yaml,My Business Verifications API,https://mybusinessverifications.googleapis.com/,googleapis.com,v1,3.x,5,0,devtools,S2,googleapis.com__mybusinessverifications__v1__openapi.yaml,provider_override:googleapis.com
googleapis.com/networkconnectivity/v1alpha1/openapi.yaml,Network Connectivity API,https://networkconnectivity.googleapis.com/,googleapis.com,v1alpha1,3.x,15,0,devtools,S2,googleapis.com__networkconnectivity__v1alpha1__openapi.yaml,provider_override:googleapis.com
googleapis.com/networkmanagement/v1beta1/openapi.yaml,Network Management API,https://networkmanagement.googleapis.com/,googleapis.com,v1beta1,3.x,12,0,devtools,S2,googleapis.com__networkmanagement__v1beta1__openapi.yaml,provider_override:googleapis.com
googleapis.com/networksecurity/v1beta1/openapi.yaml,Network Security API,https://networksecurity.googleapis.com/,googleapis.com,v1beta1,3.x,37,0,devtools,S2,googleapis.com__networksecurity__v1beta1__openapi.yaml,provider_override:googleapis.com
googleapis.com/networkservices/v1beta1/openapi.yaml,Network Services API,https://networkservices.googleapis.com/,googleapis.com,v1beta1,3.x,31,0,devtools,S2,googleapis.com__networkservices__v1beta1__openapi.yaml,provider_override:googleapis.com
googleapis.com/notebooks/v2/openapi.yaml,Notebooks API,https://notebooks.googleapis.com/,googleapis.com,v2,3.x,22,0,devtools,S2,googleapis.com__notebooks__v2__openapi.yaml,provider_override:googleapis.com
googleapis.com/oauth2/v2/openapi.yaml,Google OAuth2 API,https://www.googleapis.com/,googleapis.com,v2,3.x,3,0,devtools,S2,googleapis.com__oauth2__v2__openapi.yaml,provider_override:googleapis.com
googleapis.com/ondemandscanning/v1beta1/openapi.yaml,On-Demand Scanning API,https://ondemandscanning.googleapis.com/,googleapis.com,v1beta1,3.x,7,0,devtools,S2,googleapis.com__ondemandscanning__v1beta1__openapi.yaml,provider_override:googleapis.com
googleapis.com/orgpolicy/v2/openapi.yaml,Organization Policy API,https://orgpolicy.googleapis.com/,googleapis.com,v2,3.x,9,0,devtools,S2,googleapis.com__orgpolicy__v2__openapi.yaml,provider_override:googleapis.com
googleapis.com/osconfig/v1/openapi.yaml,OS Config API,https://osconfig.googleapis.com/,googleapis.com,v1,3.x,17,0,devtools,S2,googleapis.com__osconfig__v1__openapi.yaml,provider_override:googleapis.com
googleapis.com/oslogin/v1/openapi.yaml,Cloud OS Login API,https://oslogin.googleapis.com/,googleapis.com,v1,3.x,6,0,devtools,S2,googleapis.com__oslogin__v1__openapi.yaml,provider_override:googleapis.com
googleapis.com/paymentsresellersubscription/v1/openapi.yaml,Payments Reseller Subscription API,https://paymentsresellersubscription.googleapis.com/,googleapis.com,v1,3.x,10,0,devtools,S2,googleapis.com__paymentsresellersubscription__v1__openapi.yaml,provider_override:googleapis.com
googleapis.com/people/v1/openapi.yaml,People API,https://people.googleapis.com/,googleapis.com,v1,3.x,23,0,devtools,S2,googleapis.com__people__v1__openapi.yaml,provider_override:googleapis.com
googleapis.com/places/v1/openapi.yaml,Places API (New),https://places.googleapis.com/,googleapis.com,v1,3.x,4,0,devtools,S2,googleapis.com__places__v1__openapi.yaml,provider_override:googleapis.com
googleapis.com/playablelocations/v3/openapi.yaml,Playable Locations API,https://playablelocations.googleapis.com/,googleapis.com,v3,3.x,3,0,devtools,S2,googleapis.com__playablelocations__v3__openapi.yaml,provider_override:googleapis.com
googleapis.com/playdeveloperreporting/v1alpha1/openapi.yaml,Google Play Developer Reporting API,https://playdeveloperreporting.googleapis.com/,googleapis.com,v1alpha1,3.x,7,0,devtools,S2,googleapis.com__playdeveloperreporting__v1alpha1__openapi.yaml,provider_override:googleapis.com
googleapis.com/plus/v1/openapi.yaml,Google+ API,https://www.googleapis.com/plus/v1,googleapis.com,v1,3.x,9,0,devtools,S2,googleapis.com__plus__v1__openapi.yaml,provider_override:googleapis.com
googleapis.com/policysimulator/v1/openapi.yaml,Policy Simulator API,https://policysimulator.googleapis.com/,googleapis.com,v1,3.x,6,0,devtools,S2,googleapis.com__policysimulator__v1__openapi.yaml,provider_override:googleapis.com
googleapis.com/poly/v1/openapi.yaml,Poly API,https://poly.googleapis.com/,googleapis.com,v1,3.x,4,0,devtools,S2,googleapis.com__poly__v1__openapi.yaml,provider_override:googleapis.com
googleapis.com/privateca/v1beta1/openapi.yaml,Certificate Authority API,https://privateca.googleapis.com/,googleapis.com,v1beta1,3.x,8,0,devtools,S2,googleapis.com__privateca__v1beta1__openapi.yaml,provider_override:googleapis.com
googleapis.com/prod_tt_sasportal/v1alpha1/openapi.yaml,SAS Portal API (Testing),https://prod-tt-sasportal.googleapis.com/,googleapis.com,v1alpha1,3.x,24,0,devtools,S2,googleapis.com__prod_tt_sasportal__v1alpha1__openapi.yaml,provider_override:googleapis.com
googleapis.com/proximitybeacon/v1beta1/openapi.yaml,Proximity Beacon API,https://proximitybeacon.googleapis.com/,googleapis.com,v1beta1,3.x,17,0,devtools,S2,googleapis.com__proximitybeacon__v1beta1__openapi.yaml,provider_override:googleapis.com
googleapis.com/pubsub/v1beta2/openapi.yaml,Cloud Pub/Sub API,https://pubsub.googleapis.com/,googleapis.com,v1beta2,3.x,16,0,devtools,S2,googleapis.com__pubsub__v1beta2__openapi.yaml,provider_override:googleapis.com
googleapis.com/pubsublite/v1/openapi.yaml,Pub/Sub Lite API,https://pubsublite.googleapis.com/,googleapis.com,v1,3.x,20,0,devtools,S2,googleapis.com__pubsublite__v1__openapi.yaml,provider_override:googleapis.com
googleapis.com/rapidmigrationassessment/v1/openapi.yaml,Rapid Migration Assessment API,https://rapidmigrationassessment.googleapis.com/,googleapis.com,v1,3.x,12,0,devtools,S2,googleapis.com__rapidmigrationassessment__v1__openapi.yaml,provider_override:googleapis.com
googleapis.com/readerrevenuesubscriptionlinking/v1/openapi.yaml,Reader Revenue Subscription Linking API,https://readerrevenuesubscriptionlinking.googleapis.com/,googleapis.com,v1,3.x,3,0,devtools,S2,googleapis.com__readerrevenuesubscriptionlinking__v1__openapi.yaml,provider_override:googleapis.com
googleapis.com/realtimebidding/v1/openapi.yaml,Real-time Bidding API,https://realtimebidding.googleapis.com/,googleapis.com,v1,3.x,28,0,devtools,S2,googleapis.com__realtimebidding__v1__openapi.yaml,provider_override:googleapis.com
googleapis.com/recaptchaenterprise/v1/openapi.yaml,reCAPTCHA Enterprise API,https://recaptchaenterprise.googleapis.com/,googleapis.com,v1,3.x,15,0,devtools,S2,googleapis.com__recaptchaenterprise__v1__openapi.yaml,provider_override:googleapis.com
googleapis.com/recommendationengine/v1beta1/openapi.yaml,Recommendations AI (Beta),https://recommendationengine.googleapis.com/,googleapis.com,v1beta1,3.x,17,0,devtools,S2,googleapis.com__recommendationengine__v1beta1__openapi.yaml,provider_override:googleapis.com
googleapis.com/recommender/v1beta1/openapi.yaml,Recommender API,https://recommender.googleapis.com/,googleapis.com,v1beta1,3.x,12,0,devtools,S2,googleapis.com__recommender__v1beta1__openapi.yaml,provider_override:googleapis.com
googleapis.com/redis/v1beta1/openapi.yaml,Google Cloud Memorystore for Redis API,https://redis.googleapis.com/,googleapis.com,v1beta1,3.x,16,0,devtools,S2,googleapis.com__redis__v1beta1__openapi.yaml,provider_override:googleapis.com
googleapis.com/remotebuildexecution/v1alpha/openapi.yaml,Remote Build Execution API,https://admin-remotebuildexecution.googleapis.com/,googleapis.com,v1alpha,3.x,8,0,devtools,S2,googleapis.com__remotebuildexecution__v1alpha__openapi.yaml,provider_override:googleapis.com
googleapis.com/replicapool/v1beta1/openapi.yaml,Replica Pool,https://www.googleapis.com/replicapool/v1beta1/projects,googleapis.com,v1beta1,3.x,10,0,devtools,S2,googleapis.com__replicapool__v1beta1__openapi.yaml,provider_override:googleapis.com
googleapis.com/reseller/v1/openapi.yaml,Google Workspace Reseller API,https://reseller.googleapis.com/,googleapis.com,v1,3.x,17,0,devtools,S2,googleapis.com__reseller__v1__openapi.yaml,provider_override:googleapis.com
googleapis.com/resourcesettings/v1/openapi.yaml,Resource Settings API,https://resourcesettings.googleapis.com/,googleapis.com,v1,3.x,3,0,devtools,S2,googleapis.com__resourcesettings__v1__openapi.yaml,provider_override:googleapis.com
googleapis.com/retail/v2/openapi.yaml,Vertex AI Search for Retail API,https://retail.googleapis.com/,googleapis.com,v2,3.x,40,0,devtools,S2,googleapis.com__retail__v2__openapi.yaml,provider_override:googleapis.com
googleapis.com/run/v2/openapi.yaml,Cloud Run Admin API,https://run.googleapis.com/,googleapis.com,v2,3.x,17,0,devtools,S2,googleapis.com__run__v2__openapi.yaml,provider_override:googleapis.com
googleapis.com/runtimeconfig/v1beta1/openapi.yaml,Cloud Runtime Configuration API,https://runtimeconfig.googleapis.com/,googleapis.com,v1beta1,3.x,13,0,devtools,S2,googleapis.com__runtimeconfig__v1beta1__openapi.yaml,provider_override:googleapis.com
googleapis.com/safebrowsing/v4/openapi.yaml,Safe Browsing API,https://safebrowsing.googleapis.com/,googleapis.com,v4,3.x,7,0,devtools,S2,googleapis.com__safebrowsing__v4__openapi.yaml,provider_override:googleapis.com
googleapis.com/sasportal/v1alpha1/openapi.yaml,SAS Portal API,https://sasportal.googleapis.com/,googleapis.com,v1alpha1,3.x,24,0,devtools,S2,googleapis.com__sasportal__v1alpha1__openapi.yaml,provider_override:googleapis.com
googleapis.com/script/v1/openapi.yaml,Apps Script API,https://script.googleapis.com/,googleapis.com,v1,3.x,16,0,devtools,S2,googleapis.com__script__v1__openapi.yaml,provider_override:googleapis.com
googleapis.com/searchads360/v0/openapi.yaml,Search Ads 360 Reporting API,https://searchads360.googleapis.com/,googleapis.com,v0,3.x,5,0,devtools,S2,googleapis.com__searchads360__v0__openapi.yaml,provider_override:googleapis.com
googleapis.com/searchconsole/v1/openapi.yaml,Google Search Console API,https://searchconsole.googleapis.com/,googleapis.com,v1,3.x,11,0,devtools,S2,googleapis.com__searchconsole__v1__openapi.yaml,provider_override:googleapis.com
googleapis.com/secretmanager/v1beta1/openapi.yaml,Secret Manager API,https://secretmanager.googleapis.com/,googleapis.com,v1beta1,3.x,15,0,devtools,S2,googleapis.com__secretmanager__v1beta1__openapi.yaml,provider_override:googleapis.com
googleapis.com/securitycenter/v1beta2/openapi.yaml,Security Command Center API,https://securitycenter.googleapis.com/,googleapis.com,v1beta2,3.x,3,0,devtools,S2,googleapis.com__securitycenter__v1beta2__openapi.yaml,provider_override:googleapis.com
googleapis.com/servicebroker/v1alpha1/openapi.yaml,Service Broker,https://servicebroker.googleapis.com/,googleapis.com,v1alpha1,3.x,14,0,devtools,S2,googleapis.com__servicebroker__v1alpha1__openapi.yaml,provider_override:googleapis.com
googleapis.com/serviceconsumermanagement/v1beta1/openapi.yaml,Service Consumer Management API,https://serviceconsumermanagement.googleapis.com/,googleapis.com,v1beta1,3.x,7,0,devtools,S2,googleapis.com__serviceconsumermanagement__v1beta1__openapi.yaml,provider_override:googleapis.com
googleapis.com/servicecontrol/v1/openapi.yaml,Service Control API,https://servicecontrol.googleapis.com/,googleapis.com,v1,3.x,3,0,devtools,S2,googleapis.com__servicecontrol__v1__openapi.yaml,provider_override:googleapis.com
googleapis.com/servicedirectory/v1beta1/openapi.yaml,Service Directory API,https://servicedirectory.googleapis.com/,googleapis.com,v1beta1,3.x,14,0,devtools,S2,googleapis.com__servicedirectory__v1beta1__openapi.yaml,provider_override:googleapis.com
googleapis.com/servicemanagement/v1/openapi.yaml,Service Management API,https://servicemanagement.googleapis.com/,googleapis.com,v1,3.x,19,0,devtools,S2,googleapis.com__servicemanagement__v1__openapi.yaml,provider_override:googleapis.com
googleapis.com/servicenetworking/v1/openapi.yaml,Service Networking API,https://servicenetworking.googleapis.com/,googleapis.com,v1,3.x,25,0,devtools,S2,googleapis.com__servicenetworking__v1__openapi.yaml,provider_override:googleapis.com
googleapis.com/serviceusage/v1beta1/openapi.yaml,Service Usage API,https://serviceusage.googleapis.com/,googleapis.com,v1beta1,3.x,16,0,devtools,S2,googleapis.com__serviceusage__v1beta1__openapi.yaml,provider_override:googleapis.com
googleapis.com/sheets/v4/openapi.yaml,Google Sheets API,https://sheets.googleapis.com/,googleapis.com,v4,3.x,17,0,devtools,S2,googleapis.com__sheets__v4__openapi.yaml,provider_override:googleapis.com
googleapis.com/siteVerification/v1/openapi.yaml,Google Site Verification API,https://www.googleapis.com/siteverification/v1,googleapis.com,v1,3.x,7,0,devtools,S2,googleapis.com__siteVerification__v1__openapi.yaml,provider_override:googleapis.com
googleapis.com/slides/v1/openapi.yaml,Google Slides API,https://slides.googleapis.com/,googleapis.com,v1,3.x,5,0,devtools,S2,googleapis.com__slides__v1__openapi.yaml,provider_override:googleapis.com
googleapis.com/smartdevicemanagement/v1/openapi.yaml,Smart Device Management API,https://smartdevicemanagement.googleapis.com/,googleapis.com,v1,3.x,5,0,devtools,S2,googleapis.com__smartdevicemanagement__v1__openapi.yaml,provider_override:googleapis.com
googleapis.com/sourcerepo/v1/openapi.yaml,Cloud Source Repositories API,https://sourcerepo.googleapis.com/,googleapis.com,v1,3.x,11,0,devtools,S2,googleapis.com__sourcerepo__v1__openapi.yaml,provider_override:googleapis.com
googleapis.com/spanner/v1/openapi.yaml,Cloud Spanner API,https://spanner.googleapis.com/,googleapis.com,v1,3.x,40,0,devtools,S2,googleapis.com__spanner__v1__openapi.yaml,provider_override:googleapis.com
googleapis.com/speech/v1p1beta1/openapi.yaml,Cloud Speech-to-Text API,https://speech.googleapis.com/,googleapis.com,v1p1beta1,3.x,11,0,devtools,S2,googleapis.com__speech__v1p1beta1__openapi.yaml,provider_override:googleapis.com
googleapis.com/sql/v1beta4/openapi.yaml,Cloud SQL Admin API,https://sqladmin.googleapis.com/,googleapis.com,v1beta4,3.x,58,0,devtools,S2,googleapis.com__sql__v1beta4__openapi.yaml,provider_override:googleapis.com
googleapis.com/storage/v1/openapi.yaml,Cloud Storage JSON API,https://storage.googleapis.com/storage/v1,googleapis.com,v1,3.x,76,0,devtools,S2,googleapis.com__storage__v1__openapi.yaml,provider_override:googleapis.com
googleapis.com/storage/v1beta2/openapi.yaml,Cloud Storage JSON API,https://storage.googleapis.com/storage/v1beta2,googleapis.com,v1beta2,3.x,34,0,devtools,S2,googleapis.com__storage__v1beta2__openapi.yaml,provider_override:googleapis.com
googleapis.com/storagetransfer/v1/openapi.yaml,Storage Transfer API,https://storagetransfer.googleapis.com/,googleapis.com,v1,3.x,15,0,devtools,S2,googleapis.com__storagetransfer__v1__openapi.yaml,provider_override:googleapis.com
googleapis.com/streetviewpublish/v1/openapi.yaml,Street View Publish API,https://streetviewpublish.googleapis.com/,googleapis.com,v1,3.x,14,0,devtools,S2,googleapis.com__streetviewpublish__v1__openapi.yaml,provider_override:googleapis.com
googleapis.com/sts/v1/openapi.yaml,Security Token Service API,https://sts.googleapis.com/,googleapis.com,v1,3.x,3,0,devtools,S2,googleapis.com__sts__v1__openapi.yaml,provider_override:googleapis.com
googleapis.com/tagmanager/v2/openapi.yaml,Tag Manager API,https://tagmanager.googleapis.com/,googleapis.com,v2,3.x,54,0,devtools,S2,googleapis.com__tagmanager__v2__openapi.yaml,provider_override:googleapis.com
googleapis.com/tasks/v1/openapi.yaml,Google Tasks API,https://tasks.googleapis.com/,googleapis.com,v1,3.x,14,0,devtools,S2,googleapis.com__tasks__v1__openapi.yaml,provider_override:googleapis.com
googleapis.com/testing/v1/openapi.yaml,Cloud Testing API,https://testing.googleapis.com/,googleapis.com,v1,3.x,10,0,devtools,S2,googleapis.com__testing__v1__openapi.yaml,provider_override:googleapis.com
googleapis.com/texttospeech/v1beta1/openapi.yaml,Cloud Text-to-Speech API,https://texttospeech.googleapis.com/,googleapis.com,v1beta1,3.x,5,0,devtools,S2,googleapis.com__texttospeech__v1beta1__openapi.yaml,provider_override:googleapis.com
googleapis.com/toolresults/v1beta3/openapi.yaml,Cloud Tool Results API,https://toolresults.googleapis.com/,googleapis.com,v1beta3,3.x,29,0,devtools,S2,googleapis.com__toolresults__v1beta3__openapi.yaml,provider_override:googleapis.com
googleapis.com/tpu/v2alpha1/openapi.yaml,Cloud TPU API,https://tpu.googleapis.com/,googleapis.com,v2alpha1,3.x,19,0,devtools,S2,googleapis.com__tpu__v2alpha1__openapi.yaml,provider_override:googleapis.com
googleapis.com/transcoder/v1beta1/openapi.yaml,Transcoder API,https://transcoder.googleapis.com/,googleapis.com,v1beta1,3.x,6,0,devtools,S2,googleapis.com__transcoder__v1beta1__openapi.yaml,provider_override:googleapis.com
googleapis.com/translate/v2/openapi.yaml,Google Cloud Translation API,https://translation.googleapis.com/language/translate,googleapis.com,v2,3.x,5,0,devtools,S2,googleapis.com__translate__v2__openapi.yaml,provider_override:googleapis.com
googleapis.com/translate/v3beta1/openapi.yaml,Cloud Translation API,https://translation.googleapis.com/,googleapis.com,v3beta1,3.x,14,0,devtools,S2,googleapis.com__translate__v3beta1__openapi.yaml,provider_override:googleapis.com
googleapis.com/vault/v1/openapi.yaml,Google Vault API,https://vault.googleapis.com/,googleapis.com,v1,3.x,32,0,devtools,S2,googleapis.com__vault__v1__openapi.yaml,provider_override:googleapis.com
googleapis.com/versionhistory/v1/openapi.yaml,versionhistory.googleapis.com API,https://versionhistory.googleapis.com/,googleapis.com,v1,3.x,4,0,devtools,S2,googleapis.com__versionhistory__v1__openapi.yaml,provider_override:googleapis.com
googleapis.com/videointelligence/v1/openapi.yaml,Cloud Video Intelligence API,https://videointelligence.googleapis.com/,googleapis.com,v1,3.x,8,0,devtools,S2,googleapis.com__videointelligence__v1__openapi.yaml,provider_override:googleapis.com
googleapis.com/vision/v1p2beta1/openapi.yaml,Cloud Vision API,https://vision.googleapis.com/,googleapis.com,v1p2beta1,3.x,8,0,devtools,S2,googleapis.com__vision__v1p2beta1__openapi.yaml,provider_override:googleapis.com
googleapis.com/vmmigration/v1alpha1/openapi.yaml,VM Migration API,https://vmmigration.googleapis.com/,googleapis.com,v1alpha1,3.x,34,0,devtools,S2,googleapis.com__vmmigration__v1alpha1__openapi.yaml,provider_override:googleapis.com
googleapis.com/vmwareengine/v1/openapi.yaml,VMware Engine API,https://vmwareengine.googleapis.com/,googleapis.com,v1,3.x,43,0,devtools,S2,googleapis.com__vmwareengine__v1__openapi.yaml,provider_override:googleapis.com
googleapis.com/vpcaccess/v1beta1/openapi.yaml,Serverless VPC Access API,https://vpcaccess.googleapis.com/,googleapis.com,v1beta1,3.x,7,0,devtools,S2,googleapis.com__vpcaccess__v1beta1__openapi.yaml,provider_override:googleapis.com
googleapis.com/walletobjects/v1/openapi.yaml,Google Wallet API,https://walletobjects.googleapis.com/,googleapis.com,v1,3.x,97,0,devtools,S2,googleapis.com__walletobjects__v1__openapi.yaml,provider_override:googleapis.com
googleapis.com/webmasters/v3/openapi.yaml,Search Console API,https://www.googleapis.com/webmasters/v3,googleapis.com,v3,3.x,9,0,devtools,S2,googleapis.com__webmasters__v3__openapi.yaml,provider_override:googleapis.com
googleapis.com/webrisk/v1/openapi.yaml,Web Risk API,https://webrisk.googleapis.com/,googleapis.com,v1,3.x,8,0,devtools,S2,googleapis.com__webrisk__v1__openapi.yaml,provider_override:googleapis.com
googleapis.com/websecurityscanner/v1/openapi.yaml,Web Security Scanner API,https://websecurityscanner.googleapis.com/,googleapis.com,v1,3.x,11,0,devtools,S2,googleapis.com__websecurityscanner__v1__openapi.yaml,provider_override:googleapis.com
googleapis.com/workflowexecutions/v1/openapi.yaml,Workflow Executions API,https://workflowexecutions.googleapis.com/,googleapis.com,v1,3.x,8,0,devtools,S2,googleapis.com__workflowexecutions__v1__openapi.yaml,provider_override:googleapis.com
googleapis.com/workflows/v1/openapi.yaml,Workflows API,https://workflows.googleapis.com/,googleapis.com,v1,3.x,8,0,devtools,S2,googleapis.com__workflows__v1__openapi.yaml,provider_override:googleapis.com
googleapis.com/workloadmanager/v1/openapi.yaml,Workload Manager API,https://workloadmanager.googleapis.com/,googleapis.com,v1,3.x,14,0,devtools,S2,googleapis.com__workloadmanager__v1__openapi.yaml,provider_override:googleapis.com
googleapis.com/workspaceevents/v1/openapi.yaml,Google Workspace Events API,https://workspaceevents.googleapis.com/,googleapis.com,v1,3.x,6,0,devtools,S2,googleapis.com__workspaceevents__v1__openapi.yaml,provider_override:googleapis.com
googleapis.com/workstations/v1/openapi.yaml,Cloud Workstations API,https://workstations.googleapis.com/,googleapis.com,v1,3.x,20,0,devtools,S2,googleapis.com__workstations__v1__openapi.yaml,provider_override:googleapis.com
googleapis.com/youtube/v3/openapi.yaml,YouTube Data API v3,https://youtube.googleapis.com/,googleapis.com,v3,3.x,80,0,devtools,S2,googleapis.com__youtube__v3__openapi.yaml,provider_override:googleapis.com
googleapis.com/youtubeAnalytics/v2/openapi.yaml,YouTube Analytics API,https://youtubeanalytics.googleapis.com/,googleapis.com,v2,3.x,8,0,devtools,S2,googleapis.com__youtubeAnalytics__v2__openapi.yaml,provider_override:googleapis.com
googleapis.com/youtubereporting/v1/openapi.yaml,YouTube Reporting API,https://youtubereporting.googleapis.com/,googleapis.com,v1,3.x,8,0,devtools,S2,googleapis.com__youtubereporting__v1__openapi.yaml,provider_override:googleapis.com
gov.bc.ca/bcdc/3.0.1/openapi.yaml,BC Data Catalogue API,https://catalogue.data.gov.bc.ca/api/3,gov.bc.ca,3.0.1,3.x,22,0,government,S2,gov.bc.ca__bcdc__3.0.1__openapi.yaml,provider_override:gov.bc.ca
gov.bc.ca/bcgnws/3.x.x/openapi.yaml,BC Geographical Names Web Service - REST API,https://apps.gov.bc.ca/pub/bcgnws,gov.bc.ca,3.x.x,3.x,14,0,government,S2,gov.bc.ca__bcgnws__3.x.x__openapi.yaml,provider_override:gov.bc.ca
gov.bc.ca/geocoder/2.0.0/openapi.yaml,Geocoder REST API,https://geocoder.api.gov.bc.ca/,gov.bc.ca,2.0.0,3.x,16,0,government,S2,gov.bc.ca__geocoder__2.0.0__openapi.yaml,provider_override:gov.bc.ca
gov.bc.ca/geomark/4.1.2/openapi.yaml,GeoMark Web Service REST API,https://apps.gov.bc.ca/pub/geomark,gov.bc.ca,4.1.2,3.x,7,0,government,S2,gov.bc.ca__geomark__4.1.2__openapi.yaml,provider_override:gov.bc.ca
gov.bc.ca/gwells/v1/openapi.yaml,"Groundwater Wells, Aquifers and Registry API",https://apps.nrs.gov.bc.ca/gwells/api/v1/,gov.bc.ca,v1,3.x,24,0,government,S2,gov.bc.ca__gwells__v1__openapi.yaml,provider_override:gov.bc.ca
gov.bc.ca/jobposting/1.0.0/openapi.yaml,WorkBC Job Posting API,https://workbcjobs.api.gov.bc.ca/v1,gov.bc.ca,1.0.0,3.x,5,0,government,S2,gov.bc.ca__jobposting__1.0.0__openapi.yaml,provider_override:gov.bc.ca
gov.bc.ca/news/1.0/openapi.yaml,BC Gov News API Service 1.0,https://news.api.gov.bc.ca/,gov.bc.ca,1.0,3.x,27,0,government,S2,gov.bc.ca__news__1.0__openapi.yaml,provider_override:gov.bc.ca
gov.bc.ca/open511/1.0.0/openapi.yaml,DriveBC's Open511 API,http://api.open511.gov.bc.ca/,gov.bc.ca,1.0.0,3.x,4,0,government,S2,gov.bc.ca__open511__1.0.0__openapi.yaml,provider_override:gov.bc.ca
gov.bc.ca/router/2.0.0/openapi.yaml,BC Route Planner REST API,https://router.api.gov.bc.ca/,gov.bc.ca,2.0.0,3.x,24,0,government,S2,gov.bc.ca__router__2.0.0__openapi.yaml,provider_override:gov.bc.ca
graphhopper.com/1.0.0/openapi.yaml,GraphHopper Directions API,https://graphhopper.com/api/1,graphhopper.com,1.0.0,3.x,16,0,UNLABELLED,S2,graphhopper.com__1.0.0__openapi.yaml,no_keyword_match
greenpeace.org/1.0.0/swagger.yaml,Greenwire Public API,greenwire.greenpeace.org,greenpeace.org,1.0.0,2.0,6,0,UNLABELLED,S2,greenpeace.org__1.0.0__swagger.yaml,no_keyword_match
greip.io/1.0.0/openapi.yaml,Greip API,https://gregeoip.com,greip.io,1.0.0,3.x,9,0,UNLABELLED,S2,greip.io__1.0.0__openapi.yaml,no_keyword_match
groundhog-day.com/1.2.1/openapi.yaml,Groundhog Day API,https://virtserver.swaggerhub.com/pcraig3/groundhog-day-api/1.2.1,groundhog-day.com,1.2.1,3.x,5,0,UNLABELLED,S2,groundhog-day.com__1.2.1__openapi.yaml,no_keyword_match
gsa.gov/0.1/swagger.yaml,Discovery Market Research,discovery.gsa.gov,gsa.gov,0.1,2.0,5,0,UNLABELLED,S2,gsa.gov__0.1__swagger.yaml,no_keyword_match
gsmtasks.com/2.4.13/openapi.yaml,GSMTasks Project API,,gsmtasks.com,2.4.13,3.x,261,0,UNLABELLED,S2,gsmtasks.com__2.4.13__openapi.yaml,no_keyword_match
hackathonwatch.com/0.1/openapi.yaml,HackathonWatch,http://www.hackathonwatch.com/api/,hackathonwatch.com,0.1,3.x,4,0,UNLABELLED,S2,hackathonwatch.com__0.1__openapi.yaml,no_keyword_match
haloapi.com/metadata/1.0/swagger.yaml,Metadata,www.haloapi.com,haloapi.com,1.0,2.0,37,0,UNLABELLED,S2,haloapi.com__metadata__1.0__swagger.yaml,no_keyword_match
haloapi.com/profile/1.0/swagger.yaml,Profile,www.haloapi.com,haloapi.com,1.0,2.0,3,0,UNLABELLED,S2,haloapi.com__profile__1.0__swagger.yaml,no_keyword_match
haloapi.com/stats/1.0/swagger.yaml,Stats,www.haloapi.com,haloapi.com,1.0,2.0,28,0,UNLABELLED,S2,haloapi.com__stats__1.0__swagger.yaml,no_keyword_match
haloapi.com/ugc/1.0/swagger.yaml,UGC,www.haloapi.com,haloapi.com,1.0,2.0,4,0,UNLABELLED,S2,haloapi.com__ugc__1.0__swagger.yaml,no_keyword_match
handwrytten.com/1.0.0/swagger.yaml,Handwrytten API,api.handwrytten.com,handwrytten.com,1.0.0,2.0,30,0,UNLABELLED,S2,handwrytten.com__1.0.0__swagger.yaml,no_keyword_match
healthcare.gov/1.0.0/openapi.yaml,Healthcare,https://www.healthcare.gov,healthcare.gov,1.0.0,3.x,16,0,health,S2,healthcare.gov__1.0.0__openapi.yaml,keywords:health
here.com/tracking/2.1.192/openapi.yaml,HERE Tracking,https://tracking.api.here.com/,here.com,2.1.192,3.x,216,0,UNLABELLED,S2,here.com__tracking__2.1.192__openapi.yaml,no_keyword_match
hetras-certification.net/booking/v0/swagger.yaml,hetras Booking API Version 0,api.hetras-certification.net,hetras-certification.net,v0,2.0,19,0,UNLABELLED,S2,hetras-certification.net__booking__v0__swagger.yaml,tie:travel/media
hetras-certification.net/hotel/v0/swagger.yaml,hetras Hotel API Version 0,api.hetras-certification.net,hetras-certification.net,v0,2.0,21,0,travel,S2,hetras-certification.net__hotel__v0__swagger.yaml,keywords:hotel
hetzner.cloud/1.0.0/openapi.yaml,Hetzner Cloud API,https://api.hetzner.cloud/v1,hetzner.cloud,1.0.0,3.x,144,0,UNLABELLED,S2,hetzner.cloud__1.0.0__openapi.yaml,no_keyword_match
hhs.gov/2/openapi.yaml,HHS Media Services API,/api/v2,hhs.gov,2,3.x,31,0,UNLABELLED,S2,hhs.gov__2__openapi.yaml,no_keyword_match
highwaysengland.co.uk/v1/openapi.yaml,Highways England API,https://webtris.highwaysengland.co.uk/api,highwaysengland.co.uk,v1,3.x,10,0,UNLABELLED,S2,highwaysengland.co.uk__v1__openapi.yaml,no_keyword_match
hillbillysoftware.com/shinobi/v1/swagger.yaml,shinobiapi,api.hillbillysoftware.com,hillbillysoftware.com,v1,2.0,58,0,UNLABELLED,S2,hillbillysoftware.com__shinobi__v1__swagger.yaml,no_keyword_match
hsbc.com/atm/2.2.1/swagger.yaml,ATM Locator API,dikpeqbnwi3kx.cloudfront.net,hsbc.com,2.2.1,2.0,5,0,UNLABELLED,S2,hsbc.com__atm__2.2.1__swagger.yaml,no_keyword_match
hsbc.com/branches/2.2.1/swagger.yaml,Branch Locator API,dikpeqbnwi3kx.cloudfront.net,hsbc.com,2.2.1,2.0,6,0,UNLABELLED,S2,hsbc.com__branches__2.2.1__swagger.yaml,no_keyword_match
hsbc.com/product/2.2.1/swagger.yaml,Product Finder API,dikpeqbnwi3kx.cloudfront.net,hsbc.com,2.2.1,2.0,8,0,UNLABELLED,S2,hsbc.com__product__2.2.1__swagger.yaml,no_keyword_match
httpbin.org/0.9.2/openapi.yaml,httpbin.org,https://httpbin.org,httpbin.org,0.9.2,3.x,73,0,UNLABELLED,S2,httpbin.org__0.9.2__openapi.yaml,no_keyword_match
hubapi.com/auth/v1/openapi.yaml,Auth Oauth,https://api.hubapi.com,hubapi.com,v1,3.x,4,0,identity,S2,hubapi.com__auth__v1__openapi.yaml,keywords:oauth
hubapi.com/automation/v4/openapi.yaml,Automation Actions V4,https://api.hubapi.com,hubapi.com,v4,3.x,16,0,UNLABELLED,S2,hubapi.com__automation__v4__openapi.yaml,no_keyword_match
hubapi.com/communication-preferences/v3/openapi.yaml,Subscriptions,https://api.hubapi.com,hubapi.com,v3,3.x,4,0,UNLABELLED,S2,hubapi.com__communication-preferences__v3__openapi.yaml,no_keyword_match
hubapi.com/crm/v3/openapi.yaml,CRM cards,https://api.hubapi.com/crm/v3/extensions/cards,hubapi.com,v3,3.x,6,0,UNLABELLED,S2,hubapi.com__crm__v3__openapi.yaml,no_keyword_match
hubapi.com/files/v3/openapi.yaml,Files Files,https://api.hubapi.com,hubapi.com,v3,3.x,19,0,UNLABELLED,S2,hubapi.com__files__v3__openapi.yaml,no_keyword_match
hubapi.com/marketing/v3/openapi.yaml,Marketing Events,https://api.hubapi.com,hubapi.com,v3,3.x,16,0,UNLABELLED,S2,hubapi.com__marketing__v3__openapi.yaml,no_keyword_match
hubapi.com/webhooks/v3/openapi.yaml,Webhooks Webhooks,https://api.hubapi.com,hubapi.com,v3,3.x,9,0,devtools,S2,hubapi.com__webhooks__v3__openapi.yaml,keywords:webhook
hubhopper.com/v5/swagger.yaml,Hubhopper Partner Integration API(s) - Production,apis.hubhopper.com,hubhopper.com,v5,2.0,7,0,UNLABELLED,S2,hubhopper.com__v5__swagger.yaml,no_keyword_match
i-cue.solutions/v1/openapi.yaml,Growth Services,,i-cue.solutions,v1,3.x,64,0,UNLABELLED,S2,i-cue.solutions__v1__openapi.yaml,no_keyword_match
ibanapi.com/1.0.0/openapi.yaml,IBANAPI OpenApi Documentation,https://api.ibanapi.com/v1,ibanapi.com,1.0.0,3.x,3,0,UNLABELLED,S2,ibanapi.com__1.0.0__openapi.yaml,no_keyword_match
icons8.com/1.0.0/openapi.yaml,Use a [New Version](https://icons8.github.io/icons8-docs/) Instead,https://api.icons8.com,icons8.com,1.0.0,3.x,8,0,UNLABELLED,S2,icons8.com__1.0.0__openapi.yaml,no_keyword_match
id4i.de/1.0.2/openapi.yaml,ID4i API,//backend.id4i.de,id4i.de,1.0.2,3.x,107,0,UNLABELLED,S2,id4i.de__1.0.2__openapi.yaml,no_keyword_match
ideaconsult.net/enanomapper/4.0.0/openapi.yaml,eNanoMapper database,https://api.ideaconsult.net/enanomapper,ideaconsult.net,4.0.0,3.x,13,0,geo,S2,ideaconsult.net__enanomapper__4.0.0__openapi.yaml,keywords:map
ideaconsult.net/nanoreg/4.0.0/openapi.yaml,eNanoMapper database,https://api.ideaconsult.net/nanoreg1,ideaconsult.net,4.0.0,3.x,13,0,geo,S2,ideaconsult.net__nanoreg__4.0.0__openapi.yaml,keywords:map
ideal-postcodes.co.uk/3.7.0/openapi.yaml,API Reference - Ideal Postcodes,https://api.ideal-postcodes.co.uk/v1,ideal-postcodes.co.uk,3.7.0,3.x,26,0,UNLABELLED,S2,ideal-postcodes.co.uk__3.7.0__openapi.yaml,tie:geo/social
idtbeyond.com/1.1.7/swagger.yaml,Active Documentation for /v1,api.idtbeyond.com,idtbeyond.com,1.1.7,2.0,14,1,UNLABELLED,S2,idtbeyond.com__1.1.7__swagger.yaml,no_keyword_match
ijenko.net/3.0.0/swagger.yaml,IoE² IoT API - to create end-user applications,ioe2api.ijenko.net,ijenko.net,3.0.0,2.0,67,0,UNLABELLED,S2,ijenko.net__3.0.0__swagger.yaml,no_keyword_match
illumidesk.com/1.0/swagger.yaml,IllumiDesk,api.illumidesk.com,illumidesk.com,1.0,2.0,143,0,UNLABELLED,S2,illumidesk.com__1.0__swagger.yaml,no_keyword_match
impala.travel/hotels/1.003/openapi.yaml,Impala Hotel Booking API,https://sandbox.impala.travel/v1,impala.travel,1.003,3.x,10,0,travel,S2,impala.travel__hotels__1.003__openapi.yaml,"keywords:hotel,booking,travel"
import.io/schedule/1.0/swagger.yaml,import.io,schedule.import.io,import.io,1.0,2.0,4,0,UNLABELLED,S2,import.io__schedule__1.0__swagger.yaml,no_keyword_match
inboxroute.com/0.9/swagger.yaml,Mailsquad,api.inboxroute.com,inboxroute.com,0.9,2.0,8,0,geo,S2,inboxroute.com__0.9__swagger.yaml,keywords:route
increase.com/0.0.1/openapi.yaml,Increase API,https://api.increase.com,increase.com,0.0.1,3.x,131,0,UNLABELLED,S2,increase.com__0.0.1__openapi.yaml,no_keyword_match
infermedica.com/v2/swagger.yaml,Infermedica API,api.infermedica.com,infermedica.com,v2,2.0,20,0,UNLABELLED,S2,infermedica.com__v2__swagger.yaml,no_keyword_match
influxdata.com/2.0.0/openapi.yaml,Influx OSS API Service,/api/v2,influxdata.com,2.0.0,3.x,195,2,UNLABELLED,S2,influxdata.com__2.0.0__openapi.yaml,no_keyword_match
inpe.br/dados-abertos/1.0/swagger.yaml,Dados Abertos - API,,inpe.br,1.0,2.0,6,0,UNLABELLED,S2,inpe.br__dados-abertos__1.0__swagger.yaml,no_keyword_match
instagram.com/1.0.0/swagger.yaml,Instagram API,api.instagram.com,instagram.com,1.0.0,2.0,27,0,social,S2,instagram.com__1.0.0__swagger.yaml,keywords:instagram
intel.com/product-catalogue/0.1.0/swagger.yaml,Intel Product Catalogue Service,productapi.intel.com,intel.com,0.1.0,2.0,4,0,commerce,S2,intel.com__product-catalogue__0.1.0__swagger.yaml,"keywords:product catalog,catalogue"
intellifi.nl/2.23.4+0.gb463b49.dirty/openapi.yaml,Brain Web API,{protocol}://{customer}.intellifi.{tld}/api,intellifi.nl,2.23.4+0.gb463b49.dirty,3.x,77,0,UNLABELLED,S2,intellifi.nl__2.23.4+0.gb463b49.dirty__openapi.yaml,no_keyword_match
interactivebrokers.com/1.0.0/openapi.yaml,IBKR 3rd Party Web API,https://www.interactivebrokers.com/tradingapi/v1,interactivebrokers.com,1.0.0,3.x,16,0,UNLABELLED,S2,interactivebrokers.com__1.0.0__openapi.yaml,no_keyword_match
ipqualityscore.com/1.0.0/openapi.yaml,IPQualityScore API,https://ipqualityscore.com/api,ipqualityscore.com,1.0.0,3.x,3,0,UNLABELLED,S2,ipqualityscore.com__1.0.0__openapi.yaml,no_keyword_match
iqualify.com/v1/openapi.yaml,iQualify Management API,https://api.iqualify.com/v1,iqualify.com,v1,3.x,84,0,UNLABELLED,S2,iqualify.com__v1__openapi.yaml,no_keyword_match
isbndb.com/1.0.1/swagger.yaml,ISBNdb API,api.isbndb.com,isbndb.com,1.0.1,2.0,10,0,UNLABELLED,S2,isbndb.com__1.0.1__swagger.yaml,no_keyword_match
isendpro.com/1.1.1/openapi.yaml,API iSendPro,https://apirest.isendpro.com/cgi-bin,isendpro.com,1.1.1,3.x,14,0,UNLABELLED,S2,isendpro.com__1.1.1__openapi.yaml,no_keyword_match
ix-api.net/2.1.0/openapi.yaml,IX-API,/api/v2,ix-api.net,2.1.0,3.x,77,1,UNLABELLED,S2,ix-api.net__2.1.0__openapi.yaml,no_keyword_match
izettle.com/products/1.0.0/openapi.yaml,Product Library API,https://products.izettle.com,izettle.com,1.0.0,3.x,32,0,UNLABELLED,S2,izettle.com__products__1.0.0__openapi.yaml,no_keyword_match
jellyfin.local/v1/openapi.yaml,Jellyfin API,http://jellyfin.local,jellyfin.local,v1,3.x,387,0,UNLABELLED,S2,jellyfin.local__v1__openapi.yaml,no_keyword_match
jira.local/1.0.0/swagger.yaml,JIRA 7.6.1,jira.local:8080,jira.local,1.0.0,2.0,324,0,UNLABELLED,S2,jira.local__1.0.0__swagger.yaml,no_keyword_match
jirafe.com/2.0.0/swagger.yaml,Jirafe Events,event.jirafe.com,jirafe.com,2.0.0,2.0,6,0,UNLABELLED,S2,jirafe.com__2.0.0__swagger.yaml,no_keyword_match
jokes.one/1.1/swagger.yaml,Jokes One API,api.jokes.one,jokes.one,1.1,2.0,12,0,UNLABELLED,S2,jokes.one__1.1__swagger.yaml,no_keyword_match
journy.io/1.0.0/openapi.yaml,Developer documentation,https://api.journy.io,journy.io,1.0.0,3.x,16,0,UNLABELLED,S2,journy.io__1.0.0__openapi.yaml,no_keyword_match
jumpseller.com/1.0.0/openapi.yaml,Jumpseller API,https://api.jumpseller.com/v1,jumpseller.com,1.0.0,3.x,142,0,UNLABELLED,S2,jumpseller.com__1.0.0__openapi.yaml,no_keyword_match
just-eat.co.uk/1.0.0/openapi.yaml,Just Eat UK,https://uk.api.just-eat.io,just-eat.co.uk,1.0.0,3.x,98,0,UNLABELLED,S2,just-eat.co.uk__1.0.0__openapi.yaml,no_keyword_match
keycloak.local/1/openapi.yaml,Keycloak Admin REST API,http://keycloak.local,keycloak.local,1,3.x,281,0,UNLABELLED,S2,keycloak.local__1__openapi.yaml,no_keyword_match
keyserv.solutions/1.4.5/openapi.yaml,KeyServ,https://keyserv.solutions,keyserv.solutions,1.4.5,3.x,24,0,UNLABELLED,S2,keyserv.solutions__1.4.5__openapi.yaml,no_keyword_match
klarna.com/payments/1.0.0/openapi.yaml,Klarna Payments API V1,https://api.klarna.com,klarna.com,1.0.0,3.x,6,0,finance,S2,klarna.com__payments__1.0.0__openapi.yaml,keywords:payment
kubernetes.io/v1.10.0/swagger.yaml,Kubernetes,kubernetes.local,kubernetes.io,v1.10.0,2.0,932,1,devtools,S2,kubernetes.io__v1.10.0__swagger.yaml,provider_override:kubernetes.io
kumpeapps.com/5.0.0/openapi.yaml,KumpeApps API,https://restapi.kumpeapps.com/{version},kumpeapps.com,5.0.0,3.x,33,0,UNLABELLED,S2,kumpeapps.com__5.0.0__openapi.yaml,no_keyword_match
lambdatest.com/1.0.1/openapi.yaml,LambdaTest Screenshots API Documentation,https://api.lambdatest.com/screenshots/v1,lambdatest.com,1.0.1,3.x,9,0,UNLABELLED,S2,lambdatest.com__1.0.1__openapi.yaml,no_keyword_match
languagetool.org/1.1.2/swagger.yaml,LanguageTool API,api.languagetoolplus.com,languagetool.org,1.1.2,2.0,5,0,UNLABELLED,S2,languagetool.org__1.1.2__swagger.yaml,no_keyword_match
launchdarkly.com/5.3.0/swagger.yaml,LaunchDarkly REST API,app.launchdarkly.com,launchdarkly.com,5.3.0,2.0,105,0,UNLABELLED,S2,launchdarkly.com__5.3.0__swagger.yaml,no_keyword_match
learnifier.com/1.1.0/swagger.yaml,Learnifier,learnifier.com,learnifier.com,1.1.0,2.0,34,0,UNLABELLED,S2,learnifier.com__1.1.0__swagger.yaml,no_keyword_match
letmc.com/basic-tier/v2-basic-tier/swagger.yaml,"LetMC Api V2, Basic (Tier 2)",live-api.letmc.com,letmc.com,v2-basic-tier,2.0,45,0,UNLABELLED,S2,letmc.com__basic-tier__v2-basic-tier__swagger.yaml,no_keyword_match
letmc.com/customer/v2-customer/openapi.yaml,"agentOS Api V2, Customer Login Call Group",https://live-api.letmc.com,letmc.com,v2-customer,3.x,24,0,identity,S2,letmc.com__customer__v2-customer__openapi.yaml,keywords:login
letmc.com/diary/v3-diary/openapi.yaml,"agentOS API V3, Diary Call Group",https://live-api.letmc.com,letmc.com,v3-diary,3.x,13,0,UNLABELLED,S2,letmc.com__diary__v3-diary__openapi.yaml,no_keyword_match
letmc.com/free-tier/v2-free-tier/swagger.yaml,"LetMC Api V2, Free (Tier 1)",live-api.letmc.com,letmc.com,v2-free-tier,2.0,43,0,UNLABELLED,S2,letmc.com__free-tier__v2-free-tier__swagger.yaml,no_keyword_match
letmc.com/reporting/v3-reporting/swagger.yaml,"LetMC Api V3, reporting",live-api.letmc.com,letmc.com,v3-reporting,2.0,4,0,UNLABELLED,S2,letmc.com__reporting__v3-reporting__swagger.yaml,no_keyword_match
lgtm.com/v1.0/openapi.yaml,LGTM API specification,https://lgtm.com/api/v1.0,lgtm.com,v1.0,3.x,29,0,UNLABELLED,S2,lgtm.com__v1.0__openapi.yaml,no_keyword_match
libretranslate.local/1.3.10/openapi.yaml,LibreTranslate,http://libretranslate.local,libretranslate.local,1.3.10,3.x,6,0,UNLABELLED,S2,libretranslate.local__1.3.10__openapi.yaml,no_keyword_match
link.fish/2018-07-05/swagger.yaml,link.fish API,api.link.fish,link.fish,2018-07-05,2.0,8,0,UNLABELLED,S2,link.fish__2018-07-05__swagger.yaml,no_keyword_match
linode.com/4.151.1/openapi.yaml,Linode API,https://api.linode.com/v4,linode.com,4.151.1,3.x,350,0,UNLABELLED,S2,linode.com__4.151.1__openapi.yaml,no_keyword_match
linqr.app/2.0/openapi.yaml,LinQR,https://run.byvalue.org,linqr.app,2.0,3.x,14,0,UNLABELLED,S2,linqr.app__2.0__openapi.yaml,no_keyword_match
linuxfoundation.org/reimbursement/1.0/swagger.yaml,Reimbursements API,,linuxfoundation.org,1.0,2.0,6,1,UNLABELLED,S2,linuxfoundation.org__reimbursement__1.0__swagger.yaml,no_keyword_match
listennotes.com/2.0/openapi.yaml,"Listen API: Podcast Search, Directory, and Insights API",https://listen-api.listennotes.com/api/v2,listennotes.com,2.0,3.x,24,0,media,S2,listennotes.com__2.0__openapi.yaml,keywords:podcast
ljaero.com/dflight/V 1.0.0/openapi.yaml,DFlight API,https://dflight-api.ljaero.com/,ljaero.com,V 1.0.0,3.x,24,0,travel,S2,ljaero.com__dflight__V 1.0.0__openapi.yaml,keywords:flight
logoraisr.com/v1/openapi.yaml,API docs | logoraisr.com,https://api.logoraisr.com/rest-v1,logoraisr.com,v1,3.x,10,0,UNLABELLED,S2,logoraisr.com__v1__openapi.yaml,no_keyword_match
loket.nl/V2/openapi.yaml,Loket.nl API,https://api.loket.nl/v2,loket.nl,V2,3.x,663,0,UNLABELLED,S2,loket.nl__V2__openapi.yaml,no_keyword_match
lotadata.com/2.0.0/swagger.yaml,LotaData,api2.lotadata.com,lotadata.com,2.0.0,2.0,4,0,UNLABELLED,S2,lotadata.com__2.0.0__swagger.yaml,no_keyword_match
lufthansa.com/partner/1.0/openapi.yaml,LH Partner API,https://api.lufthansa.com/v1,lufthansa.com,1.0,3.x,16,0,UNLABELLED,S2,lufthansa.com__partner__1.0__openapi.yaml,no_keyword_match
lufthansa.com/public/1.0/openapi.yaml,LH Public API,https://api.lufthansa.com/v1,lufthansa.com,1.0,3.x,15,0,UNLABELLED,S2,lufthansa.com__public__1.0__openapi.yaml,no_keyword_match
lumminary.com/1.0/swagger.yaml,Lumminary API,api.lumminary.com,lumminary.com,1.0,2.0,17,0,UNLABELLED,S2,lumminary.com__1.0__swagger.yaml,no_keyword_match
lyft.com/1.0.0/swagger.yaml,Lyft,api.lyft.com,lyft.com,1.0.0,2.0,16,0,UNLABELLED,S2,lyft.com__1.0.0__swagger.yaml,no_keyword_match
magento.com/2.2.10/openapi.yaml,Magento B2B,https://example.com/rest/default,magento.com,2.2.10,3.x,455,0,UNLABELLED,S2,magento.com__2.2.10__openapi.yaml,no_keyword_match
magick.nu/1.0/swagger.yaml,Tradeworks,devui.magick.nu,magick.nu,1.0,2.0,8,0,UNLABELLED,S2,magick.nu__1.0__swagger.yaml,no_keyword_match
maif.local/otoroshi/1.5.0-dev/openapi.yaml,Otoroshi Admin API,http://otoroshi-api.oto.tools/,maif.local,1.5.0-dev,3.x,101,1,UNLABELLED,S2,maif.local__otoroshi__1.5.0-dev__openapi.yaml,no_keyword_match
mailchimp.com/3.0.55/openapi.yaml,Mailchimp Marketing API,https://server.api.mailchimp.com/3.0,mailchimp.com,3.0.55,3.x,271,1,communication,S2,mailchimp.com__3.0.55__openapi.yaml,provider_override:mailchimp.com
mailscript.com/0.4.0/openapi.yaml,Mailscript,https://api.mailscript.com/v2,mailscript.com,0.4.0,3.x,38,0,UNLABELLED,S2,mailscript.com__0.4.0__openapi.yaml,no_keyword_match
mandrillapp.com/1.0/swagger.yaml,Mandrill,mandrillapp.com,mandrillapp.com,1.0,2.0,90,0,UNLABELLED,S2,mandrillapp.com__1.0__swagger.yaml,no_keyword_match
mashape.com/geodb/1.0.0/swagger.yaml,GeoDB Cities API,wft-geo-db.p.rapidapi.com,mashape.com,1.0.0,2.0,26,0,UNLABELLED,S2,mashape.com__geodb__1.0.0__swagger.yaml,no_keyword_match
mastercard.com/CurrencyConversionCalculator/1.0.0/swagger.yaml,API for the Settlement Currency Rate converter,api.mastercard.com,mastercard.com,1.0.0,2.0,3,0,finance,S2,mastercard.com__CurrencyConversionCalculator__1.0.0__swagger.yaml,keywords:currency
mastercard.com/Locations/1.0.0/swagger.yaml,Locations API,api.mastercard.com,mastercard.com,1.0.0,2.0,7,0,geo,S2,mastercard.com__Locations__1.0.0__swagger.yaml,keywords:location
mastercard.com/MATCH/1.0.0/swagger.yaml,MATCH API,api.mastercard.com,mastercard.com,1.0.0,2.0,6,0,UNLABELLED,S2,mastercard.com__MATCH__1.0.0__swagger.yaml,no_keyword_match
mastercard.com/MDES/2.0.7/swagger.yaml,MDES Customer Service,api.mastercard.com,mastercard.com,2.0.7,2.0,15,0,UNLABELLED,S2,mastercard.com__MDES__2.0.7__swagger.yaml,no_keyword_match
mastercard.com/PersonalizedLoyaltyOffers/1.3/swagger.yaml,Personalized Offers,api.mastercard.com,mastercard.com,1.3,2.0,8,0,UNLABELLED,S2,mastercard.com__PersonalizedLoyaltyOffers__1.3__swagger.yaml,no_keyword_match
mastercard.com/SpendingPulse/1.0/swagger.yaml,Spending Pulse,api.mastercard.com,mastercard.com,1.0,2.0,4,0,UNLABELLED,S2,mastercard.com__SpendingPulse__1.0__swagger.yaml,no_keyword_match
mastercard.com/masterpassqr/V1/swagger.yaml,Send Person to Merchant,api.mastercard.com,mastercard.com,V1,2.0,15,0,commerce,S2,mastercard.com__masterpassqr__V1__swagger.yaml,keywords:merchant
mastercard.com/open-banking-connect-pis/1.16.0/swagger.yaml,Open Banking - Payments initiation service,,mastercard.com,1.16.0,2.0,12,0,finance,S2,mastercard.com__open-banking-connect-pis__1.16.0__swagger.yaml,"keywords:bank,banking,payment"
mastodon.local/1.0/openapi.yaml,Mastodon API Specification (https://github.com/mastodon/mastodon),http://mastodon.local,mastodon.local,1.0,3.x,127,0,UNLABELLED,S2,mastodon.local__1.0__openapi.yaml,no_keyword_match
math.tools/1.5/openapi.yaml,Numbers API,https://api.math.tools,math.tools,1.5,3.x,26,0,UNLABELLED,S2,math.tools__1.5__openapi.yaml,no_keyword_match
mbus.local/0.3.5/openapi.yaml,M-Bus HTTPD API,http://mbus.local,mbus.local,0.3.5,3.x,7,0,UNLABELLED,S2,mbus.local__0.3.5__openapi.yaml,no_keyword_match
mcw.edu/1.1/openapi.yaml,Rat Genome Database REST API,//rest.rgd.mcw.edu/rgdws,mcw.edu,1.1,3.x,100,0,health,S2,mcw.edu__1.1__openapi.yaml,keywords:genome
medium.com/1.0/openapi.yaml,Medium API,https://medium2.p.rapidapi.com,medium.com,1.0,3.x,32,0,UNLABELLED,S2,medium.com__1.0__openapi.yaml,no_keyword_match
meilisearch.com/1.0.0/openapi.yaml,Meilisearch v1.1,http://localhost:7700/,meilisearch.com,1.0.0,3.x,64,2,UNLABELLED,S2,meilisearch.com__1.0.0__openapi.yaml,no_keyword_match
meraki.com/0.0.0-streaming/openapi.yaml,Meraki Dashboard API,https://api.meraki.com/api/v0,meraki.com,0.0.0-streaming,3.x,248,0,data,S2,meraki.com__0.0.0-streaming__openapi.yaml,keywords:dashboard
meraki.com/1.32.0/openapi.yaml,Meraki Dashboard API,https://api.meraki.com/api/v1,meraki.com,1.32.0,3.x,616,0,data,S2,meraki.com__1.32.0__openapi.yaml,keywords:dashboard
mercedes-benz.com/configurator/1.0/swagger.yaml,Car Configurator,api.mercedes-benz.com,mercedes-benz.com,1.0,2.0,24,0,UNLABELLED,S2,mercedes-benz.com__configurator__1.0__swagger.yaml,no_keyword_match
mercedes-benz.com/dealer/1.0/swagger.yaml,Dealer,api.mercedes-benz.com,mercedes-benz.com,1.0,2.0,3,0,UNLABELLED,S2,mercedes-benz.com__dealer__1.0__swagger.yaml,no_keyword_match
mercedes-benz.com/diagnostics/1.0/swagger.yaml,Remote Diagnostic Support,api.mercedes-benz.com,mercedes-benz.com,1.0,2.0,4,0,UNLABELLED,S2,mercedes-benz.com__diagnostics__1.0__swagger.yaml,no_keyword_match
mercedes-benz.com/image/1.0/swagger.yaml,Vehicle Image,api.mercedes-benz.com,mercedes-benz.com,1.0,2.0,8,0,media,S2,mercedes-benz.com__image__1.0__swagger.yaml,keywords:image
mercure.local/0.3.2/openapi.yaml,The Mercure protocol,http://mercure.local,mercure.local,0.3.2,3.x,5,0,UNLABELLED,S2,mercure.local__0.3.2__openapi.yaml,no_keyword_match
mermade.org.uk/openapi-converter/1.0.0/openapi.yaml,Swagger2OpenAPI Converter,https://mermade.org.uk/api/v1,mermade.org.uk,1.0.0,3.x,5,1,UNLABELLED,S2,mermade.org.uk__openapi-converter__1.0.0__openapi.yaml,no_keyword_match
meshery.local/0.4.27/openapi.yaml,Meshery API.,http://meshery.local,meshery.local,0.4.27,3.x,75,0,UNLABELLED,S2,meshery.local__0.4.27__openapi.yaml,no_keyword_match
metadapi.com/1.0/openapi.yaml,Zip Code Data API,https://global.metadapi.com,metadapi.com,1.0,3.x,7,0,UNLABELLED,S2,metadapi.com__1.0__openapi.yaml,no_keyword_match
meteosource.com/v1/openapi.yaml,Interactive documentation for your Premium plan,/api/v1/premium,meteosource.com,v1,3.x,7,0,UNLABELLED,S2,meteosource.com__v1__openapi.yaml,no_keyword_match
miataru.com/1.0.0/swagger.yaml,Miataru,service.miataru.com,miataru.com,1.0.0,2.0,5,0,UNLABELLED,S2,miataru.com__1.0.0__swagger.yaml,no_keyword_match
microcks.local/1.7.0/openapi.yaml,Microcks API v1.7,http://microcks.local,microcks.local,1.7.0,3.x,44,0,UNLABELLED,S2,microcks.local__1.7.0__openapi.yaml,no_keyword_match
microsoft.com/cognitiveservices-ComputerVision/2.0/openapi.yaml,Computer Vision Client,https://westcentralus.api.cognitive.microsoft.com/vision/v2.0,microsoft.com,2.0,3.x,9,0,devtools,S2,microsoft.com__cognitiveservices-ComputerVision__2.0__openapi.yaml,keywords:compute
microsoft.com/cognitiveservices-ComputerVision/2.1/openapi.yaml,Computer Vision Client,https://westcentralus.api.cognitive.microsoft.com/vision/v2.1,microsoft.com,2.1,3.x,9,0,devtools,S2,microsoft.com__cognitiveservices-ComputerVision__2.1__openapi.yaml,keywords:compute
microsoft.com/cognitiveservices-ImageSearch/1.0/swagger.yaml,Image Search Client,api.cognitive.microsoft.com,microsoft.com,1.0,2.0,3,0,media,S2,microsoft.com__cognitiveservices-ImageSearch__1.0__swagger.yaml,keywords:image
microsoft.com/cognitiveservices-NewsSearch/1.0/swagger.yaml,News Search Client,api.cognitive.microsoft.com,microsoft.com,1.0,2.0,3,0,media,S2,microsoft.com__cognitiveservices-NewsSearch__1.0__swagger.yaml,keywords:news
microsoft.com/cognitiveservices-Prediction/1.1/openapi.yaml,PredictionEndpoint,https://southcentralus.api.cognitive.microsoft.com/customvision/v1.1/prediction,microsoft.com,1.1,3.x,4,0,data,S2,microsoft.com__cognitiveservices-Prediction__1.1__openapi.yaml,keywords:prediction
microsoft.com/cognitiveservices-Prediction/2.0/openapi.yaml,Custom Vision Prediction Client,https://southcentralus.api.cognitive.microsoft.com/customvision/v2.0/prediction,microsoft.com,2.0,3.x,4,0,data,S2,microsoft.com__cognitiveservices-Prediction__2.0__openapi.yaml,keywords:prediction
microsoft.com/cognitiveservices-Prediction/3.0/openapi.yaml,Custom Vision Prediction Client,https://southcentralus.api.cognitive.microsoft.com/customvision/v3.0/prediction,microsoft.com,3.0,3.x,8,0,data,S2,microsoft.com__cognitiveservices-Prediction__3.0__openapi.yaml,keywords:prediction
microsoft.com/cognitiveservices-Training/1.2/openapi.yaml,TrainingApi,https://southcentralus.api.cognitive.microsoft.com/customvision/v1.2/training,microsoft.com,1.2,3.x,34,0,UNLABELLED,S2,microsoft.com__cognitiveservices-Training__1.2__openapi.yaml,no_keyword_match
microsoft.com/cognitiveservices-Training/2.0/openapi.yaml,TrainingApi,https://southcentralus.api.cognitive.microsoft.com/customvision/v2.0/training,microsoft.com,2.0,3.x,41,0,UNLABELLED,S2,microsoft.com__cognitiveservices-Training__2.0__openapi.yaml,no_keyword_match
microsoft.com/cognitiveservices-Training/2.1/openapi.yaml,TrainingApi,https://southcentralus.api.cognitive.microsoft.com/customvision/v2.1/training,microsoft.com,2.1,3.x,41,0,UNLABELLED,S2,microsoft.com__cognitiveservices-Training__2.1__openapi.yaml,no_keyword_match
microsoft.com/cognitiveservices-Training/2.2/openapi.yaml,Custom Vision Training Client,https://southcentralus.api.cognitive.microsoft.com/customvision/v2.2/training,microsoft.com,2.2,3.x,41,0,UNLABELLED,S2,microsoft.com__cognitiveservices-Training__2.2__openapi.yaml,no_keyword_match
microsoft.com/cognitiveservices-Training/3.0/openapi.yaml,Custom Vision Training Client,https://southcentralus.api.cognitive.microsoft.com/customvision/v3.0/training,microsoft.com,3.0,3.x,43,0,UNLABELLED,S2,microsoft.com__cognitiveservices-Training__3.0__openapi.yaml,no_keyword_match
microsoft.com/cognitiveservices-Training/3.1/openapi.yaml,Custom Vision Training Client,https://southcentralus.api.cognitive.microsoft.com/customvision/v3.1/training,microsoft.com,3.1,3.x,46,0,UNLABELLED,S2,microsoft.com__cognitiveservices-Training__3.1__openapi.yaml,no_keyword_match
microsoft.com/cognitiveservices-Training/3.2/openapi.yaml,Custom Vision Training Client,https://southcentralus.api.cognitive.microsoft.com/customvision/v3.2/training,microsoft.com,3.2,3.x,48,0,UNLABELLED,S2,microsoft.com__cognitiveservices-Training__3.2__openapi.yaml,no_keyword_match
microsoft.com/cognitiveservices-VideoSearch/1.0/swagger.yaml,Video Search Client,api.cognitive.microsoft.com,microsoft.com,1.0,2.0,3,0,media,S2,microsoft.com__cognitiveservices-VideoSearch__1.0__swagger.yaml,keywords:video
microsoft.com/graph-beta/1.0.1/openapi.yaml,OData Service for namespace microsoft.graph,https://graph.microsoft.com/beta,microsoft.com,1.0.1,3.x,22361,0,UNLABELLED,S2,microsoft.com__graph-beta__1.0.1__openapi.yaml,no_keyword_match
microsoft.com/graph/1.0.1/openapi.yaml,OData Service for namespace microsoft.graph,https://graph.microsoft.com/v1.0,microsoft.com,1.0.1,3.x,11422,0,UNLABELLED,S2,microsoft.com__graph__1.0.1__openapi.yaml,no_keyword_match
mineskin.org/1.0.0/openapi.yaml,MineSkin API,https://api.mineskin.org,mineskin.org,1.0.0,3.x,9,0,UNLABELLED,S2,mineskin.org__1.0.0__openapi.yaml,no_keyword_match
mist.com/0.37.7/openapi.yaml,Mist API,https://api.mist.com,mist.com,0.37.7,3.x,779,0,UNLABELLED,S2,mist.com__0.37.7__openapi.yaml,no_keyword_match
mon-voyage-pas-cher.com/0.0.1/swagger.yaml,Mon-voyage-pas-cher.com Public API,api.mon-voyage-pas-cher.com,mon-voyage-pas-cher.com,0.0.1,2.0,11,0,UNLABELLED,S2,mon-voyage-pas-cher.com__0.0.1__swagger.yaml,no_keyword_match
monarchinitiative.org/1.1.14/openapi.yaml,BioLink API,/api,monarchinitiative.org,1.1.14,3.x,168,0,UNLABELLED,S2,monarchinitiative.org__1.1.14__openapi.yaml,no_keyword_match
motaword.com/1.0/openapi.yaml,MotaWord API,https://api.motaword.com,motaword.com,1.0,3.x,222,0,UNLABELLED,S2,motaword.com__1.0__openapi.yaml,no_keyword_match
mozilla.com/kinto/1.22/openapi.yaml,Remote Settings PROD,https://firefox.settings.services.mozilla.com/v1,mozilla.com,1.22,3.x,19,0,UNLABELLED,S2,mozilla.com__kinto__1.22__openapi.yaml,no_keyword_match
mtaa-api.herokuapp.com/1.0/openapi.yaml,Mtaa API Documentation,https://mtaa-api.herokuapp.com/api,mtaa-api.herokuapp.com,1.0,3.x,5,0,UNLABELLED,S2,mtaa-api.herokuapp.com__1.0__openapi.yaml,no_keyword_match
musixmatch.com/1.1.0/swagger.yaml,Musixmatch API,api.musixmatch.com,musixmatch.com,1.1.0,2.0,16,0,UNLABELLED,S2,musixmatch.com__1.1.0__swagger.yaml,no_keyword_match
mux.com/v1/openapi.yaml,Mux API,https://api.mux.com,mux.com,v1,3.x,91,0,UNLABELLED,S2,mux.com__v1__openapi.yaml,no_keyword_match
n-auth.com/2.2/swagger.yaml,nextAuth API,api.nextauth.com,n-auth.com,2.2,2.0,55,0,UNLABELLED,S2,n-auth.com__2.2__swagger.yaml,no_keyword_match
namsor.com/2.0.24/openapi.yaml,NamSor API v2,https://v2.namsor.com/namsorapiv2,namsor.com,2.0.24,3.x,88,0,UNLABELLED,S2,namsor.com__2.0.24__openapi.yaml,no_keyword_match
nasa.gov/asteroids neows/3.4.0/openapi.yaml,TechPort,http://techport.nasa.gov/api,nasa.gov,3.4.0,3.x,3,0,UNLABELLED,S2,nasa.gov__asteroids neows__3.4.0__openapi.yaml,no_keyword_match
nativeads.com/1.0.0/swagger.yaml,Native Ads Publisher API,api.nativeads.com,nativeads.com,1.0.0,2.0,4,0,UNLABELLED,S2,nativeads.com__1.0.0__swagger.yaml,no_keyword_match
naviplancentral.com/factfinder/v1/swagger.yaml,Advicent.FactFinderService,demo.uat.naviplancentral.com,naviplancentral.com,v1,2.0,151,0,UNLABELLED,S2,naviplancentral.com__factfinder__v1__swagger.yaml,no_keyword_match
naviplancentral.com/plan/v1/swagger.yaml,NaviPlan API,demo.uat.naviplancentral.com,naviplancentral.com,v1,2.0,64,0,UNLABELLED,S2,naviplancentral.com__plan__v1__swagger.yaml,no_keyword_match
nba.com/version/swagger.yaml,NBA Stats API,stats.nba.com,nba.com,version,2.0,91,0,UNLABELLED,S2,nba.com__version__swagger.yaml,no_keyword_match
nbg.gr/v3.1.5/openapi.yaml,Account and Transaction API Specification - UK,https://apis.nbg.gr/sandbox/uk.openbanking.accountinfo/oauth2/v3.1.5,nbg.gr,v3.1.5,3.x,21,0,finance,S2,nbg.gr__v3.1.5__openapi.yaml,keywords:transaction
ndhm.gov.in/ndhm-cm/0.5/openapi.yaml,Health Data Consent Manager,https://dev.ndhm.gov.in/cm,ndhm.gov.in,0.5,3.x,22,0,health,S2,ndhm.gov.in__ndhm-cm__0.5__openapi.yaml,keywords:health
ndhm.gov.in/ndhm-gateway/0.5/openapi.yaml,Gateway,https://dev.ndhm.gov.in/gateway,ndhm.gov.in,0.5,3.x,48,0,UNLABELLED,S2,ndhm.gov.in__ndhm-gateway__0.5__openapi.yaml,no_keyword_match
ndhm.gov.in/ndhm-healthid/1.0/openapi.yaml,Health ID Service,https://healthidsbx.ndhm.gov.in/api,ndhm.gov.in,1.0,3.x,73,0,health,S2,ndhm.gov.in__ndhm-healthid__1.0__openapi.yaml,keywords:health
ndhm.gov.in/ndhm-hip/0.5/openapi.yaml,Health Repository Provider Specifications for HIP,https://dev.ndhm.gov.in/gateway,ndhm.gov.in,0.5,3.x,30,0,UNLABELLED,S2,ndhm.gov.in__ndhm-hip__0.5__openapi.yaml,tie:health/devtools
ndhm.gov.in/ndhm-hiu/0.5/openapi.yaml,Health Repository Provider Specifications for HIU,https://dev.ndhm.gov.in/gateway,ndhm.gov.in,0.5,3.x,32,0,UNLABELLED,S2,ndhm.gov.in__ndhm-hiu__0.5__openapi.yaml,tie:health/devtools
nebl.io/1.3.0/openapi.yaml,Neblio REST API Suite,https://ntp1node.nebl.io/,nebl.io,1.3.0,3.x,50,0,UNLABELLED,S2,nebl.io__1.3.0__openapi.yaml,no_keyword_match
neowsapp.com/1.0/openapi.yaml,NeoWs - (Near Earth Object Web Service),http://www.neowsapp.com/,neowsapp.com,1.0,3.x,7,0,UNLABELLED,S2,neowsapp.com__1.0__openapi.yaml,no_keyword_match
netatmo.net/1.1.5/openapi.yaml,Netatmo,https://api.netatmo.net/api,netatmo.net,1.1.5,3.x,22,0,UNLABELLED,S2,netatmo.net__1.1.5__openapi.yaml,no_keyword_match
netbox.dev/3.4/openapi.yaml,NetBox API,https://demo.netbox.dev/api,netbox.dev,3.4,3.x,843,1,UNLABELLED,S2,netbox.dev__3.4__openapi.yaml,no_keyword_match
netboxdemo.com/2.4/openapi.yaml,NetBox API,http://netboxdemo.com/api,netboxdemo.com,2.4,3.x,357,0,UNLABELLED,S2,netboxdemo.com__2.4__openapi.yaml,no_keyword_match
netboxdemo.com/2.8/openapi.yaml,NetBox API,https://netboxdemo.com/api,netboxdemo.com,2.8,3.x,386,0,UNLABELLED,S2,netboxdemo.com__2.8__openapi.yaml,no_keyword_match
netlicensing.io/2.x/openapi.yaml,Labs64 NetLicensing RESTful API Test Center,https://go.netlicensing.io/core/v2/rest,netlicensing.io,2.x,3.x,40,0,data,S2,netlicensing.io__2.x__openapi.yaml,keywords:etl
netlify.com/2.16.0/swagger.yaml,Netlify's API documentation,api.netlify.com,netlify.com,2.16.0,2.0,120,0,data,S2,netlify.com__2.16.0__swagger.yaml,keywords:etl
neutrinoapi.net/3.6.4/openapi.yaml,Neutrino API,https://neutrinoapi.net,neutrinoapi.net,3.6.4,3.x,28,0,UNLABELLED,S2,neutrinoapi.net__3.6.4__openapi.yaml,no_keyword_match
nexmo.com/account/1.0.4/openapi.yaml,Account API,https://api.nexmo.com,nexmo.com,1.0.4,3.x,8,0,communication,S2,nexmo.com__account__1.0.4__openapi.yaml,provider_override:nexmo.com
nexmo.com/application.v2/2.1.4/openapi.yaml,Application API,https://api.nexmo.com/v2/applications,nexmo.com,2.1.4,3.x,5,0,communication,S2,nexmo.com__application.v2__2.1.4__openapi.yaml,provider_override:nexmo.com
nexmo.com/application/1.0.2/openapi.yaml,Nexmo Application API,https://api.nexmo.com/v1/applications,nexmo.com,1.0.2,3.x,5,0,communication,S2,nexmo.com__application__1.0.2__openapi.yaml,provider_override:nexmo.com
nexmo.com/conversation.v2/1.0.1/openapi.yaml,Conversation API,https://api.nexmo.com/v0.2,nexmo.com,1.0.1,3.x,4,0,communication,S2,nexmo.com__conversation.v2__1.0.1__openapi.yaml,provider_override:nexmo.com
nexmo.com/conversation/2.0.1/openapi.yaml,Conversation API,https://api.nexmo.com/v0.1,nexmo.com,2.0.1,3.x,23,0,communication,S2,nexmo.com__conversation__2.0.1__openapi.yaml,provider_override:nexmo.com
nexmo.com/external-accounts/0.1.5/openapi.yaml,External Accounts API,https://api.nexmo.com/beta/chatapp-accounts,nexmo.com,0.1.5,3.x,9,0,communication,S2,nexmo.com__external-accounts__0.1.5__openapi.yaml,provider_override:nexmo.com
nexmo.com/media/1.0.2/openapi.yaml,Media API,https://api.nexmo.com/v3/media,nexmo.com,1.0.2,3.x,4,0,communication,S2,nexmo.com__media__1.0.2__openapi.yaml,provider_override:nexmo.com
nexmo.com/number-insight/1.2.1/openapi.yaml,Number Insight API,https://api.nexmo.com/ni,nexmo.com,1.2.1,3.x,4,0,communication,S2,nexmo.com__number-insight__1.2.1__openapi.yaml,provider_override:nexmo.com
nexmo.com/numbers/1.0.20/openapi.yaml,Numbers API,https://rest.nexmo.com,nexmo.com,1.0.20,3.x,5,0,communication,S2,nexmo.com__numbers__1.0.20__openapi.yaml,provider_override:nexmo.com
nexmo.com/pricing/0.0.3/openapi.yaml,Pricing API,https://rest.nexmo.com/account,nexmo.com,0.0.3,3.x,3,0,communication,S2,nexmo.com__pricing__0.0.3__openapi.yaml,provider_override:nexmo.com
nexmo.com/reports/2.2.2/openapi.yaml,Reports API,https://api.nexmo.com,nexmo.com,2.2.2,3.x,6,0,communication,S2,nexmo.com__reports__2.2.2__openapi.yaml,provider_override:nexmo.com
nexmo.com/subaccounts/1.0.8/openapi.yaml,Subaccounts API,https://api.nexmo.com/accounts,nexmo.com,1.0.8,3.x,9,0,communication,S2,nexmo.com__subaccounts__1.0.8__openapi.yaml,provider_override:nexmo.com
nexmo.com/verify/1.2.4/openapi.yaml,Verify API,https://api.nexmo.com/verify,nexmo.com,1.2.4,3.x,6,0,communication,S2,nexmo.com__verify__1.2.4__openapi.yaml,provider_override:nexmo.com
nexmo.com/voice/1.3.10/openapi.yaml,Voice API,https://api.nexmo.com/v1/calls,nexmo.com,1.3.10,3.x,9,0,communication,S2,nexmo.com__voice__1.3.10__openapi.yaml,provider_override:nexmo.com
nfusionsolutions.biz/1/openapi.yaml,nFusion Solutions Market Data API,https://api.nfusionsolutions.biz,nfusionsolutions.biz,1,3.x,17,0,UNLABELLED,S2,nfusionsolutions.biz__1__openapi.yaml,no_keyword_match
nlpcloud.io/1.0.0/openapi.yaml,NLPCloud,,nlpcloud.io,1.0.0,3.x,5,0,UNLABELLED,S2,nlpcloud.io__1.0.0__openapi.yaml,no_keyword_match
noosh.com/1.0/openapi.yaml,Noosh API application,http://example.com:80/v1,noosh.com,1.0,3.x,102,0,UNLABELLED,S2,noosh.com__1.0__openapi.yaml,no_keyword_match
nordigen.com/2.0 (v2)/openapi.yaml,Nordigen Account Information Services API,https://ob.nordigen.com,nordigen.com,2.0 (v2),3.x,29,0,UNLABELLED,S2,nordigen.com__2.0 (v2)__openapi.yaml,no_keyword_match
notion.com/1.0.0/openapi.yaml,Notion API,https://api.notion.com,notion.com,1.0.0,3.x,13,0,UNLABELLED,S2,notion.com__1.0.0__openapi.yaml,no_keyword_match
nowpayments.io/1.0.0/openapi.yaml,NOWPayments API,https://api.nowpayments.io,nowpayments.io,1.0.0,3.x,16,0,finance,S2,nowpayments.io__1.0.0__openapi.yaml,keywords:payment
npr.org/authorization/2/swagger.yaml,NPR Authorization Service,authorization.api.npr.org,npr.org,2,2.0,3,0,identity,S2,npr.org__authorization__2__swagger.yaml,keywords:authorization
npr.org/identity/2/swagger.yaml,NPR Identity Service,identity.api.npr.org,npr.org,2,2.0,5,0,identity,S2,npr.org__identity__2__swagger.yaml,keywords:identity
npr.org/listening/2/swagger.yaml,NPR Listening Service,listening.api.npr.org,npr.org,2,2.0,9,0,UNLABELLED,S2,npr.org__listening__2__swagger.yaml,no_keyword_match
nrel.gov/transportation-incentives-laws/0.1.0/openapi.yaml,Transportation Laws and Incentives,/api/transportation-incentives-laws,nrel.gov,0.1.0,3.x,4,0,UNLABELLED,S2,nrel.gov__transportation-incentives-laws__0.1.0__openapi.yaml,no_keyword_match
nrm.se/georg/2.1/swagger.yaml,Georg API,,nrm.se,2.1,2.0,5,0,UNLABELLED,S2,nrm.se__georg__2.1__swagger.yaml,no_keyword_match
nsidc.org/1.0.0/openapi.yaml,NSIDC Web Service Documentation Index,http://nsidc.org/api/dataset/2,nsidc.org,1.0.0,3.x,4,0,UNLABELLED,S2,nsidc.org__1.0.0__openapi.yaml,no_keyword_match
nytimes.com/books_api/3.0.0/openapi.yaml,Books API,https://api.nytimes.com/svc/books/v3,nytimes.com,3.0.0,3.x,6,0,media,S2,nytimes.com__books_api__3.0.0__openapi.yaml,keywords:book
nytimes.com/community/3.0.0/openapi.yaml,Community API,http://api.nytimes.com/svc/community/v3,nytimes.com,3.0.0,3.x,4,0,social,S2,nytimes.com__community__3.0.0__openapi.yaml,keywords:community
nytimes.com/most_popular_api/2.0.0/openapi.yaml,Most Popular API,http://api.nytimes.com/svc/mostpopular/v2,nytimes.com,2.0.0,3.x,3,0,UNLABELLED,S2,nytimes.com__most_popular_api__2.0.0__openapi.yaml,no_keyword_match
nytimes.com/movie_reviews/2.0.0/openapi.yaml,Movie Reviews API,http://api.nytimes.com/svc/movies/v2,nytimes.com,2.0.0,3.x,3,0,media,S2,nytimes.com__movie_reviews__2.0.0__openapi.yaml,keywords:movie
nytimes.com/timeswire/3.0.0/openapi.yaml,Times Newswire API,http://api.nytimes.com/svc/news/v3,nytimes.com,3.0.0,3.x,3,0,media,S2,nytimes.com__timeswire__3.0.0__openapi.yaml,keywords:news
o2.cz/sociodemo/1.2.0/swagger.yaml,Socio-demo API,developer.o2.cz,o2.cz,1.2.0,2.0,3,0,UNLABELLED,S2,o2.cz__sociodemo__1.2.0__swagger.yaml,no_keyword_match
obono.at/1.4.0.0/openapi.yaml,obono RKSV API,/api/v1,obono.at,1.4.0.0,3.x,18,0,UNLABELLED,S2,obono.at__1.4.0.0__openapi.yaml,no_keyword_match
oceandrivers.com/1.0/openapi.yaml,ODWeather,https://api.oceandrivers.com/,oceandrivers.com,1.0,3.x,10,0,geo,S2,oceandrivers.com__1.0__openapi.yaml,keywords:weather
okta.local/1.0.0/openapi.yaml,Users (Okta API),http://okta.local,okta.local,1.0.0,3.x,19,0,UNLABELLED,S2,okta.local__1.0.0__openapi.yaml,no_keyword_match
onsched.com/consumer/v1/openapi.yaml,OnSched Consumer API,https://sandbox-api.onsched.com/,onsched.com,v1,3.x,38,0,UNLABELLED,S2,onsched.com__consumer__v1__openapi.yaml,no_keyword_match
onsched.com/setup/v1/openapi.yaml,OnSched Setup API,https://sandbox-api.onsched.com/,onsched.com,v1,3.x,138,0,UNLABELLED,S2,onsched.com__setup__v1__openapi.yaml,no_keyword_match
openai.com/1.2.0/openapi.yaml,OpenAI API,https://api.openai.com/v1,openai.com,1.2.0,3.x,28,0,UNLABELLED,S2,openai.com__1.2.0__openapi.yaml,no_keyword_match
openalpr.com/3.0.1/swagger.yaml,OpenALPR CarCheck API,api.openalpr.com,openalpr.com,3.0.1,2.0,4,0,UNLABELLED,S2,openalpr.com__3.0.1__swagger.yaml,no_keyword_match
openapi-generator.tech/6.5.0/openapi.yaml,OpenAPI Generator Online,//api.openapi-generator.tech,openapi-generator.tech,6.5.0,3.x,7,0,UNLABELLED,S2,openapi-generator.tech__6.5.0__openapi.yaml,no_keyword_match
openapi.space/1.0.0/swagger.yaml,OpenAPI space,openapi.space,openapi.space,1.0.0,2.0,15,0,UNLABELLED,S2,openapi.space__1.0.0__swagger.yaml,no_keyword_match
openaq.local/2.0.0/openapi.yaml,OpenAQ,http://openaq.local,openaq.local,2.0.0,3.x,35,1,UNLABELLED,S2,openaq.local__2.0.0__openapi.yaml,no_keyword_match
openbanking.org.uk/account-info-openapi/3.1.7/openapi.yaml,Account and Transaction API Specification,https://openbanking.org.uk,openbanking.org.uk,3.1.7,3.x,29,0,finance,S2,openbanking.org.uk__account-info-openapi__3.1.7__openapi.yaml,"keywords:bank,banking,transaction"
openbanking.org.uk/confirmation-funds-openapi/3.1.7/openapi.yaml,Confirmation of Funds API Specification,https://openbanking.org.uk,openbanking.org.uk,3.1.7,3.x,4,0,finance,S2,openbanking.org.uk__confirmation-funds-openapi__3.1.7__openapi.yaml,"keywords:bank,banking"
openbanking.org.uk/payment-initiation-openapi/3.1.7/openapi.yaml,Payment Initiation API,https://openbanking.org.uk,openbanking.org.uk,3.1.7,3.x,41,0,finance,S2,openbanking.org.uk__payment-initiation-openapi__3.1.7__openapi.yaml,"keywords:bank,banking,payment"
openbanking.org.uk/v1.3/openapi.yaml,Open Data API,https://developer.openbanking.org.uk/reference-implementation/open-banking/v1.3,openbanking.org.uk,v1.3,3.x,6,0,finance,S2,openbanking.org.uk__v1.3__openapi.yaml,"keywords:bank,banking"
openbankingproject.ch/1.3.8_2020-12-14 - Swiss edition 1.3.8.1-CH/openapi.yaml,Swiss NextGen Banking API-Framework,https://api.dev.openbankingproject.ch,openbankingproject.ch,1.3.8_2020-12-14 - Swiss edition 1.3.8.1-CH,3.x,34,0,finance,S2,openbankingproject.ch__1.3.8_2020-12-14 - Swiss edition 1.3.8.1-CH__openapi.yaml,"keywords:bank,banking"
openchannel.io/market/2.0.24/openapi.yaml,OpenChannel Market API,https://market.openchannel.io/v2,openchannel.io,2.0.24,3.x,72,0,UNLABELLED,S2,openchannel.io__market__2.0.24__openapi.yaml,no_keyword_match
opendatanetwork.com/1.0.0/openapi.yaml,ODN API,http://api.opendatanetwork.com,opendatanetwork.com,1.0.0,3.x,9,0,UNLABELLED,S2,opendatanetwork.com__1.0.0__openapi.yaml,no_keyword_match
opendatasoft.com/2.1.0/swagger.yaml,opendatasoft,public.opendatasoft.com,opendatasoft.com,2.1.0,2.0,36,0,UNLABELLED,S2,opendatasoft.com__2.1.0__swagger.yaml,no_keyword_match
openfintech.io/2017-08-24/swagger.yaml,OpenFinTech.io,api.openfintech.io,openfintech.io,2017-08-24,2.0,18,0,finance,S2,openfintech.io__2017-08-24__swagger.yaml,keywords:fintech
openlinksw.com/osdb/1.0.0/openapi.yaml,OSDB REST API v1,https://osdb.openlinksw.com/osdb,openlinksw.com,1.0.0,3.x,10,0,UNLABELLED,S2,openlinksw.com__osdb__1.0.0__openapi.yaml,no_keyword_match
openpolicy.local/0.28.0/openapi.yaml,Open Policy Agent (OPA) REST API,http://openpolicy.local,openpolicy.local,0.28.0,3.x,15,1,UNLABELLED,S2,openpolicy.local__0.28.0__openapi.yaml,no_keyword_match
openstates.org/2021.11.12/openapi.yaml,Open States API v3,,openstates.org,2021.11.12,3.x,11,1,UNLABELLED,S2,openstates.org__2021.11.12__openapi.yaml,no_keyword_match
openstf.io/2.3.0/swagger.yaml,Smartphone Test Farm,openstf.local,openstf.io,2.3.0,2.0,10,0,UNLABELLED,S2,openstf.io__2.3.0__swagger.yaml,no_keyword_match
opensuse.org/obs/2.10.50/openapi.yaml,Open Build Service API,/,opensuse.org,2.10.50,3.x,81,0,UNLABELLED,S2,opensuse.org__obs__2.10.50__openapi.yaml,no_keyword_match
opentargets.io/19.02.1/openapi.yaml,Open Targets Platform REST API,//platform-api.opentargets.io/v3,opentargets.io,19.02.1,3.x,31,0,UNLABELLED,S2,opentargets.io__19.02.1__openapi.yaml,no_keyword_match
opentrials.local/0.0.1/swagger.yaml,OpenTrials API,opentrials.local,opentrials.local,0.0.1,2.0,17,0,UNLABELLED,S2,opentrials.local__0.0.1__swagger.yaml,no_keyword_match
openuv.io/v1/openapi.yaml,OpenUV - Global Real-Time UV Index Forecast API,https://api.openuv.io/api/{version},openuv.io,v1,3.x,3,0,geo,S2,openuv.io__v1__openapi.yaml,keywords:forecast
optimade.local/1.1.0~develop/openapi.yaml,OPTIMADE API,http://optimade.local,optimade.local,1.1.0~develop,3.x,8,0,UNLABELLED,S2,optimade.local__1.1.0~develop__openapi.yaml,no_keyword_match
opto22.com/groov/R4.2a/swagger.yaml,groov View Public API,,opto22.com,R4.2a,2.0,10,0,UNLABELLED,S2,opto22.com__groov__R4.2a__swagger.yaml,no_keyword_match
opto22.com/pac/R1.0a/swagger.yaml,PAC Control REST API,,opto22.com,R1.0a,2.0,55,0,UNLABELLED,S2,opto22.com__pac__R1.0a__swagger.yaml,no_keyword_match
orbit.love/v1/openapi.yaml,Orbit API,https://app.orbit.love/api/v1,orbit.love,v1,3.x,33,0,UNLABELLED,S2,orbit.love__v1__openapi.yaml,no_keyword_match
orghunter.com/1.0.0/swagger.yaml,OrgHunter,data.orghunter.com,orghunter.com,1.0.0,2.0,6,0,UNLABELLED,S2,orghunter.com__1.0.0__swagger.yaml,no_keyword_match
ornl.gov/daymet/1.0.2/swagger.yaml,Daymet Single Pixel Extraction Tool API,daymet.ornl.gov,ornl.gov,1.0.2,2.0,4,0,UNLABELLED,S2,ornl.gov__daymet__1.0.2__swagger.yaml,no_keyword_match
orthanc-server.com/1.12.0/openapi.yaml,Orthanc API,https://demo.orthanc-server.com/,orthanc-server.com,1.12.0,3.x,291,0,UNLABELLED,S2,orthanc-server.com__1.12.0__openapi.yaml,no_keyword_match
osf.io/2.0/openapi.yaml,OSF APIv2 Documentation,https://api.test.osf.io/v2,osf.io,2.0,3.x,156,0,UNLABELLED,S2,osf.io__2.0__openapi.yaml,no_keyword_match
osisoft.com/1.11.1.5383/swagger.yaml,PI Web API 2018 SP1 Swagger Spec,devdata.osisoft.com,osisoft.com,1.11.1.5383,2.0,413,0,UNLABELLED,S2,osisoft.com__1.11.1.5383__swagger.yaml,no_keyword_match
ote-godaddy.com/abuse/1.0.0/openapi.yaml,,//api.ote-godaddy.com,ote-godaddy.com,1.0.0,3.x,3,0,UNLABELLED,S2,ote-godaddy.com__abuse__1.0.0__openapi.yaml,no_keyword_match
owler.com/1.0.0/swagger.yaml,Owler,api.owler.com,owler.com,1.0.0,2.0,13,0,UNLABELLED,S2,owler.com__1.0.0__swagger.yaml,no_keyword_match
oxforddictionaries.com/1.11.0/openapi.yaml,Oxford Dictionaries,https://od-api-demo.oxforddictionaries.com:443/api/v1,oxforddictionaries.com,1.11.0,3.x,26,0,UNLABELLED,S2,oxforddictionaries.com__1.11.0__openapi.yaml,no_keyword_match
pandascore.co/2.23.1/openapi.yaml,PandaScore REST API for All Videogames,https://api.pandascore.co/,pandascore.co,2.23.1,3.x,56,0,media,S2,pandascore.co__2.23.1__openapi.yaml,"keywords:video,game"
pandorabots.com/1.0.0/swagger.yaml,Pandorabots AIaaS,aiaas.pandorabots.com,pandorabots.com,1.0.0,2.0,13,0,UNLABELLED,S2,pandorabots.com__1.0.0__swagger.yaml,no_keyword_match
parliament.uk/bills/v1/openapi.yaml,Bills API,https://bills-api.parliament.uk,parliament.uk,v1,3.x,19,0,government,S2,parliament.uk__bills__v1__openapi.yaml,provider_override:parliament.uk
parliament.uk/commonsvotes/v1/swagger.yaml,Commons Votes API,commonsvotes-api.parliament.uk,parliament.uk,v1,2.0,5,0,government,S2,parliament.uk__commonsvotes__v1__swagger.yaml,provider_override:parliament.uk
parliament.uk/erskine-may/v1/openapi.yaml,Erskine May API,,parliament.uk,v1,3.x,11,0,government,S2,parliament.uk__erskine-may__v1__openapi.yaml,provider_override:parliament.uk
parliament.uk/lordsvotes/v1/openapi.yaml,Lords Votes API,,parliament.uk,v1,3.x,5,0,government,S2,parliament.uk__lordsvotes__v1__openapi.yaml,provider_override:parliament.uk
parliament.uk/members/v1/openapi.yaml,Members API,,parliament.uk,v1,3.x,43,0,government,S2,parliament.uk__members__v1__openapi.yaml,provider_override:parliament.uk
parliament.uk/oralquestions/v1/openapi.yaml,House of Commons Oral and Written Questions API,http://oralquestionsandmotions-api.parliament.uk,parliament.uk,v1,3.x,4,0,government,S2,parliament.uk__oralquestions__v1__openapi.yaml,provider_override:parliament.uk
parliament.uk/search/Live/openapi.yaml,UK Parliament Search Service,https://api.parliament.uk/search,parliament.uk,Live,3.x,3,0,government,S2,parliament.uk__search__Live__openapi.yaml,provider_override:parliament.uk
parliament.uk/statutoryinstruments/v1/openapi.yaml,Statutory Instruments API,,parliament.uk,v1,3.x,10,0,government,S2,parliament.uk__statutoryinstruments__v1__openapi.yaml,provider_override:parliament.uk
parliament.uk/treaties/v1/openapi.yaml,Treaties API,,parliament.uk,v1,3.x,6,0,government,S2,parliament.uk__treaties__v1__openapi.yaml,provider_override:parliament.uk
parliament.uk/writtenquestions/v1/openapi.yaml,Written Questions Service API,,parliament.uk,v1,3.x,7,0,government,S2,parliament.uk__writtenquestions__v1__openapi.yaml,provider_override:parliament.uk
patientview.org/1.0/openapi.yaml,PatientView,https://www.patientview.org/,patientview.org,1.0,3.x,15,0,health,S2,patientview.org__1.0__openapi.yaml,keywords:patient
patrowl.local/1.0.0/openapi.yaml,Swagger API-REST for Patrowl Engines,http://patrowl.local,patrowl.local,1.0.0,3.x,12,2,UNLABELLED,S2,patrowl.local__1.0.0__openapi.yaml,no_keyword_match
pay1.de/link/v1/openapi.yaml,PAYONE Link API,https://onelink.pay1.de/api,pay1.de,v1,3.x,4,0,UNLABELLED,S2,pay1.de__link__v1__openapi.yaml,no_keyword_match
paylocity.com/2/openapi.yaml,Paylocity API,https://api.paylocity.com/api,paylocity.com,2,3.x,30,0,UNLABELLED,S2,paylocity.com__2__openapi.yaml,no_keyword_match
payments.service.gov.uk/payments/1.0.3/swagger.yaml,GOV.UK Pay API,publicapi.payments.service.gov.uk,payments.service.gov.uk,1.0.3,2.0,10,0,finance,S2,payments.service.gov.uk__payments__1.0.3__swagger.yaml,keywords:payment
payrun.io/23.24.2.136/openapi.yaml,PayRun.IO,https://api.test.payrun.io,payrun.io,23.24.2.136,3.x,389,1,UNLABELLED,S2,payrun.io__23.24.2.136__openapi.yaml,no_keyword_match
pdfblocks.com/1.5.0/openapi.yaml,PDF Blocks API,https://api.pdfblocks.com,pdfblocks.com,1.5.0,3.x,12,0,UNLABELLED,S2,pdfblocks.com__1.5.0__openapi.yaml,no_keyword_match
pdfbroker.io/v1/openapi.yaml,PdfBroker.io API,,pdfbroker.io,v1,3.x,7,0,UNLABELLED,S2,pdfbroker.io__v1__openapi.yaml,no_keyword_match
pdfgeneratorapi.com/3.1.1/openapi.yaml,PDF Generator API,https://us1.pdfgeneratorapi.com/api/v3,pdfgeneratorapi.com,3.1.1,3.x,11,0,UNLABELLED,S2,pdfgeneratorapi.com__3.1.1__openapi.yaml,no_keyword_match
peel-ci.com/1.0.0/swagger.yaml,Peel Tune-in API,hashtag.peel-ci.com,peel-ci.com,1.0.0,2.0,4,1,UNLABELLED,S2,peel-ci.com__1.0.0__swagger.yaml,no_keyword_match
pendo.io/1.0.0/swagger.yaml,Pendo Feedback API,api.feedback.eu.pendo.io,pendo.io,1.0.0,2.0,31,0,social,S2,pendo.io__1.0.0__swagger.yaml,keywords:feed
peoplefinderspro.com/1.0.0/openapi.yaml,Self Service Developer API,https://api.peoplefinderspro.com,peoplefinderspro.com,1.0.0,3.x,5,0,UNLABELLED,S2,peoplefinderspro.com__1.0.0__openapi.yaml,no_keyword_match
peoplegeneratorapi.live/v0/openapi.yaml,OpenAPI definition,http://peoplegeneratorapi.live,peoplegeneratorapi.live,v0,3.x,46,0,UNLABELLED,S2,peoplegeneratorapi.live__v0__openapi.yaml,no_keyword_match
personio.de/personnel/1.0/openapi.yaml,Personnel Data,https://api.personio.de/v1,personio.de,1.0,3.x,13,0,UNLABELLED,S2,personio.de__personnel__1.0__openapi.yaml,no_keyword_match
phantauth.net/1.0.0/openapi.yaml,PhantAuth,https://phantauth.net,phantauth.net,1.0.0,3.x,10,0,UNLABELLED,S2,phantauth.net__1.0.0__openapi.yaml,no_keyword_match
pims.io/1.0/swagger.yaml,Pims,demo.pims.io,pims.io,1.0,2.0,28,0,UNLABELLED,S2,pims.io__1.0__swagger.yaml,no_keyword_match
pinecone.io/20230406.1/openapi.yaml,Pinecone API,https://controller.{environment}.pinecone.io,pinecone.io,20230406.1,3.x,15,0,UNLABELLED,S2,pinecone.io__20230406.1__openapi.yaml,no_keyword_match
plaid.com/2020-09-14_1.345.1/openapi.yaml,The Plaid API,https://production.plaid.com,plaid.com,2020-09-14_1.345.1,3.x,200,0,finance,S2,plaid.com__2020-09-14_1.345.1__openapi.yaml,provider_override:plaid.com
pocketsmith.com/2.0/openapi.yaml,PocketSmith,https://api.pocketsmith.com/v2,pocketsmith.com,2.0,3.x,56,0,UNLABELLED,S2,pocketsmith.com__2.0__openapi.yaml,no_keyword_match
polygon.io/1.0.0/swagger.yaml,Polygon,api.polygon.io,polygon.io,1.0.0,2.0,10,0,UNLABELLED,S2,polygon.io__1.0.0__swagger.yaml,no_keyword_match
portfoliooptimizer.io/1.0.9/openapi.yaml,Portfolio Optimizer,https://api.portfoliooptimizer.io/v1,portfoliooptimizer.io,1.0.9,3.x,94,0,UNLABELLED,S2,portfoliooptimizer.io__1.0.9__openapi.yaml,no_keyword_match
postmarkapp.com/account/0.9.0/swagger.yaml,Postmark Account-level API,api.postmarkapp.com,postmarkapp.com,0.9.0,2.0,23,0,social,S2,postmarkapp.com__account__0.9.0__swagger.yaml,keywords:post
postmarkapp.com/server/1.0.0/swagger.yaml,Postmark API,api.postmarkapp.com,postmarkapp.com,1.0.0,2.0,43,0,social,S2,postmarkapp.com__server__1.0.0__swagger.yaml,keywords:post
powerdns.local/0.0.13/swagger.yaml,PowerDNS Authoritative HTTP API,,powerdns.local,0.0.13,2.0,32,0,UNLABELLED,S2,powerdns.local__0.0.13__swagger.yaml,no_keyword_match
presalytics.io/ooxml/0.1.0/openapi.yaml,OOXML Automation,https://api.presalytics.io/ooxml-automation,presalytics.io,0.1.0,3.x,148,0,UNLABELLED,S2,presalytics.io__ooxml__0.1.0__openapi.yaml,no_keyword_match
presalytics.io/story/0.3.1/openapi.yaml,Story,/story,presalytics.io,0.3.1,3.x,42,0,UNLABELLED,S2,presalytics.io__story__0.3.1__openapi.yaml,no_keyword_match
pressassociation.io/2.0/openapi.yaml,TV API,https://tv.api.pressassociation.io/v2,pressassociation.io,2.0,3.x,18,0,identity,S2,pressassociation.io__2.0__openapi.yaml,keywords:sso
probely.com/1.2.0/openapi.yaml,Probely Developers,https://api.probely.com,probely.com,1.2.0,3.x,147,0,UNLABELLED,S2,probely.com__1.2.0__openapi.yaml,no_keyword_match
prss.org/2.0.0/openapi.yaml,ContentDepot,,prss.org,2.0.0,3.x,36,0,UNLABELLED,S2,prss.org__2.0.0__openapi.yaml,no_keyword_match
ptv.vic.gov.au/v3/openapi.yaml,PTV Timetable API - Version 3,http://timetableapi.ptv.vic.gov.au,ptv.vic.gov.au,v3,3.x,26,0,UNLABELLED,S2,ptv.vic.gov.au__v3__openapi.yaml,no_keyword_match
qualpay.com/1.7.0/swagger.yaml,Qualpay Payment Gateway API,api-test.qualpay.com,qualpay.com,1.7.0,2.0,14,0,finance,S2,qualpay.com__1.7.0__swagger.yaml,keywords:payment
qualtrics.com/0.2/openapi.yaml,Qualtrics API,https://fra1.qualtrics.com/api/v3,qualtrics.com,0.2,3.x,8,0,UNLABELLED,S2,qualtrics.com__0.2__openapi.yaml,no_keyword_match
quarantine.country/1.0/swagger.yaml,Coronavirus API,api.quarantine.country,quarantine.country,1.0,2.0,6,0,UNLABELLED,S2,quarantine.country__1.0__swagger.yaml,no_keyword_match
quickchart.io/1.0.0/openapi.yaml,QuickChart API,https://quickchart.io,quickchart.io,1.0.0,3.x,4,0,UNLABELLED,S2,quickchart.io__1.0.0__openapi.yaml,no_keyword_match
quotes.rest/5.1/openapi.yaml,They Said So Quotes API,https://quotes.rest,quotes.rest,5.1,3.x,45,0,UNLABELLED,S2,quotes.rest__5.1__openapi.yaml,no_keyword_match
randomlovecraft.com/1.0/openapi.yaml,Random Lovecraft,https://randomlovecraft.com/api,randomlovecraft.com,1.0,3.x,4,0,UNLABELLED,S2,randomlovecraft.com__1.0__openapi.yaml,no_keyword_match
randommer.io/v1/openapi.yaml,Randommer API,,randommer.io,v1,3.x,25,0,UNLABELLED,S2,randommer.io__v1__openapi.yaml,no_keyword_match
rapidapi.com/1.0.0/openapi.yaml,Moon API,https://moon-phase.p.rapidapi.com,rapidapi.com,1.0.0,3.x,5,0,UNLABELLED,S2,rapidapi.com__1.0.0__openapi.yaml,no_keyword_match
rapidapi.com/football-prediction/2/openapi.yaml,Football Prediction API,https://football-prediction-api.p.rapidapi.com,rapidapi.com,2,3.x,5,0,data,S2,rapidapi.com__football-prediction__2__openapi.yaml,keywords:prediction
rapidapi.com/idealspot-geodata/1.0/openapi.yaml,IdealSpot GeoData,https://idealspot-geodata.p.rapidapi.com/api/v1,rapidapi.com,1.0,3.x,7,0,UNLABELLED,S2,rapidapi.com__idealspot-geodata__1.0__openapi.yaml,no_keyword_match
rawg.io/v1.0/openapi.yaml,RAWG Video Games Database API,https://api.rawg.io/api,rawg.io,v1.0,3.x,30,0,media,S2,rawg.io__v1.0__openapi.yaml,"keywords:video,game"
rbaskets.in/1.0.0/swagger.yaml,Request Baskets API,rbaskets.in,rbaskets.in,1.0.0,2.0,20,0,UNLABELLED,S2,rbaskets.in__1.0.0__swagger.yaml,no_keyword_match
readme.io/2.0.0/openapi.yaml,API Endpoints,https://dash.readme.io/api/v1,readme.io,2.0.0,3.x,29,2,UNLABELLED,S2,readme.io__2.0.0__openapi.yaml,no_keyword_match
rebilly.com/2.1/openapi.yaml,Rebilly REST API,https://api-sandbox.rebilly.com,rebilly.com,2.1,3.x,184,0,UNLABELLED,S2,rebilly.com__2.1__openapi.yaml,no_keyword_match
redhat.com/catalog_inventory/1.0.0/openapi.yaml,Catalog Inventory,https://cloud.redhat.com/{basepath},redhat.com,1.0.0,3.x,38,0,commerce,S2,redhat.com__catalog_inventory__1.0.0__openapi.yaml,keywords:inventory
redhat.local/patchman-engine/v1.15.3/openapi.yaml,Patchman-engine API,http://redhat.local,redhat.local,v1.15.3,3.x,21,0,UNLABELLED,S2,redhat.local__patchman-engine__v1.15.3__openapi.yaml,no_keyword_match
redirection.io/1.1.0/swagger.yaml,redirection.io,api.redirection.io,redirection.io,1.1.0,2.0,89,0,UNLABELLED,S2,redirection.io__1.1.0__swagger.yaml,no_keyword_match
refugerestrooms.org/0.0.1/swagger.yaml,Refuge Restrooms API,www.refugerestrooms.org,refugerestrooms.org,0.0.1,2.0,4,0,UNLABELLED,S2,refugerestrooms.org__0.0.1__swagger.yaml,no_keyword_match
remove.bg/1.0.0/openapi.yaml,Background Removal API,https://api.remove.bg/v1.0,remove.bg,1.0.0,3.x,3,0,UNLABELLED,S2,remove.bg__1.0.0__openapi.yaml,no_keyword_match
rentcast.io/1.0/openapi.yaml,RentCast API,https://api.rentcast.io/v1,rentcast.io,1.0,3.x,10,0,UNLABELLED,S2,rentcast.io__1.0__openapi.yaml,no_keyword_match
restful4up.local/1.0.0/openapi.yaml,RESTful4Up,http://restful4up.local,restful4up.local,1.0.0,3.x,4,0,UNLABELLED,S2,restful4up.local__1.0.0__openapi.yaml,no_keyword_match
rev.ai/v1/openapi.yaml,Asynchronous Speech-To-Text API Documentation,https://api.rev.ai/speechtotext/v1,rev.ai,v1,3.x,7,0,UNLABELLED,S2,rev.ai__v1__openapi.yaml,no_keyword_match
reverb.com/3.0/openapi.yaml,reverb,https://api.reverb.com/api,reverb.com,3.0,3.x,163,0,UNLABELLED,S2,reverb.com__3.0__openapi.yaml,no_keyword_match
reversepp.com/1.0/swagger.yaml,Reverse Planning Permission API,,reversepp.com,1.0,2.0,8,0,identity,S2,reversepp.com__1.0__swagger.yaml,keywords:permission
ritc.io/1.0.0/swagger.yaml,Ritc,api.ritc.io,ritc.io,1.0.0,2.0,66,0,UNLABELLED,S2,ritc.io__1.0.0__swagger.yaml,no_keyword_match
ritekit.com/1.0.0/openapi.yaml,RiteKit API,https://api.ritekit.com,ritekit.com,1.0.0,3.x,13,0,UNLABELLED,S2,ritekit.com__1.0.0__openapi.yaml,no_keyword_match
roaring.io/1.0/swagger.yaml,CompanyAPI,api.roaring.io,roaring.io,1.0,2.0,11,0,UNLABELLED,S2,roaring.io__1.0__swagger.yaml,no_keyword_match
rottentomatoes.com/1.0/swagger.yaml,Rotten Tomatoes,api.rottentomatoes.com,rottentomatoes.com,1.0,2.0,18,0,UNLABELLED,S2,rottentomatoes.com__1.0__swagger.yaml,no_keyword_match
royalmail.com/click-and-drop/1.0.0/swagger.yaml,ChannelShipper & Royal Mail Public API,,royalmail.com,1.0.0,2.0,8,1,UNLABELLED,S2,royalmail.com__click-and-drop__1.0.0__swagger.yaml,no_keyword_match
rubrikinc.github.io/v1/openapi.yaml,Rubrik REST API,/api/v1,rubrikinc.github.io,v1,3.x,454,0,UNLABELLED,S2,rubrikinc.github.io__v1__openapi.yaml,no_keyword_match
rudder.example.local/17/openapi.yaml,Rudder API,https://rudder.example.local/rudder/api/latest,rudder.example.local,17,3.x,149,1,UNLABELLED,S2,rudder.example.local__17__openapi.yaml,no_keyword_match
rumble.run/2.15.0/openapi.yaml,Rumble API (deprecated),https://console.rumble.run/api/v1.0,rumble.run,2.15.0,3.x,116,0,UNLABELLED,S2,rumble.run__2.15.0__openapi.yaml,no_keyword_match
runscope.com/1.0.0/swagger.yaml,Runscope API,api.runscope.com,runscope.com,1.0.0,2.0,29,0,UNLABELLED,S2,runscope.com__1.0.0__swagger.yaml,no_keyword_match
salesforce.local/einstein/2.0.1/openapi.yaml,Einstein Vision and Einstein Language,http://salesforce.local,salesforce.local,2.0.1,3.x,45,0,UNLABELLED,S2,salesforce.local__einstein__2.0.1__openapi.yaml,no_keyword_match
salesloft.com/v2/openapi.yaml,SalesLoft Platform,https://api.salesloft.com,salesloft.com,v2,3.x,121,0,UNLABELLED,S2,salesloft.com__v2__openapi.yaml,no_keyword_match
schooldigger.com/v1/swagger.yaml,SchoolDigger API V1,api.schooldigger.com,schooldigger.com,v1,2.0,6,0,UNLABELLED,S2,schooldigger.com__v1__swagger.yaml,no_keyword_match
schooldigger.com/v2.0/swagger.yaml,SchoolDigger API V2.0,api.schooldigger.com,schooldigger.com,v2.0,2.0,7,0,UNLABELLED,S2,schooldigger.com__v2.0__swagger.yaml,no_keyword_match
scrapewebsite.email/0.1/swagger.yaml,Scrape Website Email API,scrapewebsite.email,scrapewebsite.email,0.1,2.0,3,0,communication,S2,scrapewebsite.email__0.1__swagger.yaml,keywords:email
seldon.local/wrapper/0.1/openapi.yaml,Seldon External API,http://seldon.local,seldon.local,0.1,3.x,12,0,UNLABELLED,S2,seldon.local__wrapper__0.1__openapi.yaml,no_keyword_match
semantria.com/4.0/swagger.yaml,Semantria,api.semantria.com,semantria.com,4.0,2.0,41,0,UNLABELLED,S2,semantria.com__4.0__swagger.yaml,no_keyword_match
setlist.fm/1.0/swagger.yaml,setlist.fm API,,setlist.fm,1.0,2.0,15,0,data,S2,setlist.fm__1.0__swagger.yaml,keywords:etl
sheerseo.com/0.0.1/swagger.yaml,SheerSEO API,www.sheerseo.com,sheerseo.com,0.0.1,2.0,4,0,UNLABELLED,S2,sheerseo.com__0.0.1__swagger.yaml,no_keyword_match
shipengine.com/1.1.202304191404/openapi.yaml,ShipEngine API,https://api.shipengine.com,shipengine.com,1.1.202304191404,3.x,90,0,UNLABELLED,S2,shipengine.com__1.1.202304191404__openapi.yaml,no_keyword_match
shop-pro.jp/1.0.0/openapi.yaml,カラーミーショップアプリストア API,https://api.shop-pro.jp,shop-pro.jp,1.0.0,3.x,18,0,commerce,S2,shop-pro.jp__1.0.0__openapi.yaml,keywords:shop
shorten.rest/1.0.0/openapi.yaml,Shorten.REST API Documentation,https://api.shorten.rest,shorten.rest,1.0.0,3.x,7,0,UNLABELLED,S2,shorten.rest__1.0.0__openapi.yaml,no_keyword_match
shotstack.io/v1/openapi.yaml,Shotstack,https://api.shotstack.io/{version},shotstack.io,v1,3.x,5,0,UNLABELLED,S2,shotstack.io__v1__openapi.yaml,no_keyword_match
shutterstock.com/1.1.32/openapi.yaml,Shutterstock API Explorer,https://api.shutterstock.com,shutterstock.com,1.1.32,3.x,118,0,finance,S2,shutterstock.com__1.1.32__openapi.yaml,keywords:stock
signl4.com/v1/openapi.yaml,SIGNL4 API,https://connect.signl4.com/api,signl4.com,v1,3.x,101,0,UNLABELLED,S2,signl4.com__v1__openapi.yaml,no_keyword_match
simplivpn.net/1.0/openapi.yaml,SimpliVPNAPI,,simplivpn.net,1.0,3.x,7,0,UNLABELLED,S2,simplivpn.net__1.0__openapi.yaml,no_keyword_match
simplyrets.com/1.0.0/swagger.yaml,SimplyRETS,api.simplyrets.com,simplyrets.com,1.0.0,2.0,4,0,UNLABELLED,S2,simplyrets.com__1.0.0__swagger.yaml,no_keyword_match
skynewz-api-fortnite.herokuapp.com/3.1.5/swagger.yaml,FORTNITE REST API,skynewz-api-fortnite.herokuapp.com,skynewz-api-fortnite.herokuapp.com,3.1.5,2.0,9,0,UNLABELLED,S2,skynewz-api-fortnite.herokuapp.com__3.1.5__swagger.yaml,no_keyword_match
slack.com/1.7.0/openapi.yaml,Slack Web API,https://slack.com/api,slack.com,1.7.0,3.x,174,0,UNLABELLED,S2,slack.com__1.7.0__openapi.yaml,no_keyword_match
slicebox.local/2.0/swagger.yaml,Slicebox API,slicebox.local,slicebox.local,2.0,2.0,118,0,UNLABELLED,S2,slicebox.local__2.0__swagger.yaml,no_keyword_match
slideroom.com/v2/swagger.yaml,SlideRoom API V2,api.slideroom.com,slideroom.com,v2,2.0,11,0,UNLABELLED,S2,slideroom.com__v2__swagger.yaml,no_keyword_match
slmonitor.com/2.1/openapi.yaml,SafetyLine,https://api.slmonitor.com,slmonitor.com,2.1,3.x,16,0,UNLABELLED,S2,slmonitor.com__2.1__openapi.yaml,no_keyword_match
smart-me.com/v1/openapi.yaml,smart-me,https://smart-me.com:443,smart-me.com,v1,3.x,64,0,UNLABELLED,S2,smart-me.com__v1__openapi.yaml,no_keyword_match
sms77.io/1.0.0/openapi.yaml,seven.io API,https://gateway.seven.io/api,sms77.io,1.0.0,3.x,15,1,communication,S2,sms77.io__1.0.0__openapi.yaml,keywords:sms
snyk.io/1.0.0/openapi.yaml,Snyk API,https://api.snyk.io/v1,snyk.io,1.0.0,3.x,103,0,UNLABELLED,S2,snyk.io__1.0.0__openapi.yaml,no_keyword_match
solarvps.com/1.0.0/swagger.yaml,Solar VPS,api.ss.solarvps.com,solarvps.com,1.0.0,2.0,20,0,UNLABELLED,S2,solarvps.com__1.0.0__swagger.yaml,no_keyword_match
sonar.trading/1.0/swagger.yaml,Sonar Trading,sonar.trading,sonar.trading,1.0,2.0,4,0,finance,S2,sonar.trading__1.0__swagger.yaml,keywords:trading
soundcloud.com/1.0.0/openapi.yaml,SoundCloud Public API Specification,https://api.soundcloud.com,soundcloud.com,1.0.0,3.x,59,0,UNLABELLED,S2,soundcloud.com__1.0.0__openapi.yaml,no_keyword_match
spacetraders.io/2.0.0/openapi.yaml,SpaceTraders API,https://api.spacetraders.io/v2,spacetraders.io,2.0.0,3.x,40,0,UNLABELLED,S2,spacetraders.io__2.0.0__openapi.yaml,no_keyword_match
spinbot.net/1.0/swagger.yaml,Article Rewriter and Article Extractor API,api.spinbot.net,spinbot.net,1.0,2.0,5,0,UNLABELLED,S2,spinbot.net__1.0__swagger.yaml,no_keyword_match
spinitron.com/1.0.0/openapi.yaml,Spinitron v2 API,https://spinitron.com/api,spinitron.com,1.0.0,3.x,9,0,UNLABELLED,S2,spinitron.com__1.0.0__openapi.yaml,no_keyword_match
spoonacular.com/1.1/openapi.yaml,spoonacular API,https://api.spoonacular.com,spoonacular.com,1.1,3.x,99,0,UNLABELLED,S2,spoonacular.com__1.1__openapi.yaml,no_keyword_match
sportsdata.io/cbb-v3-scores/1.0/openapi.yaml,CBB v3 Scores,http://azure-api.sportsdata.io/v3/cbb/scores,sportsdata.io,1.0,3.x,20,0,media,S2,sportsdata.io__cbb-v3-scores__1.0__openapi.yaml,provider_override:sportsdata.io
sportsdata.io/cbb-v3-stats/1.0/openapi.yaml,CBB v3 Stats,http://azure-api.sportsdata.io/v3/cbb/stats,sportsdata.io,1.0,3.x,26,0,media,S2,sportsdata.io__cbb-v3-stats__1.0__openapi.yaml,provider_override:sportsdata.io
sportsdata.io/cfb-v3-scores/1.0/openapi.yaml,CFB v3 Scores,http://azure-api.sportsdata.io/v3/cfb/scores,sportsdata.io,1.0,3.x,22,0,media,S2,sportsdata.io__cfb-v3-scores__1.0__openapi.yaml,provider_override:sportsdata.io
sportsdata.io/csgo-v3-scores/1.0/openapi.yaml,CS:GO v3 Scores,http://azure-api.sportsdata.io/v3/csgo/scores,sportsdata.io,1.0,3.x,16,0,media,S2,sportsdata.io__csgo-v3-scores__1.0__openapi.yaml,provider_override:sportsdata.io
sportsdata.io/csgo-v3-stats/1.0/openapi.yaml,CS:GO v3 Stats,http://azure-api.sportsdata.io/v3/csgo/stats,sportsdata.io,1.0,3.x,18,0,media,S2,sportsdata.io__csgo-v3-stats__1.0__openapi.yaml,provider_override:sportsdata.io
sportsdata.io/golf-v2/1.0/openapi.yaml,Golf v2,http://azure-api.sportsdata.io/golf/v2,sportsdata.io,1.0,3.x,15,0,media,S2,sportsdata.io__golf-v2__1.0__openapi.yaml,provider_override:sportsdata.io
sportsdata.io/lol-v3-projections/1.0/openapi.yaml,LoL v3 Projections,http://azure-api.sportsdata.io/v3/lol/projections,sportsdata.io,1.0,3.x,3,0,media,S2,sportsdata.io__lol-v3-projections__1.0__openapi.yaml,provider_override:sportsdata.io
sportsdata.io/lol-v3-scores/1.0/openapi.yaml,LoL v3 Scores,http://azure-api.sportsdata.io/v3/lol/scores,sportsdata.io,1.0,3.x,16,0,media,S2,sportsdata.io__lol-v3-scores__1.0__openapi.yaml,provider_override:sportsdata.io
sportsdata.io/lol-v3-stats/1.0/openapi.yaml,LoL v3 Stats,http://azure-api.sportsdata.io/v3/lol/stats,sportsdata.io,1.0,3.x,21,0,media,S2,sportsdata.io__lol-v3-stats__1.0__openapi.yaml,provider_override:sportsdata.io
sportsdata.io/mlb-v3-projections/1.0/openapi.yaml,MLB v3 Projections,http://azure-api.sportsdata.io/v3/mlb/projections,sportsdata.io,1.0,3.x,7,0,media,S2,sportsdata.io__mlb-v3-projections__1.0__openapi.yaml,provider_override:sportsdata.io
sportsdata.io/mlb-v3-rotoballer-articles/1.0/openapi.yaml,MLB v3 RotoBaller Articles,http://azure-api.sportsdata.io/v3/mlb/articles-rotoballer,sportsdata.io,1.0,3.x,3,0,media,S2,sportsdata.io__mlb-v3-rotoballer-articles__1.0__openapi.yaml,provider_override:sportsdata.io
sportsdata.io/mlb-v3-rotoballer-premium-news/1.0/openapi.yaml,MLB v3 RotoBaller Premium News,http://azure-api.sportsdata.io/v3/mlb/news-rotoballer,sportsdata.io,1.0,3.x,3,0,media,S2,sportsdata.io__mlb-v3-rotoballer-premium-news__1.0__openapi.yaml,provider_override:sportsdata.io
sportsdata.io/mlb-v3-scores/1.0/openapi.yaml,MLB v3 Scores,http://azure-api.sportsdata.io/v3/mlb/scores,sportsdata.io,1.0,3.x,21,0,media,S2,sportsdata.io__mlb-v3-scores__1.0__openapi.yaml,provider_override:sportsdata.io
sportsdata.io/mlb-v3-stats/1.0/openapi.yaml,MLB v3 Stats,http://azure-api.sportsdata.io/v3/mlb/stats,sportsdata.io,1.0,3.x,34,0,media,S2,sportsdata.io__mlb-v3-stats__1.0__openapi.yaml,provider_override:sportsdata.io
sportsdata.io/nascar-v2/1.0/openapi.yaml,NASCAR v2,http://azure-api.sportsdata.io/nascar/v2,sportsdata.io,1.0,3.x,6,0,media,S2,sportsdata.io__nascar-v2__1.0__openapi.yaml,provider_override:sportsdata.io
sportsdata.io/nba-v3-projections/1.0/openapi.yaml,NBA v3 Projections,http://azure-api.sportsdata.io/v3/nba/projections,sportsdata.io,1.0,3.x,9,0,media,S2,sportsdata.io__nba-v3-projections__1.0__openapi.yaml,provider_override:sportsdata.io
sportsdata.io/nba-v3-rotoballer-articles/1.0/openapi.yaml,NBA v3 RotoBaller Articles,http://azure-api.sportsdata.io/v3/nba/articles-rotoballer,sportsdata.io,1.0,3.x,3,0,media,S2,sportsdata.io__nba-v3-rotoballer-articles__1.0__openapi.yaml,provider_override:sportsdata.io
sportsdata.io/nba-v3-rotoballer-premium-news/1.0/openapi.yaml,NBA v3 RotoBaller Premium News,http://azure-api.sportsdata.io/v3/nba/news-rotoballer,sportsdata.io,1.0,3.x,3,0,media,S2,sportsdata.io__nba-v3-rotoballer-premium-news__1.0__openapi.yaml,provider_override:sportsdata.io
sportsdata.io/nba-v3-scores/1.0/openapi.yaml,NBA v3 Scores,http://azure-api.sportsdata.io/v3/nba/scores,sportsdata.io,1.0,3.x,23,0,media,S2,sportsdata.io__nba-v3-scores__1.0__openapi.yaml,provider_override:sportsdata.io
sportsdata.io/nba-v3-stats/1.0/openapi.yaml,NBA v3 Stats,http://azure-api.sportsdata.io/v3/nba/stats,sportsdata.io,1.0,3.x,30,0,media,S2,sportsdata.io__nba-v3-stats__1.0__openapi.yaml,provider_override:sportsdata.io
sportsdata.io/nfl-v3-play-by-play/1.0/openapi.yaml,NFL v3 Play-by-Play,http://azure-api.sportsdata.io/v3/nfl/pbp,sportsdata.io,1.0,3.x,3,0,media,S2,sportsdata.io__nfl-v3-play-by-play__1.0__openapi.yaml,provider_override:sportsdata.io
sportsdata.io/nfl-v3-projections/1.0/openapi.yaml,NFL v3 Projections,http://azure-api.sportsdata.io/v3/nfl/projections,sportsdata.io,1.0,3.x,16,0,media,S2,sportsdata.io__nfl-v3-projections__1.0__openapi.yaml,provider_override:sportsdata.io
sportsdata.io/nfl-v3-rotoballer-articles/1.0/openapi.yaml,NFL v3 RotoBaller Articles,http://azure-api.sportsdata.io/v3/nfl/articles-rotoballer,sportsdata.io,1.0,3.x,3,0,media,S2,sportsdata.io__nfl-v3-rotoballer-articles__1.0__openapi.yaml,provider_override:sportsdata.io
sportsdata.io/nfl-v3-rotoballer-premium-news/1.0/openapi.yaml,NFL v3 RotoBaller Premium News,http://azure-api.sportsdata.io/v3/nfl/news-rotoballer,sportsdata.io,1.0,3.x,4,0,media,S2,sportsdata.io__nfl-v3-rotoballer-premium-news__1.0__openapi.yaml,provider_override:sportsdata.io
sportsdata.io/nfl-v3-scores/1.0/openapi.yaml,NFL v3 Scores,http://azure-api.sportsdata.io/v3/nfl/scores,sportsdata.io,1.0,3.x,40,0,media,S2,sportsdata.io__nfl-v3-scores__1.0__openapi.yaml,provider_override:sportsdata.io
sportsdata.io/nfl-v3-stats/1.0/openapi.yaml,NFL v3 Stats,http://azure-api.sportsdata.io/v3/nfl/stats,sportsdata.io,1.0,3.x,76,0,media,S2,sportsdata.io__nfl-v3-stats__1.0__openapi.yaml,provider_override:sportsdata.io
sportsdata.io/nhl-v3-projections/1.0/openapi.yaml,NHL v3 Projections,http://azure-api.sportsdata.io/v3/nhl/projections,sportsdata.io,1.0,3.x,5,0,media,S2,sportsdata.io__nhl-v3-projections__1.0__openapi.yaml,provider_override:sportsdata.io
sportsdata.io/nhl-v3-scores/1.0/openapi.yaml,NHL v3 Scores,http://azure-api.sportsdata.io/v3/nhl/scores,sportsdata.io,1.0,3.x,21,0,media,S2,sportsdata.io__nhl-v3-scores__1.0__openapi.yaml,provider_override:sportsdata.io
sportsdata.io/nhl-v3-stats/1.0/openapi.yaml,NHL v3 Stats,http://azure-api.sportsdata.io/v3/nhl/stats,sportsdata.io,1.0,3.x,30,0,media,S2,sportsdata.io__nhl-v3-stats__1.0__openapi.yaml,provider_override:sportsdata.io
sportsdata.io/soccer-v3-projections/1.0/openapi.yaml,Soccer v3 Projections,http://azure-api.sportsdata.io/v3/soccer/projections,sportsdata.io,1.0,3.x,6,0,media,S2,sportsdata.io__soccer-v3-projections__1.0__openapi.yaml,provider_override:sportsdata.io
sportsdata.io/soccer-v3-scores/1.0/openapi.yaml,Soccer v3 Scores,http://azure-api.sportsdata.io/v3/soccer/scores,sportsdata.io,1.0,3.x,24,0,media,S2,sportsdata.io__soccer-v3-scores__1.0__openapi.yaml,provider_override:sportsdata.io
sportsdata.io/soccer-v3-stats/1.0/openapi.yaml,Soccer v3 Stats,http://azure-api.sportsdata.io/v3/soccer/stats,sportsdata.io,1.0,3.x,35,0,media,S2,sportsdata.io__soccer-v3-stats__1.0__openapi.yaml,provider_override:sportsdata.io
spotify.com/1.0.0/openapi.yaml,Spotify Web API,https://api.spotify.com/v1,spotify.com,1.0.0,3.x,88,0,media,S2,spotify.com__1.0.0__openapi.yaml,provider_override:spotify.com
spotify.com/sonallux/2023.2.27/openapi.yaml,Spotify Web API with fixes and improvements from sonallux,https://api.spotify.com/v1,spotify.com,2023.2.27,3.x,89,0,media,S2,spotify.com__sonallux__2023.2.27__openapi.yaml,provider_override:spotify.com
stackexchange.com/2.0/openapi.yaml,StackExchange,https://api.stackexchange.com/2.0,stackexchange.com,2.0,3.x,124,0,UNLABELLED,S2,stackexchange.com__2.0__openapi.yaml,no_keyword_match
staging-ecotaco.com/1.0.0/openapi.yaml,api.ecota.co v2,http://api.staging-ecotaco.com,staging-ecotaco.com,1.0.0,3.x,27,0,UNLABELLED,S2,staging-ecotaco.com__1.0.0__openapi.yaml,no_keyword_match
statsocial.com/1.0.0/openapi.yaml,StatSocial Platform API,http://api.statsocial.com/api,statsocial.com,1.0.0,3.x,17,0,UNLABELLED,S2,statsocial.com__1.0.0__openapi.yaml,no_keyword_match
stoplight.io/api-v1/openapi.yaml,Stoplight,https://api.stoplight.io/v1,stoplight.io,api-v1,3.x,5,0,UNLABELLED,S2,stoplight.io__api-v1__openapi.yaml,no_keyword_match
storecove.com/2.0.1/openapi.yaml,Storecove API,https://api.storecove.com/api/v2,storecove.com,2.0.1,3.x,29,0,commerce,S2,storecove.com__2.0.1__openapi.yaml,keywords:store
stream-io-api.com/v80.2.0/openapi.yaml,Stream Chat API,https://chat.stream-io-api.com,stream-io-api.com,v80.2.0,3.x,116,0,social,S2,stream-io-api.com__v80.2.0__openapi.yaml,keywords:chat
stripe.com/2022-11-15/openapi.yaml,Stripe API,https://api.stripe.com/,stripe.com,2022-11-15,3.x,452,0,finance,S2,stripe.com__2022-11-15__openapi.yaml,provider_override:stripe.com
superset.apache.local/superset/v1/openapi.yaml,Superset,http://superset.apache.local,superset.apache.local,v1,3.x,120,0,UNLABELLED,S2,superset.apache.local__superset__v1__openapi.yaml,no_keyword_match
surevoip.co.uk/9dcb0dc8/openapi.yaml,The SureVoIP RESTful API,https://api.surevoip.co.uk,surevoip.co.uk,9dcb0dc8,3.x,28,0,UNLABELLED,S2,surevoip.co.uk__9dcb0dc8__openapi.yaml,no_keyword_match
surrey.ca/open511/0.1/swagger.yaml,City of Surrey Open511 API,data.surrey.ca,surrey.ca,0.1,2.0,4,0,UNLABELLED,S2,surrey.ca__open511__0.1__swagger.yaml,no_keyword_match
svix.com/1.4/openapi.yaml,Svix API,,svix.com,1.4,3.x,53,0,UNLABELLED,S2,svix.com__1.4__openapi.yaml,no_keyword_match
swagger.io/generator/2.4.31/swagger.yaml,Swagger Generator,generator.swagger.io,swagger.io,2.4.31,2.0,7,0,UNLABELLED,S2,swagger.io__generator__2.4.31__swagger.yaml,no_keyword_match
swaggerhub.com/1.0.66/swagger.yaml,SwaggerHub Registry API,api.swaggerhub.com,swaggerhub.com,1.0.66,2.0,87,0,UNLABELLED,S2,swaggerhub.com__1.0.66__swagger.yaml,no_keyword_match
symanto.net/1.0/openapi.yaml,Psycholinguistic Text Analytics,https://api.symanto.net,symanto.net,1.0,3.x,7,0,data,S2,symanto.net__1.0__openapi.yaml,keywords:analytics
synq.fm/1.9.1/swagger.yaml,SYNQ Video,api.synq.fm,synq.fm,1.9.1,2.0,7,0,media,S2,synq.fm__1.9.1__swagger.yaml,keywords:video
taggun.io/1.15.0/swagger.yaml,TAGGUN Receipt OCR Scanning API,api.taggun.io,taggun.io,1.15.0,2.0,18,0,UNLABELLED,S2,taggun.io__1.15.0__swagger.yaml,no_keyword_match
taxamo.com/1/swagger.yaml,Taxamo,api.taxamo.com,taxamo.com,1,2.0,36,0,finance,S2,taxamo.com__1__swagger.yaml,keywords:tax
taxrates.io/1.0.0/openapi.yaml,Taxrates.io API,https://api.taxrates.io/api,taxrates.io,1.0.0,3.x,3,0,finance,S2,taxrates.io__1.0.0__openapi.yaml,keywords:tax
tcgdex.net/2.0.0/openapi.yaml,TCGdex API,https://api.tcgdex.net/v2/{lang},tcgdex.net,2.0.0,3.x,33,0,UNLABELLED,S2,tcgdex.net__2.0.0__openapi.yaml,no_keyword_match
telegram.org/5.0.0/openapi.yaml,Telegram Bot API,https://api.telegram.org/bot{token},telegram.org,5.0.0,3.x,74,0,UNLABELLED,S2,telegram.org__5.0.0__openapi.yaml,no_keyword_match
telematicssdk.com/1.0.0/openapi.yaml,Quick start - Telematics SDK,https://api.telematicssdk.com,telematicssdk.com,1.0.0,3.x,9,0,UNLABELLED,S2,telematicssdk.com__1.0.0__openapi.yaml,no_keyword_match
telnyx.com/2.0.0/openapi.yaml,Telnyx API,https://api.telnyx.com/v2,telnyx.com,2.0.0,3.x,361,0,UNLABELLED,S2,telnyx.com__2.0.0__openapi.yaml,no_keyword_match
telstra.com/3.x/openapi.yaml,Messaging API v3.x,https://products.api.telstra.com/messaging/v3,telstra.com,3.x,3.x,18,0,social,S2,telstra.com__3.x__openapi.yaml,keywords:messaging
testfire.net/altoroj/1.0.2/swagger.yaml,AltoroJ REST API,,testfire.net,1.0.2,2.0,12,0,UNLABELLED,S2,testfire.net__altoroj__1.0.2__swagger.yaml,no_keyword_match
text2data.org/v3.4/swagger.yaml,Text Analytics & Sentiment Analysis API | api.text2data.com,api.text2data.org,text2data.org,v3.4,2.0,6,0,data,S2,text2data.org__v3.4__swagger.yaml,keywords:analytics
tfl.gov.uk/v1/openapi.yaml,Transport for London Unified API,https://api.digital.tfl.gov.uk,tfl.gov.uk,v1,3.x,84,0,UNLABELLED,S2,tfl.gov.uk__v1__openapi.yaml,no_keyword_match
thebluealliance.com/3.8.2/openapi.yaml,The Blue Alliance API v3,https://www.thebluealliance.com/api/v3,thebluealliance.com,3.8.2,3.x,64,1,UNLABELLED,S2,thebluealliance.com__3.8.2__openapi.yaml,no_keyword_match
thenounproject.com/1.0.0/swagger.yaml,The Noun Project,api.thenounproject.com,thenounproject.com,1.0.0,2.0,13,0,UNLABELLED,S2,thenounproject.com__1.0.0__swagger.yaml,no_keyword_match
theracingapi.com/1.0.0/openapi.yaml,The Racing API,https://api.theracingapi.com/,theracingapi.com,1.0.0,3.x,51,0,UNLABELLED,S2,theracingapi.com__1.0.0__openapi.yaml,no_keyword_match
thesmsworks.co.uk/1.8.0/swagger.yaml,The SMS Works API,api.thesmsworks.co.uk,thesmsworks.co.uk,1.8.0,2.0,18,0,communication,S2,thesmsworks.co.uk__1.8.0__swagger.yaml,keywords:sms
thetvdb.com/3.0.0/swagger.yaml,TheTVDB API v3,,thetvdb.com,3.0.0,2.0,31,0,UNLABELLED,S2,thetvdb.com__3.0.0__swagger.yaml,no_keyword_match
threatjammer.com/1.2.27/openapi.yaml,ThreatJammer.com User API,,threatjammer.com,1.2.27,3.x,97,0,UNLABELLED,S2,threatjammer.com__1.2.27__openapi.yaml,no_keyword_match
ticketmaster.com/discovery/v2/openapi.yaml,Discovery API,//www.ticketmaster.com/discovery/v2,ticketmaster.com,v2,3.x,13,0,UNLABELLED,S2,ticketmaster.com__discovery__v2__openapi.yaml,no_keyword_match
ticketmaster.com/publish/v2/openapi.yaml,ticketmaster publish api,//www.ticketmaster.com/publish/v2,ticketmaster.com,v2,3.x,10,0,UNLABELLED,S2,ticketmaster.com__publish__v2__openapi.yaml,no_keyword_match
tisane.ai/1.0.0/openapi.yaml,Tisane API Documentation,https://api.tisane.ai,tisane.ai,1.0.0,3.x,6,0,UNLABELLED,S2,tisane.ai__1.0.0__openapi.yaml,no_keyword_match
tl-api.azurewebsites.net/2020-08-10_6-22/openapi.yaml,API,https://tl-api.azurewebsites.net,tl-api.azurewebsites.net,2020-08-10_6-22,3.x,27,0,UNLABELLED,S2,tl-api.azurewebsites.net__2020-08-10_6-22__openapi.yaml,no_keyword_match
tokenjay.app/1.0.0/openapi.yaml,TokenJay API services,https://api.tokenjay.app/,tokenjay.app,1.0.0,3.x,27,0,identity,S2,tokenjay.app__1.0.0__openapi.yaml,keywords:token
tokenmetrics.com/1.0.0/openapi.yaml,Endpoints,https://api.tokenmetrics.com,tokenmetrics.com,1.0.0,3.x,14,0,UNLABELLED,S2,tokenmetrics.com__1.0.0__openapi.yaml,tie:identity/data
tomtom.com/maps/1.0.0/openapi.yaml,Maps,https://api.tomtom.com,tomtom.com,1.0.0,3.x,10,0,geo,S2,tomtom.com__maps__1.0.0__openapi.yaml,"keywords:map,maps"
tomtom.com/routing/1.0.0/openapi.yaml,Routing,https://api.tomtom.com,tomtom.com,1.0.0,3.x,4,0,UNLABELLED,S2,tomtom.com__routing__1.0.0__openapi.yaml,no_keyword_match
tomtom.com/search/1.0.0/openapi.yaml,Search,https://api.tomtom.com,tomtom.com,1.0.0,3.x,19,0,UNLABELLED,S2,tomtom.com__search__1.0.0__openapi.yaml,no_keyword_match
traccar.org/5.6/openapi.yaml,Traccar,https://demo.traccar.org/api,traccar.org,5.6,3.x,61,0,UNLABELLED,S2,traccar.org__5.6__openapi.yaml,no_keyword_match
tradematic.com/1.0.2/swagger.yaml,Tradematic Cloud API,api.tradematic.com,tradematic.com,1.0.2,2.0,66,1,UNLABELLED,S2,tradematic.com__1.0.2__swagger.yaml,no_keyword_match
trakt.tv/1.0.0/openapi.yaml,Trakt API,https://api.trakt.tv,trakt.tv,1.0.0,3.x,183,0,UNLABELLED,S2,trakt.tv__1.0.0__openapi.yaml,no_keyword_match
transavia.com/1.0/swagger.yaml,Airports API v2,api.transavia.com,transavia.com,1.0,2.0,5,0,travel,S2,transavia.com__1.0__swagger.yaml,keywords:airport
transitfeeds.com/1.0.0/swagger.yaml,TransitFeeds API,api.transitfeeds.com,transitfeeds.com,1.0.0,2.0,4,0,UNLABELLED,S2,transitfeeds.com__1.0.0__swagger.yaml,tie:travel/social
trashnothing.com/1.3/openapi.yaml,trash nothing,https://trashnothing.com/api/v1.3,trashnothing.com,1.3,3.x,12,0,UNLABELLED,S2,trashnothing.com__1.3__openapi.yaml,no_keyword_match
trello.com/1.0/openapi.yaml,Trello,https://trello.com/1,trello.com,1.0,3.x,324,0,UNLABELLED,S2,trello.com__1.0__openapi.yaml,no_keyword_match
truesight.local/11.1.00/openapi.yaml,Hardware Sentry TrueSight Presentation Server REST API,http://truesight.local,truesight.local,11.1.00,3.x,23,0,UNLABELLED,S2,truesight.local__11.1.00__openapi.yaml,no_keyword_match
truora.com/1.0.0/openapi.yaml,Checks API,https://api.truora.com,truora.com,1.0.0,3.x,25,0,UNLABELLED,S2,truora.com__1.0.0__openapi.yaml,no_keyword_match
tsapi.net/v1/openapi.yaml,TSAPI,,tsapi.net,v1,3.x,3,0,UNLABELLED,S2,tsapi.net__v1__openapi.yaml,no_keyword_match
turbinelabs.io/1.0/swagger.yaml,Turbine Labs API,api.turbinelabs.io,turbinelabs.io,1.0,2.0,44,0,UNLABELLED,S2,turbinelabs.io__1.0__swagger.yaml,no_keyword_match
tvmaze.com/1.0/openapi.yaml,TVmaze user API,https://api.tvmaze.com/v1,tvmaze.com,1.0,3.x,42,0,UNLABELLED,S2,tvmaze.com__1.0__openapi.yaml,no_keyword_match
twilio.com/api/1.55.0/openapi.yaml,Twilio - Api,https://api.twilio.com,twilio.com,1.55.0,3.x,194,1,communication,S2,twilio.com__api__1.55.0__openapi.yaml,provider_override:twilio.com
twilio.com/twilio_accounts_v1/1.55.0/openapi.yaml,Twilio - Accounts,https://accounts.twilio.com,twilio.com,1.55.0,3.x,16,0,communication,S2,twilio.com__twilio_accounts_v1__1.55.0__openapi.yaml,provider_override:twilio.com
twilio.com/twilio_autopilot_v1/1.53.0/openapi.yaml,Twilio - Autopilot,https://autopilot.twilio.com,twilio.com,1.53.0,3.x,52,0,communication,S2,twilio.com__twilio_autopilot_v1__1.53.0__openapi.yaml,provider_override:twilio.com
twilio.com/twilio_bulkexports_v1/1.55.0/openapi.yaml,Twilio - Bulkexports,https://bulkexports.twilio.com,twilio.com,1.55.0,3.x,9,0,communication,S2,twilio.com__twilio_bulkexports_v1__1.55.0__openapi.yaml,provider_override:twilio.com
twilio.com/twilio_chat_v1/1.55.0/openapi.yaml,Twilio - Chat,https://chat.twilio.com,twilio.com,1.55.0,3.x,40,0,communication,S2,twilio.com__twilio_chat_v1__1.55.0__openapi.yaml,provider_override:twilio.com
twilio.com/twilio_content_v1/1.55.0/openapi.yaml,Twilio - Content,https://content.twilio.com,twilio.com,1.55.0,3.x,6,0,communication,S2,twilio.com__twilio_content_v1__1.55.0__openapi.yaml,provider_override:twilio.com
twilio.com/twilio_conversations_v1/1.55.0/openapi.yaml,Twilio - Conversations,https://conversations.twilio.com,twilio.com,1.55.0,3.x,101,0,communication,S2,twilio.com__twilio_conversations_v1__1.55.0__openapi.yaml,provider_override:twilio.com
twilio.com/twilio_events_v1/1.55.0/openapi.yaml,Twilio - Events,https://events.twilio.com,twilio.com,1.55.0,3.x,22,0,communication,S2,twilio.com__twilio_events_v1__1.55.0__openapi.yaml,provider_override:twilio.com
twilio.com/twilio_fax_v1/1.29.1/openapi.yaml,Twilio - Fax,https://fax.twilio.com,twilio.com,1.29.1,3.x,6,0,communication,S2,twilio.com__twilio_fax_v1__1.29.1__openapi.yaml,provider_override:twilio.com
twilio.com/twilio_flex_v1/1.55.0/openapi.yaml,Twilio - Flex,https://flex-api.twilio.com,twilio.com,1.55.0,3.x,50,0,communication,S2,twilio.com__twilio_flex_v1__1.55.0__openapi.yaml,provider_override:twilio.com
twilio.com/twilio_insights_v1/1.55.0/openapi.yaml,Twilio - Insights,https://insights.twilio.com,twilio.com,1.55.0,3.x,17,0,communication,S2,twilio.com__twilio_insights_v1__1.55.0__openapi.yaml,provider_override:twilio.com
twilio.com/twilio_intelligence_v2/1.55.0/openapi.yaml,Twilio - Intelligence,https://intelligence.twilio.com,twilio.com,1.55.0,3.x,13,0,communication,S2,twilio.com__twilio_intelligence_v2__1.55.0__openapi.yaml,provider_override:twilio.com
twilio.com/twilio_ip_messaging_v1/1.55.0/openapi.yaml,Twilio - Ip_messaging,https://ip-messaging.twilio.com,twilio.com,1.55.0,3.x,40,0,communication,S2,twilio.com__twilio_ip_messaging_v1__1.55.0__openapi.yaml,provider_override:twilio.com
twilio.com/twilio_media_v1/1.55.0/openapi.yaml,Twilio - Media,https://media.twilio.com,twilio.com,1.55.0,3.x,13,0,communication,S2,twilio.com__twilio_media_v1__1.55.0__openapi.yaml,provider_override:twilio.com
twilio.com/twilio_messaging_v1/1.55.0/openapi.yaml,Twilio - Messaging,https://messaging.twilio.com,twilio.com,1.55.0,3.x,50,0,communication,S2,twilio.com__twilio_messaging_v1__1.55.0__openapi.yaml,provider_override:twilio.com
twilio.com/twilio_microvisor_v1/1.55.0/openapi.yaml,Twilio - Microvisor,https://microvisor.twilio.com,twilio.com,1.55.0,3.x,27,0,communication,S2,twilio.com__twilio_microvisor_v1__1.55.0__openapi.yaml,provider_override:twilio.com
twilio.com/twilio_monitor_v1/1.55.0/openapi.yaml,Twilio - Monitor,https://monitor.twilio.com,twilio.com,1.55.0,3.x,4,0,communication,S2,twilio.com__twilio_monitor_v1__1.55.0__openapi.yaml,provider_override:twilio.com
twilio.com/twilio_notify_v1/1.55.0/openapi.yaml,Twilio - Notify,https://notify.twilio.com,twilio.com,1.55.0,3.x,15,0,communication,S2,twilio.com__twilio_notify_v1__1.55.0__openapi.yaml,provider_override:twilio.com
twilio.com/twilio_numbers_v1/1.55.0/openapi.yaml,Twilio - Numbers,https://numbers.twilio.com,twilio.com,1.55.0,3.x,5,0,communication,S2,twilio.com__twilio_numbers_v1__1.55.0__openapi.yaml,provider_override:twilio.com
twilio.com/twilio_oauth_v1/1.53.0/openapi.yaml,Twilio - Oauth,https://oauth.twilio.com,twilio.com,1.53.0,3.x,5,0,communication,S2,twilio.com__twilio_oauth_v1__1.53.0__openapi.yaml,provider_override:twilio.com
twilio.com/twilio_preview/1.55.0/openapi.yaml,Twilio - Preview,https://preview.twilio.com,twilio.com,1.55.0,3.x,99,0,communication,S2,twilio.com__twilio_preview__1.55.0__openapi.yaml,provider_override:twilio.com
twilio.com/twilio_pricing_v1/1.55.0/openapi.yaml,Twilio - Pricing,https://pricing.twilio.com,twilio.com,1.55.0,3.x,7,0,communication,S2,twilio.com__twilio_pricing_v1__1.55.0__openapi.yaml,provider_override:twilio.com
twilio.com/twilio_proxy_v1/1.55.0/openapi.yaml,Twilio - Proxy,https://proxy.twilio.com,twilio.com,1.55.0,3.x,30,0,communication,S2,twilio.com__twilio_proxy_v1__1.55.0__openapi.yaml,provider_override:twilio.com
twilio.com/twilio_routes_v2/1.55.0/openapi.yaml,Twilio - Routes,https://routes.twilio.com,twilio.com,1.55.0,3.x,6,0,communication,S2,twilio.com__twilio_routes_v2__1.55.0__openapi.yaml,provider_override:twilio.com
twilio.com/twilio_serverless_v1/1.55.0/openapi.yaml,Twilio - Serverless,https://serverless.twilio.com,twilio.com,1.55.0,3.x,39,0,communication,S2,twilio.com__twilio_serverless_v1__1.55.0__openapi.yaml,provider_override:twilio.com
twilio.com/twilio_studio_v1/1.55.0/openapi.yaml,Twilio - Studio,https://studio.twilio.com,twilio.com,1.55.0,3.x,20,0,communication,S2,twilio.com__twilio_studio_v1__1.55.0__openapi.yaml,provider_override:twilio.com
twilio.com/twilio_supersim_v1/1.55.0/openapi.yaml,Twilio - Supersim,https://supersim.twilio.com,twilio.com,1.55.0,3.x,31,0,communication,S2,twilio.com__twilio_supersim_v1__1.55.0__openapi.yaml,provider_override:twilio.com
twilio.com/twilio_sync_v1/1.55.0/openapi.yaml,Twilio - Sync,https://sync.twilio.com,twilio.com,1.55.0,3.x,48,0,communication,S2,twilio.com__twilio_sync_v1__1.55.0__openapi.yaml,provider_override:twilio.com
twilio.com/twilio_taskrouter_v1/1.55.0/openapi.yaml,Twilio - Taskrouter,https://taskrouter.twilio.com,twilio.com,1.55.0,3.x,60,0,communication,S2,twilio.com__twilio_taskrouter_v1__1.55.0__openapi.yaml,provider_override:twilio.com
twilio.com/twilio_trunking_v1/1.55.0/openapi.yaml,Twilio - Trunking,https://trunking.twilio.com,twilio.com,1.55.0,3.x,24,0,communication,S2,twilio.com__twilio_trunking_v1__1.55.0__openapi.yaml,provider_override:twilio.com
twilio.com/twilio_trusthub_v1/1.55.0/openapi.yaml,Twilio - Trusthub,https://trusthub.twilio.com,twilio.com,1.55.0,3.x,52,0,communication,S2,twilio.com__twilio_trusthub_v1__1.55.0__openapi.yaml,provider_override:twilio.com
twilio.com/twilio_verify_v2/1.55.0/openapi.yaml,Twilio - Verify,https://verify.twilio.com,twilio.com,1.55.0,3.x,53,0,communication,S2,twilio.com__twilio_verify_v2__1.55.0__openapi.yaml,provider_override:twilio.com
twilio.com/twilio_video_v1/1.55.0/openapi.yaml,Twilio - Video,https://video.twilio.com,twilio.com,1.55.0,3.x,35,0,communication,S2,twilio.com__twilio_video_v1__1.55.0__openapi.yaml,provider_override:twilio.com
twilio.com/twilio_voice_v1/1.55.0/openapi.yaml,Twilio - Voice,https://voice.twilio.com,twilio.com,1.55.0,3.x,32,0,communication,S2,twilio.com__twilio_voice_v1__1.55.0__openapi.yaml,provider_override:twilio.com
twilio.com/twilio_wireless_v1/1.55.0/openapi.yaml,Twilio - Wireless,https://wireless.twilio.com,twilio.com,1.55.0,3.x,16,0,communication,S2,twilio.com__twilio_wireless_v1__1.55.0__openapi.yaml,provider_override:twilio.com
twinehealth.com/v7.78.1/openapi.yaml,Fitbit Plus API,https://api.twinehealth.com/pub,twinehealth.com,v7.78.1,3.x,62,0,health,S2,twinehealth.com__v7.78.1__openapi.yaml,keywords:health
twitter.com/current/2.62/openapi.yaml,Twitter API v2,https://api.twitter.com,twitter.com,2.62,3.x,80,0,social,S2,twitter.com__current__2.62__openapi.yaml,keywords:twitter
twitter.com/legacy/1.1/swagger.yaml,Twitter API,api.twitter.com,twitter.com,1.1,2.0,83,0,social,S2,twitter.com__legacy__1.1__swagger.yaml,keywords:twitter
tyk.com/1.9/swagger.yaml,Gateway REST API,tyk.local,tyk.com,1.9,2.0,18,0,UNLABELLED,S2,tyk.com__1.9__swagger.yaml,no_keyword_match
uebermaps.com/2.0/swagger.yaml,uebermaps API endpoints,uebermaps.com,uebermaps.com,2.0,2.0,56,0,geo,S2,uebermaps.com__2.0__swagger.yaml,"keywords:map,maps"
up.com.au/v1/openapi.yaml,Up API,https://api.up.com.au/api/v1,up.com.au,v1,3.x,18,0,UNLABELLED,S2,up.com.au__v1__openapi.yaml,no_keyword_match
uscann.net/1.0/swagger.yaml,Api Documentation,apibeta.uscann.net,uscann.net,1.0,2.0,5,0,UNLABELLED,S2,uscann.net__1.0__swagger.yaml,no_keyword_match
useapi.net/1.0/openapi.yaml,Midjourney REST API by useapi.net,https://api.useapi.net/v1,useapi.net,1.0,3.x,8,0,UNLABELLED,S2,useapi.net__1.0__openapi.yaml,no_keyword_match
uspto.gov/bdss/1.0.0/swagger.yaml,Bulk Data Storage System Services,,uspto.gov,1.0.0,2.0,7,0,UNLABELLED,S2,uspto.gov__bdss__1.0.0__swagger.yaml,no_keyword_match
va.gov/benefits/1.0.0/openapi.yaml,Benefits Intake,https://sandbox-api.va.gov/services/vba_documents/{version},va.gov,1.0.0,3.x,6,0,UNLABELLED,S2,va.gov__benefits__1.0.0__openapi.yaml,no_keyword_match
va.gov/facilities/0.0.1/openapi.yaml,VA Facilities,,va.gov,0.0.1,3.x,5,0,UNLABELLED,S2,va.gov__facilities__0.0.1__openapi.yaml,no_keyword_match
vatapi.com/1/swagger.yaml,VAT API,vatapi.com,vatapi.com,1,2.0,11,0,UNLABELLED,S2,vatapi.com__1__swagger.yaml,no_keyword_match
vectara.io/1.0.0/openapi.yaml,Vectara REST API,https://api.vectara.io,vectara.io,1.0.0,3.x,9,0,UNLABELLED,S2,vectara.io__1.0.0__openapi.yaml,no_keyword_match
velopayments.com/2.35.57/openapi.yaml,Velo Payments APIs,https://api.sandbox.velopayments.com/,velopayments.com,2.35.57,3.x,100,0,finance,S2,velopayments.com__2.35.57__openapi.yaml,keywords:payment
vercel.com/0.0.1/openapi.yaml,Vercel API,https://api.vercel.com,vercel.com,0.0.1,3.x,112,0,UNLABELLED,S2,vercel.com__0.0.1__openapi.yaml,no_keyword_match
vestorly.com/1.0.0/swagger.yaml,Vestorly API,staging.vestorly.com,vestorly.com,1.0.0,2.0,51,0,UNLABELLED,S2,vestorly.com__1.0.0__swagger.yaml,no_keyword_match
viator.com/1.0.0/openapi.yaml,Viator API Documentation &amp; Specification – Merchant Partners,https://viatorapi.viator.com/service,viator.com,1.0.0,3.x,28,0,commerce,S2,viator.com__1.0.0__openapi.yaml,keywords:merchant
victorops.com/0.0.3/swagger.yaml,VictorOps,api.victorops.com,victorops.com,0.0.3,2.0,72,0,UNLABELLED,S2,victorops.com__0.0.3__swagger.yaml,no_keyword_match
vimeo.com/3.4/openapi.yaml,Vimeo,https://api.vimeo.com,vimeo.com,3.4,3.x,326,0,UNLABELLED,S2,vimeo.com__3.4__openapi.yaml,no_keyword_match
visagecloud.com/1.1/swagger.yaml,VisageCloud,visagecloud.com,visagecloud.com,1.1,2.0,52,0,UNLABELLED,S2,visagecloud.com__1.1__swagger.yaml,no_keyword_match
visiblethread.com/1.0/swagger.yaml,VisibleThread API,api.visiblethread.com,visiblethread.com,1.0,2.0,12,0,UNLABELLED,S2,visiblethread.com__1.0__swagger.yaml,no_keyword_match
visma.com/1.0/openapi.yaml,Severa Public Rest API Documentation,https://api.severa.visma.com/rest-api,visma.com,1.0,3.x,512,0,UNLABELLED,S2,visma.com__1.0__openapi.yaml,no_keyword_match
visma.net/1.0.14.784/openapi.yaml,Visma.net.ERP.SalesOrders.Api,/,visma.net,1.0.14.784,3.x,19,0,commerce,S2,visma.net__1.0.14.784__openapi.yaml,keywords:order
visma.net/9.66.02.1023/openapi.yaml,Visma Net API,/api,visma.net,9.66.02.1023,3.x,490,0,UNLABELLED,S2,visma.net__9.66.02.1023__openapi.yaml,no_keyword_match
visualcrossing.com/weather/4.6/openapi.yaml,Visual Crossing Weather API,https://weather.visualcrossing.com,visualcrossing.com,4.6,3.x,5,0,geo,S2,visualcrossing.com__weather__4.6__openapi.yaml,keywords:weather
visualstudio.com/v1/openapi.yaml,VSOnline,https://online.visualstudio.com,visualstudio.com,v1,3.x,141,1,UNLABELLED,S2,visualstudio.com__v1__openapi.yaml,no_keyword_match
vmware.local/vrni/1.0.0/openapi.yaml,vRealize Network Insight API Reference,http://vmware.local,vmware.local,1.0.0,3.x,161,0,UNLABELLED,S2,vmware.local__vrni__1.0.0__openapi.yaml,no_keyword_match
vocadb.net/1.0/openapi.yaml,VocaDbWeb,,vocadb.net,1.0,3.x,129,0,UNLABELLED,S2,vocadb.net__1.0__openapi.yaml,no_keyword_match
vonage.com/account/1.11.8/openapi.yaml,Account API,https://api.vonage.com/t/vbc.prod/provisioning,vonage.com,1.11.8,3.x,3,0,UNLABELLED,S2,vonage.com__account__1.11.8__openapi.yaml,no_keyword_match
vonage.com/vgis/1.0.1/openapi.yaml,Vonage Integration Suite,https://api.vonage.com/t/vbc.prod/vis/v1,vonage.com,1.0.1,3.x,20,0,UNLABELLED,S2,vonage.com__vgis__1.0.1__openapi.yaml,no_keyword_match
voodoomfg.com/2.0.0/swagger.yaml,Voodoo Manufacturing 3D Print API,,voodoomfg.com,2.0.0,2.0,11,0,UNLABELLED,S2,voodoomfg.com__2.0.0__swagger.yaml,no_keyword_match
vtex.local/Catalog-API-Seller-Portal/1.0.0/openapi.yaml,Catalog API - Seller Portal,https://vtex.local,vtex.local,1.0.0,3.x,16,0,commerce,S2,vtex.local__Catalog-API-Seller-Portal__1.0.0__openapi.yaml,provider_override:vtex.local
vtex.local/Catalog-API/1.0/openapi.yaml,Catalog API,https://vtex.local,vtex.local,1.0,3.x,162,0,commerce,S2,vtex.local__Catalog-API__1.0__openapi.yaml,provider_override:vtex.local
vtex.local/Checkout-API/1.0/openapi.yaml,Checkout API,https://vtex.local,vtex.local,1.0,3.x,32,0,commerce,S2,vtex.local__Checkout-API__1.0__openapi.yaml,provider_override:vtex.local
vtex.local/Customer-Credit-API/1.0/openapi.yaml,Customer Credit API,https://vtex.local,vtex.local,1.0,3.x,26,0,commerce,S2,vtex.local__Customer-Credit-API__1.0__openapi.yaml,provider_override:vtex.local
vtex.local/GiftCard-Hub-API/1.0/openapi.yaml,GiftCard Hub API,https://vtex.local,vtex.local,1.0,3.x,15,0,commerce,S2,vtex.local__GiftCard-Hub-API__1.0__openapi.yaml,provider_override:vtex.local
vtex.local/Giftcard-API/1.0/openapi.yaml,GiftCard API,https://vtex.local,vtex.local,1.0,3.x,11,0,commerce,S2,vtex.local__Giftcard-API__1.0__openapi.yaml,provider_override:vtex.local
vtex.local/Headless-CMS-API/0.31.2/openapi.yaml,VTEX Headless CMS,https://vtex.local,vtex.local,0.31.2,3.x,3,0,commerce,S2,vtex.local__Headless-CMS-API__0.31.2__openapi.yaml,provider_override:vtex.local
vtex.local/Intelligent-Search-API/0.1.12/openapi.yaml,Intelligent Search API,https://vtex.local,vtex.local,0.1.12,3.x,7,0,commerce,S2,vtex.local__Intelligent-Search-API__0.1.12__openapi.yaml,provider_override:vtex.local
vtex.local/License-Manager-API/1.0/openapi.yaml,License Manager API,https://vtex.local,vtex.local,1.0,3.x,12,0,commerce,S2,vtex.local__License-Manager-API__1.0__openapi.yaml,provider_override:vtex.local
vtex.local/Logistics-API/1.0/openapi.yaml,Logistics API,https://vtex.local,vtex.local,1.0,3.x,53,0,commerce,S2,vtex.local__Logistics-API__1.0__openapi.yaml,provider_override:vtex.local
vtex.local/Marketplace-APIs-/1.0/openapi.yaml,Suggestions,https://vtex.local,vtex.local,1.0,3.x,15,0,commerce,S2,vtex.local__Marketplace-APIs-__1.0__openapi.yaml,provider_override:vtex.local
vtex.local/Marketplace-APIs/1.0/openapi.yaml,Marketplace API,https://vtex.local,vtex.local,1.0,3.x,23,0,commerce,S2,vtex.local__Marketplace-APIs__1.0__openapi.yaml,provider_override:vtex.local
vtex.local/Marketplace-Protocol/1.0/openapi.yaml,Marketplace Protocol,https://vtex.local,vtex.local,1.0,3.x,15,0,commerce,S2,vtex.local__Marketplace-Protocol__1.0__openapi.yaml,provider_override:vtex.local
vtex.local/Master-Data-API-/1.0/openapi.yaml,Master Data API - v2,https://vtex.local,vtex.local,1.0,3.x,26,0,commerce,S2,vtex.local__Master-Data-API-__1.0__openapi.yaml,provider_override:vtex.local
vtex.local/MasterData-API-/1.0/openapi.yaml,MasterData API - v1,https://vtex.local,vtex.local,1.0,3.x,20,0,commerce,S2,vtex.local__MasterData-API-__1.0__openapi.yaml,provider_override:vtex.local
vtex.local/Orders-API-(PII-version)/1.0/openapi.yaml,Orders API (PII version),https://vtex.local,vtex.local,1.0,3.x,6,0,commerce,S2,vtex.local__Orders-API-(PII-version)__1.0__openapi.yaml,provider_override:vtex.local
vtex.local/Orders-API/1.0/openapi.yaml,Orders API,https://vtex.local,vtex.local,1.0,3.x,28,0,commerce,S2,vtex.local__Orders-API__1.0__openapi.yaml,provider_override:vtex.local
vtex.local/Payments-Gateway-API/1.0/openapi.yaml,Payments Gateway API,https://vtex.local,vtex.local,1.0,3.x,22,0,commerce,S2,vtex.local__Payments-Gateway-API__1.0__openapi.yaml,provider_override:vtex.local
vtex.local/Policies-System-API/1.0.0/openapi.yaml,Policies System API,https://vtex.local,vtex.local,1.0.0,3.x,6,0,commerce,S2,vtex.local__Policies-System-API__1.0.0__openapi.yaml,provider_override:vtex.local
vtex.local/Price-Simulations/1.0/openapi.yaml,Price Simulations API,https://vtex.local,vtex.local,1.0,3.x,7,0,commerce,S2,vtex.local__Price-Simulations__1.0__openapi.yaml,provider_override:vtex.local
vtex.local/Pricing-API/1.0/openapi.yaml,Pricing API,https://vtex.local,vtex.local,1.0,3.x,14,0,commerce,S2,vtex.local__Pricing-API__1.0__openapi.yaml,provider_override:vtex.local
vtex.local/Profile-System/1.0/openapi.yaml,Profile System,https://vtex.local,vtex.local,1.0,3.x,27,0,commerce,S2,vtex.local__Profile-System__1.0__openapi.yaml,provider_override:vtex.local
vtex.local/Promotions-/1.0/openapi.yaml,Promotions & Taxes API,https://vtex.local,vtex.local,1.0,3.x,31,0,commerce,S2,vtex.local__Promotions-__1.0__openapi.yaml,provider_override:vtex.local
vtex.local/Recurrence-(v1-/1.0/openapi.yaml,Subscription (v1 - deprecated),https://vtex.local,vtex.local,1.0,3.x,11,0,commerce,S2,vtex.local__Recurrence-(v1-__1.0__openapi.yaml,provider_override:vtex.local
vtex.local/Reviews-and-Ratings-API/1.0/openapi.yaml,Reviews and Ratings API,https://vtex.local,vtex.local,1.0,3.x,8,0,commerce,S2,vtex.local__Reviews-and-Ratings-API__1.0__openapi.yaml,provider_override:vtex.local
vtex.local/SKU-Bindings-API/1.0/openapi.yaml,SKU Bindings API,https://vtex.local,vtex.local,1.0,3.x,12,0,commerce,S2,vtex.local__SKU-Bindings-API__1.0__openapi.yaml,provider_override:vtex.local
vtex.local/Search-API/1.0/openapi.yaml,Legacy Search API,https://vtex.local,vtex.local,1.0,3.x,15,0,commerce,S2,vtex.local__Search-API__1.0__openapi.yaml,provider_override:vtex.local
vtex.local/Session-Manager-API/1.0/openapi.yaml,Session Manager API,https://vtex.local,vtex.local,1.0,3.x,4,0,commerce,S2,vtex.local__Session-Manager-API__1.0__openapi.yaml,provider_override:vtex.local
vtex.local/Subscriptions-API-(v2)/1.0/openapi.yaml,Subscriptions API (v2 - DEPRECATED),https://vtex.local,vtex.local,1.0,3.x,31,0,commerce,S2,vtex.local__Subscriptions-API-(v2)__1.0__openapi.yaml,provider_override:vtex.local
vtex.local/Subscriptions-API-(v3)/1.0/openapi.yaml,Subscriptions API (v3),https://vtex.local,vtex.local,1.0,3.x,20,0,commerce,S2,vtex.local__Subscriptions-API-(v3)__1.0__openapi.yaml,provider_override:vtex.local
vtex.local/VTEX-Do-API/1.0/openapi.yaml,VTEX Do API,https://vtex.local,vtex.local,1.0,3.x,8,0,commerce,S2,vtex.local__VTEX-Do-API__1.0__openapi.yaml,provider_override:vtex.local
vtex.local/VTEX_TEMPLATE/1.0.0/openapi.yaml,Pets Api,https://vtex.local,vtex.local,1.0.0,3.x,3,0,commerce,S2,vtex.local__VTEX_TEMPLATE__1.0.0__openapi.yaml,provider_override:vtex.local
walletobjects.googleapis.com/pay-passes/v1/openapi.yaml,Google Pay Passes API,https://walletobjects.googleapis.com/,walletobjects.googleapis.com,v1,3.x,95,0,finance,S2,walletobjects.googleapis.com__pay-passes__v1__openapi.yaml,keywords:wallet
walmart.com/inventory/1.0.0/openapi.yaml,Inventory Management,https://marketplace.walmartapis.com,walmart.com,1.0.0,3.x,7,0,commerce,S2,walmart.com__inventory__1.0.0__openapi.yaml,keywords:inventory
walmart.com/item/3.0.1/swagger.yaml,Item API,developer.walmart.com,walmart.com,3.0.1,2.0,6,0,UNLABELLED,S2,walmart.com__item__3.0.1__swagger.yaml,no_keyword_match
walmart.com/order/3.0.1/swagger.yaml,Orders API,developer.walmart.com,walmart.com,3.0.1,2.0,9,0,commerce,S2,walmart.com__order__3.0.1__swagger.yaml,keywords:order
walmart.com/price/1.0.0/openapi.yaml,Price Management,https://marketplace.walmartapis.com,walmart.com,1.0.0,3.x,8,0,UNLABELLED,S2,walmart.com__price__1.0.0__openapi.yaml,no_keyword_match
warwick.ac.uk/enterobase/v2.0/openapi.yaml,Enterobase-API,,warwick.ac.uk,v2.0,3.x,26,0,UNLABELLED,S2,warwick.ac.uk__enterobase__v2.0__openapi.yaml,no_keyword_match
watchful.li/1.0.0/swagger.yaml,watchful.li,watchful.li,watchful.li,1.0.0,2.0,59,0,UNLABELLED,S2,watchful.li__1.0.0__swagger.yaml,no_keyword_match
waterlinked.com/1.0.0/swagger.yaml,The Water Linked Underwater GPS API,demo.waterlinked.com,waterlinked.com,1.0.0,2.0,38,0,UNLABELLED,S2,waterlinked.com__1.0.0__swagger.yaml,no_keyword_match
wealthreader.com/1.0.0/openapi.yaml,Wealth Reader API,https://virtserver.swaggerhub.com/wealth-reader/api/1.0.0,wealthreader.com,1.0.0,3.x,3,0,UNLABELLED,S2,wealthreader.com__1.0.0__openapi.yaml,no_keyword_match
weatherbit.io/2.0.0/swagger.yaml,Weatherbit - Interactive Swagger UI Documentation,api.weatherbit.io,weatherbit.io,2.0.0,2.0,47,0,geo,S2,weatherbit.io__2.0.0__swagger.yaml,keywords:weather
weber-gesamtausgabe.de/1.0.0/swagger.yaml,WeGA API,localhost:8080,weber-gesamtausgabe.de,1.0.0,2.0,10,0,UNLABELLED,S2,weber-gesamtausgabe.de__1.0.0__swagger.yaml,no_keyword_match
webflow.com/2023-03-23T154040Z/openapi.yaml,Lucidtech API,https://api.lucidtech.ai/{basepath},webflow.com,2023-03-23 15:40:40+00:00,3.x,80,0,UNLABELLED,S2,webflow.com__2023-03-23T154040Z__openapi.yaml,no_keyword_match
webscraping.ai/3.0.0/openapi.yaml,WebScraping.AI,https://api.webscraping.ai,webscraping.ai,3.0.0,3.x,4,0,UNLABELLED,S2,webscraping.ai__3.0.0__openapi.yaml,no_keyword_match
whapi.com/accounts/2.0.0/swagger.yaml,Accounts API,sandbox.whapi.com,whapi.com,2.0.0,2.0,9,0,UNLABELLED,S2,whapi.com__accounts__2.0.0__swagger.yaml,no_keyword_match
whapi.com/bets/2.0.0/openapi.yaml,Bets API,https://sandbox.whapi.com/v2/bets,whapi.com,2.0.0,3.x,6,0,UNLABELLED,S2,whapi.com__bets__2.0.0__openapi.yaml,no_keyword_match
whapi.com/locations/2.0/swagger.yaml,Locations,sandbox.whapi.com,whapi.com,2.0,2.0,5,0,geo,S2,whapi.com__locations__2.0__swagger.yaml,keywords:location
whapi.com/sessions/2.0.0/swagger.yaml,Sessions API,sandbox.whapi.com,whapi.com,2.0.0,2.0,4,0,UNLABELLED,S2,whapi.com__sessions__2.0.0__swagger.yaml,no_keyword_match
whapi.com/sportsdata/2/swagger.yaml,SportsData API,sandbox.whapi.com,whapi.com,2,2.0,15,0,media,S2,whapi.com__sportsdata__2__swagger.yaml,keywords:sports
whatsapp.local/1.0/openapi.yaml,WhatsApp Business API,http://whatsapp.local,whatsapp.local,1.0,3.x,53,2,communication,S2,whatsapp.local__1.0__openapi.yaml,keywords:whatsapp
wikimedia.org/1.0.0/swagger.yaml,Wikimedia,wikimedia.org,wikimedia.org,1.0.0,2.0,35,0,UNLABELLED,S2,wikimedia.org__1.0.0__swagger.yaml,no_keyword_match
wikipathways.org/1.0/openapi.yaml,WikiPathways Webservices,https://webservice.wikipathways.org,wikipathways.org,1.0,3.x,27,0,UNLABELLED,S2,wikipathways.org__1.0__openapi.yaml,no_keyword_match
windows.net/batch-BatchService/2016-02-01.3.0/openapi.yaml,BatchService,https://batch.core.windows.net,windows.net,2016-02-01.3.0,3.x,69,0,UNLABELLED,S2,windows.net__batch-BatchService__2016-02-01.3.0__openapi.yaml,no_keyword_match
windows.net/batch-BatchService/2018-08-01.7.0/swagger.yaml,BatchService,batch.core.windows.net,windows.net,2018-08-01.7.0,2.0,73,0,UNLABELLED,S2,windows.net__batch-BatchService__2018-08-01.7.0__swagger.yaml,no_keyword_match
windows.net/graphrbac/1.6/openapi.yaml,GraphRbacManagementClient,https://graph.windows.net,windows.net,1.6,3.x,56,0,UNLABELLED,S2,windows.net__graphrbac__1.6__openapi.yaml,no_keyword_match
winsms.co.za/1.0.0/swagger.yaml,WINSMS,www.winsms.co.za,winsms.co.za,1.0.0,2.0,11,0,communication,S2,winsms.co.za__1.0.0__swagger.yaml,keywords:sms
wiremock.org/admin/2.35.0/openapi.yaml,WireMock,/,wiremock.org,2.35.0,3.x,33,0,UNLABELLED,S2,wiremock.org__admin__2.35.0__openapi.yaml,no_keyword_match
wmata.com/bus-route/1.0/swagger.yaml,Bus Route and Stop Methods,api.wmata.com,wmata.com,1.0,2.0,12,0,geo,S2,wmata.com__bus-route__1.0__swagger.yaml,keywords:route
wmata.com/incidents/1.0/swagger.yaml,Incidents,api.wmata.com,wmata.com,1.0,2.0,6,0,UNLABELLED,S2,wmata.com__incidents__1.0__swagger.yaml,no_keyword_match
wmata.com/rail-station/1.0/swagger.yaml,Rail Station Information,api.wmata.com,wmata.com,1.0,2.0,16,0,UNLABELLED,S2,wmata.com__rail-station__1.0__swagger.yaml,no_keyword_match
wordnik.com/4.0/openapi.yaml,Wordnik,https://api.wordnik.com/v4,wordnik.com,4.0,3.x,16,0,UNLABELLED,S2,wordnik.com__4.0__openapi.yaml,no_keyword_match
worldtimeapi.org/20210108/openapi.yaml,World Time API,http://worldtimeapi.org/api/,worldtimeapi.org,20210108,3.x,12,0,UNLABELLED,S2,worldtimeapi.org__20210108__openapi.yaml,no_keyword_match
wowza.com/1/swagger.yaml,Wowza Streaming Cloud REST API Reference Documentation,api-sandbox.cloud.wowza.com,wowza.com,1,2.0,104,0,media,S2,wowza.com__1__swagger.yaml,keywords:streaming
wyjyt-geo-calculate.azurewebsites.net/1.0.0/openapi.yaml,Wyjyt - Geo Calculate,https://wyjyt-geo-calculate.azurewebsites.net/api,wyjyt-geo-calculate.azurewebsites.net,1.0.0,3.x,4,0,UNLABELLED,S2,wyjyt-geo-calculate.azurewebsites.net__1.0.0__openapi.yaml,no_keyword_match
xero.com/xero-payroll-au/2.9.4/openapi.yaml,Xero Payroll AU API,https://api.xero.com/payroll.xro/1.0,xero.com,2.9.4,3.x,29,0,finance,S2,xero.com__xero-payroll-au__2.9.4__openapi.yaml,keywords:payroll
xero.com/xero_accounting/2.9.4/openapi.yaml,Xero Accounting API,https://api.xero.com/api.xro/2.0,xero.com,2.9.4,3.x,224,0,finance,S2,xero.com__xero_accounting__2.9.4__openapi.yaml,keywords:accounting
xero.com/xero_assets/2.9.4/openapi.yaml,Xero Assets API,https://api.xero.com/assets.xro/1.0,xero.com,2.9.4,3.x,6,0,UNLABELLED,S2,xero.com__xero_assets__2.9.4__openapi.yaml,no_keyword_match
xero.com/xero_bankfeeds/2.9.4/openapi.yaml,Xero Bank Feeds API,https://api.xero.com/bankfeeds.xro/1.0,xero.com,2.9.4,3.x,7,0,UNLABELLED,S2,xero.com__xero_bankfeeds__2.9.4__openapi.yaml,tie:finance/social
xero.com/xero_files/2.9.4/openapi.yaml,Xero Files API,https://api.xero.com/files.xro/1.0/,xero.com,2.9.4,3.x,16,0,UNLABELLED,S2,xero.com__xero_files__2.9.4__openapi.yaml,no_keyword_match
xtrf.eu/2.0/openapi.yaml,XTRF Home Portal API,https://presentation.s.xtrf.eu/home-api,xtrf.eu,2.0,3.x,284,0,UNLABELLED,S2,xtrf.eu__2.0__openapi.yaml,no_keyword_match
yodlee.com/1.1.0/openapi.yaml,Yodlee Core APIs,/,yodlee.com,1.1.0,3.x,70,0,UNLABELLED,S2,yodlee.com__1.1.0__openapi.yaml,no_keyword_match
youneedabudget.com/1.0.0/openapi.yaml,YNAB API Endpoints,https://api.ynab.com/v1,youneedabudget.com,1.0.0,3.x,31,0,UNLABELLED,S2,youneedabudget.com__1.0.0__openapi.yaml,no_keyword_match
zalando.com/v1.0/swagger.yaml,Zalando Shop,api.zalando.com,zalando.com,v1.0,2.0,20,0,commerce,S2,zalando.com__v1.0__swagger.yaml,keywords:shop
zapier.com/nla/1.0.0/openapi.yaml,Zapier Natural Language Actions (NLA) API - Beta,https://nla.zapier.com,zapier.com,1.0.0,3.x,5,0,UNLABELLED,S2,zapier.com__nla__1.0.0__openapi.yaml,no_keyword_match
zappiti.com/4.15.174/swagger.yaml,Zappiti Player API,192.168.1.5:8990,zappiti.com,4.15.174,2.0,7,0,media,S2,zappiti.com__4.15.174__swagger.yaml,keywords:player
zeit.co/v2019-01-07/openapi.yaml,ZEIT API,https://api.zeit.co,zeit.co,v2019-01-07,3.x,5,0,UNLABELLED,S2,zeit.co__v2019-01-07__openapi.yaml,no_keyword_match
zeno.fm/0.6-99cfdac/openapi.yaml,Aggregators API Service,https://api.zeno.fm,zeno.fm,0.6-99cfdac,3.x,18,0,UNLABELLED,S2,zeno.fm__0.6-99cfdac__openapi.yaml,no_keyword_match
zoom.us/2.0.0/openapi.yaml,Zoom API,https://api.zoom.us/v2,zoom.us,2.0.0,3.x,373,0,UNLABELLED,S2,zoom.us__2.0.0__openapi.yaml,no_keyword_match
zoomconnect.com/1/swagger.yaml,www.zoomconnect.com,www.zoomconnect.com,zoomconnect.com,1,2.0,54,0,UNLABELLED,S2,zoomconnect.com__1__swagger.yaml,no_keyword_match
zuora.com/2021-08-20/openapi.yaml,API Reference: Billing,https://rest.zuora.com,zuora.com,2021-08-20,3.x,428,0,finance,S2,zuora.com__2021-08-20__openapi.yaml,keywords:billing
