clean_file,title,provider,spec_version,n_operations,n_pairs,a_f2_codegen,a_f2_nonempty,a_f2_derived,a_f4_parameters,a_f5_schemas,a_f6_description,c_all4_codegen,c_all4_nonempty,c_all4_derived,coavail_pct_f2_codegen,coavail_pct_f4_parameters,coavail_pct_f5_schemas,coavail_pct_f6_description,maskfire_pct_codegen,maskfire_pct_nonempty,maskfire_pct_derived
1password.com__events__1.2.0__openapi.yaml,Events API,1password.com,3.x,5,10,5,5,5,0,0,3,0,0,0,100.000,0.000,0.000,30.000,100.000,100.000,100.000
1password.local__connect__1.5.7__openapi.yaml,1Password Connect,1password.local,3.x,13,78,13,13,13,12,10,1,1,1,1,100.000,84.615,57.692,0.000,100.000,100.000,100.000
6-dot-authentiqio.appspot.com__6__openapi.yaml,Authentiq API,6-dot-authentiqio.appspot.com,3.x,12,66,12,12,12,11,2,12,2,2,2,100.000,83.333,1.515,100.000,98.485,98.485,98.485
ably.io__platform__1.1.0__openapi.yaml,Platform API,ably.io,3.x,22,231,22,22,22,22,15,22,15,15,15,100.000,100.000,45.455,100.000,54.545,54.545,54.545
ably.net__control__1.0.14__openapi.yaml,Control API v1,ably.net,3.x,22,231,0,0,0,21,17,19,0,0,0,0.000,90.909,58.874,74.026,100.000,100.000,100.000
ably.net__control__v1__openapi.yaml,API V1,ably.net,3.x,22,231,0,0,0,21,17,0,0,0,0,0.000,90.909,58.874,0.000,100.000,100.000,100.000
adafruit.com__2.0.0__swagger.yaml,Adafruit IO REST API,adafruit.com,2.0,71,2485,71,71,71,69,59,21,17,17,17,100.000,94.406,68.853,8.451,94.527,94.527,94.527
adobe.com__aem__3.7.1-pre.0__openapi.yaml,Adobe Experience Manager (AEM) API,adobe.com,3.x,48,1128,48,48,47,39,6,0,0,0,0,100.000,65.691,1.330,0.000,100.000,100.000,100.000
adyen.com__AccountService__3__openapi.yaml,Account API,adyen.com,3.x,17,136,17,17,0,0,17,17,0,0,0,100.000,0.000,100.000,100.000,100.000,100.000,100.000
adyen.com__AccountService__4__openapi.yaml,Account API,adyen.com,3.x,17,136,17,17,0,0,17,17,0,0,0,100.000,0.000,100.000,100.000,100.000,100.000,100.000
adyen.com__AccountService__5__openapi.yaml,Account API,adyen.com,3.x,20,190,20,20,0,0,20,20,0,0,0,100.000,0.000,100.000,100.000,100.000,100.000,100.000
adyen.com__AccountService__6__openapi.yaml,Account API,adyen.com,3.x,20,190,20,20,0,0,20,20,0,0,0,100.000,0.000,100.000,100.000,100.000,100.000,100.000
adyen.com__BalancePlatformService__1__openapi.yaml,Configuration API,adyen.com,3.x,34,561,34,34,0,25,34,34,25,25,0,100.000,53.476,100.000,100.000,46.524,46.524,100.000
adyen.com__BalancePlatformService__2__openapi.yaml,Configuration API,adyen.com,3.x,42,861,42,42,0,32,42,42,32,32,0,100.000,57.607,100.000,100.000,42.393,42.393,100.000
adyen.com__DisputeService-v30__30__openapi.yaml,Disputes API,adyen.com,3.x,5,10,5,5,0,0,5,5,0,0,0,100.000,0.000,100.000,100.000,100.000,100.000,100.000
adyen.com__FundService__3__openapi.yaml,Fund API,adyen.com,3.x,8,28,8,8,0,0,8,8,0,0,0,100.000,0.000,100.000,100.000,100.000,100.000,100.000
adyen.com__FundService__5__openapi.yaml,Fund API,adyen.com,3.x,8,28,8,8,0,0,8,8,0,0,0,100.000,0.000,100.000,100.000,100.000,100.000,100.000
adyen.com__FundService__6__openapi.yaml,Fund API,adyen.com,3.x,8,28,8,8,0,0,8,8,0,0,0,100.000,0.000,100.000,100.000,100.000,100.000,100.000
adyen.com__GrantService-v3__3__openapi.yaml,Capital API,adyen.com,3.x,3,3,3,3,0,2,3,3,2,2,0,100.000,33.333,100.000,100.000,66.667,66.667,100.000
adyen.com__LegalEntityService__1__openapi.yaml,Legal Entity Management API,adyen.com,3.x,26,325,26,26,0,24,26,26,24,24,0,100.000,84.923,100.000,100.000,15.077,15.077,100.000
adyen.com__LegalEntityService__2__openapi.yaml,Legal Entity Management API,adyen.com,3.x,27,351,27,27,0,25,27,27,25,25,0,100.000,85.470,100.000,100.000,14.530,14.530,100.000
adyen.com__LegalEntityService__3__openapi.yaml,Legal Entity Management API,adyen.com,3.x,29,406,29,29,0,27,29,29,27,27,0,100.000,86.453,100.000,100.000,13.547,13.547,100.000
adyen.com__ManagementService-v3__3__openapi.yaml,Management API,adyen.com,3.x,132,8646,132,132,0,125,132,132,125,125,0,100.000,89.637,100.000,100.000,10.363,10.363,100.000
adyen.com__ManagementService__1__openapi.yaml,Management API,adyen.com,3.x,130,8385,130,130,0,123,130,130,123,123,0,100.000,89.481,100.000,100.000,10.519,10.519,100.000
adyen.com__NotificationConfigurationService__1__openapi.yaml,Notification Configuration API,adyen.com,3.x,6,15,6,6,0,0,6,6,0,0,0,100.000,0.000,100.000,100.000,100.000,100.000,100.000
adyen.com__NotificationConfigurationService__2__openapi.yaml,Notification Configuration API,adyen.com,3.x,6,15,6,6,0,0,6,6,0,0,0,100.000,0.000,100.000,100.000,100.000,100.000,100.000
adyen.com__NotificationConfigurationService__3__openapi.yaml,Notification Configuration API,adyen.com,3.x,6,15,6,6,0,0,6,6,0,0,0,100.000,0.000,100.000,100.000,100.000,100.000,100.000
adyen.com__NotificationConfigurationService__4__openapi.yaml,Notification Configuration API,adyen.com,3.x,6,15,6,6,0,0,6,6,0,0,0,100.000,0.000,100.000,100.000,100.000,100.000,100.000
adyen.com__NotificationConfigurationService__5__openapi.yaml,Notification Configuration API,adyen.com,3.x,6,15,6,6,0,0,6,6,0,0,0,100.000,0.000,100.000,100.000,100.000,100.000,100.000
adyen.com__NotificationConfigurationService__6__openapi.yaml,Notification Configuration API,adyen.com,3.x,6,15,6,6,0,0,6,6,0,0,0,100.000,0.000,100.000,100.000,100.000,100.000,100.000
adyen.com__PayoutService__30__openapi.yaml,Adyen Payout API,adyen.com,3.x,6,15,6,6,0,0,6,6,0,0,0,100.000,0.000,100.000,100.000,100.000,100.000,100.000
adyen.com__PayoutService__40__openapi.yaml,Adyen Payout API,adyen.com,3.x,6,15,6,6,0,0,6,6,0,0,0,100.000,0.000,100.000,100.000,100.000,100.000,100.000
adyen.com__PayoutService__50__openapi.yaml,Adyen Payout API,adyen.com,3.x,6,15,6,6,0,0,6,6,0,0,0,100.000,0.000,100.000,100.000,100.000,100.000,100.000
adyen.com__PayoutService__51__openapi.yaml,Adyen Payout API,adyen.com,3.x,6,15,6,6,0,0,6,6,0,0,0,100.000,0.000,100.000,100.000,100.000,100.000,100.000
adyen.com__PayoutService__52__openapi.yaml,Adyen Payout API,adyen.com,3.x,6,15,6,6,0,0,6,6,0,0,0,100.000,0.000,100.000,100.000,100.000,100.000,100.000
adyen.com__PayoutService__64__openapi.yaml,Adyen Payout API,adyen.com,3.x,6,15,6,6,0,0,6,6,0,0,0,100.000,0.000,100.000,100.000,100.000,100.000,100.000
adyen.com__PayoutService__67__openapi.yaml,Adyen Payout API,adyen.com,3.x,6,15,6,6,0,0,6,6,0,0,0,100.000,0.000,100.000,100.000,100.000,100.000,100.000
adyen.com__PayoutService__68__openapi.yaml,Adyen Payout API,adyen.com,3.x,6,15,6,6,0,0,6,6,0,0,0,100.000,0.000,100.000,100.000,100.000,100.000,100.000
adyen.com__RecurringService__25__openapi.yaml,Adyen Recurring API,adyen.com,3.x,4,6,4,4,0,0,4,4,0,0,0,100.000,0.000,100.000,100.000,100.000,100.000,100.000
adyen.com__RecurringService__30__openapi.yaml,Adyen Recurring API,adyen.com,3.x,4,6,4,4,0,0,4,4,0,0,0,100.000,0.000,100.000,100.000,100.000,100.000,100.000
adyen.com__RecurringService__40__openapi.yaml,Adyen Recurring API,adyen.com,3.x,5,10,5,5,0,0,5,5,0,0,0,100.000,0.000,100.000,100.000,100.000,100.000,100.000
adyen.com__RecurringService__49__openapi.yaml,Adyen Recurring API,adyen.com,3.x,5,10,5,5,0,0,5,5,0,0,0,100.000,0.000,100.000,100.000,100.000,100.000,100.000
adyen.com__RecurringService__67__openapi.yaml,Adyen Recurring API,adyen.com,3.x,6,15,6,6,0,0,6,6,0,0,0,100.000,0.000,100.000,100.000,100.000,100.000,100.000
adyen.com__RecurringService__68__openapi.yaml,Adyen Recurring API,adyen.com,3.x,6,15,6,6,0,0,6,6,0,0,0,100.000,0.000,100.000,100.000,100.000,100.000,100.000
adyen.com__StoredValueService__46__openapi.yaml,Adyen Stored Value API,adyen.com,3.x,6,15,6,6,0,0,6,6,0,0,0,100.000,0.000,100.000,100.000,100.000,100.000,100.000
adyen.com__TerminalAPI-v1__1__openapi.yaml,Adyen Terminal API,adyen.com,3.x,18,153,0,0,0,0,18,18,0,0,0,0.000,0.000,100.000,100.000,100.000,100.000,100.000
adyen.com__TfmAPIService__1__openapi.yaml,POS Terminal Management API,adyen.com,3.x,5,10,5,5,0,0,5,5,0,0,0,100.000,0.000,100.000,100.000,100.000,100.000,100.000
adyen.com__TransferService-v4__4__openapi.yaml,Transfers API,adyen.com,3.x,7,21,7,7,0,6,7,7,6,6,0,100.000,71.429,100.000,100.000,28.571,28.571,100.000
adyen.com__TransferService__1__openapi.yaml,Transfers API,adyen.com,3.x,3,3,3,3,0,3,3,3,3,3,0,100.000,100.000,100.000,100.000,0.000,0.000,100.000
adyen.com__TransferService__2__openapi.yaml,Transfers API,adyen.com,3.x,3,3,3,3,0,3,3,3,3,3,0,100.000,100.000,100.000,100.000,0.000,0.000,100.000
adyen.com__TransferService__3__openapi.yaml,Transfers API,adyen.com,3.x,7,21,7,7,0,6,7,7,6,6,0,100.000,71.429,100.000,100.000,28.571,28.571,100.000
afterbanks.com__3.0.0__swagger.yaml,Afterbanks API,afterbanks.com,2.0,3,3,0,0,0,3,3,3,0,0,0,0.000,100.000,100.000,100.000,100.000,100.000,100.000
agco-ats.com__v1__openapi.yaml,AGCO API,agco-ats.com,3.x,277,38226,266,266,219,221,270,276,204,204,174,92.202,63.595,95.001,99.278,45.833,45.833,60.626
aiception.com__1.0.0__swagger.yaml,AIception Interactive,aiception.com,2.0,10,45,0,0,0,10,10,10,0,0,0,0.000,100.000,100.000,100.000,100.000,100.000,100.000
airbyte.local__config__1.0.0__openapi.yaml,Airbyte Configuration API,airbyte.local,3.x,102,5151,102,102,102,0,101,9,0,0,0,100.000,0.000,98.039,0.699,100.000,100.000,100.000
alertersystem.com__1.7.0__openapi.yaml,Alerter System API,alertersystem.com,3.x,500,124750,500,500,93,421,421,500,342,342,93,100.000,70.870,70.870,100.000,53.258,53.258,96.571
amadeus.com__amadeus-points-of-interest__1.1.1__swagger.yaml,Points of Interest,amadeus.com,2.0,3,3,3,3,3,3,0,0,0,0,0,100.000,100.000,0.000,0.000,100.000,100.000,100.000
amadeus.com__amadeus-safe-place-__1.0.0__swagger.yaml,Safe Place,amadeus.com,2.0,3,3,3,3,3,3,0,0,0,0,0,100.000,100.000,0.000,0.000,100.000,100.000,100.000
amadeus.com__amadeus-tours-and-activities__1.0.2__swagger.yaml,Tours and Activities,amadeus.com,2.0,3,3,3,3,3,3,0,0,0,0,0,100.000,100.000,0.000,0.000,100.000,100.000,100.000
amazonaws.com__AWSMigrationHub__2017-05-31__openapi.yaml,AWS Migration Hub,amazonaws.com,3.x,17,136,17,17,0,17,17,17,17,17,0,100.000,100.000,100.000,100.000,0.000,0.000,100.000
amazonaws.com__accessanalyzer__2019-11-01__openapi.yaml,Access Analyzer,amazonaws.com,3.x,28,378,28,28,28,28,28,28,28,28,28,100.000,100.000,100.000,100.000,0.000,0.000,0.000
amazonaws.com__account__2021-02-01__openapi.yaml,AWS Account,amazonaws.com,3.x,9,36,9,9,0,9,9,9,9,9,0,100.000,100.000,100.000,100.000,0.000,0.000,100.000
amazonaws.com__acm-pca__2017-08-22__openapi.yaml,AWS Certificate Manager Private Certificate Authority,amazonaws.com,3.x,23,253,23,23,0,23,23,23,23,23,0,100.000,100.000,100.000,100.000,0.000,0.000,100.000
amazonaws.com__acm__2015-12-08__openapi.yaml,AWS Certificate Manager,amazonaws.com,3.x,15,105,15,15,0,15,15,15,15,15,0,100.000,100.000,100.000,100.000,0.000,0.000,100.000
amazonaws.com__alexaforbusiness__2017-11-09__openapi.yaml,Alexa For Business,amazonaws.com,3.x,93,4278,93,93,0,93,93,93,93,93,0,100.000,100.000,100.000,100.000,0.000,0.000,100.000
amazonaws.com__amp__2020-08-01__openapi.yaml,Amazon Prometheus Service,amazonaws.com,3.x,21,210,21,21,21,21,21,21,21,21,21,100.000,100.000,100.000,100.000,0.000,0.000,0.000
amazonaws.com__amplify__2017-07-25__openapi.yaml,AWS Amplify,amazonaws.com,3.x,37,666,37,37,37,37,37,37,37,37,37,100.000,100.000,100.000,100.000,0.000,0.000,0.000
amazonaws.com__amplifybackend__2020-08-11__openapi.yaml,AmplifyBackend,amazonaws.com,3.x,31,465,31,31,31,31,31,31,31,31,31,100.000,100.000,100.000,100.000,0.000,0.000,0.000
amazonaws.com__amplifyuibuilder__2021-08-11__openapi.yaml,AWS Amplify UI Builder,amazonaws.com,3.x,25,300,25,25,25,25,25,25,25,25,25,100.000,100.000,100.000,100.000,0.000,0.000,0.000
amazonaws.com__apigateway__2015-07-09__openapi.yaml,Amazon API Gateway,amazonaws.com,3.x,120,7140,120,120,120,120,120,120,120,120,120,100.000,100.000,100.000,100.000,0.000,0.000,0.000
amazonaws.com__apigatewaymanagementapi__2018-11-29__openapi.yaml,AmazonApiGatewayManagementApi,amazonaws.com,3.x,3,3,3,3,3,3,3,3,3,3,3,100.000,100.000,100.000,100.000,0.000,0.000,0.000
amazonaws.com__apigatewayv2__2018-11-29__openapi.yaml,AmazonApiGatewayV2,amazonaws.com,3.x,72,2556,72,72,72,72,72,71,71,71,71,100.000,100.000,100.000,97.222,2.778,2.778,2.778
amazonaws.com__appconfig__2019-10-09__openapi.yaml,Amazon AppConfig,amazonaws.com,3.x,43,903,43,43,43,43,43,43,43,43,43,100.000,100.000,100.000,100.000,0.000,0.000,0.000
amazonaws.com__appfabric__2023-05-19__openapi.yaml,AppFabric,amazonaws.com,3.x,26,325,26,26,26,26,26,26,26,26,26,100.000,100.000,100.000,100.000,0.000,0.000,0.000
amazonaws.com__appflow__2020-08-23__openapi.yaml,Amazon Appflow,amazonaws.com,3.x,25,300,25,25,25,25,25,25,25,25,25,100.000,100.000,100.000,100.000,0.000,0.000,0.000
amazonaws.com__appintegrations__2020-07-29__openapi.yaml,Amazon AppIntegrations Service,amazonaws.com,3.x,15,105,15,15,15,15,15,15,15,15,15,100.000,100.000,100.000,100.000,0.000,0.000,0.000
amazonaws.com__application-autoscaling__2016-02-06__openapi.yaml,Application Auto Scaling,amazonaws.com,3.x,13,78,13,13,0,13,13,13,13,13,0,100.000,100.000,100.000,100.000,0.000,0.000,100.000
amazonaws.com__application-insights__2018-11-25__openapi.yaml,Amazon CloudWatch Application Insights,amazonaws.com,3.x,33,528,33,33,0,33,33,33,33,33,0,100.000,100.000,100.000,100.000,0.000,0.000,100.000
amazonaws.com__applicationcostprofiler__2020-09-10__openapi.yaml,AWS Application Cost Profiler,amazonaws.com,3.x,6,15,6,6,5,6,6,6,6,6,5,100.000,100.000,100.000,100.000,0.000,0.000,33.333
amazonaws.com__appmesh__2019-01-25__openapi.yaml,AWS App Mesh,amazonaws.com,3.x,38,703,38,38,38,38,38,38,38,38,38,100.000,100.000,100.000,100.000,0.000,0.000,0.000
amazonaws.com__apprunner__2020-05-15__openapi.yaml,AWS App Runner,amazonaws.com,3.x,35,595,35,35,0,35,35,35,35,35,0,100.000,100.000,100.000,100.000,0.000,0.000,100.000
amazonaws.com__appstream__2016-12-01__openapi.yaml,Amazon AppStream,amazonaws.com,3.x,75,2775,75,75,0,75,75,75,75,75,0,100.000,100.000,100.000,100.000,0.000,0.000,100.000
amazonaws.com__appsync__2017-07-25__openapi.yaml,AWS AppSync,amazonaws.com,3.x,60,1770,60,60,59,60,60,60,60,60,59,100.000,100.000,100.000,100.000,0.000,0.000,3.333
amazonaws.com__arc-zonal-shift__2022-10-30__openapi.yaml,AWS ARC - Zonal Shift,amazonaws.com,3.x,6,15,6,6,6,6,6,6,6,6,6,100.000,100.000,100.000,100.000,0.000,0.000,0.000
amazonaws.com__athena__2017-05-18__openapi.yaml,Amazon Athena,amazonaws.com,3.x,68,2278,68,68,0,68,68,68,68,68,0,100.000,100.000,100.000,100.000,0.000,0.000,100.000
amazonaws.com__auditmanager__2017-07-25__openapi.yaml,AWS Audit Manager,amazonaws.com,3.x,62,1891,62,62,58,62,62,62,62,62,58,100.000,100.000,100.000,100.000,0.000,0.000,12.586
amazonaws.com__autoscaling-plans__2018-01-06__openapi.yaml,AWS Auto Scaling Plans,amazonaws.com,3.x,6,15,6,6,0,6,6,6,6,6,0,100.000,100.000,100.000,100.000,0.000,0.000,100.000
amazonaws.com__autoscaling__2011-01-01__openapi.yaml,Auto Scaling,amazonaws.com,3.x,130,8385,130,130,0,130,130,130,130,130,0,100.000,100.000,100.000,100.000,0.000,0.000,100.000
amazonaws.com__backup-gateway__2021-01-01__openapi.yaml,AWS Backup Gateway,amazonaws.com,3.x,25,300,25,25,0,25,25,25,25,25,0,100.000,100.000,100.000,100.000,0.000,0.000,100.000
amazonaws.com__backup__2018-11-15__openapi.yaml,AWS Backup,amazonaws.com,3.x,72,2556,72,72,72,72,72,72,72,72,72,100.000,100.000,100.000,100.000,0.000,0.000,0.000
amazonaws.com__backupstorage__2018-04-10__openapi.yaml,AWS Backup Storage,amazonaws.com,3.x,9,36,9,9,9,9,9,9,9,9,9,100.000,100.000,100.000,100.000,0.000,0.000,0.000
amazonaws.com__batch__2016-08-10__openapi.yaml,AWS Batch,amazonaws.com,3.x,24,276,24,24,3,24,24,24,24,24,3,100.000,100.000,100.000,100.000,0.000,0.000,98.913
amazonaws.com__billingconductor__2021-07-30__openapi.yaml,AWSBillingConductor,amazonaws.com,3.x,31,465,31,31,31,31,31,31,31,31,31,100.000,100.000,100.000,100.000,0.000,0.000,0.000
amazonaws.com__braket__2019-09-01__openapi.yaml,Braket,amazonaws.com,3.x,13,78,13,13,13,13,13,13,13,13,13,100.000,100.000,100.000,100.000,0.000,0.000,0.000
amazonaws.com__budgets__2016-10-20__openapi.yaml,AWS Budgets,amazonaws.com,3.x,23,253,23,23,0,23,23,23,23,23,0,100.000,100.000,100.000,100.000,0.000,0.000,100.000
amazonaws.com__ce__2017-10-25__openapi.yaml,AWS Cost Explorer Service,amazonaws.com,3.x,38,703,38,38,0,38,38,38,38,38,0,100.000,100.000,100.000,100.000,0.000,0.000,100.000
amazonaws.com__chime-sdk-identity__2021-04-20__openapi.yaml,Amazon Chime SDK Identity,amazonaws.com,3.x,30,435,30,30,30,30,30,30,30,30,30,100.000,100.000,100.000,100.000,0.000,0.000,0.000
amazonaws.com__chime-sdk-media-pipelines__2021-07-15__openapi.yaml,Amazon Chime SDK Media Pipelines,amazonaws.com,3.x,19,171,19,19,19,19,19,19,19,19,19,100.000,100.000,100.000,100.000,0.000,0.000,0.000
amazonaws.com__chime-sdk-meetings__2021-07-15__openapi.yaml,Amazon Chime SDK Meetings,amazonaws.com,3.x,16,120,16,16,16,16,16,16,16,16,16,100.000,100.000,100.000,100.000,0.000,0.000,0.000
amazonaws.com__chime-sdk-messaging__2021-05-15__openapi.yaml,Amazon Chime SDK Messaging,amazonaws.com,3.x,51,1275,51,51,51,51,51,51,51,51,51,100.000,100.000,100.000,100.000,0.000,0.000,0.000
amazonaws.com__chime-sdk-voice__2022-08-03__openapi.yaml,Amazon Chime SDK Voice,amazonaws.com,3.x,93,4278,93,93,93,93,93,93,93,93,93,100.000,100.000,100.000,100.000,0.000,0.000,0.000
amazonaws.com__chime__2018-05-01__openapi.yaml,Amazon Chime,amazonaws.com,3.x,191,18145,191,191,191,191,191,191,191,191,191,100.000,100.000,100.000,100.000,0.000,0.000,0.000
amazonaws.com__cleanrooms__2022-02-17__openapi.yaml,AWS Clean Rooms Service,amazonaws.com,3.x,45,990,45,45,45,45,45,45,45,45,45,100.000,100.000,100.000,100.000,0.000,0.000,0.000
amazonaws.com__cloud9__2017-09-23__openapi.yaml,AWS Cloud9,amazonaws.com,3.x,13,78,13,13,0,13,13,13,13,13,0,100.000,100.000,100.000,100.000,0.000,0.000,100.000
amazonaws.com__cloudcontrol__2021-09-30__openapi.yaml,AWS Cloud Control API,amazonaws.com,3.x,8,28,8,8,0,8,8,8,8,8,0,100.000,100.000,100.000,100.000,0.000,0.000,100.000
amazonaws.com__clouddirectory__2017-01-11__openapi.yaml,Amazon CloudDirectory,amazonaws.com,3.x,66,2145,66,66,64,66,66,66,66,66,64,100.000,100.000,100.000,100.000,0.000,0.000,6.014
amazonaws.com__cloudformation__2010-05-15__openapi.yaml,AWS CloudFormation,amazonaws.com,3.x,140,9730,140,140,0,140,138,140,138,138,0,100.000,100.000,97.153,100.000,2.847,2.847,100.000
amazonaws.com__cloudfront__2020-05-31__openapi.yaml,Amazon CloudFront,amazonaws.com,3.x,106,5565,0,106,106,106,106,106,0,106,106,0.000,100.000,100.000,100.000,100.000,0.000,0.000
amazonaws.com__cloudhsm__2014-05-30__openapi.yaml,Amazon CloudHSM,amazonaws.com,3.x,20,190,20,20,0,20,20,20,20,20,0,100.000,100.000,100.000,100.000,0.000,0.000,100.000
amazonaws.com__cloudhsmv2__2017-04-28__openapi.yaml,AWS CloudHSM V2,amazonaws.com,3.x,15,105,15,15,0,15,15,15,15,15,0,100.000,100.000,100.000,100.000,0.000,0.000,100.000
amazonaws.com__cloudsearch__2013-01-01__openapi.yaml,Amazon CloudSearch,amazonaws.com,3.x,52,1326,52,52,0,52,52,52,52,52,0,100.000,100.000,100.000,100.000,0.000,0.000,100.000
amazonaws.com__cloudsearchdomain__2013-01-01__openapi.yaml,Amazon CloudSearch Domain,amazonaws.com,3.x,3,3,3,3,1,3,3,3,3,3,1,100.000,100.000,100.000,100.000,0.000,0.000,100.000
amazonaws.com__cloudtrail__2013-11-01__openapi.yaml,AWS CloudTrail,amazonaws.com,3.x,46,1035,46,46,0,46,46,46,46,46,0,100.000,100.000,100.000,100.000,0.000,0.000,100.000
amazonaws.com__codeartifact__2018-09-22__openapi.yaml,CodeArtifact,amazonaws.com,3.x,38,703,38,38,38,38,38,38,38,38,38,100.000,100.000,100.000,100.000,0.000,0.000,0.000
amazonaws.com__codebuild__2016-10-06__openapi.yaml,AWS CodeBuild,amazonaws.com,3.x,45,990,45,45,0,45,45,45,45,45,0,100.000,100.000,100.000,100.000,0.000,0.000,100.000
amazonaws.com__codecatalyst__2022-09-28__openapi.yaml,Amazon CodeCatalyst,amazonaws.com,3.x,33,528,33,33,33,31,33,33,31,31,31,100.000,88.068,100.000,100.000,11.932,11.932,11.932
amazonaws.com__codecommit__2015-04-13__openapi.yaml,AWS CodeCommit,amazonaws.com,3.x,77,2926,77,77,0,77,77,77,77,77,0,100.000,100.000,100.000,100.000,0.000,0.000,100.000
amazonaws.com__codedeploy__2014-10-06__openapi.yaml,AWS CodeDeploy,amazonaws.com,3.x,47,1081,47,47,0,47,47,47,47,47,0,100.000,100.000,100.000,100.000,0.000,0.000,100.000
amazonaws.com__codeguru-reviewer__2019-09-19__openapi.yaml,Amazon CodeGuru Reviewer,amazonaws.com,3.x,14,91,14,14,14,14,14,14,14,14,14,100.000,100.000,100.000,100.000,0.000,0.000,0.000
amazonaws.com__codeguru-security__2018-05-10__openapi.yaml,Amazon CodeGuru Security,amazonaws.com,3.x,13,78,13,13,11,13,13,13,13,13,11,100.000,100.000,100.000,100.000,0.000,0.000,29.487
amazonaws.com__codeguruprofiler__2019-07-18__openapi.yaml,Amazon CodeGuru Profiler,amazonaws.com,3.x,23,253,23,23,22,23,23,23,23,23,22,100.000,100.000,100.000,100.000,0.000,0.000,8.696
amazonaws.com__codepipeline__2015-07-09__openapi.yaml,AWS CodePipeline,amazonaws.com,3.x,39,741,39,39,0,39,39,39,39,39,0,100.000,100.000,100.000,100.000,0.000,0.000,100.000
amazonaws.com__codestar-connections__2019-12-01__openapi.yaml,AWS CodeStar connections,amazonaws.com,3.x,12,66,12,12,0,12,12,12,12,12,0,100.000,100.000,100.000,100.000,0.000,0.000,100.000
amazonaws.com__codestar-notifications__2019-10-15__openapi.yaml,AWS CodeStar Notifications,amazonaws.com,3.x,13,78,13,13,0,13,13,13,13,13,0,100.000,100.000,100.000,100.000,0.000,0.000,100.000
amazonaws.com__codestar__2017-04-19__openapi.yaml,AWS CodeStar,amazonaws.com,3.x,18,153,18,18,0,18,18,18,18,18,0,100.000,100.000,100.000,100.000,0.000,0.000,100.000
amazonaws.com__cognito-identity__2014-06-30__openapi.yaml,Amazon Cognito Identity,amazonaws.com,3.x,23,253,23,23,0,23,23,23,23,23,0,100.000,100.000,100.000,100.000,0.000,0.000,100.000
amazonaws.com__cognito-idp__2016-04-18__openapi.yaml,Amazon Cognito Identity Provider,amazonaws.com,3.x,103,5253,103,103,0,103,103,103,103,103,0,100.000,100.000,100.000,100.000,0.000,0.000,100.000
amazonaws.com__cognito-sync__2014-06-30__openapi.yaml,Amazon Cognito Sync,amazonaws.com,3.x,17,136,17,17,15,17,17,17,17,17,15,100.000,100.000,100.000,100.000,0.000,0.000,22.794
amazonaws.com__comprehend__2017-11-27__openapi.yaml,Amazon Comprehend,amazonaws.com,3.x,84,3486,84,84,0,84,84,84,84,84,0,100.000,100.000,100.000,100.000,0.000,0.000,100.000
amazonaws.com__comprehendmedical__2018-10-30__openapi.yaml,AWS Comprehend Medical,amazonaws.com,3.x,26,325,26,26,0,26,26,26,26,26,0,100.000,100.000,100.000,100.000,0.000,0.000,100.000
amazonaws.com__compute-optimizer__2019-11-01__openapi.yaml,AWS Compute Optimizer,amazonaws.com,3.x,21,210,21,21,0,21,21,21,21,21,0,100.000,100.000,100.000,100.000,0.000,0.000,100.000
amazonaws.com__config__2014-11-12__openapi.yaml,AWS Config,amazonaws.com,3.x,92,4186,92,92,0,92,92,92,92,92,0,100.000,100.000,100.000,100.000,0.000,0.000,100.000
amazonaws.com__connect__2017-08-08__openapi.yaml,Amazon Connect Service,amazonaws.com,3.x,197,19306,197,197,197,197,197,197,197,197,197,100.000,100.000,100.000,100.000,0.000,0.000,0.000
amazonaws.com__connectcampaigns__2021-01-30__openapi.yaml,AmazonConnectCampaignService,amazonaws.com,3.x,22,231,22,22,22,22,22,22,22,22,22,100.000,100.000,100.000,100.000,0.000,0.000,0.000
amazonaws.com__connectcases__2022-10-03__openapi.yaml,Amazon Connect Cases,amazonaws.com,3.x,30,435,30,30,30,30,30,30,30,30,30,100.000,100.000,100.000,100.000,0.000,0.000,0.000
amazonaws.com__connectparticipant__2018-09-07__openapi.yaml,Amazon Connect Participant Service,amazonaws.com,3.x,8,28,8,8,8,8,8,8,8,8,8,100.000,100.000,100.000,100.000,0.000,0.000,0.000
amazonaws.com__controltower__2018-05-10__openapi.yaml,AWS Control Tower,amazonaws.com,3.x,4,6,4,4,4,4,4,4,4,4,4,100.000,100.000,100.000,100.000,0.000,0.000,0.000
amazonaws.com__cur__2017-01-06__openapi.yaml,AWS Cost and Usage Report Service,amazonaws.com,3.x,4,6,4,4,0,4,4,4,4,4,0,100.000,100.000,100.000,100.000,0.000,0.000,100.000
amazonaws.com__customer-profiles__2020-08-15__openapi.yaml,Amazon Connect Customer Profiles,amazonaws.com,3.x,51,1275,51,51,51,51,51,51,51,51,51,100.000,100.000,100.000,100.000,0.000,0.000,0.000
amazonaws.com__databrew__2017-07-25__openapi.yaml,AWS Glue DataBrew,amazonaws.com,3.x,44,946,44,44,38,44,44,44,44,44,38,100.000,100.000,100.000,100.000,0.000,0.000,25.687
amazonaws.com__dataexchange__2017-07-25__openapi.yaml,AWS Data Exchange,amazonaws.com,3.x,29,406,29,29,29,29,28,29,28,28,28,100.000,100.000,93.103,100.000,6.897,6.897,6.897
amazonaws.com__datapipeline__2012-10-29__openapi.yaml,AWS Data Pipeline,amazonaws.com,3.x,19,171,19,19,0,19,19,19,19,19,0,100.000,100.000,100.000,100.000,0.000,0.000,100.000
amazonaws.com__datasync__2018-11-09__openapi.yaml,AWS DataSync,amazonaws.com,3.x,60,1770,60,60,0,60,60,60,60,60,0,100.000,100.000,100.000,100.000,0.000,0.000,100.000
amazonaws.com__dax__2017-04-19__openapi.yaml,Amazon DynamoDB Accelerator (DAX),amazonaws.com,3.x,21,210,21,21,0,21,21,21,21,21,0,100.000,100.000,100.000,100.000,0.000,0.000,100.000
amazonaws.com__detective__2018-10-26__openapi.yaml,Amazon Detective,amazonaws.com,3.x,24,276,24,24,22,24,24,24,24,24,22,100.000,100.000,100.000,100.000,0.000,0.000,16.304
amazonaws.com__devicefarm__2015-06-23__openapi.yaml,AWS Device Farm,amazonaws.com,3.x,77,2926,77,77,0,77,77,77,77,77,0,100.000,100.000,100.000,100.000,0.000,0.000,100.000
amazonaws.com__devops-guru__2020-12-01__openapi.yaml,Amazon DevOps Guru,amazonaws.com,3.x,31,465,31,31,31,31,31,31,31,31,31,100.000,100.000,100.000,100.000,0.000,0.000,0.000
amazonaws.com__directconnect__2012-10-25__openapi.yaml,AWS Direct Connect,amazonaws.com,3.x,63,1953,63,63,0,63,63,63,63,63,0,100.000,100.000,100.000,100.000,0.000,0.000,100.000
amazonaws.com__discovery__2015-11-01__openapi.yaml,AWS Application Discovery Service,amazonaws.com,3.x,25,300,25,25,0,25,25,25,25,25,0,100.000,100.000,100.000,100.000,0.000,0.000,100.000
amazonaws.com__dlm__2018-01-12__openapi.yaml,Amazon Data Lifecycle Manager,amazonaws.com,3.x,8,28,8,8,8,8,8,8,8,8,8,100.000,100.000,100.000,100.000,0.000,0.000,0.000
amazonaws.com__dms__2016-01-01__openapi.yaml,AWS Database Migration Service,amazonaws.com,3.x,106,5565,106,106,0,106,106,106,106,106,0,100.000,100.000,100.000,100.000,0.000,0.000,100.000
amazonaws.com__docdb-elastic__2022-11-28__openapi.yaml,Amazon DocumentDB Elastic Clusters,amazonaws.com,3.x,13,78,13,13,13,13,13,13,13,13,13,100.000,100.000,100.000,100.000,0.000,0.000,0.000
amazonaws.com__docdb__2014-10-31__openapi.yaml,Amazon DocumentDB with MongoDB compatibility,amazonaws.com,3.x,106,5565,106,106,0,106,106,106,106,106,0,100.000,100.000,100.000,100.000,0.000,0.000,100.000
amazonaws.com__drs__2020-02-26__openapi.yaml,Elastic Disaster Recovery Service,amazonaws.com,3.x,47,1081,47,47,3,47,47,47,47,47,3,100.000,100.000,100.000,100.000,0.000,0.000,99.722
amazonaws.com__ds__2015-04-16__openapi.yaml,AWS Directory Service,amazonaws.com,3.x,67,2211,67,67,0,67,67,67,67,67,0,100.000,100.000,100.000,100.000,0.000,0.000,100.000
amazonaws.com__dynamodb__2012-08-10__openapi.yaml,Amazon DynamoDB,amazonaws.com,3.x,53,1378,53,53,0,53,53,53,53,53,0,100.000,100.000,100.000,100.000,0.000,0.000,100.000
amazonaws.com__ebs__2019-11-02__openapi.yaml,Amazon Elastic Block Store,amazonaws.com,3.x,6,15,6,6,6,6,6,6,6,6,6,100.000,100.000,100.000,100.000,0.000,0.000,0.000
amazonaws.com__ec2__2016-11-15__openapi.yaml,Amazon Elastic Compute Cloud,amazonaws.com,3.x,1188,705078,1188,1188,0,1188,1132,1188,1132,1132,0,100.000,100.000,90.791,100.000,9.209,9.209,100.000
amazonaws.com__ecr-public__2020-10-30__openapi.yaml,Amazon Elastic Container Registry Public,amazonaws.com,3.x,23,253,23,23,0,23,23,23,23,23,0,100.000,100.000,100.000,100.000,0.000,0.000,100.000
amazonaws.com__ecr__2015-09-21__openapi.yaml,Amazon EC2 Container Registry,amazonaws.com,3.x,41,820,41,41,0,41,41,41,41,41,0,100.000,100.000,100.000,100.000,0.000,0.000,100.000
amazonaws.com__ecs__2014-11-13__openapi.yaml,Amazon EC2 Container Service,amazonaws.com,3.x,56,1540,56,56,0,56,56,56,56,56,0,100.000,100.000,100.000,100.000,0.000,0.000,100.000
amazonaws.com__eks__2017-11-01__openapi.yaml,Amazon Elastic Kubernetes Service,amazonaws.com,3.x,35,595,35,35,35,35,35,35,35,35,35,100.000,100.000,100.000,100.000,0.000,0.000,0.000
amazonaws.com__elastic-inference__2017-07-25__openapi.yaml,Amazon Elastic  Inference,amazonaws.com,3.x,6,15,6,6,6,6,6,6,6,6,6,100.000,100.000,100.000,100.000,0.000,0.000,0.000
amazonaws.com__elasticache__2015-02-02__openapi.yaml,Amazon ElastiCache,amazonaws.com,3.x,130,8385,130,130,0,130,130,130,130,130,0,100.000,100.000,100.000,100.000,0.000,0.000,100.000
amazonaws.com__elasticbeanstalk__2010-12-01__openapi.yaml,AWS Elastic Beanstalk,amazonaws.com,3.x,94,4371,94,94,0,94,90,94,90,90,0,100.000,100.000,91.627,100.000,8.373,8.373,100.000
amazonaws.com__elasticfilesystem__2015-02-01__openapi.yaml,Amazon Elastic File System,amazonaws.com,3.x,30,435,30,30,30,30,30,30,30,30,30,100.000,100.000,100.000,100.000,0.000,0.000,0.000
amazonaws.com__elasticloadbalancingv2__2015-12-01__openapi.yaml,Elastic Load Balancing,amazonaws.com,3.x,68,2278,68,68,0,68,68,68,68,68,0,100.000,100.000,100.000,100.000,0.000,0.000,100.000
amazonaws.com__elasticmapreduce__2009-03-31__openapi.yaml,Amazon EMR,amazonaws.com,3.x,54,1431,54,54,0,54,54,54,54,54,0,100.000,100.000,100.000,100.000,0.000,0.000,100.000
amazonaws.com__elastictranscoder__2012-09-25__openapi.yaml,Amazon Elastic Transcoder,amazonaws.com,3.x,17,136,17,17,17,17,17,17,17,17,17,100.000,100.000,100.000,100.000,0.000,0.000,0.000
amazonaws.com__emr-containers__2020-10-01__openapi.yaml,Amazon EMR Containers,amazonaws.com,3.x,20,190,20,20,20,20,20,20,20,20,20,100.000,100.000,100.000,100.000,0.000,0.000,0.000
amazonaws.com__emr-serverless__2021-07-13__openapi.yaml,EMR Serverless,amazonaws.com,3.x,15,105,15,15,15,15,15,15,15,15,15,100.000,100.000,100.000,100.000,0.000,0.000,0.000
amazonaws.com__entityresolution__2018-05-10__openapi.yaml,AWS EntityResolution,amazonaws.com,3.x,16,120,16,16,16,16,16,16,16,16,16,100.000,100.000,100.000,100.000,0.000,0.000,0.000
amazonaws.com__es__2015-01-01__openapi.yaml,Amazon Elasticsearch Service,amazonaws.com,3.x,50,1225,50,50,47,50,50,50,50,50,47,100.000,100.000,100.000,100.000,0.000,0.000,11.755
amazonaws.com__eventbridge__2015-10-07__openapi.yaml,Amazon EventBridge,amazonaws.com,3.x,56,1540,56,56,0,56,56,56,56,56,0,100.000,100.000,100.000,100.000,0.000,0.000,100.000
amazonaws.com__events__2015-10-07__openapi.yaml,Amazon CloudWatch Events,amazonaws.com,3.x,51,1275,51,51,0,51,51,51,51,51,0,100.000,100.000,100.000,100.000,0.000,0.000,100.000
amazonaws.com__evidently__2021-02-01__openapi.yaml,Amazon CloudWatch Evidently,amazonaws.com,3.x,38,703,38,38,38,38,38,38,38,38,38,100.000,100.000,100.000,100.000,0.000,0.000,0.000
amazonaws.com__finspace-data__2020-07-13__openapi.yaml,FinSpace Public API,amazonaws.com,3.x,31,465,31,31,31,31,31,31,31,31,31,100.000,100.000,100.000,100.000,0.000,0.000,0.000
amazonaws.com__finspace__2021-03-12__openapi.yaml,FinSpace User Environment Management service,amazonaws.com,3.x,34,561,34,34,34,34,34,34,34,34,34,100.000,100.000,100.000,100.000,0.000,0.000,0.000
amazonaws.com__firehose__2015-08-04__openapi.yaml,Amazon Kinesis Firehose,amazonaws.com,3.x,12,66,12,12,0,12,12,12,12,12,0,100.000,100.000,100.000,100.000,0.000,0.000,100.000
amazonaws.com__fis__2020-12-01__openapi.yaml,AWS Fault Injection Simulator,amazonaws.com,3.x,16,120,16,16,16,16,16,16,16,16,16,100.000,100.000,100.000,100.000,0.000,0.000,0.000
amazonaws.com__fms__2018-01-01__openapi.yaml,Firewall Management Service,amazonaws.com,3.x,42,861,42,42,0,42,42,42,42,42,0,100.000,100.000,100.000,100.000,0.000,0.000,100.000
amazonaws.com__forecast__2018-06-26__openapi.yaml,Amazon Forecast Service,amazonaws.com,3.x,63,1953,63,63,0,63,63,63,63,63,0,100.000,100.000,100.000,100.000,0.000,0.000,100.000
amazonaws.com__frauddetector__2019-11-15__openapi.yaml,Amazon Fraud Detector,amazonaws.com,3.x,73,2628,73,73,0,73,73,73,73,73,0,100.000,100.000,100.000,100.000,0.000,0.000,100.000
amazonaws.com__fsx__2018-03-01__openapi.yaml,Amazon FSx,amazonaws.com,3.x,41,820,41,41,0,41,41,41,41,41,0,100.000,100.000,100.000,100.000,0.000,0.000,100.000
amazonaws.com__gamelift__2015-10-01__openapi.yaml,Amazon GameLift,amazonaws.com,3.x,104,5356,104,104,0,104,104,104,104,104,0,100.000,100.000,100.000,100.000,0.000,0.000,100.000
amazonaws.com__gamesparks__2021-08-17__openapi.yaml,GameSparks,amazonaws.com,3.x,33,528,33,33,33,33,33,33,33,33,33,100.000,100.000,100.000,100.000,0.000,0.000,0.000
amazonaws.com__glacier__2012-06-01__openapi.yaml,Amazon Glacier,amazonaws.com,3.x,33,528,33,33,33,33,33,33,33,33,33,100.000,100.000,100.000,100.000,0.000,0.000,0.000
amazonaws.com__globalaccelerator__2018-08-08__openapi.yaml,AWS Global Accelerator,amazonaws.com,3.x,49,1176,49,49,0,49,49,49,49,49,0,100.000,100.000,100.000,100.000,0.000,0.000,100.000
amazonaws.com__glue__2017-03-31__openapi.yaml,AWS Glue,amazonaws.com,3.x,202,20301,202,202,0,202,202,202,202,202,0,100.000,100.000,100.000,100.000,0.000,0.000,100.000
amazonaws.com__grafana__2020-08-18__openapi.yaml,Amazon Managed Grafana,amazonaws.com,3.x,19,171,19,19,19,19,19,19,19,19,19,100.000,100.000,100.000,100.000,0.000,0.000,0.000
amazonaws.com__greengrass__2017-06-07__openapi.yaml,AWS Greengrass,amazonaws.com,3.x,92,4186,92,92,92,92,92,92,92,92,92,100.000,100.000,100.000,100.000,0.000,0.000,0.000
amazonaws.com__greengrassv2__2020-11-30__openapi.yaml,AWS IoT Greengrass V2,amazonaws.com,3.x,29,406,29,29,27,29,29,29,29,29,27,100.000,100.000,100.000,100.000,0.000,0.000,13.547
amazonaws.com__groundstation__2019-05-23__openapi.yaml,AWS Ground Station,amazonaws.com,3.x,33,528,33,33,33,33,33,33,33,33,33,100.000,100.000,100.000,100.000,0.000,0.000,0.000
amazonaws.com__guardduty__2017-11-28__openapi.yaml,Amazon GuardDuty,amazonaws.com,3.x,68,2278,68,68,68,68,68,68,68,68,68,100.000,100.000,100.000,100.000,0.000,0.000,0.000
amazonaws.com__health__2016-08-04__openapi.yaml,AWS Health APIs and Notifications,amazonaws.com,3.x,13,78,13,13,0,13,13,13,13,13,0,100.000,100.000,100.000,100.000,0.000,0.000,100.000
amazonaws.com__healthlake__2017-07-01__openapi.yaml,Amazon HealthLake,amazonaws.com,3.x,13,78,13,13,0,13,13,13,13,13,0,100.000,100.000,100.000,100.000,0.000,0.000,100.000
amazonaws.com__honeycode__2020-03-01__openapi.yaml,Amazon Honeycode,amazonaws.com,3.x,15,105,15,15,15,15,15,15,15,15,15,100.000,100.000,100.000,100.000,0.000,0.000,0.000
amazonaws.com__iam__2010-05-08__openapi.yaml,AWS Identity and Access Management,amazonaws.com,3.x,318,50403,318,318,0,318,318,318,318,318,0,100.000,100.000,100.000,100.000,0.000,0.000,100.000
amazonaws.com__identitystore__2020-06-15__openapi.yaml,AWS SSO Identity Store,amazonaws.com,3.x,19,171,19,19,0,19,19,19,19,19,0,100.000,100.000,100.000,100.000,0.000,0.000,100.000
amazonaws.com__imagebuilder__2019-12-02__openapi.yaml,EC2 Image Builder,amazonaws.com,3.x,56,1540,56,56,3,56,56,56,56,56,3,100.000,100.000,100.000,100.000,0.000,0.000,99.805
amazonaws.com__importexport__2010-06-01__openapi.yaml,AWS Import/Export,amazonaws.com,3.x,12,66,12,12,0,12,12,12,12,12,0,100.000,100.000,100.000,100.000,0.000,0.000,100.000
amazonaws.com__inspector2__2020-06-08__openapi.yaml,Inspector2,amazonaws.com,3.x,46,1035,46,46,44,46,46,46,46,46,44,100.000,100.000,100.000,100.000,0.000,0.000,8.599
amazonaws.com__inspector__2016-02-16__openapi.yaml,Amazon Inspector,amazonaws.com,3.x,37,666,37,37,0,37,37,37,37,37,0,100.000,100.000,100.000,100.000,0.000,0.000,100.000
amazonaws.com__internetmonitor__2021-06-03__openapi.yaml,Amazon CloudWatch Internet Monitor,amazonaws.com,3.x,10,45,10,10,10,10,10,10,10,10,10,100.000,100.000,100.000,100.000,0.000,0.000,0.000
amazonaws.com__iot-data__2015-05-28__openapi.yaml,AWS IoT Data Plane,amazonaws.com,3.x,7,21,7,7,6,7,7,7,7,7,6,100.000,100.000,100.000,100.000,0.000,0.000,28.571
amazonaws.com__iot-jobs-data__2017-09-29__openapi.yaml,AWS IoT Jobs Data Plane,amazonaws.com,3.x,4,6,4,4,4,4,4,4,4,4,4,100.000,100.000,100.000,100.000,0.000,0.000,0.000
amazonaws.com__iot-roborunner__2018-05-10__openapi.yaml,AWS IoT RoboRunner,amazonaws.com,3.x,20,190,20,20,0,20,20,20,20,20,0,100.000,100.000,100.000,100.000,0.000,0.000,100.000
amazonaws.com__iot1click-devices__2018-05-14__openapi.yaml,AWS IoT 1-Click Devices Service,amazonaws.com,3.x,13,78,13,13,13,13,13,13,13,13,13,100.000,100.000,100.000,100.000,0.000,0.000,0.000
amazonaws.com__iot1click-projects__2018-05-14__openapi.yaml,AWS IoT 1-Click Projects Service,amazonaws.com,3.x,16,120,16,16,16,16,16,16,16,16,16,100.000,100.000,100.000,100.000,0.000,0.000,0.000
amazonaws.com__iot__2015-05-28__openapi.yaml,AWS IoT,amazonaws.com,3.x,250,31125,250,250,245,250,250,250,250,250,245,100.000,100.000,100.000,100.000,0.000,0.000,3.968
amazonaws.com__iotanalytics__2017-11-27__openapi.yaml,AWS IoT Analytics,amazonaws.com,3.x,34,561,34,34,34,34,34,34,34,34,34,100.000,100.000,100.000,100.000,0.000,0.000,0.000
amazonaws.com__iotdeviceadvisor__2020-09-18__openapi.yaml,AWS IoT Core Device Advisor,amazonaws.com,3.x,14,91,14,14,14,14,14,14,14,14,14,100.000,100.000,100.000,100.000,0.000,0.000,0.000
amazonaws.com__iotevents-data__2018-10-23__openapi.yaml,AWS IoT Events Data,amazonaws.com,3.x,12,66,12,12,12,12,12,12,12,12,12,100.000,100.000,100.000,100.000,0.000,0.000,0.000
amazonaws.com__iotevents__2018-07-27__openapi.yaml,AWS IoT Events,amazonaws.com,3.x,26,325,26,26,26,26,26,26,26,26,26,100.000,100.000,100.000,100.000,0.000,0.000,0.000
amazonaws.com__iotfleethub__2020-11-03__openapi.yaml,AWS IoT Fleet Hub,amazonaws.com,3.x,8,28,8,8,8,8,8,8,8,8,8,100.000,100.000,100.000,100.000,0.000,0.000,0.000
amazonaws.com__iotfleetwise__2021-06-17__openapi.yaml,AWS IoT FleetWise,amazonaws.com,3.x,50,1225,50,50,0,50,50,50,50,50,0,100.000,100.000,100.000,100.000,0.000,0.000,100.000
amazonaws.com__iotsecuretunneling__2018-10-05__openapi.yaml,AWS IoT Secure Tunneling,amazonaws.com,3.x,8,28,8,8,0,8,8,8,8,8,0,100.000,100.000,100.000,100.000,0.000,0.000,100.000
amazonaws.com__iotsitewise__2019-12-02__openapi.yaml,AWS IoT SiteWise,amazonaws.com,3.x,73,2628,73,73,73,73,73,73,73,73,73,100.000,100.000,100.000,100.000,0.000,0.000,0.000
amazonaws.com__iotthingsgraph__2018-09-06__openapi.yaml,AWS IoT Things Graph,amazonaws.com,3.x,35,595,35,35,0,35,35,35,35,35,0,100.000,100.000,100.000,100.000,0.000,0.000,100.000
amazonaws.com__iottwinmaker__2021-11-29__openapi.yaml,AWS IoT TwinMaker,amazonaws.com,3.x,34,561,34,34,34,34,34,34,34,34,34,100.000,100.000,100.000,100.000,0.000,0.000,0.000
amazonaws.com__iotwireless__2020-11-22__openapi.yaml,AWS IoT Wireless,amazonaws.com,3.x,109,5886,109,109,109,109,109,109,109,109,109,100.000,100.000,100.000,100.000,0.000,0.000,0.000
amazonaws.com__ivs-realtime__2020-07-14__openapi.yaml,Amazon Interactive Video Service RealTime,amazonaws.com,3.x,15,105,15,15,3,15,15,15,15,15,3,100.000,100.000,100.000,100.000,0.000,0.000,97.143
amazonaws.com__ivs__2020-07-14__openapi.yaml,Amazon Interactive Video Service,amazonaws.com,3.x,30,435,30,30,3,30,30,30,30,30,3,100.000,100.000,100.000,100.000,0.000,0.000,99.310
amazonaws.com__ivschat__2020-07-14__openapi.yaml,Amazon Interactive Video Service Chat,amazonaws.com,3.x,17,136,17,17,3,17,17,17,17,17,3,100.000,100.000,100.000,100.000,0.000,0.000,97.794
amazonaws.com__kafka__2018-11-14__openapi.yaml,Managed Streaming for Kafka,amazonaws.com,3.x,47,1081,47,47,47,47,47,47,47,47,47,100.000,100.000,100.000,100.000,0.000,0.000,0.000
amazonaws.com__kafkaconnect__2021-09-14__openapi.yaml,Managed Streaming for Kafka Connect,amazonaws.com,3.x,12,66,12,12,12,12,12,12,12,12,12,100.000,100.000,100.000,100.000,0.000,0.000,0.000
amazonaws.com__kendra-ranking__2022-10-19__openapi.yaml,Amazon Kendra Intelligent Ranking,amazonaws.com,3.x,9,36,9,9,0,9,9,9,9,9,0,100.000,100.000,100.000,100.000,0.000,0.000,100.000
amazonaws.com__kendra__2019-02-03__openapi.yaml,AWSKendraFrontendService,amazonaws.com,3.x,66,2145,66,66,0,66,66,66,66,66,0,100.000,100.000,100.000,100.000,0.000,0.000,100.000
amazonaws.com__keyspaces__2022-02-10__openapi.yaml,Amazon Keyspaces,amazonaws.com,3.x,13,78,13,13,0,13,13,13,13,13,0,100.000,100.000,100.000,100.000,0.000,0.000,100.000
amazonaws.com__kinesis-video-archived-media__2017-09-30__openapi.yaml,Amazon Kinesis Video Streams Archived Media,amazonaws.com,3.x,6,15,6,6,0,6,6,6,6,6,0,100.000,100.000,100.000,100.000,0.000,0.000,100.000
amazonaws.com__kinesis__2013-12-02__openapi.yaml,Amazon Kinesis,amazonaws.com,3.x,28,378,28,28,0,28,28,28,28,28,0,100.000,100.000,100.000,100.000,0.000,0.000,100.000
amazonaws.com__kinesisanalyticsv2__2018-05-23__openapi.yaml,Amazon Kinesis Analytics,amazonaws.com,3.x,31,465,31,31,0,31,31,31,31,31,0,100.000,100.000,100.000,100.000,0.000,0.000,100.000
amazonaws.com__kinesisvideo__2017-09-30__openapi.yaml,Amazon Kinesis Video Streams,amazonaws.com,3.x,30,435,30,30,0,30,30,30,30,30,0,100.000,100.000,100.000,100.000,0.000,0.000,100.000
amazonaws.com__kms__2014-11-01__openapi.yaml,AWS Key Management Service,amazonaws.com,3.x,50,1225,50,50,0,50,50,50,50,50,0,100.000,100.000,100.000,100.000,0.000,0.000,100.000
amazonaws.com__lakeformation__2017-03-31__openapi.yaml,AWS Lake Formation,amazonaws.com,3.x,47,1081,47,47,0,47,47,47,47,47,0,100.000,100.000,100.000,100.000,0.000,0.000,100.000
amazonaws.com__lambda__2015-03-31__openapi.yaml,AWS Lambda,amazonaws.com,3.x,66,2145,66,66,66,66,66,66,66,66,66,100.000,100.000,100.000,100.000,0.000,0.000,0.000
amazonaws.com__lex-models__2017-04-19__openapi.yaml,Amazon Lex Model Building Service,amazonaws.com,3.x,42,861,42,42,42,42,42,42,42,42,42,100.000,100.000,100.000,100.000,0.000,0.000,0.000
amazonaws.com__license-manager-linux-subscriptions__2018-05-10__openapi.yaml,AWS License Manager Linux Subscriptions,amazonaws.com,3.x,4,6,4,4,0,4,4,4,4,4,0,100.000,100.000,100.000,100.000,0.000,0.000,100.000
amazonaws.com__license-manager-user-subscriptions__2018-05-10__openapi.yaml,AWS License Manager User Subscriptions,amazonaws.com,3.x,11,55,11,11,0,11,11,11,11,11,0,100.000,100.000,100.000,100.000,0.000,0.000,100.000
amazonaws.com__license-manager__2018-08-01__openapi.yaml,AWS License Manager,amazonaws.com,3.x,50,1225,50,50,0,50,50,50,50,50,0,100.000,100.000,100.000,100.000,0.000,0.000,100.000
amazonaws.com__lightsail__2016-11-28__openapi.yaml,Amazon Lightsail,amazonaws.com,3.x,159,12561,159,159,0,159,159,159,159,159,0,100.000,100.000,100.000,100.000,0.000,0.000,100.000
amazonaws.com__location__2020-11-19__openapi.yaml,Amazon Location Service,amazonaws.com,3.x,58,1653,58,58,58,58,58,58,58,58,58,100.000,100.000,100.000,100.000,0.000,0.000,0.000
amazonaws.com__logs__2014-03-28__openapi.yaml,Amazon CloudWatch Logs,amazonaws.com,3.x,51,1275,51,51,0,51,51,51,51,51,0,100.000,100.000,100.000,100.000,0.000,0.000,100.000
amazonaws.com__lookoutequipment__2020-12-15__openapi.yaml,Amazon Lookout for Equipment,amazonaws.com,3.x,41,820,41,41,0,41,41,41,41,41,0,100.000,100.000,100.000,100.000,0.000,0.000,100.000
amazonaws.com__lookoutmetrics__2017-07-25__openapi.yaml,Amazon Lookout for Metrics,amazonaws.com,3.x,30,435,30,30,3,30,30,30,30,30,3,100.000,100.000,100.000,100.000,0.000,0.000,99.310
amazonaws.com__lookoutvision__2020-11-20__openapi.yaml,Amazon Lookout for Vision,amazonaws.com,3.x,22,231,22,22,22,22,22,22,22,22,22,100.000,100.000,100.000,100.000,0.000,0.000,0.000
amazonaws.com__m2__2021-04-28__openapi.yaml,AWSMainframeModernization,amazonaws.com,3.x,33,528,33,33,33,33,33,33,33,33,33,100.000,100.000,100.000,100.000,0.000,0.000,0.000
amazonaws.com__machinelearning__2014-12-12__openapi.yaml,Amazon Machine Learning,amazonaws.com,3.x,28,378,28,28,0,28,28,28,28,28,0,100.000,100.000,100.000,100.000,0.000,0.000,100.000
amazonaws.com__macie2__2020-01-01__openapi.yaml,Amazon Macie 2,amazonaws.com,3.x,79,3081,79,79,79,79,79,79,79,79,79,100.000,100.000,100.000,100.000,0.000,0.000,0.000
amazonaws.com__macie__2017-12-19__openapi.yaml,Amazon Macie,amazonaws.com,3.x,7,21,7,7,0,7,7,7,7,7,0,100.000,100.000,100.000,100.000,0.000,0.000,100.000
amazonaws.com__managedblockchain-query__2023-05-04__openapi.yaml,Amazon Managed Blockchain Query,amazonaws.com,3.x,6,15,6,6,6,6,6,6,6,6,6,100.000,100.000,100.000,100.000,0.000,0.000,0.000
amazonaws.com__managedblockchain__2018-09-24__openapi.yaml,Amazon Managed Blockchain,amazonaws.com,3.x,27,351,27,27,27,27,27,27,27,27,27,100.000,100.000,100.000,100.000,0.000,0.000,0.000
amazonaws.com__marketplace-catalog__2018-09-17__openapi.yaml,AWS Marketplace Catalog Service,amazonaws.com,3.x,12,66,12,12,0,12,12,12,12,12,0,100.000,100.000,100.000,100.000,0.000,0.000,100.000
amazonaws.com__mediaconnect__2018-11-14__openapi.yaml,AWS MediaConnect,amazonaws.com,3.x,50,1225,50,50,50,50,50,50,50,50,50,100.000,100.000,100.000,100.000,0.000,0.000,0.000
amazonaws.com__mediaconvert__2017-08-29__openapi.yaml,AWS Elemental MediaConvert,amazonaws.com,3.x,28,378,28,28,28,28,28,28,28,28,28,100.000,100.000,100.000,100.000,0.000,0.000,0.000
amazonaws.com__medialive__2017-10-14__openapi.yaml,AWS Elemental MediaLive,amazonaws.com,3.x,62,1891,62,62,60,62,62,62,62,62,60,100.000,100.000,100.000,100.000,0.000,0.000,6.399
amazonaws.com__mediapackage-vod__2018-11-07__openapi.yaml,AWS Elemental MediaPackage VOD,amazonaws.com,3.x,17,136,17,17,17,17,16,17,16,16,16,100.000,100.000,88.235,100.000,11.765,11.765,11.765
amazonaws.com__mediapackage__2017-10-12__openapi.yaml,AWS Elemental MediaPackage,amazonaws.com,3.x,19,171,19,19,19,19,18,16,16,16,16,100.000,100.000,89.474,70.175,29.825,29.825,29.825
amazonaws.com__mediapackagev2__2022-12-25__openapi.yaml,AWS Elemental MediaPackage v2,amazonaws.com,3.x,24,276,24,24,24,24,24,24,24,24,24,100.000,100.000,100.000,100.000,0.000,0.000,0.000
amazonaws.com__mediastore-data__2017-09-01__openapi.yaml,AWS Elemental MediaStore Data Plane,amazonaws.com,3.x,4,6,4,4,4,4,4,4,4,4,4,100.000,100.000,100.000,100.000,0.000,0.000,0.000
amazonaws.com__mediastore__2017-09-01__openapi.yaml,AWS Elemental MediaStore,amazonaws.com,3.x,21,210,21,21,0,21,21,21,21,21,0,100.000,100.000,100.000,100.000,0.000,0.000,100.000
amazonaws.com__mediatailor__2018-04-23__openapi.yaml,AWS MediaTailor,amazonaws.com,3.x,44,946,44,44,44,44,44,44,44,44,44,100.000,100.000,100.000,100.000,0.000,0.000,0.000
amazonaws.com__medical-imaging__2023-07-19__openapi.yaml,AWS Health Imaging,amazonaws.com,3.x,18,153,18,18,7,18,18,18,18,18,7,100.000,100.000,100.000,100.000,0.000,0.000,86.275
amazonaws.com__memorydb__2021-01-01__openapi.yaml,Amazon MemoryDB,amazonaws.com,3.x,38,703,38,38,0,38,38,38,38,38,0,100.000,100.000,100.000,100.000,0.000,0.000,100.000
amazonaws.com__meteringmarketplace__2016-01-14__openapi.yaml,AWSMarketplace Metering,amazonaws.com,3.x,4,6,4,4,0,4,4,4,4,4,0,100.000,100.000,100.000,100.000,0.000,0.000,100.000
amazonaws.com__mgn__2020-02-26__openapi.yaml,Application Migration Service,amazonaws.com,3.x,65,2080,65,65,3,65,65,65,65,65,3,100.000,100.000,100.000,100.000,0.000,0.000,99.856
amazonaws.com__migration-hub-refactor-spaces__2021-10-26__openapi.yaml,AWS Migration Hub Refactor Spaces,amazonaws.com,3.x,24,276,24,24,24,24,24,24,24,24,24,100.000,100.000,100.000,100.000,0.000,0.000,0.000
amazonaws.com__migrationhub-config__2019-06-30__openapi.yaml,AWS Migration Hub Config,amazonaws.com,3.x,3,3,3,3,0,3,3,3,3,3,0,100.000,100.000,100.000,100.000,0.000,0.000,100.000
amazonaws.com__migrationhuborchestrator__2021-08-28__openapi.yaml,AWS Migration Hub Orchestrator,amazonaws.com,3.x,28,378,28,28,27,28,28,28,28,28,27,100.000,100.000,100.000,100.000,0.000,0.000,7.143
amazonaws.com__migrationhubstrategy__2020-02-19__openapi.yaml,Migration Hub Strategy Recommendations,amazonaws.com,3.x,21,210,21,21,21,21,21,21,21,21,21,100.000,100.000,100.000,100.000,0.000,0.000,0.000
amazonaws.com__mobile__2017-07-01__openapi.yaml,AWS Mobile,amazonaws.com,3.x,9,36,9,9,9,9,9,9,9,9,9,100.000,100.000,100.000,100.000,0.000,0.000,0.000
amazonaws.com__models.lex.v2__2020-08-07__openapi.yaml,Amazon Lex Model Building V2,amazonaws.com,3.x,92,4186,92,92,90,92,92,92,92,92,90,100.000,100.000,100.000,100.000,0.000,0.000,4.324
amazonaws.com__monitoring__2010-08-01__openapi.yaml,Amazon CloudWatch,amazonaws.com,3.x,76,2850,76,76,0,76,74,76,74,74,0,100.000,100.000,94.772,100.000,5.228,5.228,100.000
amazonaws.com__mq__2017-11-27__openapi.yaml,AmazonMQ,amazonaws.com,3.x,23,253,23,23,22,23,23,23,23,23,22,100.000,100.000,100.000,100.000,0.000,0.000,8.696
amazonaws.com__mturk-requester__2017-01-17__openapi.yaml,Amazon Mechanical Turk,amazonaws.com,3.x,39,741,39,39,0,39,39,39,39,39,0,100.000,100.000,100.000,100.000,0.000,0.000,100.000
amazonaws.com__mwaa__2020-07-01__openapi.yaml,AmazonMWAA,amazonaws.com,3.x,11,55,11,11,11,11,11,11,11,11,11,100.000,100.000,100.000,100.000,0.000,0.000,0.000
amazonaws.com__neptune__2014-10-31__openapi.yaml,Amazon Neptune,amazonaws.com,3.x,138,9453,138,138,0,138,138,138,138,138,0,100.000,100.000,100.000,100.000,0.000,0.000,100.000
amazonaws.com__network-firewall__2020-11-12__openapi.yaml,AWS Network Firewall,amazonaws.com,3.x,36,630,36,36,0,36,36,36,36,36,0,100.000,100.000,100.000,100.000,0.000,0.000,100.000
amazonaws.com__networkmanager__2019-07-05__openapi.yaml,AWS Network Manager,amazonaws.com,3.x,85,3570,85,85,85,85,85,85,85,85,85,100.000,100.000,100.000,100.000,0.000,0.000,0.000
amazonaws.com__nimble__2020-08-01__openapi.yaml,AmazonNimbleStudio,amazonaws.com,3.x,49,1176,49,49,49,49,49,49,49,49,49,100.000,100.000,100.000,100.000,0.000,0.000,0.000
amazonaws.com__oam__2022-06-10__openapi.yaml,CloudWatch Observability Access Manager,amazonaws.com,3.x,15,105,15,15,3,15,15,15,15,15,3,100.000,100.000,100.000,100.000,0.000,0.000,97.143
amazonaws.com__omics__2022-11-28__openapi.yaml,Amazon Omics,amazonaws.com,3.x,72,2556,72,72,72,72,72,72,72,72,72,100.000,100.000,100.000,100.000,0.000,0.000,0.000
amazonaws.com__opensearch__2021-01-01__openapi.yaml,Amazon OpenSearch Service,amazonaws.com,3.x,54,1431,54,54,49,54,54,54,54,54,49,100.000,100.000,100.000,100.000,0.000,0.000,17.820
amazonaws.com__opensearchserverless__2021-11-01__openapi.yaml,OpenSearch Service Serverless,amazonaws.com,3.x,31,465,31,31,0,31,31,31,31,31,0,100.000,100.000,100.000,100.000,0.000,0.000,100.000
amazonaws.com__opsworks__2013-02-18__openapi.yaml,AWS OpsWorks,amazonaws.com,3.x,74,2701,74,74,0,74,74,74,74,74,0,100.000,100.000,100.000,100.000,0.000,0.000,100.000
amazonaws.com__opsworkscm__2016-11-01__openapi.yaml,AWS OpsWorks CM,amazonaws.com,3.x,19,171,19,19,0,19,19,19,19,19,0,100.000,100.000,100.000,100.000,0.000,0.000,100.000
amazonaws.com__organizations__2016-11-28__openapi.yaml,AWS Organizations,amazonaws.com,3.x,55,1485,55,55,0,55,55,55,55,55,0,100.000,100.000,100.000,100.000,0.000,0.000,100.000
amazonaws.com__osis__2022-01-01__openapi.yaml,Amazon OpenSearch Ingestion,amazonaws.com,3.x,14,91,14,14,0,14,14,14,14,14,0,100.000,100.000,100.000,100.000,0.000,0.000,100.000
amazonaws.com__outposts__2019-12-03__openapi.yaml,AWS Outposts,amazonaws.com,3.x,26,325,26,26,26,26,26,26,26,26,26,100.000,100.000,100.000,100.000,0.000,0.000,0.000
amazonaws.com__panorama__2019-07-24__openapi.yaml,AWS Panorama,amazonaws.com,3.x,34,561,34,34,34,34,34,34,34,34,34,100.000,100.000,100.000,100.000,0.000,0.000,0.000
amazonaws.com__payment-cryptography-data__2022-02-03__openapi.yaml,Payment Cryptography Data Plane,amazonaws.com,3.x,11,55,11,11,11,11,11,11,11,11,11,100.000,100.000,100.000,100.000,0.000,0.000,0.000
amazonaws.com__payment-cryptography__2021-09-14__openapi.yaml,Payment Cryptography Control Plane,amazonaws.com,3.x,20,190,20,20,0,20,20,20,20,20,0,100.000,100.000,100.000,100.000,0.000,0.000,100.000
amazonaws.com__personalize-events__2018-03-22__openapi.yaml,Amazon Personalize Events,amazonaws.com,3.x,3,3,3,3,3,3,3,3,3,3,3,100.000,100.000,100.000,100.000,0.000,0.000,0.000
amazonaws.com__personalize__2018-05-22__openapi.yaml,Amazon Personalize,amazonaws.com,3.x,67,2211,67,67,0,67,67,67,67,67,0,100.000,100.000,100.000,100.000,0.000,0.000,100.000
amazonaws.com__pi__2018-02-27__openapi.yaml,AWS Performance Insights,amazonaws.com,3.x,6,15,6,6,0,6,6,6,6,6,0,100.000,100.000,100.000,100.000,0.000,0.000,100.000
amazonaws.com__pinpoint-email__2018-07-26__openapi.yaml,Amazon Pinpoint Email Service,amazonaws.com,3.x,42,861,42,42,42,42,42,42,42,42,42,100.000,100.000,100.000,100.000,0.000,0.000,0.000
amazonaws.com__pinpoint-sms-voice-v2__2022-03-31__openapi.yaml,Amazon Pinpoint SMS Voice V2,amazonaws.com,3.x,43,903,43,43,0,43,43,43,43,43,0,100.000,100.000,100.000,100.000,0.000,0.000,100.000
amazonaws.com__pinpoint__2016-12-01__openapi.yaml,Amazon Pinpoint,amazonaws.com,3.x,122,7381,122,122,122,122,121,122,121,121,121,100.000,100.000,98.361,100.000,1.639,1.639,1.639
amazonaws.com__pipes__2015-10-07__openapi.yaml,Amazon EventBridge Pipes,amazonaws.com,3.x,10,45,10,10,10,10,10,10,10,10,10,100.000,100.000,100.000,100.000,0.000,0.000,0.000
amazonaws.com__polly__2016-06-10__openapi.yaml,Amazon Polly,amazonaws.com,3.x,9,36,9,9,9,9,9,9,9,9,9,100.000,100.000,100.000,100.000,0.000,0.000,0.000
amazonaws.com__pricing__2017-10-15__openapi.yaml,AWS Price List Service,amazonaws.com,3.x,5,10,5,5,0,5,5,5,5,5,0,100.000,100.000,100.000,100.000,0.000,0.000,100.000
amazonaws.com__privatenetworks__2021-12-03__openapi.yaml,AWS Private 5G,amazonaws.com,3.x,25,300,25,25,25,25,25,25,25,25,25,100.000,100.000,100.000,100.000,0.000,0.000,0.000
amazonaws.com__proton__2020-07-20__openapi.yaml,AWS Proton,amazonaws.com,3.x,87,3741,87,87,0,87,87,87,87,87,0,100.000,100.000,100.000,100.000,0.000,0.000,100.000
amazonaws.com__qldb__2019-01-02__openapi.yaml,Amazon QLDB,amazonaws.com,3.x,20,190,20,20,20,20,20,20,20,20,20,100.000,100.000,100.000,100.000,0.000,0.000,0.000
amazonaws.com__quicksight__2018-04-01__openapi.yaml,Amazon QuickSight,amazonaws.com,3.x,161,12880,161,161,161,161,161,161,161,161,161,100.000,100.000,100.000,100.000,0.000,0.000,0.000
amazonaws.com__ram__2018-01-04__openapi.yaml,AWS Resource Access Manager,amazonaws.com,3.x,34,561,34,34,0,34,34,34,34,34,0,100.000,100.000,100.000,100.000,0.000,0.000,100.000
amazonaws.com__rbin__2021-06-15__openapi.yaml,Amazon Recycle Bin,amazonaws.com,3.x,10,45,10,10,10,10,10,10,10,10,10,100.000,100.000,100.000,100.000,0.000,0.000,0.000
amazonaws.com__rds-data__2018-08-01__openapi.yaml,AWS RDS DataService,amazonaws.com,3.x,6,15,6,6,2,6,6,6,6,6,2,100.000,100.000,100.000,100.000,0.000,0.000,93.333
amazonaws.com__rds__2014-10-31__openapi.yaml,Amazon Relational Database Service,amazonaws.com,3.x,286,40755,286,286,0,286,286,286,286,286,0,100.000,100.000,100.000,100.000,0.000,0.000,100.000
amazonaws.com__redshift-data__2019-12-20__openapi.yaml,Redshift Data API Service,amazonaws.com,3.x,10,45,10,10,0,10,10,10,10,10,0,100.000,100.000,100.000,100.000,0.000,0.000,100.000
amazonaws.com__redshift-serverless__2021-04-21__openapi.yaml,Redshift Serverless,amazonaws.com,3.x,40,780,40,40,0,40,40,40,40,40,0,100.000,100.000,100.000,100.000,0.000,0.000,100.000
amazonaws.com__redshift__2012-12-01__openapi.yaml,Amazon Redshift,amazonaws.com,3.x,246,30135,246,246,0,246,246,246,246,246,0,100.000,100.000,100.000,100.000,0.000,0.000,100.000
amazonaws.com__rekognition__2016-06-27__openapi.yaml,Amazon Rekognition,amazonaws.com,3.x,72,2556,72,72,0,72,72,72,72,72,0,100.000,100.000,100.000,100.000,0.000,0.000,100.000
amazonaws.com__resiliencehub__2020-04-30__openapi.yaml,AWS Resilience Hub,amazonaws.com,3.x,54,1431,54,54,54,54,54,54,54,54,54,100.000,100.000,100.000,100.000,0.000,0.000,0.000
amazonaws.com__resource-explorer__2-2022-07-28__openapi.yaml,AWS Resource Explorer,amazonaws.com,3.x,19,171,19,19,3,19,19,19,19,19,3,100.000,100.000,100.000,100.000,0.000,0.000,98.246
amazonaws.com__resource-groups__2017-11-27__openapi.yaml,AWS Resource Groups,amazonaws.com,3.x,18,153,18,18,18,18,18,18,18,18,18,100.000,100.000,100.000,100.000,0.000,0.000,0.000
amazonaws.com__resourcegroupstaggingapi__2017-01-26__openapi.yaml,AWS Resource Groups Tagging API,amazonaws.com,3.x,8,28,8,8,0,8,8,8,8,8,0,100.000,100.000,100.000,100.000,0.000,0.000,100.000
amazonaws.com__robomaker__2018-06-29__openapi.yaml,AWS RoboMaker,amazonaws.com,3.x,57,1596,57,57,3,57,57,57,57,57,3,100.000,100.000,100.000,100.000,0.000,0.000,99.812
amazonaws.com__rolesanywhere__2018-05-10__openapi.yaml,IAM Roles Anywhere,amazonaws.com,3.x,28,378,28,28,25,28,28,28,28,28,25,100.000,100.000,100.000,100.000,0.000,0.000,20.635
amazonaws.com__route53-recovery-cluster__2019-12-02__openapi.yaml,Route53 Recovery Cluster,amazonaws.com,3.x,4,6,4,4,0,4,4,4,4,4,0,100.000,100.000,100.000,100.000,0.000,0.000,100.000
amazonaws.com__route53-recovery-control-config__2020-11-02__openapi.yaml,AWS Route53 Recovery Control Config,amazonaws.com,3.x,23,253,23,23,23,23,23,23,23,23,23,100.000,100.000,100.000,100.000,0.000,0.000,0.000
amazonaws.com__route53-recovery-readiness__2019-12-02__openapi.yaml,AWS Route53 Recovery Readiness,amazonaws.com,3.x,32,496,32,32,32,32,32,32,32,32,32,100.000,100.000,100.000,100.000,0.000,0.000,0.000
amazonaws.com__route53__2013-04-01__openapi.yaml,Amazon Route 53,amazonaws.com,3.x,70,2415,70,70,69,70,70,70,70,70,69,100.000,100.000,100.000,100.000,0.000,0.000,2.857
amazonaws.com__route53domains__2014-05-15__openapi.yaml,Amazon Route 53 Domains,amazonaws.com,3.x,34,561,34,34,0,34,34,34,34,34,0,100.000,100.000,100.000,100.000,0.000,0.000,100.000
amazonaws.com__route53resolver__2018-04-01__openapi.yaml,Amazon Route 53 Resolver,amazonaws.com,3.x,68,2278,68,68,0,68,68,68,68,68,0,100.000,100.000,100.000,100.000,0.000,0.000,100.000
amazonaws.com__rum__2018-05-10__openapi.yaml,CloudWatch RUM,amazonaws.com,3.x,17,136,17,17,17,17,17,17,17,17,17,100.000,100.000,100.000,100.000,0.000,0.000,0.000
amazonaws.com__runtime.lex.v2__2020-08-07__openapi.yaml,Amazon Lex Runtime V2,amazonaws.com,3.x,5,10,5,5,5,5,5,5,5,5,5,100.000,100.000,100.000,100.000,0.000,0.000,0.000
amazonaws.com__runtime.lex__2016-11-28__openapi.yaml,Amazon Lex Runtime Service,amazonaws.com,3.x,5,10,5,5,5,5,5,5,5,5,5,100.000,100.000,100.000,100.000,0.000,0.000,0.000
amazonaws.com__s3__2006-03-01__openapi.yaml,Amazon Simple Storage Service,amazonaws.com,3.x,95,4465,95,95,94,95,80,95,80,80,79,100.000,100.000,70.773,100.000,29.227,29.227,30.997
amazonaws.com__s3control__2018-08-20__openapi.yaml,AWS S3 Control,amazonaws.com,3.x,64,2016,64,64,64,64,50,64,50,50,50,100.000,100.000,60.764,100.000,39.236,39.236,39.236
amazonaws.com__s3outposts__2017-07-25__openapi.yaml,Amazon S3 on Outposts,amazonaws.com,3.x,5,10,5,5,0,5,5,5,5,5,0,100.000,100.000,100.000,100.000,0.000,0.000,100.000
amazonaws.com__sagemaker-a2i-runtime__2019-11-07__openapi.yaml,Amazon Augmented AI Runtime,amazonaws.com,3.x,5,10,5,5,5,5,5,5,5,5,5,100.000,100.000,100.000,100.000,0.000,0.000,0.000
amazonaws.com__sagemaker-edge__2020-09-23__openapi.yaml,Amazon Sagemaker Edge Manager,amazonaws.com,3.x,3,3,3,3,0,3,3,3,3,3,0,100.000,100.000,100.000,100.000,0.000,0.000,100.000
amazonaws.com__sagemaker-featurestore-runtime__2020-07-01__openapi.yaml,Amazon SageMaker Feature Store Runtime,amazonaws.com,3.x,4,6,4,4,3,4,4,4,4,4,3,100.000,100.000,100.000,100.000,0.000,0.000,50.000
amazonaws.com__sagemaker-geospatial__2020-05-27__openapi.yaml,Amazon SageMaker geospatial capabilities,amazonaws.com,3.x,19,171,19,19,19,19,19,19,19,19,19,100.000,100.000,100.000,100.000,0.000,0.000,0.000
amazonaws.com__sagemaker__2017-07-24__openapi.yaml,Amazon SageMaker Service,amazonaws.com,3.x,304,46056,304,304,0,304,304,304,304,304,0,100.000,100.000,100.000,100.000,0.000,0.000,100.000
amazonaws.com__savingsplans__2019-06-28__openapi.yaml,AWS Savings Plans,amazonaws.com,3.x,9,36,9,9,0,9,9,9,9,9,0,100.000,100.000,100.000,100.000,0.000,0.000,100.000
amazonaws.com__scheduler__2021-06-30__openapi.yaml,Amazon EventBridge Scheduler,amazonaws.com,3.x,12,66,12,12,12,12,12,12,12,12,12,100.000,100.000,100.000,100.000,0.000,0.000,0.000
amazonaws.com__schemas__2019-12-02__openapi.yaml,Schemas,amazonaws.com,3.x,31,465,31,31,31,31,31,30,30,30,30,100.000,100.000,100.000,93.548,6.452,6.452,6.452
amazonaws.com__sdb__2009-04-15__openapi.yaml,Amazon SimpleDB,amazonaws.com,3.x,20,190,20,20,0,20,19,20,19,19,0,100.000,100.000,90.000,100.000,10.000,10.000,100.000
amazonaws.com__secretsmanager__2017-10-17__openapi.yaml,AWS Secrets Manager,amazonaws.com,3.x,22,231,22,22,0,22,22,22,22,22,0,100.000,100.000,100.000,100.000,0.000,0.000,100.000
amazonaws.com__securityhub__2018-10-26__openapi.yaml,AWS SecurityHub,amazonaws.com,3.x,67,2211,67,67,67,67,67,67,67,67,67,100.000,100.000,100.000,100.000,0.000,0.000,0.000
amazonaws.com__securitylake__2018-05-10__openapi.yaml,Amazon Security Lake,amazonaws.com,3.x,31,465,31,31,31,31,31,31,31,31,31,100.000,100.000,100.000,100.000,0.000,0.000,0.000
amazonaws.com__serverlessrepo__2017-09-08__openapi.yaml,AWSServerlessApplicationRepository,amazonaws.com,3.x,14,91,14,14,14,14,14,14,14,14,14,100.000,100.000,100.000,100.000,0.000,0.000,0.000
amazonaws.com__service-quotas__2019-06-24__openapi.yaml,Service Quotas,amazonaws.com,3.x,19,171,19,19,0,19,19,19,19,19,0,100.000,100.000,100.000,100.000,0.000,0.000,100.000
amazonaws.com__servicecatalog-appregistry__2020-06-24__openapi.yaml,AWS Service Catalog App Registry,amazonaws.com,3.x,24,276,24,24,24,24,24,24,24,24,24,100.000,100.000,100.000,100.000,0.000,0.000,0.000
amazonaws.com__servicecatalog__2015-12-10__openapi.yaml,AWS Service Catalog,amazonaws.com,3.x,90,4005,90,90,0,90,90,90,90,90,0,100.000,100.000,100.000,100.000,0.000,0.000,100.000
amazonaws.com__servicediscovery__2017-03-14__openapi.yaml,AWS Cloud Map,amazonaws.com,3.x,26,325,26,26,0,26,26,26,26,26,0,100.000,100.000,100.000,100.000,0.000,0.000,100.000
amazonaws.com__sesv2__2019-09-27__openapi.yaml,Amazon Simple Email Service,amazonaws.com,3.x,87,3741,87,87,87,87,87,87,87,87,87,100.000,100.000,100.000,100.000,0.000,0.000,0.000
amazonaws.com__shield__2016-06-02__openapi.yaml,AWS Shield,amazonaws.com,3.x,36,630,36,36,0,36,36,36,36,36,0,100.000,100.000,100.000,100.000,0.000,0.000,100.000
amazonaws.com__signer__2017-08-25__openapi.yaml,AWS Signer,amazonaws.com,3.x,19,171,19,19,19,19,19,19,19,19,19,100.000,100.000,100.000,100.000,0.000,0.000,0.000
amazonaws.com__simspaceweaver__2022-10-28__openapi.yaml,AWS SimSpace Weaver,amazonaws.com,3.x,16,120,16,16,3,16,16,16,16,16,3,100.000,100.000,100.000,100.000,0.000,0.000,97.500
amazonaws.com__sms-voice__2018-09-05__openapi.yaml,Amazon Pinpoint SMS and Voice Service,amazonaws.com,3.x,8,28,8,8,8,8,8,8,8,8,8,100.000,100.000,100.000,100.000,0.000,0.000,0.000
amazonaws.com__sms__2016-10-24__openapi.yaml,AWS Server Migration Service,amazonaws.com,3.x,35,595,35,35,0,35,35,35,35,35,0,100.000,100.000,100.000,100.000,0.000,0.000,100.000
amazonaws.com__snow-device-management__2021-08-04__openapi.yaml,AWS Snow Device Management,amazonaws.com,3.x,13,78,13,13,13,13,13,13,13,13,13,100.000,100.000,100.000,100.000,0.000,0.000,0.000
amazonaws.com__snowball__2016-06-30__openapi.yaml,Amazon Import/Export Snowball,amazonaws.com,3.x,27,351,27,27,0,27,27,27,27,27,0,100.000,100.000,100.000,100.000,0.000,0.000,100.000
amazonaws.com__sns__2010-03-31__openapi.yaml,Amazon Simple Notification Service,amazonaws.com,3.x,84,3486,84,84,0,84,84,84,84,84,0,100.000,100.000,100.000,100.000,0.000,0.000,100.000
amazonaws.com__sqs__2012-11-05__openapi.yaml,Amazon Simple Queue Service,amazonaws.com,3.x,46,1035,46,46,0,46,42,46,42,42,0,100.000,100.000,83.188,100.000,16.812,16.812,100.000
amazonaws.com__ssm-contacts__2021-05-03__openapi.yaml,AWS Systems Manager Incident Manager Contacts,amazonaws.com,3.x,39,741,39,39,0,39,39,39,39,39,0,100.000,100.000,100.000,100.000,0.000,0.000,100.000
amazonaws.com__ssm-incidents__2018-05-10__openapi.yaml,AWS Systems Manager Incident Manager,amazonaws.com,3.x,29,406,29,29,3,29,29,29,29,29,3,100.000,100.000,100.000,100.000,0.000,0.000,99.261
amazonaws.com__ssm-sap__2018-05-10__openapi.yaml,AWS Systems Manager for SAP,amazonaws.com,3.x,18,153,18,18,18,18,18,18,18,18,18,100.000,100.000,100.000,100.000,0.000,0.000,0.000
amazonaws.com__ssm__2014-11-06__openapi.yaml,Amazon Simple Systems Manager (SSM),amazonaws.com,3.x,138,9453,138,138,0,138,138,138,138,138,0,100.000,100.000,100.000,100.000,0.000,0.000,100.000
amazonaws.com__sso-admin__2020-07-20__openapi.yaml,AWS Single Sign-On Admin,amazonaws.com,3.x,37,666,37,37,0,37,37,37,37,37,0,100.000,100.000,100.000,100.000,0.000,0.000,100.000
amazonaws.com__sso-oidc__2019-06-10__openapi.yaml,AWS SSO OIDC,amazonaws.com,3.x,3,3,3,3,3,3,3,3,3,3,3,100.000,100.000,100.000,100.000,0.000,0.000,0.000
amazonaws.com__sso__2019-06-10__openapi.yaml,AWS Single Sign-On,amazonaws.com,3.x,4,6,4,4,3,4,4,4,4,4,3,100.000,100.000,100.000,100.000,0.000,0.000,50.000
amazonaws.com__states__2016-11-23__openapi.yaml,AWS Step Functions,amazonaws.com,3.x,34,561,34,34,0,34,34,34,34,34,0,100.000,100.000,100.000,100.000,0.000,0.000,100.000
amazonaws.com__storagegateway__2013-06-30__openapi.yaml,AWS Storage Gateway,amazonaws.com,3.x,90,4005,90,90,0,90,90,90,90,90,0,100.000,100.000,100.000,100.000,0.000,0.000,100.000
amazonaws.com__streams.dynamodb__2012-08-10__openapi.yaml,Amazon DynamoDB Streams,amazonaws.com,3.x,4,6,4,4,0,4,4,4,4,4,0,100.000,100.000,100.000,100.000,0.000,0.000,100.000
amazonaws.com__sts__2011-06-15__openapi.yaml,AWS Security Token Service,amazonaws.com,3.x,16,120,16,16,0,16,16,16,16,16,0,100.000,100.000,100.000,100.000,0.000,0.000,100.000
amazonaws.com__support-app__2021-08-20__openapi.yaml,AWS Support App,amazonaws.com,3.x,10,45,10,10,10,10,10,10,10,10,10,100.000,100.000,100.000,100.000,0.000,0.000,0.000
amazonaws.com__support__2013-04-15__openapi.yaml,AWS Support,amazonaws.com,3.x,16,120,16,16,0,16,16,16,16,16,0,100.000,100.000,100.000,100.000,0.000,0.000,100.000
amazonaws.com__swf__2012-01-25__openapi.yaml,Amazon Simple Workflow Service,amazonaws.com,3.x,37,666,37,37,0,37,37,37,37,37,0,100.000,100.000,100.000,100.000,0.000,0.000,100.000
amazonaws.com__synthetics__2017-10-11__openapi.yaml,Synthetics,amazonaws.com,3.x,21,210,21,21,21,21,21,21,21,21,21,100.000,100.000,100.000,100.000,0.000,0.000,0.000
amazonaws.com__textract__2018-06-27__openapi.yaml,Amazon Textract,amazonaws.com,3.x,13,78,13,13,0,13,13,13,13,13,0,100.000,100.000,100.000,100.000,0.000,0.000,100.000
amazonaws.com__timestream-query__2018-11-01__openapi.yaml,Amazon Timestream Query,amazonaws.com,3.x,13,78,13,13,0,13,13,13,13,13,0,100.000,100.000,100.000,100.000,0.000,0.000,100.000
amazonaws.com__timestream-write__2018-11-01__openapi.yaml,Amazon Timestream Write,amazonaws.com,3.x,19,171,19,19,0,19,19,18,18,18,0,100.000,100.000,100.000,89.474,10.526,10.526,100.000
amazonaws.com__tnb__2008-10-21__openapi.yaml,AWS Telco Network Builder,amazonaws.com,3.x,33,528,33,33,33,33,33,33,33,33,33,100.000,100.000,100.000,100.000,0.000,0.000,0.000
amazonaws.com__transcribe__2017-10-26__openapi.yaml,Amazon Transcribe Service,amazonaws.com,3.x,39,741,39,39,0,39,39,39,39,39,0,100.000,100.000,100.000,100.000,0.000,0.000,100.000
amazonaws.com__transfer__2018-11-05__openapi.yaml,AWS Transfer Family,amazonaws.com,3.x,59,1711,59,59,0,59,59,59,59,59,0,100.000,100.000,100.000,100.000,0.000,0.000,100.000
amazonaws.com__translate__2017-07-01__openapi.yaml,Amazon Translate,amazonaws.com,3.x,19,171,19,19,0,19,19,19,19,19,0,100.000,100.000,100.000,100.000,0.000,0.000,100.000
amazonaws.com__verifiedpermissions__2021-12-01__openapi.yaml,Amazon Verified Permissions,amazonaws.com,3.x,24,276,24,24,0,24,24,24,24,24,0,100.000,100.000,100.000,100.000,0.000,0.000,100.000
amazonaws.com__voice-id__2021-09-27__openapi.yaml,Amazon Voice ID,amazonaws.com,3.x,29,406,29,29,0,29,29,29,29,29,0,100.000,100.000,100.000,100.000,0.000,0.000,100.000
amazonaws.com__vpc-lattice__2022-11-30__openapi.yaml,Amazon VPC Lattice,amazonaws.com,3.x,52,1326,52,52,49,52,52,52,52,52,49,100.000,100.000,100.000,100.000,0.000,0.000,11.312
amazonaws.com__waf-regional__2016-11-28__openapi.yaml,AWS WAF Regional,amazonaws.com,3.x,81,3240,81,81,0,81,81,81,81,81,0,100.000,100.000,100.000,100.000,0.000,0.000,100.000
amazonaws.com__waf__2015-08-24__openapi.yaml,AWS WAF,amazonaws.com,3.x,77,2926,77,77,0,77,77,77,77,77,0,100.000,100.000,100.000,100.000,0.000,0.000,100.000
amazonaws.com__wafv2__2019-07-29__openapi.yaml,AWS WAFV2,amazonaws.com,3.x,53,1378,53,53,0,53,53,53,53,53,0,100.000,100.000,100.000,100.000,0.000,0.000,100.000
amazonaws.com__wellarchitected__2020-03-31__openapi.yaml,AWS Well-Architected Tool,amazonaws.com,3.x,56,1540,56,56,51,56,56,56,56,56,51,100.000,100.000,100.000,100.000,0.000,0.000,17.208
amazonaws.com__wisdom__2020-10-19__openapi.yaml,Amazon Connect Wisdom Service,amazonaws.com,3.x,31,465,31,31,30,31,31,31,31,31,30,100.000,100.000,100.000,100.000,0.000,0.000,6.452
amazonaws.com__workdocs__2016-05-01__openapi.yaml,Amazon WorkDocs,amazonaws.com,3.x,44,946,44,44,44,44,44,44,44,44,44,100.000,100.000,100.000,100.000,0.000,0.000,0.000
amazonaws.com__worklink__2018-09-25__openapi.yaml,Amazon WorkLink,amazonaws.com,3.x,33,528,33,33,3,33,33,33,33,33,3,100.000,100.000,100.000,100.000,0.000,0.000,99.432
amazonaws.com__workmail__2017-10-01__openapi.yaml,Amazon WorkMail,amazonaws.com,3.x,80,3160,80,80,0,80,80,80,80,80,0,100.000,100.000,100.000,100.000,0.000,0.000,100.000
amazonaws.com__workspaces-web__2020-07-08__openapi.yaml,Amazon WorkSpaces Web,amazonaws.com,3.x,58,1653,58,58,58,58,58,58,58,58,58,100.000,100.000,100.000,100.000,0.000,0.000,0.000
amazonaws.com__workspaces__2015-04-08__openapi.yaml,Amazon WorkSpaces,amazonaws.com,3.x,65,2080,65,65,0,65,65,65,65,65,0,100.000,100.000,100.000,100.000,0.000,0.000,100.000
amazonaws.com__xray__2016-04-12__openapi.yaml,AWS X-Ray,amazonaws.com,3.x,30,435,30,30,15,30,30,30,30,30,15,100.000,100.000,100.000,100.000,0.000,0.000,75.862
amentum.space__atmosphere__1.1.1__openapi.yaml,Atmosphere API,amentum.space,3.x,3,3,3,3,3,3,0,3,0,0,0,100.000,100.000,0.000,100.000,100.000,100.000,100.000
amentum.space__aviation_radiation__1.5.0__openapi.yaml,Aviation Radiation API,amentum.space,3.x,7,21,7,7,7,7,0,7,0,0,0,100.000,100.000,0.000,100.000,100.000,100.000,100.000
amentum.space__space_radiation__1.1.2__openapi.yaml,Space Radiation API,amentum.space,3.x,3,3,3,3,3,3,3,3,3,3,3,100.000,100.000,100.000,100.000,0.000,0.000,0.000
anchore.io__0.1.20__openapi.yaml,Anchore Engine API Server,anchore.io,3.x,109,5886,109,109,95,89,105,39,29,29,21,100.000,66.531,92.762,12.589,93.102,93.102,96.432
apache.org__airflow__2.5.3__openapi.yaml,Airflow API (Stable),apache.org,3.x,71,2485,71,71,35,61,62,45,34,34,20,100.000,73.642,76.097,39.839,77.425,77.425,92.354
apache.org__qakka__v1__openapi.yaml,Qakka,apache.org,3.x,9,36,9,9,9,7,0,0,0,0,0,100.000,58.333,0.000,0.000,100.000,100.000,100.000
apacta.com__0.0.42__openapi.yaml,Apacta,apacta.com,3.x,289,41616,46,46,40,210,232,13,1,1,1,2.487,52.732,64.389,0.187,100.000,100.000,100.000
api.video__1__openapi.yaml,api.video,api.video,3.x,47,1081,47,47,9,39,46,43,35,35,8,100.000,68.548,95.745,83.534,44.958,44.958,97.410
api2cart.com__1.1__openapi.yaml,Swagger API2Cart,api2cart.com,3.x,147,10731,147,147,147,113,67,147,45,45,45,100.000,58.969,20.604,100.000,90.774,90.774,90.774
api2pdf.com__1.0.0__openapi.yaml,"Api2Pdf - PDF Generation, Powered by AWS Lambda",api2pdf.com,3.x,9,36,9,9,9,3,8,9,2,2,2,100.000,8.333,77.778,100.000,97.222,97.222,97.222
apicurio.local__registry__1.3.2.Final__openapi.yaml,Apicurio Registry API,apicurio.local,3.x,33,528,33,33,33,29,21,33,19,19,19,100.000,76.894,39.773,100.000,67.614,67.614,67.614
apicurio.local__registry__2.4.x__openapi.yaml,Apicurio Registry API [v2],apicurio.local,3.x,65,2080,65,65,65,53,49,65,38,38,38,100.000,66.250,56.538,100.000,66.202,66.202,66.202
apidapp.com__2019-02-14T164701Z__openapi.yaml,ApiDapp,apidapp.com,3.x,29,406,0,0,0,17,0,21,0,0,0,0.000,33.498,0.000,51.724,100.000,100.000,100.000
apideck.com__accounting__10.0.0__openapi.yaml,Accounting API,apideck.com,3.x,58,1653,58,58,58,58,22,58,22,22,22,100.000,100.000,13.975,100.000,86.025,86.025,86.025
apideck.com__ats__10.0.0__openapi.yaml,ATS API,apideck.com,3.x,12,66,12,12,12,12,4,12,4,4,4,100.000,100.000,9.091,100.000,90.909,90.909,90.909
apideck.com__connector__10.0.0__openapi.yaml,Connector API,apideck.com,3.x,10,45,10,10,10,10,0,10,0,0,0,100.000,100.000,0.000,100.000,100.000,100.000,100.000
apideck.com__crm__10.0.0__openapi.yaml,CRM API,apideck.com,3.x,40,780,40,40,40,40,16,40,16,16,16,100.000,100.000,15.385,100.000,84.615,84.615,84.615
apideck.com__customer-support__9.5.0__openapi.yaml,Customer Support,apideck.com,3.x,5,10,5,5,5,5,2,5,2,2,2,100.000,100.000,10.000,100.000,90.000,90.000,90.000
apideck.com__ecommerce__10.0.0__openapi.yaml,Ecommerce API,apideck.com,3.x,7,21,7,7,7,7,0,7,0,0,0,100.000,100.000,0.000,100.000,100.000,100.000,100.000
apideck.com__ecosystem__0.0.6__openapi.yaml,Ecosystem API,apideck.com,3.x,12,66,12,12,12,12,0,12,0,0,0,100.000,100.000,0.000,100.000,100.000,100.000,100.000
apideck.com__file-storage__10.0.0__openapi.yaml,File storage API,apideck.com,3.x,33,528,33,33,33,33,12,33,12,12,12,100.000,100.000,12.500,100.000,87.500,87.500,87.500
apideck.com__hris__10.0.0__openapi.yaml,HRIS API,apideck.com,3.x,25,300,25,25,25,25,8,25,8,8,8,100.000,100.000,9.333,100.000,90.667,90.667,90.667
apideck.com__issue-tracking__10.0.0__openapi.yaml,Issue Tracking API,apideck.com,3.x,15,105,15,15,15,15,4,15,4,4,4,100.000,100.000,5.714,100.000,94.286,94.286,94.286
apideck.com__lead__10.0.0__openapi.yaml,Lead API,apideck.com,3.x,5,10,5,5,5,5,2,5,2,2,2,100.000,100.000,10.000,100.000,90.000,90.000,90.000
apideck.com__pos__10.0.0__openapi.yaml,POS API,apideck.com,3.x,46,1035,46,46,46,46,19,46,19,19,19,100.000,100.000,16.522,100.000,83.478,83.478,83.478
apideck.com__proxy__10.0.0__openapi.yaml,Proxy API,apideck.com,3.x,5,10,5,5,5,5,0,5,0,0,0,100.000,100.000,0.000,100.000,100.000,100.000,100.000
apideck.com__sms__10.0.0__openapi.yaml,SMS API,apideck.com,3.x,5,10,5,5,5,5,2,5,2,2,2,100.000,100.000,10.000,100.000,90.000,90.000,90.000
apideck.com__vault__10.0.0__openapi.yaml,Vault API,apideck.com,3.x,27,351,27,27,27,27,9,27,9,9,9,100.000,100.000,10.256,100.000,89.744,89.744,89.744
apideck.com__webhook__10.0.0__openapi.yaml,Webhook API,apideck.com,3.x,10,45,10,10,10,10,5,10,5,5,5,100.000,100.000,22.222,100.000,77.778,77.778,77.778
apigee.local__registry__0.0.1__openapi.yaml,Registry API,apigee.local,3.x,35,595,35,35,35,35,28,35,28,28,28,100.000,100.000,63.529,100.000,36.471,36.471,36.471
apigee.net__marketcheck-cars__2.01__openapi.yaml,Marketcheck APIs,apigee.net,3.x,71,2485,25,25,21,71,69,71,23,23,21,12.072,100.000,94.406,100.000,89.819,89.819,91.549
apis.guru__2.2.0__openapi.yaml,APIs.guru,apis.guru,3.x,7,21,7,7,7,4,5,7,3,3,3,100.000,28.571,47.619,100.000,85.714,85.714,85.714
apisetu.gov.in__acko__3.0.0__openapi.yaml,Acko General Insurance Limited,apisetu.gov.in,3.x,3,3,3,3,0,0,3,3,0,0,0,100.000,0.000,100.000,100.000,100.000,100.000,100.000
apisetu.gov.in__bajajallianz__3.0.0__openapi.yaml,Bajaj Allianz General Insurance Company Ltd. (BAGIC),apisetu.gov.in,3.x,7,21,7,7,0,0,7,7,0,0,0,100.000,0.000,100.000,100.000,100.000,100.000,100.000
apisetu.gov.in__bhartiaxagi__3.0.0__openapi.yaml,Bharti AXA General Insurance Company Ltd.,apisetu.gov.in,3.x,5,10,5,5,0,0,5,5,0,0,0,100.000,0.000,100.000,100.000,100.000,100.000,100.000
apisetu.gov.in__cbse__3.0.0__openapi.yaml,Central Board of Secondary Education,apisetu.gov.in,3.x,16,120,16,16,0,0,16,16,0,0,0,100.000,0.000,100.000,100.000,100.000,100.000,100.000
apisetu.gov.in__cisce__3.0.0__openapi.yaml,CISCE,apisetu.gov.in,3.x,5,10,5,5,0,0,5,5,0,0,0,100.000,0.000,100.000,100.000,100.000,100.000,100.000
apisetu.gov.in__ditch__3.0.0__openapi.yaml,"eDistrict Chandigarh, Chandigarh",apisetu.gov.in,3.x,4,6,4,4,0,0,4,4,0,0,0,100.000,0.000,100.000,100.000,100.000,100.000,100.000
apisetu.gov.in__dittripura__3.0.0__openapi.yaml,"Directorate of Information Technology, Government of Tripura, Tripura",apisetu.gov.in,3.x,18,153,18,18,0,0,18,18,0,0,0,100.000,0.000,100.000,100.000,100.000,100.000,100.000
apisetu.gov.in__edistrictandaman__3.0.0__openapi.yaml,"eDistrict Andaman & Nicobar Islands, Andaman & Nicobar",apisetu.gov.in,3.x,12,66,12,12,0,0,12,12,0,0,0,100.000,0.000,100.000,100.000,100.000,100.000,100.000
apisetu.gov.in__edistricthp__3.0.0__openapi.yaml,"eDistrict Himachal Pradesh, Himachal Pradesh",apisetu.gov.in,3.x,32,496,32,32,0,0,32,32,0,0,0,100.000,0.000,100.000,100.000,100.000,100.000,100.000
apisetu.gov.in__edistrictkerala__3.0.0__openapi.yaml,"eDistrict Kerala, Kerala",apisetu.gov.in,3.x,24,276,24,24,0,0,24,24,0,0,0,100.000,0.000,100.000,100.000,100.000,100.000,100.000
apisetu.gov.in__edistrictodisha__3.0.0__openapi.yaml,"eDistrict Odisha, Odisha",apisetu.gov.in,3.x,6,15,6,6,0,0,6,6,0,0,0,100.000,0.000,100.000,100.000,100.000,100.000,100.000
apisetu.gov.in__edistrictodishasp__3.0.0__openapi.yaml,"eDistrict Odisha ServicePlus, Odisha",apisetu.gov.in,3.x,7,21,7,7,0,0,7,7,0,0,0,100.000,0.000,100.000,100.000,100.000,100.000,100.000
apisetu.gov.in__edistrictpb__3.0.0__openapi.yaml,"Punjab State eGovernance Society, Punjab",apisetu.gov.in,3.x,7,21,7,7,0,0,7,7,0,0,0,100.000,0.000,100.000,100.000,100.000,100.000,100.000
apisetu.gov.in__edistrictup__3.0.0__openapi.yaml,"eDistrict Uttar Pradesh, Uttar Pradesh",apisetu.gov.in,3.x,6,15,6,6,0,0,6,6,0,0,0,100.000,0.000,100.000,100.000,100.000,100.000,100.000
apisetu.gov.in__enibandhanjh__3.0.0__openapi.yaml,"Revenue, Registration & Land Reforms Department, Jharkhand",apisetu.gov.in,3.x,3,3,3,3,0,0,3,3,0,0,0,100.000,0.000,100.000,100.000,100.000,100.000,100.000
apisetu.gov.in__epfindia__3.0.0__openapi.yaml,Employees' Provident Fund Organization,apisetu.gov.in,3.x,3,3,3,3,0,0,3,3,0,0,0,100.000,0.000,100.000,100.000,100.000,100.000,100.000
apisetu.gov.in__epramanhp__3.0.0__openapi.yaml,"Himachal Pradesh Department of Revenue, Himachal Pradesh",apisetu.gov.in,3.x,14,91,14,14,0,0,14,14,0,0,0,100.000,0.000,100.000,100.000,100.000,100.000,100.000
apisetu.gov.in__eservicearunachal__3.0.0__openapi.yaml,"eService (eDistrict), Arunachal Pradesh",apisetu.gov.in,3.x,6,15,6,6,0,0,6,6,0,0,0,100.000,0.000,100.000,100.000,100.000,100.000,100.000
apisetu.gov.in__futuregenerali__3.0.0__openapi.yaml,Future Generali Total Insurance Solutions,apisetu.gov.in,3.x,5,10,5,5,0,0,5,5,0,0,0,100.000,0.000,100.000,100.000,100.000,100.000,100.000
apisetu.gov.in__gadbih__3.0.0__openapi.yaml,"General Administration Department, Bihar",apisetu.gov.in,3.x,4,6,4,4,0,0,4,4,0,0,0,100.000,0.000,100.000,100.000,100.000,100.000,100.000
apisetu.gov.in__goawrd__3.0.0__openapi.yaml,"Goa Water Resources Department, Goa",apisetu.gov.in,3.x,3,3,3,3,0,0,3,3,0,0,0,100.000,0.000,100.000,100.000,100.000,100.000,100.000
apisetu.gov.in__godigit__3.0.0__openapi.yaml,Go Digit General Insurance Ltd.,apisetu.gov.in,3.x,3,3,3,3,0,0,3,3,0,0,0,100.000,0.000,100.000,100.000,100.000,100.000,100.000
apisetu.gov.in__hsscboardmh__3.0.0__openapi.yaml,"Maharashtra State Board of Secondary and Higher Secondary Education, Maharashtra",apisetu.gov.in,3.x,4,6,4,4,0,0,4,4,0,0,0,100.000,0.000,100.000,100.000,100.000,100.000,100.000
apisetu.gov.in__icicilombard__3.0.0__openapi.yaml,ICICI Lombard GIC Ltd.,apisetu.gov.in,3.x,7,21,7,7,0,0,7,7,0,0,0,100.000,0.000,100.000,100.000,100.000,100.000,100.000
apisetu.gov.in__jac__3.0.0__openapi.yaml,"Jharkhand State Board (Jharkhand Academic Council), Jharkhand",apisetu.gov.in,3.x,4,6,4,4,0,0,4,4,0,0,0,100.000,0.000,100.000,100.000,100.000,100.000,100.000
apisetu.gov.in__jharsewa__3.0.0__openapi.yaml,"Jharsewa (eDistrict), Jharkhand",apisetu.gov.in,3.x,7,21,7,7,0,0,7,7,0,0,0,100.000,0.000,100.000,100.000,100.000,100.000,100.000
apisetu.gov.in__kiadb__3.0.0__openapi.yaml,"Karnataka Industrial Areas Development Board, Karnataka",apisetu.gov.in,3.x,8,28,8,8,0,0,8,8,0,0,0,100.000,0.000,100.000,100.000,100.000,100.000,100.000
apisetu.gov.in__kotakgeneralinsurance__3.0.0__openapi.yaml,Kotak Mahindra General Insurance Company Ltd.,apisetu.gov.in,3.x,6,15,6,6,0,0,6,6,0,0,0,100.000,0.000,100.000,100.000,100.000,100.000,100.000
apisetu.gov.in__labourbih__3.0.0__openapi.yaml,"Labour Resource Department, Bihar",apisetu.gov.in,3.x,7,21,7,7,0,0,7,7,0,0,0,100.000,0.000,100.000,100.000,100.000,100.000,100.000
apisetu.gov.in__legalmetrologyup__3.0.0__openapi.yaml,"Department of Legal Metrology, Uttar Pradesh",apisetu.gov.in,3.x,4,6,4,4,0,0,4,4,0,0,0,100.000,0.000,100.000,100.000,100.000,100.000,100.000
apisetu.gov.in__mbse__3.0.0__openapi.yaml,Mizoram State Board of School education,apisetu.gov.in,3.x,4,6,4,4,0,0,4,4,0,0,0,100.000,0.000,100.000,100.000,100.000,100.000,100.000
apisetu.gov.in__municipaladmin__3.0.0__openapi.yaml,"Directorate of Municipal Administration, Karnataka",apisetu.gov.in,3.x,4,6,4,4,0,0,4,4,0,0,0,100.000,0.000,100.000,100.000,100.000,100.000,100.000
apisetu.gov.in__nationalinsurance__3.0.0__openapi.yaml,National Insurance Company Ltd.,apisetu.gov.in,3.x,10,45,10,10,0,0,10,10,0,0,0,100.000,0.000,100.000,100.000,100.000,100.000,100.000
apisetu.gov.in__newindia__3.0.0__openapi.yaml,New India Assurance Co. Ltd.,apisetu.gov.in,3.x,7,21,7,7,0,0,7,7,0,0,0,100.000,0.000,100.000,100.000,100.000,100.000,100.000
apisetu.gov.in__nios__3.0.0__openapi.yaml,National Institute of Open Schooling,apisetu.gov.in,3.x,6,15,6,6,0,0,6,6,0,0,0,100.000,0.000,100.000,100.000,100.000,100.000,100.000
apisetu.gov.in__orientalinsurance__3.0.0__openapi.yaml,The Oriental Insurance Co. Ltd.,apisetu.gov.in,3.x,10,45,10,10,0,0,10,10,0,0,0,100.000,0.000,100.000,100.000,100.000,100.000,100.000
apisetu.gov.in__pblabour__3.0.0__openapi.yaml,"Department of Labour, Govt of Punjab, Punjab",apisetu.gov.in,3.x,3,3,3,3,0,0,3,3,0,0,0,100.000,0.000,100.000,100.000,100.000,100.000,100.000
apisetu.gov.in__phedharyana__3.0.0__openapi.yaml,"Public Health Engineering Department, Haryana, Haryana",apisetu.gov.in,3.x,3,3,3,3,0,0,3,3,0,0,0,100.000,0.000,100.000,100.000,100.000,100.000,100.000
apisetu.gov.in__pseb__3.0.0__openapi.yaml,"Punjab School Education Board, Punjab",apisetu.gov.in,3.x,5,10,5,5,0,0,5,5,0,0,0,100.000,0.000,100.000,100.000,100.000,100.000,100.000
apisetu.gov.in__reliancegeneral__3.0.0__openapi.yaml,Reliance General Insurance Company Ltd,apisetu.gov.in,3.x,6,15,6,6,0,0,6,6,0,0,0,100.000,0.000,100.000,100.000,100.000,100.000,100.000
apisetu.gov.in__sbigeneral__3.0.0__openapi.yaml,SBI General Insurance Company Ltd,apisetu.gov.in,3.x,5,10,5,5,0,0,5,5,0,0,0,100.000,0.000,100.000,100.000,100.000,100.000,100.000
apisetu.gov.in__statisticsrajasthan__3.0.0__openapi.yaml,"Directorate of Economics and Statistics Cum Chief Registrar, Rajasthan, Rajasthan",apisetu.gov.in,3.x,3,3,3,3,0,0,3,3,0,0,0,100.000,0.000,100.000,100.000,100.000,100.000,100.000
apisetu.gov.in__transport__3.0.0__openapi.yaml,Ministry of Road Transport and Highways,apisetu.gov.in,3.x,5,10,5,5,0,0,5,5,0,0,0,100.000,0.000,100.000,100.000,100.000,100.000,100.000
apisetu.gov.in__ubseuk__3.0.0__openapi.yaml,"Uttarakhand State Board of School Education, Uttarakhand",apisetu.gov.in,3.x,3,3,3,3,0,0,3,3,0,0,0,100.000,0.000,100.000,100.000,100.000,100.000,100.000
apispot.io__whois__2.0__openapi.yaml,Bulk WHOIS API,apispot.io,3.x,8,28,8,8,7,6,3,8,1,1,1,100.000,53.571,10.714,100.000,100.000,100.000,100.000
apiz.ebay.com__sell-finances__v1.15.0__openapi.yaml,eBay Finances API,apiz.ebay.com,3.x,7,21,7,7,7,7,7,7,7,7,7,100.000,100.000,100.000,100.000,0.000,0.000,0.000
appcenter.ms__v0.1__openapi.yaml,App Center Client,appcenter.ms,3.x,351,61425,351,351,333,325,7,344,7,7,5,100.000,85.714,0.034,96.046,99.966,99.966,99.984
apple.com__app-store-connect__1.4.1__openapi.yaml,App Store Connect API,apple.com,3.x,252,31626,252,252,252,224,226,0,0,0,0,100.000,78.973,80.393,0.000,100.000,100.000,100.000
apple.com__sirikit-cloud-media__1.0.2__openapi.yaml,SiriKit Cloud Media,apple.com,3.x,6,15,6,6,6,6,6,0,0,0,0,100.000,100.000,100.000,0.000,100.000,100.000,100.000
apptigent.com__2021.1.01__openapi.yaml,PowerTools Developer,apptigent.com,3.x,88,3828,88,88,0,0,88,88,0,0,0,100.000,0.000,100.000,100.000,100.000,100.000,100.000
appveyor.com__1.0.0__swagger.yaml,AppVeyor REST API,appveyor.com,2.0,53,1378,53,53,53,47,37,2,1,1,1,100.000,78.447,48.331,0.073,100.000,100.000,100.000
appwrite.io__client__0.9.3__openapi.yaml,Appwrite,appwrite.io,3.x,61,1830,61,61,61,34,43,60,17,17,17,100.000,30.656,49.344,96.721,92.568,92.568,92.568
archive.org__search__1.0.0__openapi.yaml,Search Services,archive.org,3.x,3,3,0,0,0,3,3,3,0,0,0,0.000,100.000,100.000,100.000,100.000,100.000,100.000
art19.com__1.0.0__openapi.yaml,ART19 Content API Documentation,art19.com,3.x,22,231,0,0,0,22,22,12,0,0,0,0.000,100.000,100.000,28.571,100.000,100.000,100.000
asana.com__1.0__openapi.yaml,Asana,asana.com,3.x,167,13861,167,167,162,167,167,167,167,167,162,100.000,100.000,100.000,100.000,0.000,0.000,5.916
asuarez.dev__searchly__1.0__openapi.yaml,SearchLy API v1,asuarez.dev,3.x,3,3,3,3,3,2,3,3,2,2,2,100.000,33.333,100.000,100.000,66.667,66.667,66.667
ato.gov.au__0.0.6__openapi.yaml,Business Registries,ato.gov.au,3.x,74,2701,0,0,0,74,62,52,0,0,0,0.000,100.000,70.011,49.093,100.000,100.000,100.000
aucklandmuseum.com__2.0.0__swagger.yaml,Auckland Museum API,aucklandmuseum.com,2.0,6,15,6,6,1,6,0,6,0,0,0,100.000,100.000,0.000,100.000,100.000,100.000,100.000
authentiq.io__1.0__openapi.yaml,Authentiq Connect API,authentiq.io,3.x,9,36,9,9,5,6,3,9,2,2,2,100.000,41.667,8.333,100.000,97.222,97.222,97.222
autodealerdata.com__1.0__openapi.yaml,CIS Automotive API,autodealerdata.com,3.x,35,595,35,35,23,35,35,35,35,35,23,100.000,100.000,100.000,100.000,0.000,0.000,57.479
autotask.net__v1__swagger.yaml,Datto|Autotask PSA Rest API,autotask.net,2.0,2958,4373403,2958,2958,2741,2958,2958,0,0,0,0,100.000,100.000,100.000,0.000,100.000,100.000,100.000
avaza.com__v1__swagger.yaml,Avaza API Documentation,avaza.com,2.0,86,3655,86,86,25,79,72,22,21,21,3,100.000,84.295,69.932,6.320,94.254,94.254,99.918
aviationdata.systems__v1__swagger.yaml,AviationData.Systems Airports API V1,aviationdata.systems,2.0,6,15,6,6,6,5,6,5,5,5,5,100.000,66.667,100.000,66.667,33.333,33.333,33.333
axesso.de__1.0.0__openapi.yaml,Axesso Api,axesso.de,3.x,4,6,4,4,4,3,4,0,0,0,0,100.000,50.000,100.000,0.000,100.000,100.000,100.000
azure.com__EnterpriseKnowledgeGraph-EnterpriseKnowledgeGraphSwagger__2018-12-03__swagger.yaml,Azure Enterprise Knowledge Graph Service,azure.com,2.0,7,21,7,7,5,7,6,7,6,6,5,100.000,100.000,71.429,100.000,28.571,28.571,52.381
azure.com__addons-addons-swagger__2018-03-01__swagger.yaml,Azure Addons Resource Provider,azure.com,2.0,5,10,5,5,3,5,5,5,5,5,3,100.000,100.000,100.000,100.000,0.000,0.000,70.000
azure.com__adhybridhealthservice-ADHybridHealthService__2014-01-01__swagger.yaml,ADHybridHealthService,azure.com,2.0,74,2701,74,74,67,74,68,74,68,68,64,100.000,100.000,84.339,100.000,15.661,15.661,25.361
azure.com__advisor__2020-01-01__swagger.yaml,AdvisorManagementClient,azure.com,2.0,15,105,15,15,12,15,12,11,8,8,6,100.000,100.000,62.857,52.381,73.333,73.333,85.714
azure.com__alertsmanagement-SmartDetectorAlertRulesApi__2019-06-01__swagger.yaml,Azure Alerts Management Service Resource Provider,azure.com,2.0,6,15,6,6,3,6,5,6,5,5,3,100.000,100.000,66.667,100.000,33.333,33.333,80.000
azure.com__analysisservices__2017-08-01-beta__swagger.yaml,AzureAnalysisServices,azure.com,2.0,16,120,16,16,11,16,11,16,11,11,10,100.000,100.000,45.833,100.000,54.167,54.167,62.500
azure.com__apimanagement-apimapis__2019-12-01-preview__swagger.yaml,ApiManagementClient,azure.com,2.0,60,1770,60,60,60,60,0,60,0,0,0,100.000,100.000,0.000,100.000,100.000,100.000,100.000
azure.com__apimanagement-apimbackends__2017-03-01__swagger.yaml,ApiManagementClient,azure.com,2.0,5,10,5,5,5,5,4,5,4,4,4,100.000,100.000,60.000,100.000,40.000,40.000,40.000
azure.com__appconfiguration__1.0__swagger.yaml,Azure App Configuration,azure.com,2.0,9,36,9,9,9,9,9,0,0,0,0,100.000,100.000,100.000,0.000,100.000,100.000,100.000
azure.com__appconfiguration__2019-11-01-preview__swagger.yaml,AppConfigurationManagementClient,azure.com,2.0,17,136,17,17,9,17,15,17,15,15,9,100.000,100.000,77.206,100.000,22.794,22.794,73.529
azure.com__applicationinsights-QueryPackQueries_API__2019-09-01-preview__swagger.yaml,Azure Log Analytics Query Packs,azure.com,2.0,5,10,5,5,1,5,4,5,4,4,1,100.000,100.000,60.000,100.000,40.000,40.000,100.000
azure.com__applicationinsights-swagger__2018-04-20__swagger.yaml,Application Insights Data Plane,azure.com,2.0,7,21,7,7,4,7,5,7,5,5,2,100.000,100.000,47.619,100.000,52.381,52.381,95.238
azure.com__applicationinsights-workbookTemplates_API__2019-10-17-preview__swagger.yaml,ApplicationInsightsManagementClient,azure.com,2.0,5,10,5,5,3,5,5,5,5,5,3,100.000,100.000,100.000,100.000,0.000,0.000,70.000
azure.com__appplatform__2019-05-01-preview__swagger.yaml,AppPlatformManagementClient,azure.com,2.0,33,528,33,33,22,33,33,31,31,31,20,100.000,100.000,100.000,88.068,11.932,11.932,64.015
azure.com__attestation__2018-09-01-preview__swagger.yaml,AttestationClient,azure.com,2.0,6,15,6,6,4,4,6,2,0,0,0,100.000,40.000,100.000,6.667,100.000,100.000,100.000
azure.com__authorization-authorization-RoleAssignmentsCalls__2018-09-01-preview__swagger.yaml,AuthorizationManagementClient,azure.com,2.0,10,45,10,10,8,10,10,10,10,10,8,100.000,100.000,100.000,100.000,0.000,0.000,37.778
azure.com__automation-python2package__2018-06-30__swagger.yaml,AutomationManagement,azure.com,2.0,5,10,5,5,5,5,4,5,4,4,4,100.000,100.000,60.000,100.000,40.000,40.000,40.000
azure.com__automation-softwareUpdateConfiguration__2017-05-15-preview__swagger.yaml,Update Management,azure.com,2.0,4,6,4,4,3,4,3,4,3,3,3,100.000,100.000,50.000,100.000,50.000,50.000,50.000
azure.com__automation-webhook__2015-10-31__swagger.yaml,AutomationManagementClient,azure.com,2.0,6,15,6,6,6,6,4,6,4,4,4,100.000,100.000,40.000,100.000,60.000,60.000,60.000
azure.com__azsadmin-AcquiredPlan__2015-11-01__swagger.yaml,SubscriptionsManagementClient,azure.com,2.0,4,6,4,4,2,4,3,4,3,3,2,100.000,100.000,50.000,100.000,50.000,50.000,83.333
azure.com__azsadmin-Activation__2016-01-01__swagger.yaml,AzureBridgeAdminClient,azure.com,2.0,4,6,4,4,2,4,4,4,4,4,2,100.000,100.000,100.000,100.000,0.000,0.000,83.333
azure.com__azsadmin-Alert__2016-05-01__swagger.yaml,InfrastructureInsightsManagementClient,azure.com,2.0,4,6,4,4,2,4,3,4,3,3,2,100.000,100.000,50.000,100.000,50.000,50.000,83.333
azure.com__azsadmin-BackupLocations__2018-09-01__swagger.yaml,BackupManagementClient,azure.com,2.0,4,6,4,4,2,4,3,4,3,3,2,100.000,100.000,50.000,100.000,50.000,50.000,83.333
azure.com__azsadmin-Commerce__2015-06-01-preview__swagger.yaml,CommerceManagementClient,azure.com,2.0,3,3,3,3,2,3,2,3,2,2,2,100.000,100.000,33.333,100.000,66.667,66.667,66.667
azure.com__azsadmin-DiskMigrationJobs__2018-07-30-preview__swagger.yaml,ComputeDiskAdminManagementClient,azure.com,2.0,4,6,4,4,2,4,0,4,0,0,0,100.000,100.000,0.000,100.000,100.000,100.000,100.000
azure.com__azsadmin-FileContainer__2019-01-01__swagger.yaml,DeploymentAdminClient,azure.com,2.0,4,6,4,4,2,4,3,4,3,3,2,100.000,100.000,50.000,100.000,50.000,50.000,83.333
azure.com__azsadmin-GalleryItem__2015-04-01__swagger.yaml,GalleryManagementClient,azure.com,2.0,4,6,4,4,2,4,3,0,0,0,0,100.000,100.000,50.000,0.000,100.000,100.000,100.000
azure.com__azsadmin-InfraRoleInstance__2016-05-01__swagger.yaml,FabricAdminClient,azure.com,2.0,6,15,6,6,1,6,2,6,2,2,1,100.000,100.000,6.667,100.000,93.333,93.333,100.000
azure.com__azsadmin-Network__2015-06-15__swagger.yaml,NetworkAdminManagementClient,azure.com,2.0,5,10,5,5,5,5,5,5,5,5,5,100.000,100.000,100.000,100.000,0.000,0.000,0.000
azure.com__azsadmin-Quotas__2018-02-09__swagger.yaml,Compute Admin Client,azure.com,2.0,4,6,4,4,2,4,0,4,0,0,0,100.000,100.000,0.000,100.000,100.000,100.000,100.000
azure.com__azsadmin-UpdateRuns__2016-05-01__swagger.yaml,UpdateAdminClient,azure.com,2.0,5,10,5,5,3,5,4,5,4,4,3,100.000,100.000,60.000,100.000,40.000,40.000,70.000
azure.com__azsadmin-storageaccounts__2019-08-08-preview__swagger.yaml,StorageManagementClient,azure.com,2.0,4,6,4,4,2,4,3,4,3,3,1,100.000,100.000,50.000,100.000,50.000,50.000,100.000
azure.com__azure-kusto__2019-11-09__swagger.yaml,KustoManagementClient,azure.com,2.0,45,990,45,45,29,45,45,45,45,45,29,100.000,100.000,100.000,100.000,0.000,0.000,58.990
azure.com__azureactivedirectory__2017-04-01__swagger.yaml,azureactivedirectory,azure.com,2.0,6,15,6,6,4,6,5,6,5,5,4,100.000,100.000,66.667,100.000,33.333,33.333,60.000
azure.com__azuredata__2017-03-01-preview__swagger.yaml,AzureDataManagementClient,azure.com,2.0,11,55,11,11,7,11,9,11,9,9,7,100.000,100.000,65.455,100.000,34.545,34.545,61.818
azure.com__azurestack-CustomerSubscription__2017-06-01__swagger.yaml,AzureStack Azure Bridge Client,azure.com,2.0,4,6,4,4,2,4,3,4,3,3,2,100.000,100.000,50.000,100.000,50.000,50.000,83.333
azure.com__azurestack-Registration__2017-06-01__swagger.yaml,Azure Stack Azure Bridge Client,azure.com,2.0,6,15,6,6,3,6,5,6,5,5,3,100.000,100.000,66.667,100.000,33.333,33.333,80.000
azure.com__batch-BatchManagement__2019-08-01__swagger.yaml,BatchManagement,azure.com,2.0,35,595,35,35,35,35,35,35,35,35,35,100.000,100.000,100.000,100.000,0.000,0.000,0.000
azure.com__batch-BatchService__2019-08-01.10.0__swagger.yaml,BatchService,azure.com,2.0,72,2556,72,72,72,72,72,54,54,54,54,100.000,100.000,100.000,55.986,44.014,44.014,44.014
azure.com__batchai-BatchAI__2018-05-01__swagger.yaml,BatchAI,azure.com,2.0,29,406,29,29,15,29,29,29,29,29,15,100.000,100.000,100.000,100.000,0.000,0.000,74.138
azure.com__billing__2017-02-27-preview__swagger.yaml,BillingClient,azure.com,2.0,4,6,4,4,3,4,4,4,4,4,3,100.000,100.000,100.000,100.000,0.000,0.000,50.000
azure.com__billing__2019-10-01-preview__swagger.yaml,BillingManagementClient,azure.com,2.0,100,4950,100,100,83,99,99,95,94,94,77,100.000,98.000,98.000,90.202,11.697,11.697,40.889
azure.com__blockchain__2018-06-01-preview__swagger.yaml,BlockchainManagementClient,azure.com,2.0,21,210,21,21,12,21,19,21,19,19,12,100.000,100.000,81.429,100.000,18.571,18.571,68.571
azure.com__blueprint-blueprintAssignment__2018-11-01-preview__swagger.yaml,BlueprintClient,azure.com,2.0,5,10,5,5,5,5,5,5,5,5,5,100.000,100.000,100.000,100.000,0.000,0.000,0.000
azure.com__botservice__2018-07-12__swagger.yaml,Azure Bot Service,azure.com,2.0,27,351,27,27,23,27,23,27,23,23,21,100.000,100.000,72.080,100.000,27.920,27.920,40.171
azure.com__cdn-cdnwebapplicationfirewall__2019-06-15-preview__swagger.yaml,Azure CDN WebApplicationFirewallManagement,azure.com,2.0,6,15,6,6,6,6,5,6,5,5,5,100.000,100.000,66.667,100.000,33.333,33.333,33.333
azure.com__cdn__2019-12-31__swagger.yaml,CdnManagementClient,azure.com,2.0,42,861,42,42,24,42,38,42,38,38,24,100.000,100.000,81.649,100.000,18.351,18.351,67.944
azure.com__cognitiveservices-AnomalyDetector__1.0__swagger.yaml,Anomaly Detector Client,azure.com,2.0,3,3,3,3,3,3,3,3,3,3,3,100.000,100.000,100.000,100.000,0.000,0.000,0.000
azure.com__cognitiveservices-ComputerVision__1.0__swagger.yaml,Computer Vision,azure.com,2.0,9,36,9,9,7,8,9,9,8,8,6,100.000,77.778,100.000,100.000,22.222,22.222,58.333
azure.com__cognitiveservices-ContentModerator__1.0__swagger.yaml,Content Moderator Client,azure.com,2.0,35,595,35,35,35,33,35,35,33,33,33,100.000,88.739,100.000,100.000,11.261,11.261,11.261
azure.com__cognitiveservices-Face__1.0__swagger.yaml,Face Client,azure.com,2.0,63,1953,63,63,63,63,63,63,63,63,63,100.000,100.000,100.000,100.000,0.000,0.000,0.000
azure.com__cognitiveservices-FormRecognizer__2.0-preview__swagger.yaml,Form Recognizer Client,azure.com,2.0,10,45,10,10,10,10,6,10,6,6,6,100.000,100.000,33.333,100.000,66.667,66.667,66.667
azure.com__cognitiveservices-LUIS-Runtime__3.0-preview__swagger.yaml,LUIS Runtime Client,azure.com,2.0,4,6,4,4,4,4,4,4,4,4,4,100.000,100.000,100.000,100.000,0.000,0.000,0.000
azure.com__cognitiveservices-Personalizer__v1.0__swagger.yaml,Personalizer Client,azure.com,2.0,17,136,17,17,10,8,12,17,6,6,3,100.000,20.588,48.529,100.000,88.971,88.971,97.794
azure.com__cognitiveservices-QnAMaker__4.0__swagger.yaml,QnAMaker Client,azure.com,2.0,15,105,15,15,14,11,10,0,0,0,0,100.000,52.381,42.857,0.000,100.000,100.000,100.000
azure.com__cognitiveservices-TextAnalytics__v3.0-preview.1__swagger.yaml,Text Analytics Client,azure.com,2.0,6,15,6,6,3,6,6,6,6,6,3,100.000,100.000,100.000,100.000,0.000,0.000,80.000
azure.com__cognitiveservices__2017-04-18__swagger.yaml,CognitiveServicesManagementClient,azure.com,2.0,14,91,14,14,9,14,13,14,13,13,9,100.000,100.000,85.714,100.000,14.286,14.286,60.440
azure.com__compute-disk__2019-07-01__swagger.yaml,DiskResourceProviderClient,azure.com,2.0,22,231,22,22,16,22,18,22,18,18,14,100.000,100.000,66.234,100.000,33.766,33.766,60.606
azure.com__compute-gallery__2019-07-01__swagger.yaml,SharedImageGalleryServiceClient,azure.com,2.0,26,325,26,26,24,26,26,26,26,26,24,100.000,100.000,100.000,100.000,0.000,0.000,15.077
azure.com__compute-runCommands__2019-07-01__swagger.yaml,RunCommandsClient,azure.com,2.0,4,6,4,4,3,4,4,4,4,4,3,100.000,100.000,100.000,100.000,0.000,0.000,50.000
azure.com__compute__2019-07-01__swagger.yaml,ComputeManagementClient,azure.com,2.0,116,6670,116,116,84,116,88,116,88,88,69,100.000,100.000,57.391,100.000,42.609,42.609,64.828
azure.com__consumption__2019-10-01__swagger.yaml,ConsumptionManagementClient,azure.com,2.0,27,351,27,27,23,27,26,27,26,26,23,100.000,100.000,92.593,100.000,7.407,7.407,27.920
azure.com__containerinstance-containerInstance__2018-10-01__swagger.yaml,ContainerInstanceManagementClient,azure.com,2.0,16,120,16,16,11,16,16,16,16,16,11,100.000,100.000,100.000,100.000,0.000,0.000,54.167
azure.com__containerregistry__2019-08-15-preview__swagger.yaml,Azure Container Registry,azure.com,2.0,25,300,25,25,23,24,25,25,24,24,22,100.000,92.000,100.000,100.000,8.000,8.000,23.000
azure.com__containerregistry__2019-12-01-preview__swagger.yaml,ContainerRegistryManagementClient,azure.com,2.0,25,300,25,25,12,25,22,25,22,22,12,100.000,100.000,77.000,100.000,23.000,23.000,78.000
azure.com__containerservice-managedClusters__2020-01-01__swagger.yaml,ContainerServiceClient,azure.com,2.0,21,210,21,21,14,21,21,21,21,21,14,100.000,100.000,100.000,100.000,0.000,0.000,56.667
azure.com__cosmos-db__2019-12-12__swagger.yaml,Cosmos DB,azure.com,2.0,100,4950,100,100,92,100,87,100,87,87,80,100.000,100.000,75.576,100.000,24.424,24.424,36.162
azure.com__cost-management-costmanagement__2019-11-01__swagger.yaml,CostManagementClient,azure.com,2.0,9,36,9,9,7,9,7,9,7,7,6,100.000,100.000,58.333,100.000,41.667,41.667,58.333
azure.com__customer-insights__2017-04-26__swagger.yaml,CustomerInsightsManagementClient,azure.com,2.0,66,2145,66,66,35,66,54,66,54,54,34,100.000,100.000,66.713,100.000,33.287,33.287,73.846
azure.com__customerlockbox__2018-02-28-preview__swagger.yaml,Customer Lockbox,azure.com,2.0,4,6,4,4,3,4,4,4,4,4,3,100.000,100.000,100.000,100.000,0.000,0.000,50.000
azure.com__customproviders__2018-09-01-preview__swagger.yaml,customproviders,azure.com,2.0,11,55,11,11,9,11,9,11,9,9,8,100.000,100.000,65.455,100.000,34.545,34.545,49.091
azure.com__databox__2019-09-01__swagger.yaml,DataBoxManagementClient,azure.com,2.0,16,120,16,16,11,16,16,16,16,16,11,100.000,100.000,100.000,100.000,0.000,0.000,54.167
azure.com__databoxedge__2019-08-01__swagger.yaml,DataBoxEdgeManagementClient,azure.com,2.0,59,1711,59,59,36,59,59,34,34,34,21,100.000,100.000,100.000,32.788,67.212,67.212,87.726
azure.com__databricks__2018-04-01__swagger.yaml,DatabricksClient,azure.com,2.0,7,21,7,7,5,7,6,7,6,6,5,100.000,100.000,71.429,100.000,28.571,28.571,52.381
azure.com__datacatalog__2016-03-30__swagger.yaml,Azure Data Catalog Resource Provider,azure.com,2.0,6,15,6,6,6,6,5,6,5,5,5,100.000,100.000,66.667,100.000,33.333,33.333,33.333
azure.com__datafactory__2018-06-01__swagger.yaml,DataFactoryManagementClient,azure.com,2.0,76,2850,76,76,39,76,76,76,76,76,39,100.000,100.000,100.000,100.000,0.000,0.000,74.000
azure.com__datalake-analytics-account__2016-11-01__swagger.yaml,DataLakeAnalyticsAccountManagementClient,azure.com,2.0,31,465,31,31,20,31,26,31,26,26,20,100.000,100.000,69.892,100.000,30.108,30.108,59.140
azure.com__datalake-analytics-catalog__2016-11-01__swagger.yaml,DataLakeAnalyticsCatalogManagementClient,azure.com,2.0,45,990,45,45,45,45,43,45,43,43,43,100.000,100.000,91.212,100.000,8.788,8.788,8.788
azure.com__datalake-analytics-job__2017-09-01-preview__swagger.yaml,DataLakeAnalyticsJobManagementClient,azure.com,2.0,13,78,13,13,13,13,11,13,11,11,11,100.000,100.000,70.513,100.000,29.487,29.487,29.487
azure.com__datalake-store-account__2016-11-01__swagger.yaml,DataLakeStoreAccountManagementClient,azure.com,2.0,26,325,26,26,17,26,21,26,21,21,17,100.000,100.000,64.615,100.000,35.385,35.385,58.154
azure.com__datalake-store-filesystem__2016-11-01__swagger.yaml,DataLakeStoreFileSystemManagementClient,azure.com,2.0,3,3,3,3,3,3,3,3,3,3,3,100.000,100.000,100.000,100.000,0.000,0.000,0.000
azure.com__datamigration__2018-03-15-preview__swagger.yaml,Azure Data Migration Service Resource Provider,azure.com,2.0,26,325,26,26,16,26,26,26,26,26,16,100.000,100.000,100.000,100.000,0.000,0.000,63.077
azure.com__datashare-DataShare__2019-11-01__swagger.yaml,DataShareManagementClient,azure.com,2.0,50,1225,50,50,24,50,50,50,50,50,24,100.000,100.000,100.000,100.000,0.000,0.000,77.469
azure.com__deploymentmanager__2019-11-01-preview__swagger.yaml,AzureDeploymentManager,azure.com,2.0,27,351,27,27,13,27,27,9,9,9,6,100.000,100.000,100.000,10.256,89.744,89.744,95.726
azure.com__deviceprovisioningservices-iotdps__2018-01-22__swagger.yaml,iotDpsClient,azure.com,2.0,18,153,18,18,18,18,18,18,18,18,18,100.000,100.000,100.000,100.000,0.000,0.000,0.000
azure.com__devops__2019-07-01-preview__swagger.yaml,Azure DevOps,azure.com,2.0,8,28,8,8,6,8,8,8,8,8,6,100.000,100.000,100.000,100.000,0.000,0.000,46.429
azure.com__devspaces__2019-04-01__swagger.yaml,DevSpacesManagement,azure.com,2.0,9,36,9,9,6,9,9,8,8,8,5,100.000,100.000,100.000,77.778,22.222,22.222,72.222
azure.com__devtestlabs-DTL__2018-09-15__swagger.yaml,DevTestLabsClient,azure.com,2.0,132,8646,132,132,69,132,132,132,132,132,69,100.000,100.000,100.000,100.000,0.000,0.000,72.866
azure.com__digitaltwins__2020-03-01-preview__swagger.yaml,AzureDigitalTwinsManagementClient,azure.com,2.0,16,120,16,16,13,16,16,16,16,16,13,100.000,100.000,100.000,100.000,0.000,0.000,35.000
azure.com__dns__2018-05-01__swagger.yaml,DnsManagementClient,azure.com,2.0,14,91,14,14,14,14,14,14,14,14,14,100.000,100.000,100.000,100.000,0.000,0.000,0.000
azure.com__domainservices__2020-01-01__swagger.yaml,Domain Services Resource Provider,azure.com,2.0,7,21,7,7,5,7,7,7,7,7,5,100.000,100.000,100.000,100.000,0.000,0.000,52.381
azure.com__engagementfabric-EngagementFabric__2018-09-01-preview__swagger.yaml,EngagementFabric,azure.com,2.0,16,120,16,16,8,16,16,0,0,0,0,100.000,100.000,100.000,0.000,100.000,100.000,100.000
azure.com__eventgrid-EventGrid__2020-04-01-preview__swagger.yaml,EventGridManagementClient,azure.com,2.0,40,780,40,40,30,40,36,40,36,36,29,100.000,100.000,80.769,100.000,19.231,19.231,47.949
azure.com__eventhub-EventHub-preview__2018-01-01-preview__swagger.yaml,EventHub2018PreviewManagementClient,azure.com,2.0,26,325,26,26,20,26,22,26,22,22,18,100.000,100.000,71.077,100.000,28.923,28.923,52.923
azure.com__eventhub-EventHub__2017-04-01__swagger.yaml,EventHubManagementClient,azure.com,2.0,43,903,43,43,27,43,35,43,35,35,25,100.000,100.000,65.891,100.000,34.109,34.109,66.777
azure.com__frontdoor-networkexperiment__2019-11-01__swagger.yaml,NetworkExperiments,azure.com,2.0,14,91,14,14,10,14,12,2,2,2,2,100.000,100.000,72.527,1.099,98.901,98.901,98.901
azure.com__frontdoor-webapplicationfirewall__2019-10-01__swagger.yaml,WebApplicationFirewallManagement,azure.com,2.0,5,10,5,5,5,5,4,5,4,4,4,100.000,100.000,60.000,100.000,40.000,40.000,40.000
azure.com__frontdoor__2020-01-01__swagger.yaml,FrontDoorManagementClient,azure.com,2.0,17,136,17,17,8,17,14,17,14,14,8,100.000,100.000,66.912,100.000,33.088,33.088,79.412
azure.com__guestconfiguration__2018-11-20__swagger.yaml,GuestConfiguration,azure.com,2.0,7,21,7,7,5,7,5,7,5,5,4,100.000,100.000,47.619,100.000,52.381,52.381,71.429
azure.com__hanaonazure__2017-11-03-preview__swagger.yaml,HanaManagementClient,azure.com,2.0,15,105,15,15,8,15,10,15,10,10,8,100.000,100.000,42.857,100.000,57.143,57.143,73.333
azure.com__hardwaresecuritymodules-dedicatedhsm__2018-10-31-preview__swagger.yaml,Azure Dedicated HSM Resource Provider,azure.com,2.0,6,15,6,6,6,6,6,6,6,6,6,100.000,100.000,100.000,100.000,0.000,0.000,0.000
azure.com__hdinsight-applications__2018-06-01-preview__swagger.yaml,HDInsightManagementClient,azure.com,2.0,4,6,4,4,2,4,3,4,3,3,2,100.000,100.000,50.000,100.000,50.000,50.000,83.333
azure.com__hdinsight-job__2018-11-01-preview__swagger.yaml,HDInsightJobManagementClient,azure.com,2.0,10,45,10,10,10,10,10,10,10,10,10,100.000,100.000,100.000,100.000,0.000,0.000,0.000
azure.com__healthcareapis-healthcare-apis__2019-09-16__swagger.yaml,HealthcareApisClient,azure.com,2.0,9,36,9,9,6,9,9,9,9,9,6,100.000,100.000,100.000,100.000,0.000,0.000,58.333
azure.com__hybridcompute-HybridCompute__2019-12-12__swagger.yaml,HybridComputeManagementClient,azure.com,2.0,13,78,13,13,10,13,11,13,11,11,9,100.000,100.000,70.513,100.000,29.487,29.487,53.846
azure.com__hybriddatamanager-hybriddata__2016-06-01__swagger.yaml,HybridDataManagementClient,azure.com,2.0,29,406,29,29,16,29,24,28,23,23,15,100.000,100.000,67.980,93.103,37.685,37.685,74.138
azure.com__imagebuilder__2019-05-01-preview__swagger.yaml,VirtualMachineImageTemplate,azure.com,2.0,10,45,10,10,10,10,10,10,10,10,10,100.000,100.000,100.000,100.000,0.000,0.000,0.000
azure.com__imds__2019-11-01__swagger.yaml,InstanceMetadataClient,azure.com,2.0,4,6,4,4,4,4,4,4,4,4,4,100.000,100.000,100.000,100.000,0.000,0.000,0.000
azure.com__intune__2015-01-14-preview__swagger.yaml,IntuneResourceManagementClient,azure.com,2.0,33,528,33,33,33,33,27,33,27,27,27,100.000,100.000,66.477,100.000,33.523,33.523,33.523
azure.com__iotcentral__2018-09-01__swagger.yaml,IotCentralClient,azure.com,2.0,10,45,10,10,10,10,10,10,10,10,10,100.000,100.000,100.000,100.000,0.000,0.000,0.000
azure.com__iotcentral__preview__swagger.yaml,Azure IoT Central,azure.com,2.0,30,435,30,30,25,25,26,9,7,7,6,100.000,68.966,74.713,8.276,95.172,95.172,96.552
azure.com__iothub__2019-11-04__swagger.yaml,iotHubClient,azure.com,2.0,32,496,32,32,28,32,32,32,32,32,28,100.000,100.000,100.000,100.000,0.000,0.000,23.790
azure.com__iotspaces__2017-10-01-preview__swagger.yaml,IoTSpacesClient,azure.com,2.0,8,28,8,8,5,8,8,8,8,8,5,100.000,100.000,100.000,100.000,0.000,0.000,64.286
azure.com__keyvault-secrets__2019-09-01__swagger.yaml,KeyVaultManagementClient,azure.com,2.0,4,6,4,4,3,4,4,4,4,4,3,100.000,100.000,100.000,100.000,0.000,0.000,50.000
azure.com__keyvault__7.0-preview__swagger.yaml,KeyVaultClient,azure.com,2.0,78,3003,78,78,72,78,78,78,78,78,72,100.000,100.000,100.000,100.000,0.000,0.000,14.885
azure.com__labservices-ML__2018-10-15__swagger.yaml,ManagedLabsClient,azure.com,2.0,55,1485,55,55,30,55,55,55,55,55,30,100.000,100.000,100.000,100.000,0.000,0.000,70.707
azure.com__locationbasedservices__2017-01-01-preview__swagger.yaml,Azure Location Based Services Resource Provider,azure.com,2.0,10,45,10,10,7,10,9,10,9,9,7,100.000,100.000,80.000,100.000,20.000,20.000,53.333
azure.com__logic__2019-05-01__swagger.yaml,LogicManagementClient,azure.com,2.0,106,5565,106,106,88,106,87,106,87,87,75,100.000,100.000,67.224,100.000,32.776,32.776,50.135
azure.com__machinelearning-commitmentPlans__2016-05-01-preview__swagger.yaml,Azure ML Commitment Plans Management Client,azure.com,2.0,12,66,12,12,8,12,11,12,11,11,7,100.000,100.000,83.333,100.000,16.667,16.667,68.182
azure.com__machinelearning-webservices__2017-01-01__swagger.yaml,Azure ML Web Services Management Client,azure.com,2.0,9,36,9,9,6,9,8,9,8,8,5,100.000,100.000,77.778,100.000,22.222,22.222,72.222
azure.com__machinelearning-workspaces__2019-10-01__swagger.yaml,Machine Learning Workspaces Management Client,azure.com,2.0,9,36,9,9,5,9,7,9,7,7,5,100.000,100.000,58.333,100.000,41.667,41.667,72.222
azure.com__machinelearningcompute-machineLearningCompute__2017-06-01-preview__swagger.yaml,Azure Machine Learning Compute Management Client,azure.com,2.0,10,45,10,10,5,10,9,10,9,9,5,100.000,100.000,80.000,100.000,20.000,20.000,77.778
azure.com__machinelearningcompute-machineLearningCompute__2017-08-01-preview__swagger.yaml,Machine Learning Compute Management Client,azure.com,2.0,10,45,10,10,5,10,10,10,10,10,5,100.000,100.000,100.000,100.000,0.000,0.000,77.778
azure.com__machinelearningexperimentation-machineLearningExperimentation__2017-05-01-preview__swagger.yaml,ML Team Account Management Client,azure.com,2.0,17,136,17,17,11,17,14,17,14,14,11,100.000,100.000,66.912,100.000,33.088,33.088,59.559
azure.com__machinelearningservices-artifact__2019-09-30__swagger.yaml,Artifact,azure.com,2.0,18,153,18,18,16,18,15,18,15,15,13,100.000,100.000,68.627,100.000,31.373,31.373,49.020
azure.com__machinelearningservices-datastore__2019-09-30__swagger.yaml,Azure Machine Learning Datastore Management Client,azure.com,2.0,8,28,8,8,6,8,5,8,5,5,4,100.000,100.000,35.714,100.000,64.286,64.286,78.571
azure.com__machinelearningservices-execution__2019-09-30__swagger.yaml,Execution Service,azure.com,2.0,4,6,4,4,4,4,4,4,4,4,4,100.000,100.000,100.000,100.000,0.000,0.000,0.000
azure.com__machinelearningservices-machineLearningServices__2020-01-01__swagger.yaml,Azure Machine Learning Workspaces,azure.com,2.0,26,325,26,26,19,26,25,26,25,25,19,100.000,100.000,92.308,100.000,7.692,7.692,47.385
azure.com__machinelearningservices-modelManagement__2019-09-30__swagger.yaml,Azure Machine Learning Model Management Service,azure.com,2.0,23,253,23,23,18,23,23,23,23,23,18,100.000,100.000,100.000,100.000,0.000,0.000,39.526
azure.com__machinelearningservices-runHistory__2019-09-30__swagger.yaml,Run History APIs,azure.com,2.0,26,325,26,26,22,26,25,26,25,25,21,100.000,100.000,92.308,100.000,7.692,7.692,35.385
azure.com__maintenance-Maintenance__2018-06-01-preview__swagger.yaml,MaintenanceManagementClient,azure.com,2.0,18,153,18,18,14,18,18,13,13,13,11,100.000,100.000,100.000,50.980,49.020,49.020,64.052
azure.com__managednetwork-managedNetwork__2019-06-01-preview__swagger.yaml,ManagedNetworkManagementClient,azure.com,2.0,19,171,19,19,11,19,15,19,15,15,11,100.000,100.000,61.404,100.000,38.596,38.596,67.836
azure.com__managedservices__2019-09-01__swagger.yaml,ManagedServicesClient,azure.com,2.0,11,55,11,11,6,11,9,11,9,9,6,100.000,100.000,65.455,100.000,34.545,34.545,72.727
azure.com__managementgroups-management__2019-11-01__swagger.yaml,Management Groups,azure.com,2.0,13,78,13,13,8,13,11,13,11,11,6,100.000,100.000,70.513,100.000,29.487,29.487,80.769
azure.com__managementpartner-ManagementPartner__2018-02-01__swagger.yaml,ACE Provisioning ManagementPartner,azure.com,2.0,6,15,6,6,5,6,5,6,5,5,4,100.000,100.000,66.667,100.000,33.333,33.333,60.000
azure.com__maps-maps-management__2020-02-01-preview__swagger.yaml,Azure Maps Resource Provider,azure.com,2.0,14,91,14,14,9,14,12,14,12,12,9,100.000,100.000,72.527,100.000,27.473,27.473,60.440
azure.com__mariadb-DataEncryptionKeys__2020-01-01-privatepreview__swagger.yaml,MariaDBManagementClient,azure.com,2.0,4,6,4,4,4,4,4,4,4,4,4,100.000,100.000,100.000,100.000,0.000,0.000,0.000
azure.com__marketplace-Marketplace__2020-01-01__swagger.yaml,Marketplace RP Service,azure.com,2.0,9,36,9,9,9,9,7,9,7,7,7,100.000,100.000,58.333,100.000,41.667,41.667,41.667
azure.com__marketplaceordering-Agreements__2015-06-01__swagger.yaml,MarketplaceOrdering.Agreements,azure.com,2.0,7,21,7,7,7,7,7,7,7,7,7,100.000,100.000,100.000,100.000,0.000,0.000,0.000
azure.com__mediaservices-Accounts__2018-03-30-preview__swagger.yaml,Azure Media Services,azure.com,2.0,10,45,10,10,6,10,10,10,10,10,6,100.000,100.000,100.000,100.000,0.000,0.000,66.667
azure.com__mediaservices-MediaGraphs__2019-09-01-preview__swagger.yaml,Azure Media Services,azure.com,2.0,8,28,8,8,2,8,8,8,8,8,2,100.000,100.000,100.000,100.000,0.000,0.000,96.429
azure.com__mediaservices-media__2015-10-01__swagger.yaml,MediaServicesManagementClient,azure.com,2.0,10,45,10,10,10,10,10,10,10,10,10,100.000,100.000,100.000,100.000,0.000,0.000,0.000
azure.com__migrate__2018-02-02__swagger.yaml,Azure Migrate,azure.com,2.0,24,276,24,24,15,23,24,24,23,23,14,100.000,91.667,100.000,100.000,8.333,8.333,67.029
azure.com__migrate__2019-10-01__swagger.yaml,Azure Migrate V2,azure.com,2.0,32,496,32,32,21,31,32,32,31,31,20,100.000,93.750,100.000,100.000,6.250,6.250,61.694
azure.com__migrateprojects-migrate__2018-09-01-preview__swagger.yaml,Azure Migrate Hub,azure.com,2.0,23,253,23,23,21,22,19,6,2,2,2,100.000,91.304,67.589,5.929,99.605,99.605,99.605
azure.com__mixedreality-remote-rendering__2019-12-02-preview__swagger.yaml,Mixed Reality,azure.com,2.0,8,28,8,8,6,8,5,8,5,5,4,100.000,100.000,35.714,100.000,64.286,64.286,78.571
azure.com__mobileengagement-mobile-engagement__2014-12-01__swagger.yaml,Engagement.ManagementClient,azure.com,2.0,37,666,37,37,29,37,37,37,37,37,29,100.000,100.000,100.000,100.000,0.000,0.000,39.039
azure.com__monitor-actionGroups_API__2019-06-01__swagger.yaml,Azure Action Groups,azure.com,2.0,7,21,7,7,5,7,6,7,6,6,5,100.000,100.000,71.429,100.000,28.571,28.571,52.381
azure.com__monitor-activityLogAlerts_API__2017-04-01__swagger.yaml,Azure Activity Log Alerts,azure.com,2.0,6,15,6,6,4,6,5,6,5,5,4,100.000,100.000,66.667,100.000,33.333,33.333,60.000
azure.com__monitor-guestDiagnosticSettingsAssociation_API__2018-06-01-preview__swagger.yaml,Guest Diagnostic Settings Association,azure.com,2.0,6,15,6,6,6,6,5,6,5,5,5,100.000,100.000,66.667,100.000,33.333,33.333,33.333
azure.com__monitor-guestDiagnosticSettings_API__2018-06-01-preview__swagger.yaml,Guest Diagnostic Settings,azure.com,2.0,6,15,6,6,6,6,5,6,5,5,5,100.000,100.000,66.667,100.000,33.333,33.333,33.333
azure.com__monitor-metricAlert_API__2018-03-01__swagger.yaml,MonitorManagementClient,azure.com,2.0,8,28,8,8,6,8,7,8,7,7,6,100.000,100.000,75.000,100.000,25.000,25.000,46.429
azure.com__monitor-privateLinkScopes_API__2019-10-17-preview__swagger.yaml,Azure Monitor Private Link Scopes,azure.com,2.0,16,120,16,16,11,16,13,16,13,13,10,100.000,100.000,65.000,100.000,35.000,35.000,62.500
azure.com__monitor-scheduledQueryRule_API__2018-04-16__swagger.yaml,Microsoft Insights,azure.com,2.0,6,15,6,6,4,6,5,6,5,5,4,100.000,100.000,66.667,100.000,33.333,33.333,60.000
azure.com__msi-ManagedIdentity__2018-11-30__swagger.yaml,ManagedServiceIdentityClient,azure.com,2.0,7,21,7,7,5,7,7,7,7,7,5,100.000,100.000,100.000,100.000,0.000,0.000,52.381
azure.com__mysql-DataEncryptionKeys__2020-01-01-privatepreview__swagger.yaml,MySQLManagementClient,azure.com,2.0,4,6,4,4,4,4,4,4,4,4,4,100.000,100.000,100.000,100.000,0.000,0.000,0.000
azure.com__netapp__2019-11-01__swagger.yaml,Microsoft NetApp,azure.com,2.0,29,406,29,29,19,29,22,29,22,22,17,100.000,100.000,56.897,100.000,43.103,43.103,66.502
azure.com__network-expressRouteCrossConnection__2019-08-01__swagger.yaml,ExpressRouteCrossConnection REST APIs,azure.com,2.0,12,66,12,12,11,12,9,12,9,9,8,100.000,100.000,54.545,100.000,45.455,45.455,57.576
azure.com__network-ipGroups__2019-11-01__swagger.yaml,NetworkManagementClient,azure.com,2.0,6,15,6,6,4,6,5,6,5,5,4,100.000,100.000,66.667,100.000,33.333,33.333,60.000
azure.com__network-virtualWan__2019-07-01__swagger.yaml,VirtualWANAsAServiceManagementClient,azure.com,2.0,49,1176,49,49,29,49,42,49,42,42,29,100.000,100.000,73.214,100.000,26.786,26.786,65.476
azure.com__network__2015-05-01-preview__swagger.yaml,NetworkResourceProviderClient,azure.com,2.0,87,3741,87,87,57,87,69,87,69,69,54,100.000,100.000,62.711,100.000,37.289,37.289,61.748
azure.com__notificationhubs__2017-04-01__swagger.yaml,NotificationHubsManagementClient,azure.com,2.0,28,378,28,28,16,28,24,28,24,24,14,100.000,100.000,73.016,100.000,26.984,26.984,75.926
azure.com__operationalinsights-Clusters__2019-08-01-preview__swagger.yaml,Azure Log Analytics,azure.com,2.0,6,15,6,6,4,6,5,6,5,5,4,100.000,100.000,66.667,100.000,33.333,33.333,60.000
azure.com__operationsmanagement-OperationsManagement__2015-11-01-preview__swagger.yaml,Azure Log Analytics - Operations Management,azure.com,2.0,15,105,15,15,9,15,15,15,15,15,9,100.000,100.000,100.000,100.000,0.000,0.000,65.714
azure.com__peering__2020-01-01-preview__swagger.yaml,PeeringManagementClient,azure.com,2.0,35,595,35,35,22,35,29,35,29,29,22,100.000,100.000,68.235,100.000,31.765,31.765,61.176
azure.com__policyinsights-policyEvents__2018-04-04__swagger.yaml,PolicyEventsClient,azure.com,2.0,9,36,9,9,9,9,9,9,9,9,9,100.000,100.000,100.000,100.000,0.000,0.000,0.000
azure.com__policyinsights-policyStates__2019-10-01__swagger.yaml,PolicyStatesClient,azure.com,2.0,19,171,19,19,19,19,19,19,19,19,19,100.000,100.000,100.000,100.000,0.000,0.000,0.000
azure.com__policyinsights-policyTrackedResources__2018-07-01-preview__swagger.yaml,PolicyTrackedResourcesClient,azure.com,2.0,4,6,4,4,4,4,4,4,4,4,4,100.000,100.000,100.000,100.000,0.000,0.000,0.000
azure.com__policyinsights-remediations__2019-07-01__swagger.yaml,RemediationsClient,azure.com,2.0,24,276,24,24,24,24,24,24,24,24,24,100.000,100.000,100.000,100.000,0.000,0.000,0.000
azure.com__portal__2019-01-01-preview__swagger.yaml,portal,azure.com,2.0,7,21,7,7,5,7,6,7,6,6,5,100.000,100.000,71.429,100.000,28.571,28.571,52.381
azure.com__postgresql-DataEncryptionKeys__2020-01-01-privatepreview__swagger.yaml,PostgreSQLManagementClient,azure.com,2.0,4,6,4,4,4,4,4,4,4,4,4,100.000,100.000,100.000,100.000,0.000,0.000,0.000
azure.com__powerbidedicated__2017-10-01__swagger.yaml,PowerBIDedicated,azure.com,2.0,12,66,12,12,9,12,9,12,9,9,9,100.000,100.000,54.545,100.000,45.455,45.455,45.455
azure.com__powerbiembedded__2016-01-29__swagger.yaml,Power BI Embedded Management Client,azure.com,2.0,12,66,12,12,10,12,11,12,11,11,10,100.000,100.000,83.333,100.000,16.667,16.667,31.818
azure.com__privatedns__2018-09-01__swagger.yaml,PrivateDnsManagementClient,azure.com,2.0,17,136,17,17,15,17,17,17,17,17,15,100.000,100.000,100.000,100.000,0.000,0.000,22.794
azure.com__recoveryservices-vaults__2016-06-01__swagger.yaml,RecoveryServicesClient,azure.com,2.0,11,55,11,11,7,11,10,10,9,9,7,100.000,100.000,81.818,81.818,34.545,34.545,61.818
azure.com__recoveryservicesbackup-bms__2019-06-15__swagger.yaml,RecoveryServicesBackupClient,azure.com,2.0,21,210,21,21,18,21,17,21,17,17,15,100.000,100.000,64.762,100.000,35.238,35.238,50.000
azure.com__recoveryservicessiterecovery-service__2018-07-10__swagger.yaml,SiteRecoveryManagementClient,azure.com,2.0,126,7875,126,126,65,126,112,120,106,106,55,100.000,100.000,78.933,90.667,29.333,29.333,81.143
azure.com__redis__2019-07-01__swagger.yaml,RedisManagementClient,azure.com,2.0,26,325,26,26,16,26,22,26,22,22,15,100.000,100.000,71.077,100.000,28.923,28.923,67.692
azure.com__relay__2017-04-01__swagger.yaml,Relay,azure.com,2.0,34,561,34,34,22,34,28,34,28,28,19,100.000,100.000,67.380,100.000,32.620,32.620,69.519
azure.com__reservations-quota__2019-07-19-preview__swagger.yaml,Azure Reservation,azure.com,2.0,8,28,8,8,8,8,8,8,8,8,8,100.000,100.000,100.000,100.000,0.000,0.000,0.000
azure.com__resourcegraph-graphquery__2018-09-01-preview__swagger.yaml,Azure Resource Graph Query,azure.com,2.0,5,10,5,5,5,5,5,5,5,5,5,100.000,100.000,100.000,100.000,0.000,0.000,0.000
azure.com__resourcegraph__2018-09-01-preview__swagger.yaml,Azure Resource Graph,azure.com,2.0,4,6,4,4,1,4,4,4,4,4,1,100.000,100.000,100.000,100.000,0.000,0.000,100.000
azure.com__resourcehealth-ResourceHealth__2018-07-01-preview__swagger.yaml,Microsoft.ResourceHealth,azure.com,2.0,12,66,12,12,10,12,12,10,10,10,9,100.000,100.000,100.000,68.182,31.818,31.818,45.455
azure.com__resources-deploymentScripts__2019-10-01-preview__swagger.yaml,DeploymentScriptsClient,azure.com,2.0,8,28,8,8,6,8,8,8,8,8,6,100.000,100.000,100.000,100.000,0.000,0.000,46.429
azure.com__resources-features__2015-12-01__swagger.yaml,FeatureClient,azure.com,2.0,5,10,5,5,3,5,5,5,5,5,3,100.000,100.000,100.000,100.000,0.000,0.000,70.000
azure.com__resources-links__2016-09-01__swagger.yaml,ManagementLinkClient,azure.com,2.0,6,15,6,6,6,6,5,6,5,5,5,100.000,100.000,66.667,100.000,33.333,33.333,33.333
azure.com__resources-locks__2016-09-01__swagger.yaml,ManagementLockClient,azure.com,2.0,17,136,17,17,17,17,13,17,13,13,13,100.000,100.000,57.353,100.000,42.647,42.647,42.647
azure.com__resources-managedapplications__2016-09-01-preview__swagger.yaml,ManagedApplicationClient,azure.com,2.0,18,153,18,18,14,18,14,18,14,14,12,100.000,100.000,59.477,100.000,40.523,40.523,56.863
azure.com__resources-managedapplications__2019-07-01__swagger.yaml,ApplicationClient,azure.com,2.0,22,231,22,22,15,22,17,22,17,17,14,100.000,100.000,58.874,100.000,41.126,41.126,60.606
azure.com__resources-policyAssignments__2019-09-01__swagger.yaml,PolicyClient,azure.com,2.0,10,45,10,10,8,10,10,10,10,10,8,100.000,100.000,100.000,100.000,0.000,0.000,37.778
azure.com__resources__2019-10-01__swagger.yaml,ResourceManagementClient,azure.com,2.0,82,3321,82,82,70,82,82,80,80,80,68,100.000,100.000,100.000,95.152,4.848,4.848,31.406
azure.com__scheduler__2016-03-01__swagger.yaml,SchedulerManagementClient,azure.com,2.0,15,105,15,15,6,15,10,15,10,10,6,100.000,100.000,42.857,100.000,57.143,57.143,85.714
azure.com__search-searchindex__2019-05-06-Preview__swagger.yaml,SearchIndexClient,azure.com,2.0,9,36,9,9,9,9,7,9,7,7,7,100.000,100.000,58.333,100.000,41.667,41.667,41.667
azure.com__search-searchservice__2019-05-06-Preview__swagger.yaml,SearchServiceClient,azure.com,2.0,31,465,31,31,18,31,24,31,24,24,18,100.000,100.000,59.355,100.000,40.645,40.645,67.097
azure.com__search__2019-10-01-preview__swagger.yaml,SearchManagementClient,azure.com,2.0,16,120,16,16,14,16,16,16,16,16,14,100.000,100.000,100.000,100.000,0.000,0.000,24.167
azure.com__security-assessmentMetadata__2020-01-01__swagger.yaml,Security Center,azure.com,2.0,6,15,6,6,6,6,5,6,5,5,5,100.000,100.000,66.667,100.000,33.333,33.333,33.333
azure.com__securityinsights-SecurityInsights__2020-01-01__swagger.yaml,Security Insights,azure.com,2.0,13,78,13,13,9,13,13,13,13,13,9,100.000,100.000,100.000,100.000,0.000,0.000,53.846
azure.com__serialconsole__2018-05-01__swagger.yaml,MicrosoftSerialConsoleClient,azure.com,2.0,4,6,4,4,2,4,4,4,4,4,2,100.000,100.000,100.000,100.000,0.000,0.000,83.333
azure.com__servermanagement__2016-07-01-preview__swagger.yaml,ServerManagement,azure.com,2.0,25,300,25,25,23,25,20,25,20,20,19,100.000,100.000,63.333,100.000,36.667,36.667,43.000
azure.com__service-map-arm-service-map__2015-11-01-preview__swagger.yaml,Service Map,azure.com,2.0,25,300,25,25,19,25,24,25,24,24,19,100.000,100.000,92.000,100.000,8.000,8.000,43.000
azure.com__servicebus-servicebus-preview__2018-01-01-preview__swagger.yaml,ServiceBusManagementClient,azure.com,2.0,17,136,17,17,15,17,14,17,14,14,13,100.000,100.000,66.912,100.000,33.088,33.088,42.647
azure.com__servicefabric-application__2019-06-01-preview__swagger.yaml,ServiceFabricManagementClient,azure.com,2.0,19,171,19,19,13,19,19,19,19,19,13,100.000,100.000,100.000,100.000,0.000,0.000,54.386
azure.com__servicefabric__1.0.0__swagger.yaml,ServiceFabricClient,azure.com,2.0,77,2926,77,77,72,77,77,77,77,77,72,100.000,100.000,100.000,100.000,0.000,0.000,12.645
azure.com__servicefabric__7.0.0.42__swagger.yaml,Service Fabric Client APIs,azure.com,2.0,239,28441,239,239,203,239,239,239,239,239,203,100.000,100.000,100.000,100.000,0.000,0.000,27.910
azure.com__servicefabricmesh__2018-09-01-preview__swagger.yaml,SeaBreezeManagementClient,azure.com,2.0,36,630,36,36,36,36,36,36,36,36,36,100.000,100.000,100.000,100.000,0.000,0.000,0.000
azure.com__signalr__2018-10-01__swagger.yaml,SignalRManagementClient,azure.com,2.0,12,66,12,12,7,12,10,12,10,10,7,100.000,100.000,68.182,100.000,31.818,31.818,68.182
azure.com__softwareplan__2019-12-01__swagger.yaml,Software Plan RP,azure.com,2.0,8,28,8,8,7,8,6,8,6,6,6,100.000,100.000,53.571,100.000,46.429,46.429,46.429
azure.com__sql-WorkloadClassifiers__2019-06-01-preview__swagger.yaml,SqlManagementClient,azure.com,2.0,4,6,4,4,2,4,3,4,3,3,2,100.000,100.000,50.000,100.000,50.000,50.000,83.333
azure.com__sql-backupLongTermRetentionPolicies__2014-04-01__swagger.yaml,Azure SQL Database Backup Long Term Retention Policy,azure.com,2.0,3,3,3,3,2,3,3,3,3,3,2,100.000,100.000,100.000,100.000,0.000,0.000,66.667
azure.com__sql-backupLongTermRetentionVaults__2014-04-01__swagger.yaml,Azure SQL Server Backup Long Term Retention Vault,azure.com,2.0,3,3,3,3,2,3,3,3,3,3,2,100.000,100.000,100.000,100.000,0.000,0.000,66.667
azure.com__sql-backups__2014-04-01__swagger.yaml,Azure SQL Database Backup,azure.com,2.0,4,6,4,4,2,4,4,4,4,4,2,100.000,100.000,100.000,100.000,0.000,0.000,83.333
azure.com__sql-dataMasking__2014-04-01__swagger.yaml,Azure SQL Database Datamasking Policies and Rules,azure.com,2.0,4,6,4,4,3,4,4,4,4,4,3,100.000,100.000,100.000,100.000,0.000,0.000,50.000
azure.com__sql-databases__2014-04-01__swagger.yaml,Azure SQL Database,azure.com,2.0,11,55,11,11,7,11,8,11,8,8,7,100.000,100.000,50.909,100.000,49.091,49.091,61.818
azure.com__sql-disasterRecoveryConfigurations__2014-04-01__swagger.yaml,Azure SQL Database disaster recovery configurations,azure.com,2.0,6,15,6,6,6,6,3,6,3,3,3,100.000,100.000,20.000,100.000,80.000,80.000,80.000
azure.com__sql-firewallRules__2014-04-01__swagger.yaml,Azure SQL Database server firewall rules,azure.com,2.0,4,6,4,4,2,4,3,4,3,3,2,100.000,100.000,50.000,100.000,50.000,50.000,83.333
azure.com__sql-importExport__2014-04-01__swagger.yaml,Azure SQL Database Import/Export spec,azure.com,2.0,3,3,3,3,2,3,3,3,3,3,2,100.000,100.000,100.000,100.000,0.000,0.000,66.667
azure.com__sql-replicationLinks__2014-04-01__swagger.yaml,Azure SQL Database replication links,azure.com,2.0,5,10,5,5,2,5,2,5,2,2,1,100.000,100.000,10.000,100.000,90.000,90.000,100.000
azure.com__sqlvirtualmachine-sqlvm__2017-03-01-preview__swagger.yaml,SqlVirtualMachineManagementClient,azure.com,2.0,18,153,18,18,12,18,15,18,15,15,12,100.000,100.000,68.627,100.000,31.373,31.373,56.863
azure.com__storSimple1200Series-StorSimple__2016-10-01__swagger.yaml,StorSimpleManagementClient,azure.com,2.0,94,4371,94,94,68,94,75,94,75,75,61,100.000,100.000,63.487,100.000,36.513,36.513,58.133
azure.com__storage-DataLakeStorage__2019-10-31__swagger.yaml,Azure Data Lake Storage,azure.com,2.0,10,45,10,10,8,10,2,10,2,2,2,100.000,100.000,2.222,100.000,97.778,97.778,97.778
azure.com__storage-blob__2019-06-01__swagger.yaml,StorageManagementClient,azure.com,2.0,16,120,16,16,16,16,15,16,15,15,15,100.000,100.000,87.500,100.000,12.500,12.500,12.500
azure.com__storage__2017-10-01__swagger.yaml,StorageManagement,azure.com,2.0,14,91,14,14,9,14,13,14,13,13,9,100.000,100.000,85.714,100.000,14.286,14.286,60.440
azure.com__storagecache__2019-11-01__swagger.yaml,Storage Cache Mgmt Client,azure.com,2.0,17,136,17,17,10,17,17,17,17,17,10,100.000,100.000,100.000,100.000,0.000,0.000,66.912
azure.com__storageimportexport__2016-11-01__swagger.yaml,StorageImportExport,azure.com,2.0,10,45,10,10,7,10,9,10,9,9,7,100.000,100.000,80.000,100.000,20.000,20.000,53.333
azure.com__storagesync__2019-06-01__swagger.yaml,Microsoft Storage Sync,azure.com,2.0,37,666,37,37,17,37,37,37,37,37,17,100.000,100.000,100.000,100.000,0.000,0.000,79.580
azure.com__storsimple8000series-storsimple__2017-06-01__swagger.yaml,StorSimple8000SeriesManagementClient,azure.com,2.0,92,4186,92,92,62,92,73,92,73,73,58,100.000,100.000,62.781,100.000,37.219,37.219,60.511
azure.com__streamanalytics-functions__2016-03-01__swagger.yaml,StreamAnalyticsManagementClient,azure.com,2.0,7,21,7,7,3,7,6,7,6,6,3,100.000,100.000,71.429,100.000,28.571,28.571,85.714
azure.com__subscription-subscriptionDefinitions__2017-11-01-preview__swagger.yaml,SubscriptionDefinitionsClient,azure.com,2.0,5,10,5,5,4,5,5,5,5,5,4,100.000,100.000,100.000,100.000,0.000,0.000,40.000
azure.com__subscription-subscriptions__2020-01-01__swagger.yaml,SubscriptionClient,azure.com,2.0,8,28,8,8,4,8,8,8,8,8,4,100.000,100.000,100.000,100.000,0.000,0.000,78.571
azure.com__support__2019-05-01-preview__swagger.yaml,Microsoft.Support,azure.com,2.0,14,91,14,14,10,14,14,14,14,14,10,100.000,100.000,100.000,100.000,0.000,0.000,50.549
azure.com__timeseriesinsights__2018-08-15-preview__swagger.yaml,TimeSeriesInsightsClient,azure.com,2.0,22,231,22,22,14,22,22,22,22,22,14,100.000,100.000,100.000,100.000,0.000,0.000,60.606
azure.com__timeseriesinsights__2018-11-01-preview__swagger.yaml,TimeSeriesInsightsClient,azure.com,2.0,13,78,13,13,12,13,13,13,13,13,12,100.000,100.000,100.000,100.000,0.000,0.000,15.385
azure.com__trafficmanager__2018-04-01__swagger.yaml,TrafficManagerManagementClient,azure.com,2.0,16,120,16,16,14,16,16,16,16,16,14,100.000,100.000,100.000,100.000,0.000,0.000,24.167
azure.com__visualstudio-Csm__2017-11-01-preview__swagger.yaml,Visual Studio Resource Provider Client,azure.com,2.0,15,105,15,15,15,14,13,15,12,12,12,100.000,86.667,74.286,100.000,37.143,37.143,37.143
azure.com__visualstudio-Projects__2018-08-01-preview__swagger.yaml,Visual Studio Projects Resource Provider Client,azure.com,2.0,4,6,4,4,4,4,4,4,4,4,4,100.000,100.000,100.000,100.000,0.000,0.000,0.000
azure.com__vmwarecloudsimple__2019-04-01__swagger.yaml,VMwareCloudSimple,azure.com,2.0,34,561,34,34,21,34,34,34,34,34,21,100.000,100.000,100.000,100.000,0.000,0.000,62.567
azure.com__web-AppServiceCertificateOrders__2019-08-01__swagger.yaml,AppServiceCertificateOrders API Client,azure.com,2.0,20,190,20,20,20,20,15,20,15,15,15,100.000,100.000,55.263,100.000,44.737,44.737,44.737
azure.com__web-AppServiceEnvironments__2019-08-01__swagger.yaml,AppServiceEnvironments API Client,azure.com,2.0,36,630,36,36,36,36,28,36,28,28,28,100.000,100.000,60.000,100.000,40.000,40.000,40.000
azure.com__web-AppServicePlans__2019-08-01__swagger.yaml,AppServicePlans API Client,azure.com,2.0,27,351,27,27,27,27,5,27,5,5,5,100.000,100.000,2.849,100.000,97.151,97.151,97.151
azure.com__web-Certificates__2019-08-01__swagger.yaml,Certificates API Client,azure.com,2.0,6,15,6,6,4,6,5,6,5,5,4,100.000,100.000,66.667,100.000,33.333,33.333,60.000
azure.com__web-DeletedWebApps__2019-08-01__swagger.yaml,DeletedWebApps API Client,azure.com,2.0,3,3,3,3,3,3,2,3,2,2,2,100.000,100.000,33.333,100.000,66.667,66.667,66.667
azure.com__web-Diagnostics__2019-08-01__swagger.yaml,Diagnostics API Client,azure.com,2.0,22,231,22,22,22,22,22,22,22,22,22,100.000,100.000,100.000,100.000,0.000,0.000,0.000
azure.com__web-Domains__2019-08-01__swagger.yaml,Domains API Client,azure.com,2.0,15,105,15,15,12,15,12,15,12,12,11,100.000,100.000,62.857,100.000,37.143,37.143,47.619
azure.com__web-Provider__2019-08-01__swagger.yaml,Provider API Client,azure.com,2.0,3,3,3,3,3,3,2,3,2,2,2,100.000,100.000,33.333,100.000,66.667,66.667,66.667
azure.com__web-Recommendations__2019-08-01__swagger.yaml,Recommendations API Client,azure.com,2.0,15,105,15,15,15,15,7,15,7,7,7,100.000,100.000,20.000,100.000,80.000,80.000,80.000
azure.com__web-ResourceHealthMetadata__2019-08-01__swagger.yaml,ResourceHealthMetadata API Client,azure.com,2.0,6,15,6,6,6,6,6,6,6,6,6,100.000,100.000,100.000,100.000,0.000,0.000,0.000
azure.com__web-ResourceProvider__2019-08-01__swagger.yaml, API Client,azure.com,2.0,16,120,16,16,13,16,13,16,13,13,10,100.000,100.000,65.000,100.000,35.000,35.000,62.500
azure.com__web-TopLevelDomains__2019-08-01__swagger.yaml,TopLevelDomains API Client,azure.com,2.0,3,3,3,3,1,3,3,3,3,3,1,100.000,100.000,100.000,100.000,0.000,0.000,100.000
azure.com__web-WebApps__2019-08-01__swagger.yaml,WebApps API Client,azure.com,2.0,363,65703,363,363,363,363,234,363,234,234,234,100.000,100.000,41.491,100.000,58.509,58.509,58.509
azure.com__web-logicAppsManagementClient__2016-06-01__swagger.yaml,LogicAppsManagementClient,azure.com,2.0,26,325,26,26,15,26,21,26,21,21,14,100.000,100.000,64.615,100.000,35.385,35.385,72.000
azure.com__web-service__2015-08-01__swagger.yaml,WebSite Management Client,azure.com,2.0,295,43365,295,295,293,295,295,0,0,0,0,100.000,100.000,100.000,0.000,100.000,100.000,100.000
azure.com__windowsesu__2019-09-16-preview__swagger.yaml,windowsesu,azure.com,2.0,7,21,7,7,5,7,6,7,6,6,5,100.000,100.000,71.429,100.000,28.571,28.571,52.381
azure.com__windowsiot-WindowsIotServices__2019-06-01__swagger.yaml,DeviceServices,azure.com,2.0,8,28,8,8,8,8,8,8,8,8,8,100.000,100.000,100.000,100.000,0.000,0.000,0.000
azure.com__workloadmonitor-Microsoft.WorkloadMonitor__2018-08-31-preview__swagger.yaml,Workload Monitor,azure.com,2.0,13,78,13,13,9,13,13,0,0,0,0,100.000,100.000,100.000,0.000,100.000,100.000,100.000
balldontlie.io__1.0.0__openapi.yaml,balldontlie,balldontlie.io,3.x,7,21,7,7,7,3,0,7,0,0,0,100.000,14.286,0.000,100.000,100.000,100.000,100.000
bbc.co.uk__1.0.0__swagger.yaml,Radio & Music Services,bbc.co.uk,2.0,75,2775,64,64,64,75,75,70,64,64,64,72.649,100.000,100.000,87.027,27.351,27.351,27.351
bbc.com__1.0.0__openapi.yaml,BBC Nitro API,bbc.com,3.x,25,300,25,25,25,23,25,25,23,23,23,100.000,84.333,100.000,100.000,15.667,15.667,15.667
bbci.co.uk__1.0__openapi.yaml,BBC iPlayer Business Layer,bbci.co.uk,3.x,29,406,29,29,21,28,29,29,28,28,21,100.000,93.103,100.000,100.000,6.897,6.897,48.276
bclaws.ca__bclaws__1.0.0__openapi.yaml,BC Laws,bclaws.ca,3.x,7,21,0,0,0,7,0,4,0,0,0,0.000,100.000,0.000,28.571,100.000,100.000,100.000
beanstream.com__1.0.1__swagger.yaml,Beanstream Payments,beanstream.com,2.0,15,105,0,0,0,15,15,15,0,0,0,0.000,100.000,100.000,100.000,100.000,100.000,100.000
beezup.com__2.0__openapi.yaml,BeezUP Merchant API ,beezup.com,3.x,224,24976,224,224,214,183,214,53,32,32,32,100.000,66.676,91.252,5.517,98.014,98.014,98.014
bhagavadgita.io__1.0__openapi.yaml,Bhagavad Gita API,bhagavadgita.io,3.x,6,15,0,0,0,5,5,5,0,0,0,0.000,66.667,66.667,66.667,100.000,100.000,100.000
biapi.pro__2.0__openapi.yaml,Budgea API Documentation,biapi.pro,3.x,167,13861,0,0,0,153,140,81,0,0,0,0.000,83.890,70.197,23.375,100.000,100.000,100.000
bigoven.com__partner__openapi.yaml,"1,000,000+ Recipe and Grocery List API (v2)",bigoven.com,3.x,66,2145,62,62,39,45,63,0,0,0,0,88.159,46.154,91.049,0.000,100.000,100.000,100.000
bigredcloud.com__v1__openapi.yaml,Big Red Cloud API,bigredcloud.com,3.x,111,6105,98,98,33,48,94,0,0,0,0,77.854,18.477,71.597,0.000,100.000,100.000,100.000
bikewise.org__v2__openapi.yaml,BikeWise API v2,bikewise.org,3.x,4,6,4,4,4,4,0,3,0,0,0,100.000,100.000,0.000,50.000,100.000,100.000,100.000
billbee.io__v1__openapi.yaml,Billbee API,billbee.io,3.x,76,2850,76,76,74,47,53,8,5,5,5,100.000,37.930,48.351,0.982,99.649,99.649,99.649
billingo.hu__3.0.7__openapi.yaml,Billingo API v3,billingo.hu,3.x,31,465,31,31,31,26,28,31,23,23,23,100.000,69.892,81.290,100.000,45.591,45.591,45.591
bitbucket.org__2.0__openapi.yaml,Bitbucket API,bitbucket.org,3.x,305,46360,90,90,89,298,208,295,60,60,60,8.639,95.455,46.437,93.540,96.182,96.182,96.182
bkk.hu__1.0.1__openapi.yaml,realCity Query Server API,bkk.hu,3.x,23,253,23,23,22,23,22,0,0,0,0,100.000,100.000,91.304,0.000,100.000,100.000,100.000
blazemeter.com__4__swagger.yaml,Blazemeter API Explorer,blazemeter.com,2.0,14,91,11,11,8,9,12,0,0,0,0,60.440,39.560,72.527,0.000,100.000,100.000,100.000
bluemix.net__containers__3.0.0__openapi.yaml,IBM Containers API,bluemix.net,3.x,47,1081,0,0,0,46,29,47,0,0,0,0.000,95.745,37.558,100.000,100.000,100.000,100.000
botify.com__1.0.0__openapi.yaml,Botify API,botify.com,3.x,26,325,26,26,26,26,26,26,26,26,26,100.000,100.000,100.000,100.000,0.000,0.000,0.000
botschaft.local__0.1.0__openapi.yaml,FastAPI,botschaft.local,3.x,10,45,10,10,2,10,10,0,0,0,0,100.000,100.000,100.000,0.000,100.000,100.000,100.000
box.com__2.0.0__openapi.yaml,Box Platform API,box.com,3.x,258,33153,257,258,3,221,257,258,219,220,3,99.225,73.327,99.225,100.000,27.997,27.337,99.991
brainbi.net__1.0.0__openapi.yaml,brainbi,brainbi.net,3.x,14,91,14,14,8,14,0,14,0,0,0,100.000,100.000,0.000,100.000,100.000,100.000,100.000
brandlovers.com__1.0.0__swagger.yaml,BrandLovers Marketplace API V1,brandlovers.com,2.0,36,630,0,0,0,36,36,36,0,0,0,0.000,100.000,100.000,100.000,100.000,100.000,100.000
braze.com__1.0.0__openapi.yaml,Braze Endpoints,braze.com,3.x,31,465,31,31,31,30,0,31,0,0,0,100.000,93.548,0.000,100.000,100.000,100.000,100.000
breadcrumbs.one__v1__openapi.yaml,Breadcrumbs One,breadcrumbs.one,3.x,5,10,0,0,0,2,5,0,0,0,0,0.000,10.000,100.000,0.000,100.000,100.000,100.000
brex.io__2021.12__openapi.yaml,KYC API Documentation,brex.io,3.x,54,1431,54,54,54,42,0,54,0,0,0,100.000,60.168,0.000,100.000,100.000,100.000,100.000
bridgedb.org__0.9.0__swagger.yaml,bridgedb webservices,bridgedb.org,2.0,13,78,0,0,0,13,0,13,0,0,0,0.000,100.000,0.000,100.000,100.000,100.000,100.000
britbox.co.uk__3.730.300-ref-1-39-0__openapi.yaml,Rocket Services,britbox.co.uk,3.x,121,7260,114,114,108,119,119,121,110,110,105,88.719,96.708,96.708,100.000,17.424,17.424,24.793
browshot.com__1.17.0__swagger.yaml,Browshot API,browshot.com,2.0,17,136,17,17,17,15,15,17,13,13,13,100.000,77.206,77.206,100.000,42.647,42.647,42.647
bufferapp.com__1__swagger.yaml,Bufferapp,bufferapp.com,2.0,18,153,0,0,0,18,18,18,0,0,0,0.000,100.000,100.000,100.000,100.000,100.000,100.000
bulksms.com__1.0.0__openapi.yaml,BulkSMS JSON REST API,bulksms.com,3.x,15,105,0,0,0,9,14,11,0,0,0,0.000,34.286,86.667,52.381,100.000,100.000,100.000
bungie.net__2.18.0__openapi.yaml,Bungie.Net API,bungie.net,3.x,134,8911,134,134,96,99,134,134,99,99,77,100.000,54.438,100.000,100.000,45.562,45.562,67.164
byautomata.io__1.0.1__openapi.yaml,Automata Market Intelligence API,byautomata.io,3.x,4,6,0,0,0,3,4,0,0,0,0,0.000,50.000,100.000,0.000,100.000,100.000,100.000
c19qrserver.local__1.1__openapi.yaml,API for the COVID-19 Tracking QR Code Signin Server.,c19qrserver.local,3.x,14,91,0,0,0,6,9,14,0,0,0,0.000,16.484,39.560,100.000,100.000,100.000,100.000
callcontrol.com__2015-11-01__swagger.yaml,Call Control API,callcontrol.com,2.0,6,15,6,6,4,6,5,4,3,3,1,100.000,100.000,66.667,40.000,80.000,80.000,100.000
callfire.com__V2__openapi.yaml,CallFire API Documentation,callfire.com,3.x,122,7381,122,122,122,113,98,122,89,89,89,100.000,85.734,64.395,100.000,46.945,46.945,46.945
cambase.io__1.0__swagger.yaml,Cambase.io,cambase.io,2.0,17,136,11,11,9,17,0,0,0,0,0,40.441,100.000,0.000,0.000,100.000,100.000,100.000
canada-holidays.ca__1.8.0__openapi.yaml,Canada Holidays API,canada-holidays.ca,3.x,6,15,6,6,3,4,4,6,4,4,2,100.000,40.000,40.000,100.000,60.000,60.000,93.333
carbone.io__1.2.0__openapi.yaml,Carbone API,carbone.io,3.x,5,10,0,0,0,5,0,5,0,0,0,0.000,100.000,0.000,100.000,100.000,100.000,100.000
cdcgov.local__prime-data-hub__0.2.0-oas3__openapi.yaml,Prime ReportStream,cdcgov.local,3.x,13,78,0,0,0,12,13,12,0,0,0,0.000,84.615,100.000,84.615,100.000,100.000,100.000
cenit.io__v1__swagger.yaml,Cenit IO - REST API Specification,cenit.io,2.0,40,780,0,0,0,20,30,40,0,0,0,0.000,24.359,55.769,100.000,100.000,100.000,100.000
chain49.com__2.0__openapi.yaml,Chain49 API,chain49.com,3.x,18,153,18,18,18,17,0,18,0,0,0,100.000,88.889,0.000,100.000,100.000,100.000,100.000
chaingateway.io__1.0.0__openapi.yaml,Chaingateway.io V2,chaingateway.io,3.x,119,7021,119,119,119,62,0,119,0,0,0,100.000,26.933,0.000,100.000,100.000,100.000,100.000
chaingateway.io__1.0__openapi.yaml,Chaingateway.io,chaingateway.io,3.x,21,210,21,21,0,21,21,21,21,21,0,100.000,100.000,100.000,100.000,0.000,0.000,100.000
change.local__v1__openapi.yaml,API V1,change.local,3.x,8,28,0,0,0,8,0,8,0,0,0,0.000,100.000,0.000,100.000,100.000,100.000,100.000
channel4.com__1.0.0__swagger.yaml,Channel 4 API,channel4.com,2.0,68,2278,68,68,68,68,68,68,68,68,68,100.000,100.000,100.000,100.000,0.000,0.000,0.000
chompthis.com__1.0.0-oas3__openapi.yaml,Chomp Food Database API Documentation,chompthis.com,3.x,4,6,0,0,0,4,0,4,0,0,0,0.000,100.000,0.000,100.000,100.000,100.000,100.000
circl.lu__hashlookup__1.2__openapi.yaml,hashlookup CIRCL API,circl.lu,3.x,11,55,11,11,4,7,0,11,0,0,0,100.000,38.182,0.000,100.000,100.000,100.000,100.000
circleci.com__v1__openapi.yaml,CircleCI REST API,circleci.com,3.x,22,231,0,0,0,19,12,22,0,0,0,0.000,74.026,28.571,100.000,100.000,100.000,100.000
circuitsandbox.net__2.9.235__openapi.yaml,REST API Version 2,circuitsandbox.net,3.x,123,7503,123,123,121,102,88,123,70,70,68,100.000,68.653,51.020,100.000,67.813,67.813,69.639
cisco.com__0.0.3__swagger.yaml,Cisco PSIRT openVuln API,cisco.com,2.0,19,171,0,0,0,17,0,19,0,0,0,0.000,79.532,0.000,100.000,100.000,100.000,100.000
citrixonline.com__gotomeeting__1.0.0__swagger.yaml,GoToMeeting,citrixonline.com,2.0,26,325,0,0,0,26,23,26,0,0,0,0.000,100.000,77.846,100.000,100.000,100.000,100.000
citrixonline.com__scim__NA__swagger.yaml,SCIM,citrixonline.com,2.0,17,136,17,17,17,17,15,17,15,15,15,100.000,100.000,77.206,100.000,22.794,22.794,22.794
citycontext.com__1.0.0__swagger.yaml,City Context,citycontext.com,2.0,3,3,3,3,2,2,3,0,0,0,0,100.000,33.333,100.000,0.000,100.000,100.000,100.000
clarify.io__1.3.7__swagger.yaml,api.clarify.io,clarify.io,2.0,21,210,4,4,4,21,17,21,4,4,4,2.857,100.000,64.762,100.000,97.143,97.143,97.143
clearblade.com__3.0__swagger.yaml,ClearBlade API,clearblade.com,2.0,220,24090,220,220,219,218,147,217,144,144,143,100.000,98.186,44.545,97.285,57.260,57.260,57.854
clever-cloud.com__1.0.0__openapi.yaml,Clever-Cloud API,clever-cloud.com,3.x,324,52326,236,236,236,264,115,54,14,14,14,52.995,66.346,12.527,2.735,99.826,99.826,99.826
clever.com__1.2.0__openapi.yaml,Data API,clever.com,3.x,44,946,44,44,44,43,44,44,43,43,43,100.000,95.455,100.000,100.000,4.545,4.545,4.545
clickmeter.com__v2__openapi.yaml,ClickMeter API,clickmeter.com,3.x,104,5356,96,96,70,86,104,0,0,0,0,85.138,68.241,100.000,0.000,100.000,100.000,100.000
clicksend.com__1.0.0__openapi.yaml,ClickSend REST API v3,clicksend.com,3.x,205,20910,177,177,136,104,0,33,0,0,0,74.491,25.615,0.000,2.525,100.000,100.000,100.000
climate.com__4.0.11__openapi.yaml,Climate FieldView Platform APIs,climate.com,3.x,26,325,16,16,16,22,5,26,1,1,1,36.923,71.077,3.077,100.000,100.000,100.000,100.000
climatekuul.com__1.0__openapi.yaml,climateKuul live,climatekuul.com,3.x,26,325,26,26,18,2,1,0,0,0,0,100.000,0.308,0.000,0.000,100.000,100.000,100.000
cloud-elements.com__ecwid__api-v2__swagger.yaml,ecwid,cloud-elements.com,2.0,41,820,41,41,41,41,33,0,0,0,0,100.000,100.000,64.390,0.000,100.000,100.000,100.000
cloudmersive.com__ocr__v1__openapi.yaml,ocrapi,cloudmersive.com,3.x,20,190,20,20,17,12,14,18,10,10,10,100.000,34.737,47.895,80.526,76.316,76.316,76.316
cloudrf.com__2.0.0__openapi.yaml,Cloud-RF API,cloudrf.com,3.x,11,55,11,11,2,7,4,11,0,0,0,100.000,38.182,10.909,100.000,100.000,100.000,100.000
clubhouseapi.com__1__openapi.yaml,Clubhouse API,clubhouseapi.com,3.x,41,820,0,0,0,5,0,1,0,0,0,0.000,1.220,0.000,0.000,100.000,100.000,100.000
cnab-online.herokuapp.com__1.0.0__swagger.yaml,Cnab Online,cnab-online.herokuapp.com,2.0,4,6,0,0,0,4,4,1,0,0,0,0.000,100.000,100.000,0.000,100.000,100.000,100.000
codat.io__assess__1.0__openapi.yaml,Assess API,codat.io,3.x,27,351,27,27,27,26,24,27,23,23,23,100.000,92.593,78.632,100.000,27.920,27.920,27.920
codat.io__bank-feeds__2.1.0__openapi.yaml,Bank Feeds API,codat.io,3.x,6,15,6,6,6,6,6,6,6,6,6,100.000,100.000,100.000,100.000,0.000,0.000,0.000
codat.io__banking__2.1.0__openapi.yaml,Banking API,codat.io,3.x,8,28,8,8,8,8,8,8,8,8,8,100.000,100.000,100.000,100.000,0.000,0.000,0.000
codat.io__commerce__2.1.0__openapi.yaml,Commerce API,codat.io,3.x,11,55,11,11,11,11,11,11,11,11,11,100.000,100.000,100.000,100.000,0.000,0.000,0.000
codat.io__sync-for-commerce__1.1__openapi.yaml,Sync for Commerce API,codat.io,3.x,17,136,17,17,16,14,16,17,13,13,13,100.000,66.912,88.235,100.000,42.647,42.647,42.647
codat.io__sync-for-expenses__prealpha__openapi.yaml,Codat Expense API,codat.io,3.x,13,78,13,13,11,13,13,13,13,13,11,100.000,100.000,100.000,100.000,0.000,0.000,29.487
collegefootballdata.com__4.4.12__openapi.yaml,College Football Data API,collegefootballdata.com,3.x,51,1275,51,51,51,44,50,51,44,44,44,100.000,74.196,96.078,100.000,25.804,25.804,25.804
color.pizza__1.0.0__openapi.yaml,Color Name API,color.pizza,3.x,4,6,0,0,0,3,3,0,0,0,0,0.000,50.000,50.000,0.000,100.000,100.000,100.000
combell.com__v2__openapi.yaml,Public Api,combell.com,3.x,75,2775,69,69,68,68,63,11,4,4,4,84.541,82.090,70.378,1.982,99.784,99.784,99.784
configcat.com__v1__openapi.yaml,ConfigCat Public Management API,configcat.com,3.x,63,1953,60,60,50,57,54,55,44,44,37,90.630,81.720,73.272,76.037,51.562,51.562,65.899
conjur.local__5.3.0__openapi.yaml,Conjur,conjur.local,3.x,40,780,40,40,37,39,0,40,0,0,0,100.000,95.000,0.000,100.000,100.000,100.000,100.000
consumerfinance.gov__1.0__swagger.yaml,The Consumer Financial Protection Bureau,consumerfinance.gov,2.0,6,15,6,6,6,4,1,0,0,0,0,100.000,40.000,0.000,0.000,100.000,100.000,100.000
contentgroove.com__1.0.0__openapi.yaml,ContentGroove API,contentgroove.com,3.x,15,105,15,15,15,11,12,0,0,0,0,100.000,52.381,62.857,0.000,100.000,100.000,100.000
contract-p.fit__1.0__openapi.yaml,Contract.fit API,contract-p.fit,3.x,138,9453,137,137,126,114,74,116,60,60,57,98.551,68.137,28.573,70.560,81.276,81.276,83.116
contribly.com__1.0.0__openapi.yaml,Contribly,contribly.com,3.x,44,946,0,0,0,28,36,14,0,0,0,0.000,39.958,66.596,9.619,100.000,100.000,100.000
core.ac.uk__2.0__swagger.yaml,CORE API v2,core.ac.uk,2.0,18,153,12,12,12,18,17,18,11,11,11,43.137,100.000,88.889,100.000,64.052,64.052,64.052
corrently.io__2.0.0__openapi.yaml,Corrently.io,corrently.io,3.x,26,325,26,26,25,15,12,26,8,8,8,100.000,32.308,20.308,100.000,91.385,91.385,91.385
covid19-api.com__1.2.6__openapi.yaml,COVID-19 data API,covid19-api.com,3.x,9,36,9,9,9,9,0,9,0,0,0,100.000,100.000,0.000,100.000,100.000,100.000,100.000
cpy.re__peertube__5.1.0__openapi.yaml,PeerTube,cpy.re,3.x,186,17205,101,101,101,134,102,29,5,5,5,29.352,51.793,29.939,2.360,99.942,99.942,99.942
credas.co.uk__pi__v1__openapi.yaml,Credas API,credas.co.uk,3.x,37,666,36,36,35,37,37,6,6,6,6,94.595,100.000,100.000,2.252,97.748,97.748,97.748
crediwatch.com__covid19__1.3.0__openapi.yaml,Crediwatch's Covid APIs,crediwatch.com,3.x,5,10,5,5,1,5,5,0,0,0,0,100.000,100.000,100.000,0.000,100.000,100.000,100.000
crossbrowsertesting.com__3.0.0__openapi.yaml,Crossbrowsertesting.com Screenshot Comparisons API,crossbrowsertesting.com,3.x,3,3,0,0,0,3,3,3,0,0,0,0.000,100.000,100.000,100.000,100.000,100.000,100.000
crucible.local__1.0.0__swagger.yaml,Crucible,crucible.local,2.0,79,3081,79,79,73,74,0,70,0,0,0,100.000,87.666,0.000,78.384,100.000,100.000,100.000
cycat.org__0.9__swagger.yaml,CyCAT.org API,cycat.org,2.0,14,91,14,14,4,10,0,14,0,0,0,100.000,49.451,0.000,100.000,100.000,100.000,100.000
d7networks.com__1.0.2__openapi.yaml,D7SMS,d7networks.com,3.x,3,3,3,3,3,2,2,3,2,2,2,100.000,33.333,33.333,100.000,66.667,66.667,66.667
daniweb.com__4__openapi.yaml,DaniWeb Connect API,daniweb.com,3.x,67,2211,0,0,0,50,67,64,0,0,0,0.000,55.405,100.000,91.180,100.000,100.000,100.000
data.gov__3.0__swagger.yaml,Regulations.gov,data.gov,2.0,3,3,3,3,0,3,0,1,0,0,0,100.000,100.000,0.000,0.000,100.000,100.000,100.000
data2crm.com__1__swagger.yaml,Data2CRM.API,data2crm.com,2.0,336,56280,336,336,336,336,305,276,246,246,246,100.000,100.000,82.374,67.431,46.455,46.455,46.455
dataatwork.org__1.0__swagger.yaml,Open Skills API,dataatwork.org,2.0,13,78,0,0,0,12,13,13,0,0,0,0.000,84.615,100.000,100.000,100.000,100.000,100.000
dataflowkit.com__1.3__openapi.yaml,Dataflow Kit Web Scraper,dataflowkit.com,3.x,5,10,5,5,2,0,5,5,0,0,0,100.000,0.000,100.000,100.000,100.000,100.000,100.000
datumbox.com__1.0__openapi.yaml,api.datumbox.com,datumbox.com,3.x,14,91,14,14,0,0,0,14,0,0,0,100.000,0.000,0.000,100.000,100.000,100.000,100.000
deeparteffects.com__2017-02-10T162446Z__swagger.yaml,Deep Art Effects,deeparteffects.com,2.0,3,3,0,0,0,2,3,0,0,0,0,0.000,33.333,100.000,0.000,100.000,100.000,100.000
departureboard.io__2.0__openapi.yaml,departureboard.io API,departureboard.io,3.x,6,15,6,6,0,6,0,0,0,0,0,100.000,100.000,0.000,0.000,100.000,100.000,100.000
deutschebahn.com__fahrplan__v1__swagger.yaml,Fahrplan-Free,deutschebahn.com,2.0,4,6,0,0,0,4,4,4,0,0,0,0.000,100.000,100.000,100.000,100.000,100.000,100.000
deutschebahn.com__fasta__2.1__swagger.yaml,FaSta - Station Facilities Status,deutschebahn.com,2.0,3,3,3,3,3,3,3,3,3,3,3,100.000,100.000,100.000,100.000,0.000,0.000,0.000
deutschebahn.com__flinkster__v1__swagger.yaml,Flinkster_API_NG,deutschebahn.com,2.0,10,45,10,10,10,9,10,10,9,9,9,100.000,80.000,100.000,100.000,20.000,20.000,20.000
deutschebahn.com__reisezentren__v1__openapi.yaml,Reisezentren-API,deutschebahn.com,3.x,4,6,0,0,0,4,4,4,0,0,0,0.000,100.000,100.000,100.000,100.000,100.000,100.000
deutschebahn.com__stada__2.2.01__swagger.yaml,Stationsdatenbereitstellung,deutschebahn.com,2.0,4,6,0,0,0,4,4,4,0,0,0,0.000,100.000,100.000,100.000,100.000,100.000,100.000
dev.to__1.0.0__openapi.yaml,Forem API V1,dev.to,3.x,40,780,28,28,27,32,30,40,19,19,18,48.462,63.590,55.769,100.000,78.077,78.077,80.385
digitallinguistics.io__0.3.1__swagger.yaml,DLx,digitallinguistics.io,2.0,18,153,18,18,18,18,0,7,0,0,0,100.000,100.000,0.000,13.725,100.000,100.000,100.000
digitallocker.gov.in__authpartner__1.0.0__openapi.yaml,Authorized Partner API Specification,digitallocker.gov.in,3.x,22,231,22,22,22,5,17,22,3,3,3,100.000,4.329,58.874,100.000,98.701,98.701,98.701
digitalnz.org__3__openapi.yaml,DigitalNZ API,digitalnz.org,3.x,3,3,0,0,0,3,3,3,0,0,0,0.000,100.000,100.000,100.000,100.000,100.000,100.000
digitalocean.com__2.0__openapi.yaml,DigitalOcean API,digitalocean.com,3.x,290,41905,290,290,218,244,0,290,0,0,0,100.000,70.746,0.000,100.000,100.000,100.000,100.000
discourse.local__latest__openapi.yaml,Discourse API Documentation,discourse.local,3.x,84,3486,84,84,83,62,0,8,0,0,0,100.000,54.246,0.000,0.803,100.000,100.000,100.000
dnd5eapi.co__0.1__openapi.yaml,D&D 5e API,dnd5eapi.co,3.x,47,1081,0,0,0,46,46,22,0,0,0,0.000,95.745,95.745,21.369,100.000,100.000,100.000
docker.com__dvp__1.0.0__openapi.yaml,DVP Data API,docker.com,3.x,8,28,8,8,8,5,8,8,5,5,5,100.000,35.714,100.000,100.000,64.286,64.286,64.286
docker.com__engine__1.33__openapi.yaml,Docker Engine API,docker.com,3.x,103,5253,103,103,102,88,44,44,10,10,10,100.000,72.873,18.009,18.009,99.143,99.143,99.143
docker.com__hub__beta__openapi.yaml,Docker HUB API,docker.com,3.x,26,325,8,8,8,19,14,24,6,6,6,8.615,52.615,28.000,84.923,95.385,95.385,95.385
dodo.ac__1.6.0__openapi.yaml,Nookipedia,dodo.ac,3.x,30,435,0,0,0,30,30,30,0,0,0,0.000,100.000,100.000,100.000,100.000,100.000,100.000
domainsdb.info__1.0__openapi.yaml,Domains-Index API,domainsdb.info,3.x,14,91,5,5,5,13,11,0,0,0,0,10.989,85.714,60.440,0.000,100.000,100.000,100.000
doqs.dev__1.0__openapi.yaml,doqs.dev | PDF filling API,doqs.dev,3.x,14,91,14,14,8,11,14,0,0,0,0,100.000,60.440,100.000,0.000,100.000,100.000,100.000
dracoon.team__4.42.3__openapi.yaml,DRACOON API,dracoon.team,3.x,294,43071,292,294,291,288,251,294,244,246,246,98.642,95.953,72.845,100.000,31.169,30.034,30.034
drchrono.com__v4 (Hunt Valley)__openapi.yaml,,drchrono.com,3.x,263,34453,263,263,240,262,167,226,142,142,141,100.000,99.240,40.232,73.796,70.943,70.943,71.352
dropx.io__1.0.0__swagger.yaml,DropX,dropx.io,2.0,7,21,0,0,0,6,0,7,0,0,0,0.000,71.429,0.000,100.000,100.000,100.000,100.000
dweet.io__2.0__swagger.yaml,dweet.io,dweet.io,2.0,13,78,9,9,9,13,0,1,0,0,0,46.154,100.000,0.000,0.000,100.000,100.000,100.000
e-conomic.com__v20.0.0__openapi.yaml,Visma e-conomic OpenAPI,e-conomic.com,3.x,98,4753,98,98,98,76,75,98,53,53,53,100.000,59.962,58.384,100.000,71.008,71.008,71.008
ean-search.org__1.50.0__swagger.yaml,EAN-Search.org API,ean-search.org,2.0,7,21,7,7,0,7,7,2,2,2,0,100.000,100.000,100.000,4.762,95.238,95.238,100.000
ebay.com__buy-browse__v1.1.0__swagger.yaml,Browse API,ebay.com,2.0,11,55,11,11,10,10,11,11,10,10,9,100.000,81.818,100.000,100.000,18.182,18.182,34.545
ebay.com__buy-deal__v1.3.0__openapi.yaml,Deal API,ebay.com,3.x,4,6,4,4,4,4,4,4,4,4,4,100.000,100.000,100.000,100.000,0.000,0.000,0.000
ebay.com__buy-feed__v1_beta.34.0__openapi.yaml,Item Feed Service,ebay.com,3.x,4,6,4,4,4,4,4,4,4,4,4,100.000,100.000,100.000,100.000,0.000,0.000,0.000
ebay.com__commerce-taxonomy__v1.0.0__swagger.yaml,Taxonomy API,ebay.com,2.0,8,28,8,8,8,8,8,8,8,8,8,100.000,100.000,100.000,100.000,0.000,0.000,0.000
ebay.com__sell-account__v1.9.0__openapi.yaml,Account API,ebay.com,3.x,36,630,36,36,36,28,32,36,24,24,24,100.000,60.000,78.730,100.000,56.190,56.190,56.190
ebay.com__sell-analytics__1.2.0__openapi.yaml, Seller Service Metrics API ,ebay.com,3.x,4,6,4,4,4,3,4,4,3,3,3,100.000,50.000,100.000,100.000,50.000,50.000,50.000
ebay.com__sell-compliance__1.4.1__openapi.yaml,Compliance API,ebay.com,3.x,3,3,3,3,3,2,3,3,2,2,2,100.000,33.333,100.000,100.000,66.667,66.667,66.667
ebay.com__sell-feed__v1.3.1__openapi.yaml,Feed API,ebay.com,3.x,23,253,23,23,23,20,22,23,19,19,19,100.000,75.099,91.304,100.000,32.411,32.411,32.411
ebay.com__sell-fulfillment__v1.20.0__openapi.yaml,Fulfillment API,ebay.com,3.x,15,105,15,15,15,15,14,15,14,14,14,100.000,100.000,86.667,100.000,13.333,13.333,13.333
ebay.com__sell-logistics__v1_beta.0.0__openapi.yaml,Logistics API,ebay.com,3.x,6,15,6,6,6,5,5,6,4,4,4,100.000,66.667,66.667,100.000,60.000,60.000,60.000
ebay.com__sell-marketing__v1.15.0__openapi.yaml,Marketing API,ebay.com,3.x,69,2346,69,69,69,61,58,69,50,50,50,100.000,78.005,70.460,100.000,47.783,47.783,47.783
ebay.com__sell-metadata__v1.6.0__openapi.yaml,Metadata API,ebay.com,3.x,8,28,8,8,8,8,8,8,8,8,8,100.000,100.000,100.000,100.000,0.000,0.000,0.000
ebi.ac.uk__1.0__swagger.yaml,CROssBAR Data API,ebi.ac.uk,2.0,13,78,0,13,13,13,13,0,0,0,0,0.000,100.000,100.000,0.000,100.000,100.000,100.000
edrv.io__v1__openapi.yaml,eDRV API,edrv.io,3.x,57,1596,57,57,51,43,2,57,1,1,1,100.000,56.579,0.063,100.000,100.000,100.000,100.000
elevenlabs.io__1.0__openapi.yaml,ElevenLabs API Documentation,elevenlabs.io,3.x,19,171,19,19,9,18,19,19,18,18,8,100.000,89.474,100.000,100.000,10.526,10.526,83.626
elmah.io__v3__openapi.yaml,elmah.io API,elmah.io,3.x,22,231,22,22,12,17,12,22,7,7,4,100.000,58.874,28.571,100.000,90.909,90.909,97.403
envoice.in__v1__openapi.yaml,API v1.0.0,envoice.in,3.x,61,1830,57,57,57,61,55,0,0,0,0,87.213,100.000,81.148,0.000,100.000,100.000,100.000
eos.local__1.0.0__openapi.yaml,Net API,eos.local,3.x,4,6,4,4,0,0,0,4,0,0,0,100.000,0.000,0.000,100.000,100.000,100.000,100.000
epa.gov__air__2019.10.15__swagger.yaml,U.S. EPA Enforcement and Compliance History Online (ECHO) - Clean Air Act,epa.gov,2.0,16,120,0,0,0,16,12,16,0,0,0,0.000,100.000,55.000,100.000,100.000,100.000,100.000
epa.gov__case__1.0.0__swagger.yaml,U.S. EPA Enforcement and Compliance History Online (ECHO) - Enforcement Case Search,epa.gov,2.0,22,231,0,0,0,22,20,18,0,0,0,0.000,100.000,82.251,66.234,100.000,100.000,100.000
epa.gov__cwa__2019.10.15__swagger.yaml,U.S. EPA Enforcement and Compliance History Online (ECHO) - Clean Water Act (CWA) Rest Services,epa.gov,2.0,36,630,0,0,0,36,32,34,0,0,0,0.000,100.000,78.730,89.048,100.000,100.000,100.000
epa.gov__dfr__0.0.0__swagger.yaml,U.S. EPA Enforcement and Compliance History Online (ECHO) - Detailed Facility Report (DFR),epa.gov,2.0,94,4371,0,0,0,84,84,86,0,0,0,0.000,79.753,79.753,83.619,100.000,100.000,100.000
epa.gov__echo__2019.10.15__swagger.yaml,U.S. EPA Enforcement and Compliance History Online (ECHO) - All Data,epa.gov,2.0,16,120,0,0,0,16,12,16,0,0,0,0.000,100.000,55.000,100.000,100.000,100.000,100.000
epa.gov__rcra__2019.10.15__swagger.yaml,U.S. EPA Enforcement and Compliance History Online (ECHO) - Resource Conservation and Recovery Act ,epa.gov,2.0,16,120,0,0,0,16,12,16,0,0,0,0.000,100.000,55.000,100.000,100.000,100.000,100.000
epa.gov__sdw__2019.10.15__swagger.yaml,U.S. EPA Enforcement and Compliance History Online (ECHO) - Safe Drinking Water Act,epa.gov,2.0,8,28,0,0,0,8,6,8,0,0,0,0.000,100.000,53.571,100.000,100.000,100.000,100.000
etherpad.local__1.2.15__openapi.yaml,Etherpad API,etherpad.local,3.x,96,4560,0,96,96,86,0,2,0,0,0,0.000,80.154,0.000,0.022,100.000,100.000,100.000
etmdb.com__1.0.0__openapi.yaml,EtMDB REST API v1,etmdb.com,3.x,27,351,27,27,27,27,0,27,0,0,0,100.000,100.000,0.000,100.000,100.000,100.000,100.000
etsi.local__MEC010-2_AppPkgMgmt__2.1.1__openapi.yaml,"ETSI GS MEC 010-2 - Part 2: Application lifecycle, rules and requirements management",etsi.local,3.x,16,120,16,16,16,12,10,16,6,6,6,100.000,55.000,37.500,100.000,87.500,87.500,87.500
europeana.eu__version unknown__swagger.yaml,Europeana Search & Record API,europeana.eu,2.0,9,36,8,9,8,9,9,0,0,0,0,77.778,100.000,100.000,0.000,100.000,100.000,100.000
evemarketer.com__1.0.1__swagger.yaml,EVEMarketer Marketstat API,evemarketer.com,2.0,4,6,0,0,0,4,4,0,0,0,0,0.000,100.000,100.000,0.000,100.000,100.000,100.000
evetech.net__0.8.6__swagger.yaml,EVE Swagger Interface,evetech.net,2.0,205,20910,205,205,0,205,205,205,205,205,0,100.000,100.000,100.000,100.000,0.000,0.000,100.000
exhibitday.com__v1__swagger.yaml,Test the ExhibitDay API with Swagger,exhibitday.com,2.0,23,253,23,23,22,22,0,22,0,0,0,100.000,91.304,0.000,91.304,100.000,100.000,100.000
exlibrisgroup.com__tasklists__1.0__openapi.yaml,Ex Libris APIs,exlibrisgroup.com,3.x,10,45,0,10,0,8,0,10,0,0,0,0.000,62.222,0.000,100.000,100.000,100.000,100.000
exoapi.dev__1.0.0__openapi.yaml,ExoAPI,exoapi.dev,3.x,4,6,4,4,0,2,0,4,0,0,0,100.000,16.667,0.000,100.000,100.000,100.000,100.000
extendsclass.com__json-storage__0.1__openapi.yaml,JSON storage,extendsclass.com,3.x,5,10,0,0,0,4,4,0,0,0,0,0.000,60.000,60.000,0.000,100.000,100.000,100.000
facecheck.id__v1.02__openapi.yaml,Facial Recognition Reverse Image Face Search API,facecheck.id,3.x,4,6,0,0,0,1,4,0,0,0,0,0.000,0.000,100.000,0.000,100.000,100.000,100.000
fec.gov__1.0__openapi.yaml,OpenFEC,fec.gov,3.x,92,4186,0,0,0,92,91,92,0,0,0,0.000,100.000,97.826,100.000,100.000,100.000,100.000
fecru.local__1.0.0__swagger.yaml,Fisheye Crucible,fecru.local,2.0,113,6328,76,76,71,89,0,111,0,0,0,45.038,61.884,0.000,96.476,100.000,100.000,100.000
figshare.com__2.0.0__openapi.yaml,Figshare API,figshare.com,3.x,136,9180,135,135,118,115,135,133,110,110,95,98.529,71.405,98.529,95.621,34.695,34.695,51.362
files.com__0.0.1__openapi.yaml,Files.com API,files.com,3.x,222,24531,222,222,222,176,184,222,140,140,140,100.000,62.778,68.632,100.000,60.336,60.336,60.336
fire.com__1.0__openapi.yaml,Fire Financial Services Business API,fire.com,3.x,42,861,42,42,42,31,0,42,0,0,0,100.000,54.007,0.000,100.000,100.000,100.000,100.000
firebrowse.org__1.1.38__swagger.yaml,FireBrowse Beta API,firebrowse.org,2.0,30,435,29,30,0,30,0,27,0,0,0,93.333,100.000,0.000,80.690,100.000,100.000,100.000
firmalyzer.com__iotvas__1.0__openapi.yaml,IoTVAS API,firmalyzer.com,3.x,8,28,8,8,0,7,8,1,0,0,0,100.000,75.000,100.000,0.000,100.000,100.000,100.000
fisheye.local__1.0.0__swagger.yaml,FishEye,fisheye.local,2.0,16,120,16,16,16,15,0,13,0,0,0,100.000,87.500,0.000,65.000,100.000,100.000,100.000
flat.io__2.13.0__openapi.yaml,Flat API,flat.io,3.x,81,3240,81,81,81,74,81,51,46,46,46,100.000,83.364,100.000,39.352,68.056,68.056,68.056
flickr.com__1.0.0__openapi.yaml,Flickr API Schema,flickr.com,3.x,25,300,24,24,23,24,21,25,20,20,20,92.000,92.000,70.000,100.000,36.667,36.667,36.667
formapi.io__v1__openapi.yaml,API v1,formapi.io,3.x,35,595,34,34,34,25,31,0,0,0,0,94.286,50.420,78.151,0.000,100.000,100.000,100.000
frankiefinancial.io__1.5.3__swagger.yaml,Frankie Financial API,frankiefinancial.io,2.0,46,1035,46,46,46,46,29,46,29,29,29,100.000,100.000,39.227,100.000,60.773,60.773,60.773
fulfillment.com__2.0__openapi.yaml,Fulfillment.com APIv2,fulfillment.com,3.x,13,78,13,13,1,9,0,13,0,0,0,100.000,46.154,0.000,100.000,100.000,100.000,100.000
fungenerators.com__barcode__1.5__openapi.yaml,Barcode API,fungenerators.com,3.x,4,6,0,0,0,1,0,4,0,0,0,0.000,0.000,0.000,100.000,100.000,100.000,100.000
fungenerators.com__fake-identity__1.5__swagger.yaml,Fake identity generation API,fungenerators.com,2.0,12,66,0,0,0,10,0,12,0,0,0,0.000,68.182,0.000,100.000,100.000,100.000,100.000
fungenerators.com__lottery__1.5__swagger.yaml,Random Lottery Number generator API,fungenerators.com,2.0,3,3,0,0,0,2,0,3,0,0,0,0.000,33.333,0.000,100.000,100.000,100.000,100.000
fungenerators.com__pirate__1.5__openapi.yaml,Pirates API,fungenerators.com,3.x,4,6,0,0,0,4,0,4,0,0,0,0.000,100.000,0.000,100.000,100.000,100.000,100.000
fungenerators.com__qrcode__1.5__swagger.yaml,Fun Generators API,fungenerators.com,2.0,9,36,0,0,0,9,0,9,0,0,0,0.000,100.000,0.000,100.000,100.000,100.000,100.000
fungenerators.com__random-facts__1.5__openapi.yaml,Facts API,fungenerators.com,3.x,12,66,0,0,0,11,0,12,0,0,0,0.000,83.333,0.000,100.000,100.000,100.000,100.000
fungenerators.com__riddle__1.5__openapi.yaml,Fun Generators API,fungenerators.com,3.x,6,15,0,0,0,6,0,6,0,0,0,0.000,100.000,0.000,100.000,100.000,100.000,100.000
fungenerators.com__shakespeare__1.5__openapi.yaml,Shakespeare API,fungenerators.com,3.x,5,10,0,0,0,4,0,5,0,0,0,0.000,60.000,0.000,100.000,100.000,100.000,100.000
fungenerators.com__uuid__1.5__openapi.yaml,UUID Generation API,fungenerators.com,3.x,3,3,0,0,0,3,0,3,0,0,0,0.000,100.000,0.000,100.000,100.000,100.000,100.000
funtranslations.com__braile__2.3__swagger.yaml,FunTranslations Braille API,funtranslations.com,2.0,5,10,0,0,0,5,0,5,0,0,0,0.000,100.000,0.000,100.000,100.000,100.000,100.000
funtranslations.com__index__2.3__swagger.yaml,FunTranslations API,funtranslations.com,2.0,36,630,0,0,0,36,0,36,0,0,0,0.000,100.000,0.000,100.000,100.000,100.000,100.000
funtranslations.com__starwars__2.3__swagger.yaml,Starwars Translations API,funtranslations.com,2.0,6,15,0,0,0,6,0,6,0,0,0,0.000,100.000,0.000,100.000,100.000,100.000,100.000
gambitcomm.local__mimic__21.00__openapi.yaml,MIMIC REST API,gambitcomm.local,3.x,356,63190,356,356,36,310,44,355,41,41,3,100.000,75.795,1.497,99.438,98.702,98.702,99.995
gamesparks.net__game-details__v2__openapi.yaml,GameSparks Game Details API,gamesparks.net,3.x,76,2850,2,76,76,73,76,2,2,2,2,0.035,92.211,100.000,0.035,99.965,99.965,99.965
geneea.com__1.0__swagger.yaml,Geneea Natural Language Processing,geneea.com,2.0,11,55,11,11,11,10,11,11,10,10,10,100.000,81.818,100.000,100.000,18.182,18.182,18.182
geodesystems.com__1.0.0__openapi.yaml,geodesystems.com:443,geodesystems.com,3.x,241,28920,241,241,1,241,0,241,0,0,0,100.000,100.000,0.000,100.000,100.000,100.000,100.000
gerermesaffaires.com__1.0.6__openapi.yaml,GererMesAffaires {REST:API},gerermesaffaires.com,3.x,280,39060,0,0,0,265,6,280,0,0,0,0.000,89.555,0.038,100.000,100.000,100.000,100.000
getgo.com__gototraining__1.0.0__swagger.yaml,GoToTraining,getgo.com,2.0,22,231,22,22,22,22,17,22,17,17,17,100.000,100.000,58.874,100.000,41.126,41.126,41.126
getgo.com__gotowebinar__1.0.0__swagger.yaml,GoToWebinar,getgo.com,2.0,38,703,38,38,38,38,32,38,32,32,32,100.000,100.000,70.555,100.000,29.445,29.445,29.445
getpostman.com__1.20.0__openapi.yaml,Postman API,getpostman.com,3.x,57,1596,57,57,57,43,0,57,0,0,0,100.000,56.579,0.000,100.000,100.000,100.000,100.000
getsandbox.com__v1__swagger.yaml,Sandbox API,getsandbox.com,2.0,9,36,9,9,9,9,6,0,0,0,0,100.000,100.000,41.667,0.000,100.000,100.000,100.000
gettyimages.com__3__openapi.yaml,Getty Images,gettyimages.com,3.x,52,1326,0,0,0,51,37,31,0,0,0,0.000,96.154,50.226,35.068,100.000,100.000,100.000
giphy.com__1.0__openapi.yaml,Giphy API,giphy.com,3.x,10,45,10,10,10,10,10,10,10,10,10,100.000,100.000,100.000,100.000,0.000,0.000,0.000
gisgraphy.com__4.0.0__swagger.yaml,Gisgraphy webservices,gisgraphy.com,2.0,6,15,6,6,3,6,6,6,6,6,3,100.000,100.000,100.000,100.000,0.000,0.000,80.000
gitea.io__1.20.0+dev-539-g5e389228f__openapi.yaml,Gitea API.,gitea.io,3.x,345,59340,345,345,345,318,49,1,0,0,0,100.000,84.939,1.982,0.000,100.000,100.000,100.000
github.com__api.github.com.2022-11-28__1.1.4__openapi.yaml,GitHub v3 REST API,github.com,3.x,845,356590,0,845,743,812,618,737,0,519,461,0.000,92.337,53.466,76.058,100.000,62.304,70.266
github.com__api.github.com__1.1.4__openapi.yaml,GitHub v3 REST API,github.com,3.x,845,356590,0,845,743,812,618,737,0,519,461,0.000,92.337,53.466,76.058,100.000,62.304,70.266
github.com__ghes-2.18__1.1.4__openapi.yaml,GitHub v3 REST API,github.com,3.x,509,129286,0,508,447,460,388,362,0,259,233,0.000,81.656,58.071,50.540,100.000,74.157,79.094
github.com__v0.1__openapi.yaml,Eqivo API,github.com,3.x,29,406,0,0,0,0,29,29,0,0,0,0.000,0.000,100.000,100.000,100.000,100.000,100.000
gitlab.com__v3__swagger.yaml,Gitlab,gitlab.com,2.0,358,63903,358,358,358,332,271,348,259,259,259,100.000,85.983,57.251,94.484,47.716,47.716,47.716
goog.io__0.1.0__openapi.yaml,goog.io | Unoffical Google Search API,goog.io,3.x,6,15,6,6,1,4,5,6,4,4,0,100.000,40.000,66.667,100.000,60.000,60.000,100.000
google.com__v3__openapi.yaml,Travel Partner API,google.com,3.x,23,253,23,23,23,23,22,23,22,22,22,100.000,100.000,91.304,100.000,8.696,8.696,8.696
google.home__2.0__openapi.yaml,Google Home,google.home,3.x,30,435,30,30,26,2,27,30,2,2,2,100.000,0.230,80.690,100.000,99.770,99.770,99.770
googleapis.com__accessapproval__v1__openapi.yaml,Access Approval API,googleapis.com,3.x,7,21,7,7,7,7,6,7,6,6,6,100.000,100.000,71.429,100.000,28.571,28.571,28.571
googleapis.com__accesscontextmanager__v1__openapi.yaml,Access Context Manager API,googleapis.com,3.x,22,231,22,22,22,22,22,22,22,22,22,100.000,100.000,100.000,100.000,0.000,0.000,0.000
googleapis.com__adexchangebuyer2__v2beta1__openapi.yaml,Ad Exchange Buyer API II,googleapis.com,3.x,50,1225,50,50,50,50,49,50,49,49,49,100.000,100.000,96.000,100.000,4.000,4.000,4.000
googleapis.com__adexchangebuyer__v1.2__openapi.yaml,Ad Exchange Buyer API,googleapis.com,3.x,7,21,7,7,7,7,7,7,7,7,7,100.000,100.000,100.000,100.000,0.000,0.000,0.000
googleapis.com__adexchangebuyer__v1.3__openapi.yaml,Ad Exchange Buyer API,googleapis.com,3.x,21,210,21,21,21,21,20,21,20,20,20,100.000,100.000,90.476,100.000,9.524,9.524,9.524
googleapis.com__adexchangebuyer__v1.4__openapi.yaml,Ad Exchange Buyer API,googleapis.com,3.x,38,703,38,38,38,38,34,38,34,34,34,100.000,100.000,79.801,100.000,20.199,20.199,20.199
googleapis.com__admin__datatransfer_v1__openapi.yaml,Admin SDK API,googleapis.com,3.x,5,10,5,5,3,5,5,5,5,5,3,100.000,100.000,100.000,100.000,0.000,0.000,70.000
googleapis.com__admob__v1__openapi.yaml,AdMob API,googleapis.com,3.x,6,15,6,6,6,6,6,6,6,6,6,100.000,100.000,100.000,100.000,0.000,0.000,0.000
googleapis.com__adsense__v1.4__openapi.yaml,AdSense Management API,googleapis.com,3.x,39,741,39,39,39,39,37,39,37,37,37,100.000,100.000,89.879,100.000,10.121,10.121,10.121
googleapis.com__adsense__v2__openapi.yaml,AdSense Management API,googleapis.com,3.x,24,276,24,24,24,24,23,24,23,23,23,100.000,100.000,91.667,100.000,8.333,8.333,8.333
googleapis.com__adsensehost__v4.1__openapi.yaml,AdSense Host API,googleapis.com,3.x,26,325,26,26,26,26,26,26,26,26,26,100.000,100.000,100.000,100.000,0.000,0.000,0.000
googleapis.com__advisorynotifications__v1__openapi.yaml,Advisory Notifications API,googleapis.com,3.x,3,3,3,3,3,3,3,3,3,3,3,100.000,100.000,100.000,100.000,0.000,0.000,0.000
googleapis.com__aiplatform__v1beta1__openapi.yaml,Vertex AI API,googleapis.com,3.x,173,14878,173,173,173,173,173,172,172,172,172,100.000,100.000,100.000,98.844,1.156,1.156,1.156
googleapis.com__alertcenter__v1beta1__openapi.yaml,Google Workspace Alert Center API,googleapis.com,3.x,11,55,11,11,11,11,10,11,10,10,10,100.000,100.000,81.818,100.000,18.182,18.182,18.182
googleapis.com__alloydb__v1__openapi.yaml,AlloyDB API,googleapis.com,3.x,24,276,24,24,24,24,23,24,23,23,23,100.000,100.000,91.667,100.000,8.333,8.333,8.333
googleapis.com__analytics__v2.4__openapi.yaml,Google Analytics,googleapis.com,3.x,6,15,6,6,6,6,0,6,0,0,0,100.000,100.000,0.000,100.000,100.000,100.000,100.000
googleapis.com__analytics__v3__openapi.yaml,Google Analytics API,googleapis.com,3.x,88,3828,88,88,88,88,79,88,79,79,79,100.000,100.000,80.486,100.000,19.514,19.514,19.514
googleapis.com__analyticsadmin__v1alpha__openapi.yaml,Google Analytics Admin API,googleapis.com,3.x,67,2211,67,67,67,67,67,67,67,67,67,100.000,100.000,100.000,100.000,0.000,0.000,0.000
googleapis.com__analyticsdata__v1beta__openapi.yaml,Google Analytics Data API,googleapis.com,3.x,10,45,10,10,10,10,10,10,10,10,10,100.000,100.000,100.000,100.000,0.000,0.000,0.000
googleapis.com__analyticshub__v1beta1__openapi.yaml,Analytics Hub API,googleapis.com,3.x,12,66,12,12,12,12,11,12,11,11,11,100.000,100.000,83.333,100.000,16.667,16.667,16.667
googleapis.com__androiddeviceprovisioning__v1__openapi.yaml,Android Device Provisioning Partner API,googleapis.com,3.x,24,276,24,24,24,24,23,24,23,23,23,100.000,100.000,91.667,100.000,8.333,8.333,8.333
googleapis.com__androidenterprise__v1__openapi.yaml,Google Play EMM API,googleapis.com,3.x,76,2850,76,76,46,76,62,76,62,62,43,100.000,100.000,66.351,100.000,33.649,33.649,68.316
googleapis.com__androidmanagement__v1__openapi.yaml,Android Management API,googleapis.com,3.x,17,136,17,17,17,17,15,17,15,15,15,100.000,100.000,77.206,100.000,22.794,22.794,22.794
googleapis.com__androidpublisher__v1.1__openapi.yaml,Google Play Developer,googleapis.com,3.x,3,3,3,3,3,3,2,3,2,2,2,100.000,100.000,33.333,100.000,66.667,66.667,66.667
googleapis.com__androidpublisher__v2__openapi.yaml,Google Play Developer,googleapis.com,3.x,58,1653,58,58,58,58,47,52,41,41,41,100.000,100.000,65.396,80.218,50.393,50.393,50.393
googleapis.com__androidpublisher__v3__openapi.yaml,Google Play Android Developer API,googleapis.com,3.x,111,6105,111,111,70,111,95,111,95,95,64,100.000,100.000,73.137,100.000,26.863,26.863,66.978
googleapis.com__apigateway__v1alpha2__openapi.yaml,API Gateway API,googleapis.com,3.x,8,28,8,8,8,8,7,8,7,7,7,100.000,100.000,75.000,100.000,25.000,25.000,25.000
googleapis.com__apigee__v1__openapi.yaml,Apigee API,googleapis.com,3.x,120,7140,120,120,120,120,120,120,120,120,120,100.000,100.000,100.000,100.000,0.000,0.000,0.000
googleapis.com__apigeeregistry__v1__openapi.yaml,Apigee Registry API,googleapis.com,3.x,26,325,26,26,26,26,25,26,25,25,25,100.000,100.000,92.308,100.000,7.692,7.692,7.692
googleapis.com__apikeys__v2__openapi.yaml,API Keys API,googleapis.com,3.x,8,28,8,8,8,8,8,8,8,8,8,100.000,100.000,100.000,100.000,0.000,0.000,0.000
googleapis.com__appengine__v1__openapi.yaml,App Engine Admin API,googleapis.com,3.x,40,780,40,40,40,40,38,40,38,38,38,100.000,100.000,90.128,100.000,9.872,9.872,9.872
googleapis.com__apphub__v1__openapi.yaml,App Hub API,googleapis.com,3.x,21,210,21,21,21,21,21,21,21,21,21,100.000,100.000,100.000,100.000,0.000,0.000,0.000
googleapis.com__area120tables__v1alpha1__openapi.yaml,Area120 Tables API,googleapis.com,3.x,10,45,10,10,10,10,9,10,9,9,9,100.000,100.000,80.000,100.000,20.000,20.000,20.000
googleapis.com__artifactregistry__v1beta2__openapi.yaml,Artifact Registry API,googleapis.com,3.x,18,153,18,18,18,18,18,18,18,18,18,100.000,100.000,100.000,100.000,0.000,0.000,0.000
googleapis.com__assuredworkloads__v1beta1__openapi.yaml,Assured Workloads API,googleapis.com,3.x,11,55,11,11,11,11,11,11,11,11,11,100.000,100.000,100.000,100.000,0.000,0.000,0.000
googleapis.com__authorizedbuyersmarketplace__v1__openapi.yaml,Authorized Buyers Marketplace API,googleapis.com,3.x,27,351,27,27,27,27,26,27,26,26,26,100.000,100.000,92.593,100.000,7.407,7.407,7.407
googleapis.com__automl__v1beta1__openapi.yaml,Cloud AutoML API,googleapis.com,3.x,25,300,25,25,25,25,24,25,24,24,24,100.000,100.000,92.000,100.000,8.000,8.000,8.000
googleapis.com__backupdr__v1__openapi.yaml,Backup and DR Service API,googleapis.com,3.x,10,45,10,10,10,10,9,10,9,9,9,100.000,100.000,80.000,100.000,20.000,20.000,20.000
googleapis.com__baremetalsolution__v2__openapi.yaml,Bare Metal Solution API,googleapis.com,3.x,30,435,30,30,30,30,29,30,29,29,29,100.000,100.000,93.333,100.000,6.667,6.667,6.667
googleapis.com__batch__v1__openapi.yaml,Batch API,googleapis.com,3.x,9,36,9,9,9,9,8,9,8,8,8,100.000,100.000,77.778,100.000,22.222,22.222,22.222
googleapis.com__beyondcorp__v1__openapi.yaml,BeyondCorp API,googleapis.com,3.x,18,153,18,18,18,18,17,18,17,17,17,100.000,100.000,88.889,100.000,11.111,11.111,11.111
googleapis.com__biglake__v1__openapi.yaml,BigLake API,googleapis.com,3.x,10,45,10,10,10,10,10,10,10,10,10,100.000,100.000,100.000,100.000,0.000,0.000,0.000
googleapis.com__bigquery__v2__openapi.yaml,BigQuery API,googleapis.com,3.x,37,666,37,37,37,37,32,37,32,32,32,100.000,100.000,74.474,100.000,25.526,25.526,25.526
googleapis.com__bigqueryconnection__v1beta1__openapi.yaml,BigQuery Connection API,googleapis.com,3.x,8,28,8,8,8,8,7,8,7,7,7,100.000,100.000,75.000,100.000,25.000,25.000,25.000
googleapis.com__bigquerydatapolicy__v1__openapi.yaml,BigQuery Data Policy API,googleapis.com,3.x,9,36,9,9,9,9,8,9,8,8,8,100.000,100.000,77.778,100.000,22.222,22.222,22.222
googleapis.com__bigquerydatatransfer__v1__openapi.yaml,BigQuery Data Transfer API,googleapis.com,3.x,14,91,14,14,14,14,13,14,13,13,13,100.000,100.000,85.714,100.000,14.286,14.286,14.286
googleapis.com__bigqueryreservation__v1beta1__openapi.yaml,BigQuery Reservation API,googleapis.com,3.x,13,78,13,13,13,13,12,13,12,12,12,100.000,100.000,84.615,100.000,15.385,15.385,15.385
googleapis.com__bigtableadmin__v2__openapi.yaml,Cloud Bigtable Admin API,googleapis.com,3.x,27,351,27,27,27,27,26,27,26,26,26,100.000,100.000,92.593,100.000,7.407,7.407,7.407
googleapis.com__billingbudgets__v1beta1__openapi.yaml,Cloud Billing Budget API,googleapis.com,3.x,5,10,5,5,5,5,5,5,5,5,5,100.000,100.000,100.000,100.000,0.000,0.000,0.000
googleapis.com__binaryauthorization__v1beta1__openapi.yaml,Binary Authorization API,googleapis.com,3.x,9,36,9,9,9,9,8,9,8,8,8,100.000,100.000,77.778,100.000,22.222,22.222,22.222
googleapis.com__blockchainnodeengine__v1__openapi.yaml,Blockchain Node Engine API,googleapis.com,3.x,8,28,8,8,8,8,8,8,8,8,8,100.000,100.000,100.000,100.000,0.000,0.000,0.000
googleapis.com__blogger__v3__openapi.yaml,Blogger API,googleapis.com,3.x,33,528,33,33,33,33,30,33,30,30,30,100.000,100.000,82.386,100.000,17.614,17.614,17.614
googleapis.com__books__v1__openapi.yaml,Books API,googleapis.com,3.x,51,1275,51,51,18,51,40,51,40,40,18,100.000,100.000,61.176,100.000,38.824,38.824,88.000
googleapis.com__businessprofileperformance__v1__openapi.yaml,Business Profile Performance API,googleapis.com,3.x,3,3,3,3,3,3,3,3,3,3,3,100.000,100.000,100.000,100.000,0.000,0.000,0.000
googleapis.com__calendar__v3__openapi.yaml,Calendar API,googleapis.com,3.x,37,666,37,37,37,37,32,37,32,32,32,100.000,100.000,74.474,100.000,25.526,25.526,25.526
googleapis.com__certificatemanager__v1__openapi.yaml,Certificate Manager API,googleapis.com,3.x,18,153,18,18,18,18,18,18,18,18,18,100.000,100.000,100.000,100.000,0.000,0.000,0.000
googleapis.com__chat__v1__openapi.yaml,Google Chat API,googleapis.com,3.x,17,136,17,17,17,17,16,17,16,16,16,100.000,100.000,88.235,100.000,11.765,11.765,11.765
googleapis.com__checks__v1alpha__openapi.yaml,Checks API,googleapis.com,3.x,8,28,8,8,8,8,7,8,7,7,7,100.000,100.000,75.000,100.000,25.000,25.000,25.000
googleapis.com__chromemanagement__v1__openapi.yaml,Chrome Management API,googleapis.com,3.x,18,153,18,18,18,18,18,18,18,18,18,100.000,100.000,100.000,100.000,0.000,0.000,0.000
googleapis.com__chromepolicy__v1__openapi.yaml,Chrome Policy API,googleapis.com,3.x,14,91,14,14,14,14,14,14,14,14,14,100.000,100.000,100.000,100.000,0.000,0.000,0.000
googleapis.com__civicinfo__v2__openapi.yaml,Google Civic Information API,googleapis.com,3.x,5,10,5,5,5,5,5,5,5,5,5,100.000,100.000,100.000,100.000,0.000,0.000,0.000
googleapis.com__classroom__v1__openapi.yaml,Google Classroom API,googleapis.com,3.x,61,1830,61,61,61,61,49,61,49,49,49,100.000,100.000,64.262,100.000,35.738,35.738,35.738
googleapis.com__cloudasset__v1beta1__openapi.yaml,Cloud Asset API,googleapis.com,3.x,3,3,3,3,3,3,3,3,3,3,3,100.000,100.000,100.000,100.000,0.000,0.000,0.000
googleapis.com__cloudbilling__v1__openapi.yaml,Cloud Billing API,googleapis.com,3.x,18,153,18,18,18,18,18,18,18,18,18,100.000,100.000,100.000,100.000,0.000,0.000,0.000
googleapis.com__cloudbuild__v2__openapi.yaml,Cloud Build API,googleapis.com,3.x,18,153,18,18,18,18,18,18,18,18,18,100.000,100.000,100.000,100.000,0.000,0.000,0.000
googleapis.com__cloudchannel__v1__openapi.yaml,Cloud Channel API,googleapis.com,3.x,43,903,43,43,43,43,43,43,43,43,43,100.000,100.000,100.000,100.000,0.000,0.000,0.000
googleapis.com__clouddebugger__v2__openapi.yaml,Cloud Debugger API (Deprecated),googleapis.com,3.x,8,28,8,8,8,8,7,8,7,7,7,100.000,100.000,75.000,100.000,25.000,25.000,25.000
googleapis.com__clouddeploy__v1__openapi.yaml,Cloud Deploy API,googleapis.com,3.x,30,435,30,30,30,30,30,30,30,30,30,100.000,100.000,100.000,100.000,0.000,0.000,0.000
googleapis.com__clouderrorreporting__v1beta1__openapi.yaml,Error Reporting API,googleapis.com,3.x,6,15,6,6,6,6,6,6,6,6,6,100.000,100.000,100.000,100.000,0.000,0.000,0.000
googleapis.com__cloudfunctions__v2__openapi.yaml,Cloud Functions API,googleapis.com,3.x,18,153,18,18,18,18,18,18,18,18,18,100.000,100.000,100.000,100.000,0.000,0.000,0.000
googleapis.com__cloudidentity__v1beta1__openapi.yaml,Cloud Identity API,googleapis.com,3.x,35,595,35,35,35,35,35,35,35,35,35,100.000,100.000,100.000,100.000,0.000,0.000,0.000
googleapis.com__cloudiot__v1__openapi.yaml,Cloud IoT API,googleapis.com,3.x,16,120,16,16,16,16,15,16,15,15,15,100.000,100.000,87.500,100.000,12.500,12.500,12.500
googleapis.com__cloudkms__v1__openapi.yaml,Cloud Key Management Service (KMS) API,googleapis.com,3.x,31,465,31,31,31,31,31,31,31,31,31,100.000,100.000,100.000,100.000,0.000,0.000,0.000
googleapis.com__cloudprivatecatalog__v1beta1__openapi.yaml,Cloud Private Catalog,googleapis.com,3.x,3,3,3,3,3,3,3,3,3,3,3,100.000,100.000,100.000,100.000,0.000,0.000,0.000
googleapis.com__cloudprivatecatalogproducer__v1beta1__openapi.yaml,Cloud Private Catalog Producer,googleapis.com,3.x,19,171,19,19,19,19,19,19,19,19,19,100.000,100.000,100.000,100.000,0.000,0.000,0.000
googleapis.com__cloudprofiler__v2__openapi.yaml,Cloud Profiler API,googleapis.com,3.x,4,6,4,4,4,4,4,4,4,4,4,100.000,100.000,100.000,100.000,0.000,0.000,0.000
googleapis.com__cloudresourcemanager__v3__openapi.yaml,Cloud Resource Manager API,googleapis.com,3.x,28,378,28,28,28,28,28,28,28,28,28,100.000,100.000,100.000,100.000,0.000,0.000,0.000
googleapis.com__cloudscheduler__v1beta1__openapi.yaml,Cloud Scheduler API,googleapis.com,3.x,9,36,9,9,9,9,8,9,8,8,8,100.000,100.000,77.778,100.000,22.222,22.222,22.222
googleapis.com__cloudsearch__v1__openapi.yaml,Cloud Search API,googleapis.com,3.x,44,946,44,44,44,44,44,44,44,44,44,100.000,100.000,100.000,100.000,0.000,0.000,0.000
googleapis.com__cloudshell__v1__openapi.yaml,Cloud Shell API,googleapis.com,3.x,7,21,7,7,7,7,6,7,6,6,6,100.000,100.000,71.429,100.000,28.571,28.571,28.571
googleapis.com__cloudsupport__v2__openapi.yaml,Google Cloud Support API,googleapis.com,3.x,13,78,13,13,13,13,13,13,13,13,13,100.000,100.000,100.000,100.000,0.000,0.000,0.000
googleapis.com__cloudtasks__v2beta3__openapi.yaml,Cloud Tasks API,googleapis.com,3.x,16,120,16,16,16,16,15,16,15,15,15,100.000,100.000,87.500,100.000,12.500,12.500,12.500
googleapis.com__cloudtrace__v2beta1__openapi.yaml,Cloud Trace API,googleapis.com,3.x,5,10,5,5,5,5,4,5,4,4,4,100.000,100.000,60.000,100.000,40.000,40.000,40.000
googleapis.com__composer__v1beta1__openapi.yaml,Cloud Composer API,googleapis.com,3.x,22,231,22,22,22,22,21,22,21,21,21,100.000,100.000,90.909,100.000,9.091,9.091,9.091
googleapis.com__compute__alpha__openapi.yaml,Compute Engine API,googleapis.com,3.x,916,419070,916,916,916,916,911,916,911,911,911,100.000,100.000,98.911,100.000,1.089,1.089,1.089
googleapis.com__compute__beta__openapi.yaml,Compute Engine API,googleapis.com,3.x,850,360825,850,850,850,850,845,850,845,845,845,100.000,100.000,98.826,100.000,1.174,1.174,1.174
googleapis.com__compute__v1__openapi.yaml,Compute Engine API,googleapis.com,3.x,758,286903,758,758,758,758,753,758,753,753,753,100.000,100.000,98.684,100.000,1.316,1.316,1.316
googleapis.com__connectors__v2__openapi.yaml,Connectors API,googleapis.com,3.x,15,105,15,15,15,15,13,15,13,13,13,100.000,100.000,74.286,100.000,25.714,25.714,25.714
googleapis.com__contactcenteraiplatform__v1alpha1__openapi.yaml,Contact Center AI Platform API,googleapis.com,3.x,9,36,9,9,9,9,8,9,8,8,8,100.000,100.000,77.778,100.000,22.222,22.222,22.222
googleapis.com__contactcenterinsights__v1__openapi.yaml,Contact Center AI Insights API,googleapis.com,3.x,27,351,27,27,27,27,27,27,27,27,27,100.000,100.000,100.000,100.000,0.000,0.000,0.000
googleapis.com__container__v1beta1__openapi.yaml,Kubernetes Engine API,googleapis.com,3.x,62,1891,62,62,62,62,62,62,62,62,62,100.000,100.000,100.000,100.000,0.000,0.000,0.000
googleapis.com__containeranalysis__v1alpha1__openapi.yaml,Container Analysis API,googleapis.com,3.x,16,120,16,16,16,16,15,16,15,15,15,100.000,100.000,87.500,100.000,12.500,12.500,12.500
googleapis.com__content__v2.1__openapi.yaml,Content API for Shopping,googleapis.com,3.x,175,15225,175,175,175,175,161,175,161,161,161,100.000,100.000,84.598,100.000,15.402,15.402,15.402
googleapis.com__content__v2__openapi.yaml,Content API for Shopping,googleapis.com,3.x,86,3655,86,86,86,86,82,86,82,82,82,100.000,100.000,90.862,100.000,9.138,9.138,9.138
googleapis.com__contentwarehouse__v1__openapi.yaml,Document AI Warehouse API,googleapis.com,3.x,22,231,22,22,22,22,22,22,22,22,22,100.000,100.000,100.000,100.000,0.000,0.000,0.000
googleapis.com__datacatalog__v1beta1__openapi.yaml,Google Cloud Data Catalog API,googleapis.com,3.x,23,253,23,23,23,23,22,23,22,22,22,100.000,100.000,91.304,100.000,8.696,8.696,8.696
googleapis.com__dataflow__v1b3__openapi.yaml,Dataflow API,googleapis.com,3.x,41,820,41,41,41,41,41,41,41,41,41,100.000,100.000,100.000,100.000,0.000,0.000,0.000
googleapis.com__dataform__v1beta1__openapi.yaml,Dataform API,googleapis.com,3.x,43,903,43,43,43,43,42,43,42,42,42,100.000,100.000,95.349,100.000,4.651,4.651,4.651
googleapis.com__datafusion__v1beta1__openapi.yaml,Cloud Data Fusion API,googleapis.com,3.x,18,153,18,18,18,18,17,18,17,17,17,100.000,100.000,88.889,100.000,11.111,11.111,11.111
googleapis.com__datalabeling__v1beta1__openapi.yaml,Data Labeling API,googleapis.com,3.x,28,378,28,28,28,28,28,28,28,28,28,100.000,100.000,100.000,100.000,0.000,0.000,0.000
googleapis.com__datalineage__v1__openapi.yaml,Data Lineage API,googleapis.com,3.x,13,78,13,13,13,13,13,13,13,13,13,100.000,100.000,100.000,100.000,0.000,0.000,0.000
googleapis.com__datamigration__v1beta1__openapi.yaml,Database Migration API,googleapis.com,3.x,20,190,20,20,20,20,19,20,19,19,19,100.000,100.000,90.000,100.000,10.000,10.000,10.000
googleapis.com__datapipelines__v1__openapi.yaml,Data pipelines API,googleapis.com,3.x,8,28,8,8,8,8,8,8,8,8,8,100.000,100.000,100.000,100.000,0.000,0.000,0.000
googleapis.com__dataplex__v1__openapi.yaml,Cloud Dataplex API,googleapis.com,3.x,40,780,40,40,40,40,39,40,39,39,39,100.000,100.000,95.000,100.000,5.000,5.000,5.000
googleapis.com__dataportability__v1beta__openapi.yaml,Data Portability API,googleapis.com,3.x,4,6,4,4,4,4,4,4,4,4,4,100.000,100.000,100.000,100.000,0.000,0.000,0.000
googleapis.com__dataproc__v1__openapi.yaml,Cloud Dataproc API,googleapis.com,3.x,41,820,41,41,41,41,38,41,38,38,38,100.000,100.000,85.732,100.000,14.268,14.268,14.268
googleapis.com__datastore__v1beta3__openapi.yaml,Cloud Datastore API,googleapis.com,3.x,8,28,8,8,8,8,8,8,8,8,8,100.000,100.000,100.000,100.000,0.000,0.000,0.000
googleapis.com__datastream__v1alpha1__openapi.yaml,Datastream API,googleapis.com,3.x,20,190,20,20,20,20,20,20,20,20,20,100.000,100.000,100.000,100.000,0.000,0.000,0.000
googleapis.com__deploymentmanager__v2__openapi.yaml,Cloud Deployment Manager V2 API,googleapis.com,3.x,18,153,18,18,7,18,18,18,18,18,7,100.000,100.000,100.000,100.000,0.000,0.000,86.275
googleapis.com__dfareporting__v3.3__openapi.yaml,Campaign Manager 360 API,googleapis.com,3.x,204,20706,204,204,204,204,194,204,194,194,194,100.000,100.000,90.413,100.000,9.587,9.587,9.587
googleapis.com__dfareporting__v3.4__openapi.yaml,Campaign Manager 360 API,googleapis.com,3.x,205,20910,205,205,205,205,195,205,195,195,195,100.000,100.000,90.459,100.000,9.541,9.541,9.541
googleapis.com__dfareporting__v4__openapi.yaml,Campaign Manager 360 API,googleapis.com,3.x,209,21736,209,209,209,209,199,209,199,199,199,100.000,100.000,90.638,100.000,9.362,9.362,9.362
googleapis.com__dialogflow__v3beta1__openapi.yaml,Dialogflow API,googleapis.com,3.x,63,1953,63,63,63,63,63,63,63,63,63,100.000,100.000,100.000,100.000,0.000,0.000,0.000
googleapis.com__digitalassetlinks__v1__openapi.yaml,Digital Asset Links API,googleapis.com,3.x,3,3,3,3,3,3,3,3,3,3,3,100.000,100.000,100.000,100.000,0.000,0.000,0.000
googleapis.com__discoveryengine__v1alpha__openapi.yaml,Discovery Engine API,googleapis.com,3.x,44,946,44,44,44,44,44,44,44,44,44,100.000,100.000,100.000,100.000,0.000,0.000,0.000
googleapis.com__displayvideo__v4__openapi.yaml,Display & Video 360 API,googleapis.com,3.x,3,3,3,3,3,3,3,3,3,3,3,100.000,100.000,100.000,100.000,0.000,0.000,0.000
googleapis.com__dlp__v2__openapi.yaml,Sensitive Data Protection (DLP),googleapis.com,3.x,28,378,28,28,28,28,28,28,28,28,28,100.000,100.000,100.000,100.000,0.000,0.000,0.000
googleapis.com__dns__v2__openapi.yaml,Cloud DNS API,googleapis.com,3.x,40,780,40,40,28,40,35,40,35,35,26,100.000,100.000,76.282,100.000,23.718,23.718,58.333
googleapis.com__docs__v1__openapi.yaml,Google Docs API,googleapis.com,3.x,3,3,3,3,3,3,3,3,3,3,3,100.000,100.000,100.000,100.000,0.000,0.000,0.000
googleapis.com__documentai__v1beta3__openapi.yaml,Cloud Document AI API,googleapis.com,3.x,26,325,26,26,26,26,26,26,26,26,26,100.000,100.000,100.000,100.000,0.000,0.000,0.000
googleapis.com__domains__v1alpha2__openapi.yaml,Cloud Domains API,googleapis.com,3.x,22,231,22,22,22,22,22,22,22,22,22,100.000,100.000,100.000,100.000,0.000,0.000,0.000
googleapis.com__domainsrdap__v1__openapi.yaml,Domains RDAP API,googleapis.com,3.x,10,45,10,10,10,10,10,10,10,10,10,100.000,100.000,100.000,100.000,0.000,0.000,0.000
googleapis.com__doubleclickbidmanager__v1.1__openapi.yaml,DoubleClick Bid Manager API,googleapis.com,3.x,6,15,6,6,6,6,5,6,5,5,5,100.000,100.000,66.667,100.000,33.333,33.333,33.333
googleapis.com__doubleclickbidmanager__v2__openapi.yaml,DoubleClick Bid Manager API,googleapis.com,3.x,7,21,7,7,7,7,6,7,6,6,6,100.000,100.000,71.429,100.000,28.571,28.571,28.571
googleapis.com__doubleclicksearch__v2__openapi.yaml,Search Ads 360 API,googleapis.com,3.x,11,55,11,11,7,11,10,11,10,10,6,100.000,100.000,81.818,100.000,18.182,18.182,72.727
googleapis.com__drive__v2__openapi.yaml,Google Drive API,googleapis.com,3.x,74,2701,74,74,74,74,62,74,62,62,62,100.000,100.000,70.011,100.000,29.989,29.989,29.989
googleapis.com__drive__v3__openapi.yaml,Google Drive API,googleapis.com,3.x,50,1225,50,50,50,50,41,50,41,41,41,100.000,100.000,66.939,100.000,33.061,33.061,33.061
googleapis.com__drivelabels__v2__openapi.yaml,Drive Labels API,googleapis.com,3.x,16,120,16,16,16,16,16,16,16,16,16,100.000,100.000,100.000,100.000,0.000,0.000,0.000
googleapis.com__essentialcontacts__v1__openapi.yaml,Essential Contacts API,googleapis.com,3.x,7,21,7,7,7,7,7,7,7,7,7,100.000,100.000,100.000,100.000,0.000,0.000,0.000
googleapis.com__eventarc__v1beta1__openapi.yaml,Eventarc API,googleapis.com,3.x,11,55,11,11,11,11,11,11,11,11,11,100.000,100.000,100.000,100.000,0.000,0.000,0.000
googleapis.com__factchecktools__v1alpha1__openapi.yaml,Fact Check Tools API,googleapis.com,3.x,6,15,6,6,6,6,6,6,6,6,6,100.000,100.000,100.000,100.000,0.000,0.000,0.000
googleapis.com__file__v1beta1__openapi.yaml,Cloud Filestore API,googleapis.com,3.x,16,120,16,16,16,16,15,16,15,15,15,100.000,100.000,87.500,100.000,12.500,12.500,12.500
googleapis.com__firebase__v1beta1__openapi.yaml,Firebase Management API,googleapis.com,3.x,21,210,21,21,21,21,20,21,20,20,20,100.000,100.000,90.476,100.000,9.524,9.524,9.524
googleapis.com__firebaseappcheck__v1__openapi.yaml,Firebase App Check API,googleapis.com,3.x,24,276,24,24,24,24,24,24,24,24,24,100.000,100.000,100.000,100.000,0.000,0.000,0.000
googleapis.com__firebaseappdistribution__v1__openapi.yaml,Firebase App Distribution API,googleapis.com,3.x,18,153,18,18,18,18,18,18,18,18,18,100.000,100.000,100.000,100.000,0.000,0.000,0.000
googleapis.com__firebasedatabase__v1beta__openapi.yaml,Firebase Realtime Database API,googleapis.com,3.x,7,21,7,7,7,7,7,7,7,7,7,100.000,100.000,100.000,100.000,0.000,0.000,0.000
googleapis.com__firebasedynamiclinks__v1__openapi.yaml,Firebase Dynamic Links API,googleapis.com,3.x,5,10,5,5,5,5,5,5,5,5,5,100.000,100.000,100.000,100.000,0.000,0.000,0.000
googleapis.com__firebasehosting__v1beta1__openapi.yaml,Firebase Hosting API,googleapis.com,3.x,21,210,21,21,21,21,20,21,20,20,20,100.000,100.000,90.476,100.000,9.524,9.524,9.524
googleapis.com__firebaseml__v1beta2__openapi.yaml,Firebase ML API,googleapis.com,3.x,6,15,6,6,6,6,5,6,5,5,5,100.000,100.000,66.667,100.000,33.333,33.333,33.333
googleapis.com__firebaserules__v1__openapi.yaml,Firebase Rules API,googleapis.com,3.x,9,36,9,9,9,9,8,9,8,8,8,100.000,100.000,77.778,100.000,22.222,22.222,22.222
googleapis.com__firebasestorage__v1beta__openapi.yaml,Cloud Storage for Firebase API,googleapis.com,3.x,4,6,4,4,4,4,4,4,4,4,4,100.000,100.000,100.000,100.000,0.000,0.000,0.000
googleapis.com__firestore__v1beta2__openapi.yaml,Cloud Firestore API,googleapis.com,3.x,8,28,8,8,8,8,7,8,7,7,7,100.000,100.000,75.000,100.000,25.000,25.000,25.000
googleapis.com__fitness__v1__openapi.yaml,Fitness API,googleapis.com,3.x,13,78,13,13,13,13,11,13,11,11,11,100.000,100.000,70.513,100.000,29.487,29.487,29.487
googleapis.com__forms__v1__openapi.yaml,Google Forms API,googleapis.com,3.x,9,36,9,9,4,9,8,9,8,8,4,100.000,100.000,77.778,100.000,22.222,22.222,83.333
googleapis.com__gamesConfiguration__v1configuration__openapi.yaml,Google Play Game Services Publishing API,googleapis.com,3.x,10,45,10,10,10,10,8,10,8,8,8,100.000,100.000,62.222,100.000,37.778,37.778,37.778
googleapis.com__gamesManagement__v1management__openapi.yaml,Google Play Game Management,googleapis.com,3.x,18,153,18,18,18,18,8,18,8,8,8,100.000,100.000,18.301,100.000,81.699,81.699,81.699
googleapis.com__games__v1__openapi.yaml,Google Play Game Services,googleapis.com,3.x,35,595,35,35,17,35,34,35,34,34,17,100.000,100.000,94.286,100.000,5.714,5.714,77.143
googleapis.com__gameservices__v1__openapi.yaml,Game Services API,googleapis.com,3.x,8,28,8,8,8,8,7,8,7,7,7,100.000,100.000,75.000,100.000,25.000,25.000,25.000
googleapis.com__genomics__v2alpha1__openapi.yaml,Genomics API,googleapis.com,3.x,5,10,5,5,5,5,5,5,5,5,5,100.000,100.000,100.000,100.000,0.000,0.000,0.000
googleapis.com__gkebackup__v1__openapi.yaml,Backup for GKE API,googleapis.com,3.x,19,171,19,19,19,19,19,19,19,19,19,100.000,100.000,100.000,100.000,0.000,0.000,0.000
googleapis.com__gkehub__v2alpha__openapi.yaml,GKE Hub API,googleapis.com,3.x,4,6,4,4,4,4,4,4,4,4,4,100.000,100.000,100.000,100.000,0.000,0.000,0.000
googleapis.com__gkeonprem__v1__openapi.yaml,Anthos On-Prem API,googleapis.com,3.x,30,435,30,30,30,30,30,30,30,30,30,100.000,100.000,100.000,100.000,0.000,0.000,0.000
googleapis.com__gmail__v1__openapi.yaml,Gmail API,googleapis.com,3.x,79,3081,79,79,36,79,66,79,66,66,36,100.000,100.000,69.620,100.000,30.380,30.380,79.552
googleapis.com__gmailpostmastertools__v1beta1__openapi.yaml,Gmail Postmaster Tools API,googleapis.com,3.x,3,3,3,3,3,3,3,3,3,3,3,100.000,100.000,100.000,100.000,0.000,0.000,0.000
googleapis.com__groupssettings__v1__openapi.yaml,Groups Settings API,googleapis.com,3.x,3,3,3,3,3,3,3,3,3,3,3,100.000,100.000,100.000,100.000,0.000,0.000,0.000
googleapis.com__healthcare__v1beta1__openapi.yaml,Cloud Healthcare API,googleapis.com,3.x,83,3403,83,83,83,83,78,83,78,78,78,100.000,100.000,88.246,100.000,11.754,11.754,11.754
googleapis.com__homegraph__v1__openapi.yaml,HomeGraph API,googleapis.com,3.x,5,10,5,5,5,5,4,5,4,4,4,100.000,100.000,60.000,100.000,40.000,40.000,40.000
googleapis.com__iam__v2__openapi.yaml,Identity and Access Management (IAM) API,googleapis.com,3.x,5,10,5,5,5,5,5,5,5,5,5,100.000,100.000,100.000,100.000,0.000,0.000,0.000
googleapis.com__iamcredentials__v1__openapi.yaml,IAM Service Account Credentials API,googleapis.com,3.x,4,6,4,4,4,4,4,4,4,4,4,100.000,100.000,100.000,100.000,0.000,0.000,0.000
googleapis.com__iap__v1beta1__openapi.yaml,Cloud Identity-Aware Proxy API,googleapis.com,3.x,3,3,3,3,3,3,3,3,3,3,3,100.000,100.000,100.000,100.000,0.000,0.000,0.000
googleapis.com__ideahub__v1alpha__openapi.yaml,Idea Hub API,googleapis.com,3.x,5,10,5,5,5,5,5,5,5,5,5,100.000,100.000,100.000,100.000,0.000,0.000,0.000
googleapis.com__identitytoolkit__v2__openapi.yaml,Identity Toolkit API,googleapis.com,3.x,24,276,24,24,24,24,24,24,24,24,24,100.000,100.000,100.000,100.000,0.000,0.000,0.000
googleapis.com__identitytoolkit__v3__openapi.yaml,Google Identity Toolkit API,googleapis.com,3.x,20,190,20,20,20,20,20,20,20,20,20,100.000,100.000,100.000,100.000,0.000,0.000,0.000
googleapis.com__ids__v1__openapi.yaml,Cloud IDS API,googleapis.com,3.x,11,55,11,11,11,11,10,11,10,10,10,100.000,100.000,81.818,100.000,18.182,18.182,18.182
googleapis.com__integrations__v1__openapi.yaml,Application Integration API,googleapis.com,3.x,40,780,40,40,40,40,40,40,40,40,40,100.000,100.000,100.000,100.000,0.000,0.000,0.000
googleapis.com__jobs__v4__openapi.yaml,Cloud Talent Solution API,googleapis.com,3.x,16,120,16,16,16,16,15,16,15,15,15,100.000,100.000,87.500,100.000,12.500,12.500,12.500
googleapis.com__keep__v1__openapi.yaml,Google Keep API,googleapis.com,3.x,6,15,6,6,6,6,5,6,5,5,5,100.000,100.000,66.667,100.000,33.333,33.333,33.333
googleapis.com__kmsinventory__v1__openapi.yaml,KMS Inventory API,googleapis.com,3.x,3,3,3,3,3,3,3,3,3,3,3,100.000,100.000,100.000,100.000,0.000,0.000,0.000
googleapis.com__language__v2__openapi.yaml,Cloud Natural Language API,googleapis.com,3.x,5,10,5,5,5,5,5,5,5,5,5,100.000,100.000,100.000,100.000,0.000,0.000,0.000
googleapis.com__libraryagent__v1__openapi.yaml,Library Agent API,googleapis.com,3.x,5,10,5,5,5,5,5,5,5,5,5,100.000,100.000,100.000,100.000,0.000,0.000,0.000
googleapis.com__licensing__v1__openapi.yaml,Enterprise License Manager API,googleapis.com,3.x,7,21,7,7,7,7,6,7,6,6,6,100.000,100.000,71.429,100.000,28.571,28.571,28.571
googleapis.com__lifesciences__v2beta__openapi.yaml,Cloud Life Sciences API,googleapis.com,3.x,5,10,5,5,5,5,5,5,5,5,5,100.000,100.000,100.000,100.000,0.000,0.000,0.000
googleapis.com__logging__v2__openapi.yaml,Cloud Logging API,googleapis.com,3.x,42,861,42,42,42,42,38,42,38,38,38,100.000,100.000,81.649,100.000,18.351,18.351,18.351
googleapis.com__looker__v1__openapi.yaml,Looker (Google Cloud core) API,googleapis.com,3.x,14,91,14,14,14,14,13,14,13,13,13,100.000,100.000,85.714,100.000,14.286,14.286,14.286
googleapis.com__managedidentities__v1alpha1__openapi.yaml,Managed Service for Microsoft Active Directory API,googleapis.com,3.x,29,406,29,29,29,29,29,29,29,29,29,100.000,100.000,100.000,100.000,0.000,0.000,0.000
googleapis.com__manufacturers__v1__openapi.yaml,Manufacturer Center API,googleapis.com,3.x,8,28,8,8,8,8,6,8,6,6,6,100.000,100.000,53.571,100.000,46.429,46.429,46.429
googleapis.com__marketingplatformadmin__v1alpha__openapi.yaml,Google Marketing Platform Admin API,googleapis.com,3.x,4,6,4,4,4,4,3,4,3,3,3,100.000,100.000,50.000,100.000,50.000,50.000,50.000
googleapis.com__memcache__v1beta2__openapi.yaml,Cloud Memorystore for Memcached API,googleapis.com,3.x,13,78,13,13,13,13,12,13,12,12,12,100.000,100.000,84.615,100.000,15.385,15.385,15.385
googleapis.com__metastore__v1__openapi.yaml,Dataproc Metastore API,googleapis.com,3.x,23,253,23,23,23,23,23,23,23,23,23,100.000,100.000,100.000,100.000,0.000,0.000,0.000
googleapis.com__migrationcenter__v1alpha1__openapi.yaml,Migration Center API,googleapis.com,3.x,30,435,30,30,30,30,30,30,30,30,30,100.000,100.000,100.000,100.000,0.000,0.000,0.000
googleapis.com__mirror__v1__openapi.yaml,Google Mirror,googleapis.com,3.x,24,276,24,24,24,24,20,24,20,20,20,100.000,100.000,68.841,100.000,31.159,31.159,31.159
googleapis.com__ml__v1__openapi.yaml,AI Platform Training & Prediction API,googleapis.com,3.x,29,406,29,29,29,29,29,29,29,29,29,100.000,100.000,100.000,100.000,0.000,0.000,0.000
googleapis.com__monitoring__v3__openapi.yaml,Cloud Monitoring API,googleapis.com,3.x,32,496,32,32,32,32,31,32,31,31,31,100.000,100.000,93.750,100.000,6.250,6.250,6.250
googleapis.com__my-business__v4__openapi.yaml,Google My Business API,googleapis.com,3.x,50,1225,50,50,50,50,47,50,47,47,47,100.000,100.000,88.245,100.000,11.755,11.755,11.755
googleapis.com__mybusinessaccountmanagement__v1__openapi.yaml,My Business Account Management API,googleapis.com,3.x,11,55,11,11,11,11,10,11,10,10,10,100.000,100.000,81.818,100.000,18.182,18.182,18.182
googleapis.com__mybusinessbusinesscalls__v1__openapi.yaml,My Business Business Calls API,googleapis.com,3.x,3,3,3,3,3,3,3,3,3,3,3,100.000,100.000,100.000,100.000,0.000,0.000,0.000
googleapis.com__mybusinessbusinessinformation__v1__openapi.yaml,My Business Business Information API,googleapis.com,3.x,11,55,11,11,11,11,10,11,10,10,10,100.000,100.000,81.818,100.000,18.182,18.182,18.182
googleapis.com__mybusinesslodging__v1__openapi.yaml,My Business Lodging API,googleapis.com,3.x,3,3,3,3,3,3,3,3,3,3,3,100.000,100.000,100.000,100.000,0.000,0.000,0.000
googleapis.com__mybusinessplaceactions__v1__openapi.yaml,My Business Place Actions API,googleapis.com,3.x,6,15,6,6,6,6,5,6,5,5,5,100.000,100.000,66.667,100.000,33.333,33.333,33.333
googleapis.com__mybusinessqanda__v1__openapi.yaml,My Business Q&A API,googleapis.com,3.x,7,21,7,7,7,7,5,7,5,5,5,100.000,100.000,47.619,100.000,52.381,52.381,52.381
googleapis.com__mybusinessverifications__v1__openapi.yaml,My Business Verifications API,googleapis.com,3.x,5,10,5,5,5,5,5,5,5,5,5,100.000,100.000,100.000,100.000,0.000,0.000,0.000
googleapis.com__networkconnectivity__v1alpha1__openapi.yaml,Network Connectivity API,googleapis.com,3.x,15,105,15,15,15,15,15,15,15,15,15,100.000,100.000,100.000,100.000,0.000,0.000,0.000
googleapis.com__networkmanagement__v1beta1__openapi.yaml,Network Management API,googleapis.com,3.x,12,66,12,12,12,12,11,12,11,11,11,100.000,100.000,83.333,100.000,16.667,16.667,16.667
googleapis.com__networksecurity__v1beta1__openapi.yaml,Network Security API,googleapis.com,3.x,37,666,37,37,37,37,37,37,37,37,37,100.000,100.000,100.000,100.000,0.000,0.000,0.000
googleapis.com__networkservices__v1beta1__openapi.yaml,Network Services API,googleapis.com,3.x,31,465,31,31,31,31,31,31,31,31,31,100.000,100.000,100.000,100.000,0.000,0.000,0.000
googleapis.com__notebooks__v2__openapi.yaml,Notebooks API,googleapis.com,3.x,22,231,22,22,22,22,21,22,21,21,21,100.000,100.000,90.909,100.000,9.091,9.091,9.091
googleapis.com__oauth2__v2__openapi.yaml,Google OAuth2 API,googleapis.com,3.x,3,3,3,3,1,3,3,0,0,0,0,100.000,100.000,100.000,0.000,100.000,100.000,100.000
googleapis.com__ondemandscanning__v1beta1__openapi.yaml,On-Demand Scanning API,googleapis.com,3.x,7,21,7,7,7,7,5,7,5,5,5,100.000,100.000,47.619,100.000,52.381,52.381,52.381
googleapis.com__orgpolicy__v2__openapi.yaml,Organization Policy API,googleapis.com,3.x,9,36,9,9,9,9,9,9,9,9,9,100.000,100.000,100.000,100.000,0.000,0.000,0.000
googleapis.com__osconfig__v1__openapi.yaml,OS Config API,googleapis.com,3.x,17,136,17,17,17,17,16,17,16,16,16,100.000,100.000,88.235,100.000,11.765,11.765,11.765
googleapis.com__oslogin__v1__openapi.yaml,Cloud OS Login API,googleapis.com,3.x,6,15,6,6,6,6,5,6,5,5,5,100.000,100.000,66.667,100.000,33.333,33.333,33.333
googleapis.com__paymentsresellersubscription__v1__openapi.yaml,Payments Reseller Subscription API,googleapis.com,3.x,10,45,10,10,10,10,10,10,10,10,10,100.000,100.000,100.000,100.000,0.000,0.000,0.000
googleapis.com__people__v1__openapi.yaml,People API,googleapis.com,3.x,23,253,23,23,16,23,21,23,21,21,14,100.000,100.000,83.004,100.000,16.996,16.996,64.032
googleapis.com__places__v1__openapi.yaml,Places API (New),googleapis.com,3.x,4,6,4,4,1,4,4,4,4,4,1,100.000,100.000,100.000,100.000,0.000,0.000,100.000
googleapis.com__playablelocations__v3__openapi.yaml,Playable Locations API,googleapis.com,3.x,3,3,3,3,3,3,3,3,3,3,3,100.000,100.000,100.000,100.000,0.000,0.000,0.000
googleapis.com__playdeveloperreporting__v1alpha1__openapi.yaml,Google Play Developer Reporting API,googleapis.com,3.x,7,21,7,7,7,7,7,7,7,7,7,100.000,100.000,100.000,100.000,0.000,0.000,0.000
googleapis.com__plus__v1__openapi.yaml,Google+ API,googleapis.com,3.x,9,36,9,9,9,9,9,9,9,9,9,100.000,100.000,100.000,100.000,0.000,0.000,0.000
googleapis.com__policysimulator__v1__openapi.yaml,Policy Simulator API,googleapis.com,3.x,6,15,6,6,6,6,6,6,6,6,6,100.000,100.000,100.000,100.000,0.000,0.000,0.000
googleapis.com__poly__v1__openapi.yaml,Poly API,googleapis.com,3.x,4,6,4,4,4,4,4,4,4,4,4,100.000,100.000,100.000,100.000,0.000,0.000,0.000
googleapis.com__privateca__v1beta1__openapi.yaml,Certificate Authority API,googleapis.com,3.x,8,28,8,8,8,8,7,8,7,7,7,100.000,100.000,75.000,100.000,25.000,25.000,25.000
googleapis.com__prod_tt_sasportal__v1alpha1__openapi.yaml,SAS Portal API (Testing),googleapis.com,3.x,24,276,24,24,24,24,24,24,24,24,24,100.000,100.000,100.000,100.000,0.000,0.000,0.000
googleapis.com__proximitybeacon__v1beta1__openapi.yaml,Proximity Beacon API,googleapis.com,3.x,17,136,17,17,17,17,12,17,12,12,12,100.000,100.000,48.529,100.000,51.471,51.471,51.471
googleapis.com__pubsub__v1beta2__openapi.yaml,Cloud Pub/Sub API,googleapis.com,3.x,16,120,16,16,16,16,14,16,14,14,14,100.000,100.000,75.833,100.000,24.167,24.167,24.167
googleapis.com__pubsublite__v1__openapi.yaml,Pub/Sub Lite API,googleapis.com,3.x,20,190,20,20,20,20,19,20,19,19,19,100.000,100.000,90.000,100.000,10.000,10.000,10.000
googleapis.com__rapidmigrationassessment__v1__openapi.yaml,Rapid Migration Assessment API,googleapis.com,3.x,12,66,12,12,12,12,11,12,11,11,11,100.000,100.000,83.333,100.000,16.667,16.667,16.667
googleapis.com__readerrevenuesubscriptionlinking__v1__openapi.yaml,Reader Revenue Subscription Linking API,googleapis.com,3.x,3,3,3,3,3,3,3,3,3,3,3,100.000,100.000,100.000,100.000,0.000,0.000,0.000
googleapis.com__realtimebidding__v1__openapi.yaml,Real-time Bidding API,googleapis.com,3.x,28,378,28,28,28,28,27,28,27,27,27,100.000,100.000,92.857,100.000,7.143,7.143,7.143
googleapis.com__recaptchaenterprise__v1__openapi.yaml,reCAPTCHA Enterprise API,googleapis.com,3.x,15,105,15,15,15,15,15,15,15,15,15,100.000,100.000,100.000,100.000,0.000,0.000,0.000
googleapis.com__recommendationengine__v1beta1__openapi.yaml,Recommendations AI (Beta),googleapis.com,3.x,17,136,17,17,17,17,17,17,17,17,17,100.000,100.000,100.000,100.000,0.000,0.000,0.000
googleapis.com__recommender__v1beta1__openapi.yaml,Recommender API,googleapis.com,3.x,12,66,12,12,12,12,12,12,12,12,12,100.000,100.000,100.000,100.000,0.000,0.000,0.000
googleapis.com__redis__v1beta1__openapi.yaml,Google Cloud Memorystore for Redis API,googleapis.com,3.x,16,120,16,16,16,16,14,16,14,14,14,100.000,100.000,75.833,100.000,24.167,24.167,24.167
googleapis.com__remotebuildexecution__v1alpha__openapi.yaml,Remote Build Execution API,googleapis.com,3.x,8,28,8,8,8,8,8,8,8,8,8,100.000,100.000,100.000,100.000,0.000,0.000,0.000
googleapis.com__replicapool__v1beta1__openapi.yaml,Replica Pool,googleapis.com,3.x,10,45,10,10,10,10,10,10,10,10,10,100.000,100.000,100.000,100.000,0.000,0.000,0.000
googleapis.com__reseller__v1__openapi.yaml,Google Workspace Reseller API,googleapis.com,3.x,17,136,17,17,4,17,16,17,16,16,4,100.000,100.000,88.235,100.000,11.765,11.765,95.588
googleapis.com__resourcesettings__v1__openapi.yaml,Resource Settings API,googleapis.com,3.x,3,3,3,3,3,3,3,3,3,3,3,100.000,100.000,100.000,100.000,0.000,0.000,0.000
googleapis.com__retail__v2__openapi.yaml,Vertex AI Search for Retail API,googleapis.com,3.x,40,780,40,40,40,40,40,40,40,40,40,100.000,100.000,100.000,100.000,0.000,0.000,0.000
googleapis.com__run__v2__openapi.yaml,Cloud Run Admin API,googleapis.com,3.x,17,136,17,17,17,17,17,17,17,17,17,100.000,100.000,100.000,100.000,0.000,0.000,0.000
googleapis.com__runtimeconfig__v1beta1__openapi.yaml,Cloud Runtime Configuration API,googleapis.com,3.x,13,78,13,13,13,13,12,13,12,12,12,100.000,100.000,84.615,100.000,15.385,15.385,15.385
googleapis.com__safebrowsing__v4__openapi.yaml,Safe Browsing API,googleapis.com,3.x,7,21,7,7,7,7,7,5,5,5,5,100.000,100.000,100.000,47.619,52.381,52.381,52.381
googleapis.com__sasportal__v1alpha1__openapi.yaml,SAS Portal API,googleapis.com,3.x,24,276,24,24,24,24,24,24,24,24,24,100.000,100.000,100.000,100.000,0.000,0.000,0.000
googleapis.com__script__v1__openapi.yaml,Apps Script API,googleapis.com,3.x,16,120,16,16,16,16,15,16,15,15,15,100.000,100.000,87.500,100.000,12.500,12.500,12.500
googleapis.com__searchads360__v0__openapi.yaml,Search Ads 360 Reporting API,googleapis.com,3.x,5,10,5,5,4,5,5,5,5,5,4,100.000,100.000,100.000,100.000,0.000,0.000,40.000
googleapis.com__searchconsole__v1__openapi.yaml,Google Search Console API,googleapis.com,3.x,11,55,11,11,6,11,7,11,7,7,4,100.000,100.000,38.182,100.000,61.818,61.818,89.091
googleapis.com__secretmanager__v1beta1__openapi.yaml,Secret Manager API,googleapis.com,3.x,15,105,15,15,15,15,14,15,14,14,14,100.000,100.000,86.667,100.000,13.333,13.333,13.333
googleapis.com__securitycenter__v1beta2__openapi.yaml,Security Command Center API,googleapis.com,3.x,3,3,3,3,3,3,3,3,3,3,3,100.000,100.000,100.000,100.000,0.000,0.000,0.000
googleapis.com__servicebroker__v1alpha1__openapi.yaml,Service Broker,googleapis.com,3.x,14,91,14,14,14,14,14,14,14,14,14,100.000,100.000,100.000,100.000,0.000,0.000,0.000
googleapis.com__serviceconsumermanagement__v1beta1__openapi.yaml,Service Consumer Management API,googleapis.com,3.x,7,21,7,7,7,7,7,7,7,7,7,100.000,100.000,100.000,100.000,0.000,0.000,0.000
googleapis.com__servicecontrol__v1__openapi.yaml,Service Control API,googleapis.com,3.x,3,3,3,3,3,3,3,3,3,3,3,100.000,100.000,100.000,100.000,0.000,0.000,0.000
googleapis.com__servicedirectory__v1beta1__openapi.yaml,Service Directory API,googleapis.com,3.x,14,91,14,14,14,14,13,14,13,13,13,100.000,100.000,85.714,100.000,14.286,14.286,14.286
googleapis.com__servicemanagement__v1__openapi.yaml,Service Management API,googleapis.com,3.x,19,171,19,19,19,19,19,19,19,19,19,100.000,100.000,100.000,100.000,0.000,0.000,0.000
googleapis.com__servicenetworking__v1__openapi.yaml,Service Networking API,googleapis.com,3.x,25,300,25,25,25,25,25,25,25,25,25,100.000,100.000,100.000,100.000,0.000,0.000,0.000
googleapis.com__serviceusage__v1beta1__openapi.yaml,Service Usage API,googleapis.com,3.x,16,120,16,16,16,16,16,16,16,16,16,100.000,100.000,100.000,100.000,0.000,0.000,0.000
googleapis.com__sheets__v4__openapi.yaml,Google Sheets API,googleapis.com,3.x,17,136,17,17,16,17,17,17,17,17,16,100.000,100.000,100.000,100.000,0.000,0.000,11.765
googleapis.com__siteVerification__v1__openapi.yaml,Google Site Verification API,googleapis.com,3.x,7,21,7,7,7,7,6,7,6,6,6,100.000,100.000,71.429,100.000,28.571,28.571,28.571
googleapis.com__slides__v1__openapi.yaml,Google Slides API,googleapis.com,3.x,5,10,5,5,5,5,5,5,5,5,5,100.000,100.000,100.000,100.000,0.000,0.000,0.000
googleapis.com__smartdevicemanagement__v1__openapi.yaml,Smart Device Management API,googleapis.com,3.x,5,10,5,5,5,5,5,5,5,5,5,100.000,100.000,100.000,100.000,0.000,0.000,0.000
googleapis.com__sourcerepo__v1__openapi.yaml,Cloud Source Repositories API,googleapis.com,3.x,11,55,11,11,11,11,10,11,10,10,10,100.000,100.000,81.818,100.000,18.182,18.182,18.182
googleapis.com__spanner__v1__openapi.yaml,Cloud Spanner API,googleapis.com,3.x,40,780,40,40,40,40,37,40,37,37,37,100.000,100.000,85.385,100.000,14.615,14.615,14.615
googleapis.com__speech__v1p1beta1__openapi.yaml,Cloud Speech-to-Text API,googleapis.com,3.x,11,55,11,11,9,11,10,11,10,10,8,100.000,100.000,81.818,100.000,18.182,18.182,49.091
googleapis.com__sql__v1beta4__openapi.yaml,Cloud SQL Admin API,googleapis.com,3.x,58,1653,58,58,19,58,57,58,57,57,19,100.000,100.000,96.552,100.000,3.448,3.448,89.655
googleapis.com__storage__v1__openapi.yaml,Cloud Storage JSON API,googleapis.com,3.x,76,2850,76,76,76,76,66,76,66,66,66,100.000,100.000,75.263,100.000,24.737,24.737,24.737
googleapis.com__storage__v1beta2__openapi.yaml,Cloud Storage JSON API,googleapis.com,3.x,34,561,34,34,34,34,29,34,29,29,29,100.000,100.000,72.371,100.000,27.629,27.629,27.629
googleapis.com__storagetransfer__v1__openapi.yaml,Storage Transfer API,googleapis.com,3.x,15,105,15,15,15,15,13,15,13,13,13,100.000,100.000,74.286,100.000,25.714,25.714,25.714
googleapis.com__streetviewpublish__v1__openapi.yaml,Street View Publish API,googleapis.com,3.x,14,91,14,14,14,14,12,14,12,12,12,100.000,100.000,72.527,100.000,27.473,27.473,27.473
googleapis.com__sts__v1__openapi.yaml,Security Token Service API,googleapis.com,3.x,3,3,3,3,3,3,3,3,3,3,3,100.000,100.000,100.000,100.000,0.000,0.000,0.000
googleapis.com__tagmanager__v2__openapi.yaml,Tag Manager API,googleapis.com,3.x,54,1431,54,54,53,54,53,54,53,53,52,100.000,100.000,96.296,100.000,3.704,3.704,7.338
googleapis.com__tasks__v1__openapi.yaml,Google Tasks API,googleapis.com,3.x,14,91,14,14,9,14,11,14,11,11,8,100.000,100.000,60.440,100.000,39.560,39.560,69.231
googleapis.com__testing__v1__openapi.yaml,Cloud Testing API,googleapis.com,3.x,10,45,10,10,10,10,10,10,10,10,10,100.000,100.000,100.000,100.000,0.000,0.000,0.000
googleapis.com__texttospeech__v1beta1__openapi.yaml,Cloud Text-to-Speech API,googleapis.com,3.x,5,10,5,5,5,5,5,5,5,5,5,100.000,100.000,100.000,100.000,0.000,0.000,0.000
googleapis.com__toolresults__v1beta3__openapi.yaml,Cloud Tool Results API,googleapis.com,3.x,29,406,29,29,17,29,29,29,29,29,17,100.000,100.000,100.000,100.000,0.000,0.000,66.502
googleapis.com__tpu__v2alpha1__openapi.yaml,Cloud TPU API,googleapis.com,3.x,19,171,19,19,19,19,18,19,18,18,18,100.000,100.000,89.474,100.000,10.526,10.526,10.526
googleapis.com__transcoder__v1beta1__openapi.yaml,Transcoder API,googleapis.com,3.x,6,15,6,6,6,6,5,6,5,5,5,100.000,100.000,66.667,100.000,33.333,33.333,33.333
googleapis.com__translate__v2__openapi.yaml,Google Cloud Translation API,googleapis.com,3.x,5,10,5,5,5,5,5,5,5,5,5,100.000,100.000,100.000,100.000,0.000,0.000,0.000
googleapis.com__translate__v3beta1__openapi.yaml,Cloud Translation API,googleapis.com,3.x,14,91,14,14,14,14,13,14,13,13,13,100.000,100.000,85.714,100.000,14.286,14.286,14.286
googleapis.com__vault__v1__openapi.yaml,Google Vault API,googleapis.com,3.x,32,496,32,32,32,32,27,32,27,27,27,100.000,100.000,70.766,100.000,29.234,29.234,29.234
googleapis.com__versionhistory__v1__openapi.yaml,versionhistory.googleapis.com API,googleapis.com,3.x,4,6,4,4,4,4,4,4,4,4,4,100.000,100.000,100.000,100.000,0.000,0.000,0.000
googleapis.com__videointelligence__v1__openapi.yaml,Cloud Video Intelligence API,googleapis.com,3.x,8,28,8,8,8,8,8,8,8,8,8,100.000,100.000,100.000,100.000,0.000,0.000,0.000
googleapis.com__vision__v1p2beta1__openapi.yaml,Cloud Vision API,googleapis.com,3.x,8,28,8,8,8,8,8,8,8,8,8,100.000,100.000,100.000,100.000,0.000,0.000,0.000
googleapis.com__vmmigration__v1alpha1__openapi.yaml,VM Migration API,googleapis.com,3.x,34,561,34,34,34,34,34,34,34,34,34,100.000,100.000,100.000,100.000,0.000,0.000,0.000
googleapis.com__vmwareengine__v1__openapi.yaml,VMware Engine API,googleapis.com,3.x,43,903,43,43,43,43,43,43,43,43,43,100.000,100.000,100.000,100.000,0.000,0.000,0.000
googleapis.com__vpcaccess__v1beta1__openapi.yaml,Serverless VPC Access API,googleapis.com,3.x,7,21,7,7,7,7,7,7,7,7,7,100.000,100.000,100.000,100.000,0.000,0.000,0.000
googleapis.com__walletobjects__v1__openapi.yaml,Google Wallet API,googleapis.com,3.x,97,4656,97,97,50,97,97,97,97,97,50,100.000,100.000,100.000,100.000,0.000,0.000,73.690
googleapis.com__webmasters__v3__openapi.yaml,Search Console API,googleapis.com,3.x,9,36,9,9,9,9,5,9,5,5,5,100.000,100.000,27.778,100.000,72.222,72.222,72.222
googleapis.com__webrisk__v1__openapi.yaml,Web Risk API,googleapis.com,3.x,8,28,8,8,8,8,8,8,8,8,8,100.000,100.000,100.000,100.000,0.000,0.000,0.000
googleapis.com__websecurityscanner__v1__openapi.yaml,Web Security Scanner API,googleapis.com,3.x,11,55,11,11,11,11,10,11,10,10,10,100.000,100.000,81.818,100.000,18.182,18.182,18.182
googleapis.com__workflowexecutions__v1__openapi.yaml,Workflow Executions API,googleapis.com,3.x,8,28,8,8,8,8,8,8,8,8,8,100.000,100.000,100.000,100.000,0.000,0.000,0.000
googleapis.com__workflows__v1__openapi.yaml,Workflows API,googleapis.com,3.x,8,28,8,8,8,8,8,8,8,8,8,100.000,100.000,100.000,100.000,0.000,0.000,0.000
googleapis.com__workloadmanager__v1__openapi.yaml,Workload Manager API,googleapis.com,3.x,14,91,14,14,14,14,13,14,13,13,13,100.000,100.000,85.714,100.000,14.286,14.286,14.286
googleapis.com__workspaceevents__v1__openapi.yaml,Google Workspace Events API,googleapis.com,3.x,6,15,6,6,6,6,6,6,6,6,6,100.000,100.000,100.000,100.000,0.000,0.000,0.000
googleapis.com__workstations__v1__openapi.yaml,Cloud Workstations API,googleapis.com,3.x,20,190,20,20,20,20,20,20,20,20,20,100.000,100.000,100.000,100.000,0.000,0.000,0.000
googleapis.com__youtubeAnalytics__v2__openapi.yaml,YouTube Analytics API,googleapis.com,3.x,8,28,8,8,8,8,8,8,8,8,8,100.000,100.000,100.000,100.000,0.000,0.000,0.000
googleapis.com__youtube__v3__openapi.yaml,YouTube Data API v3,googleapis.com,3.x,80,3160,80,80,58,80,61,80,61,61,54,100.000,100.000,57.911,100.000,42.089,42.089,54.715
googleapis.com__youtubereporting__v1__openapi.yaml,YouTube Reporting API,googleapis.com,3.x,8,28,8,8,8,8,7,8,7,7,7,100.000,100.000,75.000,100.000,25.000,25.000,25.000
gov.bc.ca__bcdc__3.0.1__openapi.yaml,BC Data Catalogue API,gov.bc.ca,3.x,22,231,0,0,0,21,0,22,0,0,0,0.000,90.909,0.000,100.000,100.000,100.000,100.000
gov.bc.ca__bcgnws__3.x.x__openapi.yaml,BC Geographical Names Web Service - REST API,gov.bc.ca,3.x,14,91,0,0,0,14,0,14,0,0,0,0.000,100.000,0.000,100.000,100.000,100.000,100.000
gov.bc.ca__geocoder__2.0.0__openapi.yaml,Geocoder REST API,gov.bc.ca,3.x,16,120,0,0,0,16,0,16,0,0,0,0.000,100.000,0.000,100.000,100.000,100.000,100.000
gov.bc.ca__geomark__4.1.2__openapi.yaml,GeoMark Web Service REST API,gov.bc.ca,3.x,7,21,0,0,0,6,0,7,0,0,0,0.000,71.429,0.000,100.000,100.000,100.000,100.000
gov.bc.ca__gwells__v1__openapi.yaml,"Groundwater Wells, Aquifers and Registry API",gov.bc.ca,3.x,24,276,24,24,24,18,18,24,15,15,15,100.000,55.435,55.435,100.000,61.957,61.957,61.957
gov.bc.ca__jobposting__1.0.0__openapi.yaml,WorkBC Job Posting API,gov.bc.ca,3.x,5,10,0,0,0,0,5,5,0,0,0,0.000,0.000,100.000,100.000,100.000,100.000,100.000
gov.bc.ca__news__1.0__openapi.yaml,BC Gov News API Service 1.0,gov.bc.ca,3.x,27,351,27,27,25,27,26,0,0,0,0,100.000,100.000,92.593,0.000,100.000,100.000,100.000
gov.bc.ca__open511__1.0.0__openapi.yaml,DriveBC's Open511 API,gov.bc.ca,3.x,4,6,0,0,0,4,0,1,0,0,0,0.000,100.000,0.000,0.000,100.000,100.000,100.000
gov.bc.ca__router__2.0.0__openapi.yaml,BC Route Planner REST API,gov.bc.ca,3.x,24,276,0,0,0,24,0,24,0,0,0,0.000,100.000,0.000,100.000,100.000,100.000,100.000
graphhopper.com__1.0.0__openapi.yaml,GraphHopper Directions API,graphhopper.com,3.x,16,120,15,15,15,8,16,16,8,8,8,87.500,23.333,100.000,100.000,76.667,76.667,76.667
greenpeace.org__1.0.0__swagger.yaml,Greenwire Public API,greenpeace.org,2.0,6,15,0,0,0,6,6,6,0,0,0,0.000,100.000,100.000,100.000,100.000,100.000,100.000
greip.io__1.0.0__openapi.yaml,Greip API,greip.io,3.x,9,36,0,0,0,9,0,9,0,0,0,0.000,100.000,0.000,100.000,100.000,100.000,100.000
groundhog-day.com__1.2.1__openapi.yaml,Groundhog Day API,groundhog-day.com,3.x,5,10,5,5,2,3,3,5,3,3,1,100.000,30.000,30.000,100.000,70.000,70.000,100.000
gsa.gov__0.1__swagger.yaml,Discovery Market Research,gsa.gov,2.0,5,10,5,5,3,3,0,5,0,0,0,100.000,30.000,0.000,100.000,100.000,100.000,100.000
gsmtasks.com__2.4.13__openapi.yaml,GSMTasks Project API,gsmtasks.com,3.x,261,33930,261,261,257,257,244,17,16,16,15,100.000,96.953,87.374,0.401,99.646,99.646,99.691
hackathonwatch.com__0.1__openapi.yaml,HackathonWatch,hackathonwatch.com,3.x,4,6,4,4,4,3,0,0,0,0,0,100.000,50.000,0.000,0.000,100.000,100.000,100.000
haloapi.com__metadata__1.0__swagger.yaml,Metadata,haloapi.com,2.0,37,666,37,37,37,37,0,37,0,0,0,100.000,100.000,0.000,100.000,100.000,100.000,100.000
haloapi.com__profile__1.0__swagger.yaml,Profile,haloapi.com,2.0,3,3,3,3,3,3,0,3,0,0,0,100.000,100.000,0.000,100.000,100.000,100.000,100.000
haloapi.com__stats__1.0__swagger.yaml,Stats,haloapi.com,2.0,28,378,28,28,28,28,0,28,0,0,0,100.000,100.000,0.000,100.000,100.000,100.000,100.000
haloapi.com__ugc__1.0__swagger.yaml,UGC,haloapi.com,2.0,4,6,4,4,4,4,0,4,0,0,0,100.000,100.000,0.000,100.000,100.000,100.000,100.000
handwrytten.com__1.0.0__swagger.yaml,Handwrytten API,handwrytten.com,2.0,30,435,29,29,19,22,24,15,8,8,7,93.333,53.103,63.448,24.138,93.563,93.563,95.172
healthcare.gov__1.0.0__openapi.yaml,Healthcare,healthcare.gov,3.x,16,120,0,0,0,16,16,16,0,0,0,0.000,100.000,100.000,100.000,100.000,100.000,100.000
here.com__tracking__2.1.192__openapi.yaml,HERE Tracking,here.com,3.x,216,23220,0,0,0,166,0,166,0,0,0,0.000,58.979,0.000,58.979,100.000,100.000,100.000
hetras-certification.net__booking__v0__swagger.yaml,hetras Booking API Version 0,hetras-certification.net,2.0,19,171,19,19,15,19,19,18,18,18,14,100.000,100.000,100.000,89.474,10.526,10.526,46.784
hetras-certification.net__hotel__v0__swagger.yaml,hetras Hotel API Version 0,hetras-certification.net,2.0,21,210,21,21,21,21,21,17,17,17,17,100.000,100.000,100.000,64.762,35.238,35.238,35.238
hetzner.cloud__1.0.0__openapi.yaml,Hetzner Cloud API,hetzner.cloud,3.x,144,10296,0,0,0,133,0,144,0,0,0,0.000,85.256,0.000,100.000,100.000,100.000,100.000
hhs.gov__2__openapi.yaml,HHS Media Services API,hhs.gov,3.x,31,465,0,0,0,31,26,31,0,0,0,0.000,100.000,69.892,100.000,100.000,100.000,100.000
highwaysengland.co.uk__v1__openapi.yaml,Highways England API,highwaysengland.co.uk,3.x,10,45,7,7,6,10,10,2,1,1,1,46.667,100.000,100.000,2.222,100.000,100.000,100.000
hillbillysoftware.com__shinobi__v1__swagger.yaml,shinobiapi,hillbillysoftware.com,2.0,58,1653,58,58,49,58,58,0,0,0,0,100.000,100.000,100.000,0.000,100.000,100.000,100.000
hsbc.com__atm__2.2.1__swagger.yaml,ATM Locator API,hsbc.com,2.0,5,10,0,0,0,4,5,5,0,0,0,0.000,60.000,100.000,100.000,100.000,100.000,100.000
hsbc.com__branches__2.2.1__swagger.yaml,Branch Locator API,hsbc.com,2.0,6,15,0,0,0,5,6,6,0,0,0,0.000,66.667,100.000,100.000,100.000,100.000,100.000
hsbc.com__product__2.2.1__swagger.yaml,Product Finder API,hsbc.com,2.0,8,28,0,0,0,4,8,8,0,0,0,0.000,21.429,100.000,100.000,100.000,100.000,100.000
httpbin.org__0.9.2__openapi.yaml,httpbin.org,httpbin.org,3.x,73,2628,0,0,0,40,0,1,0,0,0,0.000,29.680,0.000,0.000,100.000,100.000,100.000
hubapi.com__auth__v1__openapi.yaml,Auth Oauth,hubapi.com,3.x,4,6,0,4,2,3,3,0,0,0,0,0.000,50.000,50.000,0.000,100.000,100.000,100.000
hubapi.com__automation__v4__openapi.yaml,Automation Actions V4,hubapi.com,3.x,16,120,0,16,15,15,13,0,0,0,0,0.000,87.500,65.000,0.000,100.000,100.000,100.000
hubapi.com__communication-preferences__v3__openapi.yaml,Subscriptions,hubapi.com,3.x,4,6,0,4,2,1,4,4,0,1,1,0.000,0.000,100.000,100.000,100.000,100.000,100.000
hubapi.com__crm__v3__openapi.yaml,CRM cards,hubapi.com,3.x,6,15,0,6,6,5,5,6,0,4,4,0.000,66.667,66.667,100.000,100.000,60.000,60.000
hubapi.com__files__v3__openapi.yaml,Files Files,hubapi.com,3.x,19,171,0,19,19,15,15,18,0,10,10,0.000,61.404,61.404,89.474,100.000,73.684,73.684
hubapi.com__marketing__v3__openapi.yaml,Marketing Events,hubapi.com,3.x,16,120,0,16,14,13,15,15,0,11,10,0.000,65.000,87.500,87.500,100.000,54.167,62.500
hubapi.com__webhooks__v3__openapi.yaml,Webhooks Webhooks,hubapi.com,3.x,9,36,0,9,9,9,7,0,0,0,0,0.000,100.000,58.333,0.000,100.000,100.000,100.000
hubhopper.com__v5__swagger.yaml,Hubhopper Partner Integration API(s) - Production,hubhopper.com,2.0,7,21,0,0,0,7,7,6,0,0,0,0.000,100.000,100.000,71.429,100.000,100.000,100.000
i-cue.solutions__v1__openapi.yaml,Growth Services,i-cue.solutions,3.x,64,2016,0,0,0,64,31,58,0,0,0,0.000,100.000,23.065,81.994,100.000,100.000,100.000
ibanapi.com__1.0.0__openapi.yaml,IBANAPI OpenApi Documentation,ibanapi.com,3.x,3,3,3,3,3,2,3,3,2,2,2,100.000,33.333,100.000,100.000,66.667,66.667,66.667
icons8.com__1.0.0__openapi.yaml,Use a [New Version](https://icons8.github.io/icons8-docs/) Instead,icons8.com,3.x,8,28,8,8,6,6,0,1,0,0,0,100.000,53.571,0.000,0.000,100.000,100.000,100.000
id4i.de__1.0.2__openapi.yaml,ID4i API,id4i.de,3.x,107,5671,106,107,104,94,106,52,39,39,37,98.131,77.076,98.131,23.382,86.934,86.934,88.256
ideaconsult.net__enanomapper__4.0.0__openapi.yaml,eNanoMapper database,ideaconsult.net,3.x,13,78,13,13,13,13,13,13,13,13,13,100.000,100.000,100.000,100.000,0.000,0.000,0.000
ideaconsult.net__nanoreg__4.0.0__openapi.yaml,eNanoMapper database,ideaconsult.net,3.x,13,78,13,13,13,13,13,13,13,13,13,100.000,100.000,100.000,100.000,0.000,0.000,0.000
ideal-postcodes.co.uk__3.7.0__openapi.yaml,API Reference - Ideal Postcodes,ideal-postcodes.co.uk,3.x,26,325,26,26,22,26,26,26,26,26,22,100.000,100.000,100.000,100.000,0.000,0.000,28.923
idtbeyond.com__1.1.7__swagger.yaml,Active Documentation for /v1,idtbeyond.com,2.0,14,91,0,0,0,14,3,14,0,0,0,0.000,100.000,3.297,100.000,100.000,100.000,100.000
ijenko.net__3.0.0__swagger.yaml,IoE² IoT API - to create end-user applications,ijenko.net,2.0,67,2211,67,67,56,63,62,67,58,58,50,100.000,88.331,85.527,100.000,25.237,25.237,44.595
illumidesk.com__1.0__swagger.yaml,IllumiDesk,illumidesk.com,2.0,143,10153,143,143,110,142,134,8,8,8,4,100.000,98.601,87.767,0.276,99.724,99.724,99.941
impala.travel__hotels__1.003__openapi.yaml,Impala Hotel Booking API,impala.travel,3.x,10,45,10,10,10,9,8,10,7,7,7,100.000,80.000,62.222,100.000,53.333,53.333,53.333
import.io__schedule__1.0__swagger.yaml,import.io,import.io,2.0,4,6,0,0,0,3,4,0,0,0,0,0.000,50.000,100.000,0.000,100.000,100.000,100.000
inboxroute.com__0.9__swagger.yaml,Mailsquad,inboxroute.com,2.0,8,28,0,0,0,8,6,8,0,0,0,0.000,100.000,53.571,100.000,100.000,100.000,100.000
increase.com__0.0.1__openapi.yaml,Increase API,increase.com,3.x,131,8515,131,131,131,96,131,29,16,16,16,100.000,53.553,100.000,4.768,98.591,98.591,98.591
infermedica.com__v2__swagger.yaml,Infermedica API,infermedica.com,2.0,20,190,20,20,20,20,20,18,18,18,18,100.000,100.000,100.000,80.526,19.474,19.474,19.474
influxdata.com__2.0.0__openapi.yaml,Influx OSS API Service,influxdata.com,3.x,195,18915,195,195,195,188,152,7,6,6,6,100.000,92.932,60.671,0.111,99.921,99.921,99.921
inpe.br__dados-abertos__1.0__swagger.yaml,Dados Abertos - API,inpe.br,2.0,6,15,6,6,6,4,0,0,0,0,0,100.000,40.000,0.000,0.000,100.000,100.000,100.000
instagram.com__1.0.0__swagger.yaml,Instagram API,instagram.com,2.0,27,351,0,0,0,25,27,27,0,0,0,0.000,85.470,100.000,100.000,100.000,100.000,100.000
intel.com__product-catalogue__0.1.0__swagger.yaml,Intel Product Catalogue Service,intel.com,2.0,4,6,4,4,4,4,0,4,0,0,0,100.000,100.000,0.000,100.000,100.000,100.000,100.000
intellifi.nl__2.23.4+0.gb463b49.dirty__openapi.yaml,Brain Web API,intellifi.nl,3.x,77,2926,73,73,73,64,49,10,4,4,4,89.815,68.900,40.191,1.538,99.795,99.795,99.795
interactivebrokers.com__1.0.0__openapi.yaml,IBKR 3rd Party Web API,interactivebrokers.com,3.x,16,120,0,0,0,10,7,16,0,0,0,0.000,37.500,17.500,100.000,100.000,100.000,100.000
ipqualityscore.com__1.0.0__openapi.yaml,IPQualityScore API,ipqualityscore.com,3.x,3,3,3,3,3,3,0,3,0,0,0,100.000,100.000,0.000,100.000,100.000,100.000,100.000
iqualify.com__v1__openapi.yaml,iQualify Management API,iqualify.com,3.x,84,3486,0,0,0,74,67,84,0,0,0,0.000,77.481,63.425,100.000,100.000,100.000,100.000
isbndb.com__1.0.1__swagger.yaml,ISBNdb API,isbndb.com,2.0,10,45,0,0,0,9,5,10,0,0,0,0.000,80.000,22.222,100.000,100.000,100.000,100.000
isendpro.com__1.1.1__openapi.yaml,API iSendPro,isendpro.com,3.x,14,91,14,14,9,5,14,14,5,5,2,100.000,10.989,100.000,100.000,89.011,89.011,98.901
ix-api.net__2.1.0__openapi.yaml,IX-API,ix-api.net,3.x,77,2926,77,77,77,65,77,77,65,65,65,100.000,71.087,100.000,100.000,28.913,28.913,28.913
izettle.com__products__1.0.0__openapi.yaml,Product Library API,izettle.com,3.x,32,496,32,32,32,27,27,8,8,8,8,100.000,70.766,70.766,5.645,94.355,94.355,94.355
jellyfin.local__v1__openapi.yaml,Jellyfin API,jellyfin.local,3.x,387,74691,378,387,374,277,292,3,3,3,3,95.397,51.179,56.882,0.004,99.996,99.996,99.996
jira.local__1.0.0__swagger.yaml,JIRA 7.6.1,jira.local,2.0,324,52326,256,256,249,261,0,307,0,0,0,62.378,64.843,0.000,89.766,100.000,100.000,100.000
jirafe.com__2.0.0__swagger.yaml,Jirafe Events,jirafe.com,2.0,6,15,6,6,6,6,6,0,0,0,0,100.000,100.000,100.000,0.000,100.000,100.000,100.000
jokes.one__1.1__swagger.yaml,Jokes One API,jokes.one,2.0,12,66,0,0,0,10,4,12,0,0,0,0.000,68.182,9.091,100.000,100.000,100.000,100.000
journy.io__1.0.0__openapi.yaml,Developer documentation,journy.io,3.x,16,120,16,16,15,1,0,16,0,0,0,100.000,0.000,0.000,100.000,100.000,100.000,100.000
jumpseller.com__1.0.0__openapi.yaml,Jumpseller API,jumpseller.com,3.x,142,10011,0,0,0,142,142,6,0,0,0,0.000,100.000,100.000,0.150,100.000,100.000,100.000
just-eat.co.uk__1.0.0__openapi.yaml,Just Eat UK,just-eat.co.uk,3.x,98,4753,7,7,7,69,92,98,7,7,7,0.442,49.358,88.071,100.000,99.558,99.558,99.558
keycloak.local__1__openapi.yaml,Keycloak Admin REST API,keycloak.local,3.x,281,39340,0,0,0,279,192,0,0,0,0,0.000,98.579,46.609,0.000,100.000,100.000,100.000
keyserv.solutions__1.4.5__openapi.yaml,KeyServ,keyserv.solutions,3.x,24,276,24,24,10,11,19,0,0,0,0,100.000,19.928,61.957,0.000,100.000,100.000,100.000
klarna.com__payments__1.0.0__openapi.yaml,Klarna Payments API V1,klarna.com,3.x,6,15,6,6,6,5,5,6,4,4,4,100.000,66.667,66.667,100.000,60.000,60.000,60.000
kubernetes.io__v1.10.0__swagger.yaml,Kubernetes,kubernetes.io,2.0,932,433846,932,932,932,881,893,930,843,843,843,100.000,89.350,91.802,99.571,18.196,18.196,18.196
kumpeapps.com__5.0.0__openapi.yaml,KumpeApps API,kumpeapps.com,3.x,33,528,33,33,8,33,33,28,28,28,8,100.000,100.000,100.000,71.591,28.409,28.409,94.697
lambdatest.com__1.0.1__openapi.yaml,LambdaTest Screenshots API Documentation,lambdatest.com,3.x,9,36,9,9,4,5,9,9,5,5,3,100.000,27.778,100.000,100.000,72.222,72.222,91.667
languagetool.org__1.1.2__swagger.yaml,LanguageTool API,languagetool.org,2.0,5,10,0,0,0,4,0,4,0,0,0,0.000,60.000,0.000,60.000,100.000,100.000,100.000
launchdarkly.com__5.3.0__swagger.yaml,LaunchDarkly REST API,launchdarkly.com,2.0,105,5460,103,103,103,92,59,1,0,0,0,96.209,76.667,31.337,0.000,100.000,100.000,100.000
learnifier.com__1.1.0__swagger.yaml,Learnifier,learnifier.com,2.0,34,561,0,0,0,31,30,34,0,0,0,0.000,82.888,77.540,100.000,100.000,100.000,100.000
letmc.com__basic-tier__v2-basic-tier__swagger.yaml,"LetMC Api V2, Basic (Tier 2)",letmc.com,2.0,45,990,21,21,21,45,45,0,0,0,0,21.212,100.000,100.000,0.000,100.000,100.000,100.000
letmc.com__customer__v2-customer__openapi.yaml,"agentOS Api V2, Customer Login Call Group",letmc.com,3.x,24,276,23,23,23,24,17,0,0,0,0,91.667,100.000,49.275,0.000,100.000,100.000,100.000
letmc.com__diary__v3-diary__openapi.yaml,"agentOS API V3, Diary Call Group",letmc.com,3.x,13,78,12,12,12,13,9,0,0,0,0,84.615,100.000,46.154,0.000,100.000,100.000,100.000
letmc.com__free-tier__v2-free-tier__swagger.yaml,"LetMC Api V2, Free (Tier 1)",letmc.com,2.0,43,903,19,19,19,43,43,0,0,0,0,18.937,100.000,100.000,0.000,100.000,100.000,100.000
letmc.com__reporting__v3-reporting__swagger.yaml,"LetMC Api V3, reporting",letmc.com,2.0,4,6,4,4,4,4,4,0,0,0,0,100.000,100.000,100.000,0.000,100.000,100.000,100.000
lgtm.com__v1.0__openapi.yaml,LGTM API specification,lgtm.com,3.x,29,406,29,29,29,25,22,29,19,19,19,100.000,73.892,56.897,100.000,57.882,57.882,57.882
libretranslate.local__1.3.10__openapi.yaml,LibreTranslate,libretranslate.local,3.x,6,15,0,0,0,0,6,0,0,0,0,0.000,0.000,100.000,0.000,100.000,100.000,100.000
link.fish__2018-07-05__swagger.yaml,link.fish API,link.fish,2.0,8,28,0,0,0,8,8,8,0,0,0,0.000,100.000,100.000,100.000,100.000,100.000,100.000
linode.com__4.151.1__openapi.yaml,Linode API,linode.com,3.x,350,61075,348,348,348,271,246,350,180,180,180,98.859,59.902,49.341,100.000,73.623,73.623,73.623
linqr.app__2.0__openapi.yaml,LinQR,linqr.app,3.x,14,91,14,14,14,2,14,14,2,2,2,100.000,1.099,100.000,100.000,98.901,98.901,98.901
linuxfoundation.org__reimbursement__1.0__swagger.yaml,Reimbursements API,linuxfoundation.org,2.0,6,15,6,6,6,5,4,5,4,4,4,100.000,66.667,40.000,66.667,60.000,60.000,60.000
listennotes.com__2.0__openapi.yaml,"Listen API: Podcast Search, Directory, and Insights API",listennotes.com,3.x,24,276,24,24,21,24,24,24,24,24,21,100.000,100.000,100.000,100.000,0.000,0.000,23.913
ljaero.com__dflight__V 1.0.0__openapi.yaml,DFlight API,ljaero.com,3.x,24,276,24,24,24,24,24,24,24,24,24,100.000,100.000,100.000,100.000,0.000,0.000,0.000
logoraisr.com__v1__openapi.yaml,API docs | logoraisr.com,logoraisr.com,3.x,10,45,10,10,10,4,10,10,4,4,4,100.000,13.333,100.000,100.000,86.667,86.667,86.667
loket.nl__V2__openapi.yaml,Loket.nl API,loket.nl,3.x,663,219453,661,661,661,663,0,663,0,0,0,99.397,100.000,0.000,100.000,100.000,100.000,100.000
lotadata.com__2.0.0__swagger.yaml,LotaData,lotadata.com,2.0,4,6,0,0,0,4,4,0,0,0,0,0.000,100.000,100.000,0.000,100.000,100.000,100.000
lufthansa.com__partner__1.0__openapi.yaml,LH Partner API,lufthansa.com,3.x,16,120,16,16,10,16,0,16,0,0,0,100.000,100.000,0.000,100.000,100.000,100.000,100.000
lufthansa.com__public__1.0__openapi.yaml,LH Public API,lufthansa.com,3.x,15,105,15,15,15,15,1,15,1,1,1,100.000,100.000,0.000,100.000,100.000,100.000,100.000
lumminary.com__1.0__swagger.yaml,Lumminary API,lumminary.com,2.0,17,136,17,17,16,17,15,9,9,9,8,100.000,100.000,77.206,26.471,73.529,73.529,79.412
lyft.com__1.0.0__swagger.yaml,Lyft,lyft.com,2.0,16,120,16,16,16,15,16,16,15,15,15,100.000,87.500,100.000,100.000,12.500,12.500,12.500
magento.com__2.2.10__openapi.yaml,Magento B2B,magento.com,3.x,455,103285,425,425,425,332,277,421,162,162,162,87.234,53.198,37.010,85.598,87.374,87.374,87.374
magick.nu__1.0__swagger.yaml,Tradeworks,magick.nu,2.0,8,28,8,8,8,7,4,0,0,0,0,100.000,75.000,21.429,0.000,100.000,100.000,100.000
maif.local__otoroshi__1.5.0-dev__openapi.yaml,Otoroshi Admin API,maif.local,3.x,101,5050,101,101,99,61,101,100,60,60,59,100.000,36.238,100.000,98.020,64.950,64.950,66.119
mailchimp.com__3.0.55__openapi.yaml,Mailchimp Marketing API,mailchimp.com,3.x,271,36585,271,271,271,256,0,271,0,0,0,100.000,89.217,0.000,100.000,100.000,100.000,100.000
mailscript.com__0.4.0__openapi.yaml,Mailscript,mailscript.com,3.x,38,703,38,38,36,19,30,1,0,0,0,100.000,24.324,61.878,0.000,100.000,100.000,100.000
mandrillapp.com__1.0__swagger.yaml,Mandrill,mandrillapp.com,2.0,90,4005,0,0,0,90,90,90,0,0,0,0.000,100.000,100.000,100.000,100.000,100.000,100.000
mashape.com__geodb__1.0.0__swagger.yaml,GeoDB Cities API,mashape.com,2.0,26,325,0,26,26,26,0,26,0,0,0,0.000,100.000,0.000,100.000,100.000,100.000,100.000
mastercard.com__CurrencyConversionCalculator__1.0.0__swagger.yaml,API for the Settlement Currency Rate converter,mastercard.com,2.0,3,3,0,3,3,2,3,3,0,2,2,0.000,33.333,100.000,100.000,100.000,66.667,66.667
mastercard.com__Locations__1.0.0__swagger.yaml,Locations API,mastercard.com,2.0,7,21,0,0,0,5,7,7,0,0,0,0.000,47.619,100.000,100.000,100.000,100.000,100.000
mastercard.com__MATCH__1.0.0__swagger.yaml,MATCH API,mastercard.com,2.0,6,15,0,0,0,6,6,6,0,0,0,0.000,100.000,100.000,100.000,100.000,100.000,100.000
mastercard.com__MDES__2.0.7__swagger.yaml,MDES Customer Service,mastercard.com,2.0,15,105,0,0,0,14,15,15,0,0,0,0.000,86.667,100.000,100.000,100.000,100.000,100.000
mastercard.com__PersonalizedLoyaltyOffers__1.3__swagger.yaml,Personalized Offers,mastercard.com,2.0,8,28,0,0,0,8,8,8,0,0,0,0.000,100.000,100.000,100.000,100.000,100.000,100.000
mastercard.com__SpendingPulse__1.0__swagger.yaml,Spending Pulse,mastercard.com,2.0,4,6,0,0,0,4,4,4,0,0,0,0.000,100.000,100.000,100.000,100.000,100.000,100.000
mastercard.com__masterpassqr__V1__swagger.yaml,Send Person to Merchant,mastercard.com,2.0,15,105,15,15,15,15,15,15,15,15,15,100.000,100.000,100.000,100.000,0.000,0.000,0.000
mastercard.com__open-banking-connect-pis__1.16.0__swagger.yaml,Open Banking - Payments initiation service,mastercard.com,2.0,12,66,0,0,0,11,12,9,0,0,0,0.000,83.333,100.000,54.545,100.000,100.000,100.000
mastodon.local__1.0__openapi.yaml,Mastodon API Specification (https://github.com/mastodon/mastodon),mastodon.local,3.x,127,8001,0,0,0,97,78,120,0,0,0,0.000,58.193,37.533,89.239,100.000,100.000,100.000
math.tools__1.5__openapi.yaml,Numbers API,math.tools,3.x,26,325,0,0,0,25,0,26,0,0,0,0.000,92.308,0.000,100.000,100.000,100.000,100.000
mbus.local__0.3.5__openapi.yaml,M-Bus HTTPD API,mbus.local,3.x,7,21,7,7,2,3,7,7,3,3,0,100.000,14.286,100.000,100.000,85.714,85.714,100.000
mcw.edu__1.1__openapi.yaml,Rat Genome Database REST API,mcw.edu,3.x,100,4950,0,100,100,82,38,0,0,0,0,0.000,67.091,14.202,0.000,100.000,100.000,100.000
medium.com__1.0__openapi.yaml,Medium API,medium.com,3.x,32,496,0,0,0,31,0,32,0,0,0,0.000,93.750,0.000,100.000,100.000,100.000,100.000
meilisearch.com__1.0.0__openapi.yaml,Meilisearch v1.1,meilisearch.com,3.x,64,2016,64,64,64,10,0,64,0,0,0,100.000,2.232,0.000,100.000,100.000,100.000,100.000
meraki.com__0.0.0-streaming__openapi.yaml,Meraki Dashboard API,meraki.com,3.x,248,30628,248,248,248,247,0,248,0,0,0,100.000,99.194,0.000,100.000,100.000,100.000,100.000
meraki.com__1.32.0__openapi.yaml,Meraki Dashboard API,meraki.com,3.x,616,189420,616,616,616,613,0,616,0,0,0,100.000,99.028,0.000,100.000,100.000,100.000,100.000
mercedes-benz.com__configurator__1.0__swagger.yaml,Car Configurator,mercedes-benz.com,2.0,24,276,24,24,24,24,24,24,24,24,24,100.000,100.000,100.000,100.000,0.000,0.000,0.000
mercedes-benz.com__dealer__1.0__swagger.yaml,Dealer,mercedes-benz.com,2.0,3,3,3,3,3,3,3,3,3,3,3,100.000,100.000,100.000,100.000,0.000,0.000,0.000
mercedes-benz.com__diagnostics__1.0__swagger.yaml,Remote Diagnostic Support,mercedes-benz.com,2.0,4,6,0,4,4,4,4,4,0,4,4,0.000,100.000,100.000,100.000,100.000,0.000,0.000
mercedes-benz.com__image__1.0__swagger.yaml,Vehicle Image,mercedes-benz.com,2.0,8,28,8,8,8,8,8,8,8,8,8,100.000,100.000,100.000,100.000,0.000,0.000,0.000
mercure.local__0.3.2__openapi.yaml,The Mercure protocol,mercure.local,3.x,5,10,0,0,0,3,3,0,0,0,0,0.000,30.000,30.000,0.000,100.000,100.000,100.000
mermade.org.uk__openapi-converter__1.0.0__openapi.yaml,Swagger2OpenAPI Converter,mermade.org.uk,3.x,5,10,5,5,3,3,2,0,0,0,0,100.000,30.000,10.000,0.000,100.000,100.000,100.000
meshery.local__0.4.27__openapi.yaml,Meshery API.,meshery.local,3.x,75,2775,75,75,75,23,3,75,0,0,0,100.000,9.117,0.108,100.000,100.000,100.000,100.000
metadapi.com__1.0__openapi.yaml,Zip Code Data API,metadapi.com,3.x,7,21,7,7,0,6,5,7,5,5,0,100.000,71.429,47.619,100.000,52.381,52.381,100.000
meteosource.com__v1__openapi.yaml,Interactive documentation for your Premium plan,meteosource.com,3.x,7,21,7,7,0,7,7,7,7,7,0,100.000,100.000,100.000,100.000,0.000,0.000,100.000
miataru.com__1.0.0__swagger.yaml,Miataru,miataru.com,2.0,5,10,5,5,0,5,5,5,5,5,0,100.000,100.000,100.000,100.000,0.000,0.000,100.000
microcks.local__1.7.0__openapi.yaml,Microcks API v1.7,microcks.local,3.x,44,946,42,42,42,33,37,16,7,7,7,91.015,55.814,70.402,12.685,97.780,97.780,97.780
microsoft.com__cognitiveservices-ComputerVision__2.0__openapi.yaml,Computer Vision Client,microsoft.com,3.x,9,36,9,9,8,6,9,9,6,6,5,100.000,41.667,100.000,100.000,58.333,58.333,72.222
microsoft.com__cognitiveservices-ComputerVision__2.1__openapi.yaml,Computer Vision Client,microsoft.com,3.x,9,36,9,9,8,6,9,9,6,6,5,100.000,41.667,100.000,100.000,58.333,58.333,72.222
microsoft.com__cognitiveservices-ImageSearch__1.0__swagger.yaml,Image Search Client,microsoft.com,2.0,3,3,3,3,0,3,3,0,0,0,0,100.000,100.000,100.000,0.000,100.000,100.000,100.000
microsoft.com__cognitiveservices-NewsSearch__1.0__swagger.yaml,News Search Client,microsoft.com,2.0,3,3,3,3,2,3,3,0,0,0,0,100.000,100.000,100.000,0.000,100.000,100.000,100.000
microsoft.com__cognitiveservices-Prediction__1.1__openapi.yaml,PredictionEndpoint,microsoft.com,3.x,4,6,4,4,4,4,4,0,0,0,0,100.000,100.000,100.000,0.000,100.000,100.000,100.000
microsoft.com__cognitiveservices-Prediction__2.0__openapi.yaml,Custom Vision Prediction Client,microsoft.com,3.x,4,6,4,4,4,4,4,0,0,0,0,100.000,100.000,100.000,0.000,100.000,100.000,100.000
microsoft.com__cognitiveservices-Prediction__3.0__openapi.yaml,Custom Vision Prediction Client,microsoft.com,3.x,8,28,8,8,8,8,8,0,0,0,0,100.000,100.000,100.000,0.000,100.000,100.000,100.000
microsoft.com__cognitiveservices-Training__1.2__openapi.yaml,TrainingApi,microsoft.com,3.x,34,561,34,34,34,34,28,3,3,3,3,100.000,100.000,67.380,0.535,99.465,99.465,99.465
microsoft.com__cognitiveservices-Training__2.0__openapi.yaml,TrainingApi,microsoft.com,3.x,41,820,41,41,41,41,31,13,10,10,10,100.000,100.000,56.707,9.512,94.512,94.512,94.512
microsoft.com__cognitiveservices-Training__2.1__openapi.yaml,TrainingApi,microsoft.com,3.x,41,820,41,41,41,41,31,13,10,10,10,100.000,100.000,56.707,9.512,94.512,94.512,94.512
microsoft.com__cognitiveservices-Training__2.2__openapi.yaml,Custom Vision Training Client,microsoft.com,3.x,41,820,41,41,41,41,31,13,10,10,10,100.000,100.000,56.707,9.512,94.512,94.512,94.512
microsoft.com__cognitiveservices-Training__3.0__openapi.yaml,Custom Vision Training Client,microsoft.com,3.x,43,903,43,43,43,43,43,13,13,13,13,100.000,100.000,100.000,8.638,91.362,91.362,91.362
microsoft.com__cognitiveservices-Training__3.1__openapi.yaml,Custom Vision Training Client,microsoft.com,3.x,46,1035,46,46,46,46,46,16,16,16,16,100.000,100.000,100.000,11.594,88.406,88.406,88.406
microsoft.com__cognitiveservices-Training__3.2__openapi.yaml,Custom Vision Training Client,microsoft.com,3.x,48,1128,48,48,48,46,48,16,16,16,16,100.000,91.755,100.000,10.638,89.362,89.362,89.362
microsoft.com__cognitiveservices-VideoSearch__1.0__swagger.yaml,Video Search Client,microsoft.com,2.0,3,3,3,3,0,3,3,0,0,0,0,100.000,100.000,100.000,0.000,100.000,100.000,100.000
microsoft.com__graph-beta__1.0.1__openapi.yaml,OData Service for namespace microsoft.graph,microsoft.com,3.x,22361,249995980,22318,22318,18537,21254,11825,9045,5191,5191,3939,99.616,90.344,27.964,16.361,94.612,94.612,96.898
microsoft.com__graph__1.0.1__openapi.yaml,OData Service for namespace microsoft.graph,microsoft.com,3.x,11422,65225331,11371,11371,9466,11012,6133,5059,3039,3039,2374,99.109,92.949,28.829,19.615,92.923,92.923,95.682
mineskin.org__1.0.0__openapi.yaml,MineSkin API,mineskin.org,3.x,9,36,0,0,0,9,8,1,0,0,0,0.000,100.000,77.778,0.000,100.000,100.000,100.000
mist.com__0.37.7__openapi.yaml,Mist API,mist.com,3.x,779,303031,779,779,772,735,213,779,195,195,195,100.000,89.016,7.451,100.000,93.758,93.758,93.758
mon-voyage-pas-cher.com__0.0.1__swagger.yaml,Mon-voyage-pas-cher.com Public API,mon-voyage-pas-cher.com,2.0,11,55,11,11,11,10,11,11,10,10,10,100.000,81.818,100.000,100.000,18.182,18.182,18.182
monarchinitiative.org__1.1.14__openapi.yaml,BioLink API,monarchinitiative.org,3.x,168,14028,168,168,139,155,113,21,12,12,11,100.000,85.080,45.110,1.497,99.530,99.530,99.608
motaword.com__1.0__openapi.yaml,MotaWord API,motaword.com,3.x,222,24531,222,222,218,161,208,170,115,115,113,100.000,52.505,87.758,58.559,73.279,73.279,74.204
mozilla.com__kinto__1.22__openapi.yaml,Remote Settings PROD,mozilla.com,3.x,19,171,19,19,9,12,0,0,0,0,0,100.000,38.596,0.000,0.000,100.000,100.000,100.000
mtaa-api.herokuapp.com__1.0__openapi.yaml,Mtaa API Documentation,mtaa-api.herokuapp.com,3.x,5,10,5,5,5,5,0,5,0,0,0,100.000,100.000,0.000,100.000,100.000,100.000,100.000
musixmatch.com__1.1.0__swagger.yaml,Musixmatch API,musixmatch.com,2.0,16,120,0,0,0,16,16,0,0,0,0,0.000,100.000,100.000,0.000,100.000,100.000,100.000
mux.com__v1__openapi.yaml,Mux API,mux.com,3.x,91,4095,91,91,54,75,79,91,63,63,37,100.000,67.766,75.238,100.000,52.308,52.308,83.736
n-auth.com__2.2__swagger.yaml,nextAuth API,n-auth.com,2.0,55,1485,55,55,52,52,24,55,23,23,22,100.000,89.293,18.586,100.000,82.963,82.963,84.444
namsor.com__2.0.24__openapi.yaml,NamSor API v2,namsor.com,3.x,88,3828,86,88,7,43,88,0,0,0,0,95.481,23.589,100.000,0.000,100.000,100.000,100.000
nasa.gov__asteroids neows__3.4.0__openapi.yaml,TechPort,nasa.gov,3.x,3,3,0,0,0,2,1,3,0,0,0,0.000,33.333,0.000,100.000,100.000,100.000,100.000
nativeads.com__1.0.0__swagger.yaml,Native Ads Publisher API,nativeads.com,2.0,4,6,0,0,0,4,4,4,0,0,0,0.000,100.000,100.000,100.000,100.000,100.000,100.000
naviplancentral.com__factfinder__v1__swagger.yaml,Advicent.FactFinderService,naviplancentral.com,2.0,151,11325,151,151,151,149,131,151,129,129,129,100.000,97.360,75.188,100.000,27.099,27.099,27.099
naviplancentral.com__plan__v1__swagger.yaml,NaviPlan API,naviplancentral.com,2.0,64,2016,64,64,57,56,58,45,43,43,43,100.000,76.389,81.994,49.107,55.208,55.208,55.208
nba.com__version__swagger.yaml,NBA Stats API,nba.com,2.0,91,4095,0,0,0,91,0,0,0,0,0,0.000,100.000,0.000,0.000,100.000,100.000,100.000
nbg.gr__v3.1.5__openapi.yaml,Account and Transaction API Specification - UK,nbg.gr,3.x,21,210,0,0,0,19,20,21,0,0,0,0.000,81.429,90.476,100.000,100.000,100.000,100.000
ndhm.gov.in__ndhm-cm__0.5__openapi.yaml,Health Data Consent Manager,ndhm.gov.in,3.x,22,231,0,0,0,21,22,21,0,0,0,0.000,90.909,100.000,90.909,100.000,100.000,100.000
ndhm.gov.in__ndhm-gateway__0.5__openapi.yaml,Gateway,ndhm.gov.in,3.x,48,1128,0,0,0,44,48,43,0,0,0,0.000,83.865,100.000,80.053,100.000,100.000,100.000
ndhm.gov.in__ndhm-healthid__1.0__openapi.yaml,Health ID Service,ndhm.gov.in,3.x,73,2628,0,73,73,73,66,40,0,38,38,0.000,100.000,81.621,29.680,100.000,73.250,73.250
ndhm.gov.in__ndhm-hip__0.5__openapi.yaml,Health Repository Provider Specifications for HIP,ndhm.gov.in,3.x,30,435,0,0,0,26,30,26,0,0,0,0.000,74.713,100.000,74.713,100.000,100.000,100.000
ndhm.gov.in__ndhm-hiu__0.5__openapi.yaml,Health Repository Provider Specifications for HIU,ndhm.gov.in,3.x,32,496,0,0,0,28,32,27,0,0,0,0.000,76.210,100.000,70.766,100.000,100.000,100.000
nebl.io__1.3.0__openapi.yaml,Neblio REST API Suite,nebl.io,3.x,50,1225,50,50,46,37,50,50,37,37,37,100.000,54.367,100.000,100.000,45.633,45.633,45.633
neowsapp.com__1.0__openapi.yaml,NeoWs - (Near Earth Object Web Service),neowsapp.com,3.x,7,21,7,7,7,6,7,7,6,6,6,100.000,71.429,100.000,100.000,28.571,28.571,28.571
netatmo.net__1.1.5__openapi.yaml,Netatmo,netatmo.net,3.x,22,231,22,22,0,20,21,22,19,19,0,100.000,82.251,90.909,100.000,25.974,25.974,100.000
netbox.dev__3.4__openapi.yaml,NetBox API,netbox.dev,3.x,843,354903,843,843,741,479,656,23,18,18,7,100.000,32.257,60.535,0.071,99.957,99.957,99.994
netboxdemo.com__2.4__openapi.yaml,NetBox API,netboxdemo.com,3.x,357,63546,357,357,297,294,287,14,12,12,7,100.000,67.779,64.585,0.143,99.896,99.896,99.967
netboxdemo.com__2.8__openapi.yaml,NetBox API,netboxdemo.com,3.x,386,74305,386,386,313,322,318,141,136,136,123,100.000,69.553,67.833,13.283,87.646,87.646,89.902
netlicensing.io__2.x__openapi.yaml,Labs64 NetLicensing RESTful API Test Center,netlicensing.io,3.x,40,780,40,40,37,23,40,40,23,23,22,100.000,32.436,100.000,100.000,67.564,67.564,70.385
netlify.com__2.16.0__swagger.yaml,Netlify's API documentation,netlify.com,2.0,120,7140,120,120,120,113,97,17,15,15,15,100.000,88.627,65.210,1.905,98.529,98.529,98.529
neutrinoapi.net__3.6.4__openapi.yaml,Neutrino API,neutrinoapi.net,3.x,28,378,28,28,27,18,28,28,18,18,17,100.000,40.476,100.000,100.000,59.524,59.524,64.021
nexmo.com__account__1.0.4__openapi.yaml,Account API,nexmo.com,3.x,8,28,8,8,8,8,8,4,4,4,4,100.000,100.000,100.000,21.429,78.571,78.571,78.571
nexmo.com__application.v2__2.1.4__openapi.yaml,Application API,nexmo.com,3.x,5,10,5,5,5,4,4,1,0,0,0,100.000,60.000,60.000,0.000,100.000,100.000,100.000
nexmo.com__application__1.0.2__openapi.yaml,Nexmo Application API,nexmo.com,3.x,5,10,5,5,5,4,4,5,3,3,3,100.000,60.000,60.000,100.000,70.000,70.000,70.000
nexmo.com__conversation.v2__1.0.1__openapi.yaml,Conversation API,nexmo.com,3.x,4,6,4,4,0,4,4,1,1,1,0,100.000,100.000,100.000,0.000,100.000,100.000,100.000
nexmo.com__conversation__2.0.1__openapi.yaml,Conversation API,nexmo.com,3.x,23,253,23,23,23,19,15,5,3,3,3,100.000,67.589,41.502,3.953,98.814,98.814,98.814
nexmo.com__external-accounts__0.1.5__openapi.yaml,External Accounts API,nexmo.com,3.x,9,36,9,9,9,8,9,0,0,0,0,100.000,77.778,100.000,0.000,100.000,100.000,100.000
nexmo.com__media__1.0.2__openapi.yaml,Media API,nexmo.com,3.x,4,6,4,4,4,1,2,4,1,1,1,100.000,0.000,16.667,100.000,100.000,100.000,100.000
nexmo.com__number-insight__1.2.1__openapi.yaml,Number Insight API,nexmo.com,3.x,4,6,4,4,4,4,4,4,4,4,4,100.000,100.000,100.000,100.000,0.000,0.000,0.000
nexmo.com__numbers__1.0.20__openapi.yaml,Numbers API,nexmo.com,3.x,5,10,5,5,5,2,5,5,2,2,2,100.000,10.000,100.000,100.000,90.000,90.000,90.000
nexmo.com__pricing__0.0.3__openapi.yaml,Pricing API,nexmo.com,3.x,3,3,3,3,3,3,3,3,3,3,3,100.000,100.000,100.000,100.000,0.000,0.000,0.000
nexmo.com__reports__2.2.2__openapi.yaml,Reports API,nexmo.com,3.x,6,15,6,6,4,5,2,6,1,1,0,100.000,66.667,6.667,100.000,100.000,100.000,100.000
nexmo.com__subaccounts__1.0.8__openapi.yaml,Subaccounts API,nexmo.com,3.x,9,36,9,9,9,9,9,9,9,9,9,100.000,100.000,100.000,100.000,0.000,0.000,0.000
nexmo.com__verify__1.2.4__openapi.yaml,Verify API,nexmo.com,3.x,6,15,6,6,6,5,6,6,5,5,5,100.000,66.667,100.000,100.000,33.333,33.333,33.333
nexmo.com__voice__1.3.10__openapi.yaml,Voice API,nexmo.com,3.x,9,36,9,9,9,8,9,9,8,8,8,100.000,77.778,100.000,100.000,22.222,22.222,22.222
nfusionsolutions.biz__1__openapi.yaml,nFusion Solutions Market Data API,nfusionsolutions.biz,3.x,17,136,17,17,14,17,11,14,11,11,8,100.000,100.000,40.441,66.912,59.559,59.559,79.412
nlpcloud.io__1.0.0__openapi.yaml,NLPCloud,nlpcloud.io,3.x,5,10,5,5,5,0,4,0,0,0,0,100.000,0.000,60.000,0.000,100.000,100.000,100.000
noosh.com__1.0__openapi.yaml,Noosh API application,noosh.com,3.x,102,5151,97,97,97,101,102,102,96,96,96,90.390,98.039,100.000,100.000,11.474,11.474,11.474
nordigen.com__2.0 (v2)__openapi.yaml,Nordigen Account Information Services API,nordigen.com,3.x,29,406,28,29,29,22,20,29,13,13,13,93.103,56.897,46.798,100.000,80.788,80.788,80.788
notion.com__1.0.0__openapi.yaml,Notion API,notion.com,3.x,13,78,13,13,13,13,0,13,0,0,0,100.000,100.000,0.000,100.000,100.000,100.000,100.000
nowpayments.io__1.0.0__openapi.yaml,NOWPayments API,nowpayments.io,3.x,16,120,16,16,16,16,0,16,0,0,0,100.000,100.000,0.000,100.000,100.000,100.000,100.000
npr.org__authorization__2__swagger.yaml,NPR Authorization Service,npr.org,2.0,3,3,3,3,3,3,3,3,3,3,3,100.000,100.000,100.000,100.000,0.000,0.000,0.000
npr.org__identity__2__swagger.yaml,NPR Identity Service,npr.org,2.0,5,10,5,5,5,5,1,5,1,1,1,100.000,100.000,0.000,100.000,100.000,100.000,100.000
npr.org__listening__2__swagger.yaml,NPR Listening Service,npr.org,2.0,9,36,9,9,9,9,6,9,6,6,6,100.000,100.000,41.667,100.000,58.333,58.333,58.333
nrel.gov__transportation-incentives-laws__0.1.0__openapi.yaml,Transportation Laws and Incentives,nrel.gov,3.x,4,6,4,4,4,4,4,0,0,0,0,100.000,100.000,100.000,0.000,100.000,100.000,100.000
nrm.se__georg__2.1__swagger.yaml,Georg API,nrm.se,2.0,5,10,5,5,3,5,1,5,1,1,1,100.000,100.000,0.000,100.000,100.000,100.000,100.000
nsidc.org__1.0.0__openapi.yaml,NSIDC Web Service Documentation Index,nsidc.org,3.x,4,6,4,4,3,3,0,3,0,0,0,100.000,50.000,0.000,50.000,100.000,100.000,100.000
nytimes.com__books_api__3.0.0__openapi.yaml,Books API,nytimes.com,3.x,6,15,6,6,0,6,0,0,0,0,0,100.000,100.000,0.000,0.000,100.000,100.000,100.000
nytimes.com__community__3.0.0__openapi.yaml,Community API,nytimes.com,3.x,4,6,4,4,0,3,0,0,0,0,0,100.000,50.000,0.000,0.000,100.000,100.000,100.000
nytimes.com__most_popular_api__2.0.0__openapi.yaml,Most Popular API,nytimes.com,3.x,3,3,3,3,0,3,3,0,0,0,0,100.000,100.000,100.000,0.000,100.000,100.000,100.000
nytimes.com__movie_reviews__2.0.0__openapi.yaml,Movie Reviews API,nytimes.com,3.x,3,3,0,0,0,3,3,0,0,0,0,0.000,100.000,100.000,0.000,100.000,100.000,100.000
nytimes.com__timeswire__3.0.0__openapi.yaml,Times Newswire API,nytimes.com,3.x,3,3,0,0,0,3,3,0,0,0,0,0.000,100.000,100.000,0.000,100.000,100.000,100.000
o2.cz__sociodemo__1.2.0__swagger.yaml,Socio-demo API,o2.cz,2.0,3,3,3,3,1,2,3,2,2,2,0,100.000,33.333,100.000,33.333,66.667,66.667,100.000
obono.at__1.4.0.0__openapi.yaml,obono RKSV API,obono.at,3.x,18,153,7,7,7,17,8,9,6,6,6,13.725,88.889,18.301,23.529,90.196,90.196,90.196
oceandrivers.com__1.0__openapi.yaml,ODWeather,oceandrivers.com,3.x,10,45,10,10,0,9,0,10,0,0,0,100.000,80.000,0.000,100.000,100.000,100.000,100.000
okta.local__1.0.0__openapi.yaml,Users (Okta API),okta.local,3.x,19,171,19,19,19,18,0,19,0,0,0,100.000,89.474,0.000,100.000,100.000,100.000,100.000
onsched.com__consumer__v1__openapi.yaml,OnSched Consumer API,onsched.com,3.x,38,703,0,0,0,36,36,38,0,0,0,0.000,89.616,89.616,100.000,100.000,100.000,100.000
onsched.com__setup__v1__openapi.yaml,OnSched Setup API,onsched.com,3.x,138,9453,0,0,0,119,135,138,0,0,0,0.000,74.273,95.684,100.000,100.000,100.000,100.000
openai.com__1.2.0__openapi.yaml,OpenAI API,openai.com,3.x,28,378,28,28,28,10,27,0,0,0,0,100.000,11.905,92.857,0.000,100.000,100.000,100.000
openalpr.com__3.0.1__swagger.yaml,OpenALPR CarCheck API,openalpr.com,2.0,4,6,4,4,4,3,0,4,0,0,0,100.000,50.000,0.000,100.000,100.000,100.000,100.000
openapi-generator.tech__6.5.0__openapi.yaml,OpenAPI Generator Online,openapi-generator.tech,3.x,7,21,7,7,7,5,4,3,2,2,2,100.000,47.619,28.571,14.286,95.238,95.238,95.238
openapi.space__1.0.0__swagger.yaml,OpenAPI space,openapi.space,2.0,15,105,15,15,6,13,11,1,1,1,1,100.000,74.286,52.381,0.000,100.000,100.000,100.000
openaq.local__2.0.0__openapi.yaml,OpenAQ,openaq.local,3.x,35,595,35,35,15,27,33,0,0,0,0,100.000,58.992,88.739,0.000,100.000,100.000,100.000
openbanking.org.uk__account-info-openapi__3.1.7__openapi.yaml,Account and Transaction API Specification,openbanking.org.uk,3.x,29,406,29,29,29,29,1,0,0,0,0,100.000,100.000,0.000,0.000,100.000,100.000,100.000
openbanking.org.uk__confirmation-funds-openapi__3.1.7__openapi.yaml,Confirmation of Funds API Specification,openbanking.org.uk,3.x,4,6,4,4,4,4,2,0,0,0,0,100.000,100.000,16.667,0.000,100.000,100.000,100.000
openbanking.org.uk__payment-initiation-openapi__3.1.7__openapi.yaml,Payment Initiation API,openbanking.org.uk,3.x,41,820,41,41,41,41,15,0,0,0,0,100.000,100.000,12.805,0.000,100.000,100.000,100.000
openbanking.org.uk__v1.3__openapi.yaml,Open Data API,openbanking.org.uk,3.x,6,15,0,0,0,6,0,6,0,0,0,0.000,100.000,0.000,100.000,100.000,100.000,100.000
openbankingproject.ch__1.3.8_2020-12-14 - Swiss edition 1.3.8.1-CH__openapi.yaml,Swiss NextGen Banking API-Framework,openbankingproject.ch,3.x,34,561,34,34,34,34,8,34,8,8,8,100.000,100.000,4.991,100.000,95.009,95.009,95.009
openchannel.io__market__2.0.24__openapi.yaml,OpenChannel Market API,openchannel.io,3.x,72,2556,0,0,0,71,57,48,0,0,0,0.000,97.222,62.441,44.131,100.000,100.000,100.000
opendatanetwork.com__1.0.0__openapi.yaml,ODN API,opendatanetwork.com,3.x,9,36,9,9,9,9,0,0,0,0,0,100.000,100.000,0.000,0.000,100.000,100.000,100.000
opendatasoft.com__2.1.0__swagger.yaml,opendatasoft,opendatasoft.com,2.0,36,630,36,36,36,34,16,36,15,15,15,100.000,89.048,19.048,100.000,83.333,83.333,83.333
openfintech.io__2017-08-24__swagger.yaml,OpenFinTech.io,openfintech.io,2.0,18,153,0,0,0,18,18,18,0,0,0,0.000,100.000,100.000,100.000,100.000,100.000,100.000
openlinksw.com__osdb__1.0.0__openapi.yaml,OSDB REST API v1,openlinksw.com,3.x,10,45,10,10,8,6,10,10,6,6,6,100.000,33.333,100.000,100.000,66.667,66.667,66.667
openpolicy.local__0.28.0__openapi.yaml,Open Policy Agent (OPA) REST API,openpolicy.local,3.x,15,105,15,15,15,15,7,15,7,7,7,100.000,100.000,20.000,100.000,80.000,80.000,80.000
openstates.org__2021.11.12__openapi.yaml,Open States API v3,openstates.org,3.x,11,55,11,11,10,11,11,9,9,9,8,100.000,100.000,100.000,65.455,34.545,34.545,49.091
openstf.io__2.3.0__swagger.yaml,Smartphone Test Farm,openstf.io,2.0,10,45,10,10,10,8,8,10,6,6,6,100.000,62.222,62.222,100.000,66.667,66.667,66.667
opensuse.org__obs__2.10.50__openapi.yaml,Open Build Service API,opensuse.org,3.x,81,3240,7,7,7,64,0,77,0,0,0,0.648,62.222,0.000,90.309,100.000,100.000,100.000
opentargets.io__19.02.1__openapi.yaml,Open Targets Platform REST API,opentargets.io,3.x,31,465,31,31,31,14,0,31,0,0,0,100.000,19.570,0.000,100.000,100.000,100.000,100.000
opentrials.local__0.0.1__swagger.yaml,OpenTrials API,opentrials.local,2.0,17,136,17,17,16,15,17,17,15,15,14,100.000,77.206,100.000,100.000,22.794,22.794,33.088
openuv.io__v1__openapi.yaml,OpenUV - Global Real-Time UV Index Forecast API,openuv.io,3.x,3,3,0,0,0,3,3,3,0,0,0,0.000,100.000,100.000,100.000,100.000,100.000,100.000
optimade.local__1.1.0~develop__openapi.yaml,OPTIMADE API,optimade.local,3.x,8,28,8,8,2,6,7,1,0,0,0,100.000,53.571,75.000,0.000,100.000,100.000,100.000
opto22.com__groov__R4.2a__swagger.yaml,groov View Public API,opto22.com,2.0,10,45,10,10,9,6,8,10,4,4,4,100.000,33.333,62.222,100.000,86.667,86.667,86.667
opto22.com__pac__R1.0a__swagger.yaml,PAC Control REST API,opto22.com,2.0,55,1485,55,55,55,38,55,55,38,38,38,100.000,47.340,100.000,100.000,52.660,52.660,52.660
orbit.love__v1__openapi.yaml,Orbit API,orbit.love,3.x,33,528,0,0,0,31,12,3,0,0,0,0.000,88.068,12.500,0.568,100.000,100.000,100.000
orghunter.com__1.0.0__swagger.yaml,OrgHunter,orghunter.com,2.0,6,15,2,2,2,5,0,6,0,0,0,6.667,66.667,0.000,100.000,100.000,100.000,100.000
ornl.gov__daymet__1.0.2__swagger.yaml,Daymet Single Pixel Extraction Tool API,ornl.gov,2.0,4,6,0,0,0,4,0,4,0,0,0,0.000,100.000,0.000,100.000,100.000,100.000,100.000
orthanc-server.com__1.12.0__openapi.yaml,Orthanc API,orthanc-server.com,3.x,291,42195,0,0,0,237,0,291,0,0,0,0.000,66.278,0.000,100.000,100.000,100.000,100.000
osf.io__2.0__openapi.yaml,OSF APIv2 Documentation,osf.io,3.x,156,12090,148,148,130,135,0,156,0,0,0,89.975,74.814,0.000,100.000,100.000,100.000,100.000
osisoft.com__1.11.1.5383__swagger.yaml,PI Web API 2018 SP1 Swagger Spec,osisoft.com,2.0,413,85078,413,413,407,405,359,80,76,76,75,100.000,96.159,75.532,3.714,96.650,96.650,96.738
ote-godaddy.com__abuse__1.0.0__openapi.yaml,,ote-godaddy.com,3.x,3,3,3,3,3,2,3,0,0,0,0,100.000,33.333,100.000,0.000,100.000,100.000,100.000
owler.com__1.0.0__swagger.yaml,Owler,owler.com,2.0,13,78,3,3,3,13,13,13,3,3,3,3.846,100.000,100.000,100.000,96.154,96.154,96.154
oxforddictionaries.com__1.11.0__openapi.yaml,Oxford Dictionaries,oxforddictionaries.com,3.x,26,325,0,0,0,26,26,26,0,0,0,0.000,100.000,100.000,100.000,100.000,100.000,100.000
pandascore.co__2.23.1__openapi.yaml,PandaScore REST API for All Videogames,pandascore.co,3.x,56,1540,56,56,35,56,0,55,0,0,0,100.000,100.000,0.000,96.429,100.000,100.000,100.000
pandorabots.com__1.0.0__swagger.yaml,Pandorabots AIaaS,pandorabots.com,2.0,13,78,13,13,13,13,0,13,0,0,0,100.000,100.000,0.000,100.000,100.000,100.000,100.000
parliament.uk__bills__v1__openapi.yaml,Bills API,parliament.uk,3.x,19,171,8,8,8,16,16,0,0,0,0,16.374,70.175,70.175,0.000,100.000,100.000,100.000
parliament.uk__commonsvotes__v1__swagger.yaml,Commons Votes API,parliament.uk,2.0,5,10,5,5,4,5,4,5,4,4,4,100.000,100.000,60.000,100.000,40.000,40.000,40.000
parliament.uk__erskine-may__v1__openapi.yaml,Erskine May API,parliament.uk,3.x,11,55,0,0,0,10,11,0,0,0,0,0.000,81.818,100.000,0.000,100.000,100.000,100.000
parliament.uk__lordsvotes__v1__openapi.yaml,Lords Votes API,parliament.uk,3.x,5,10,0,0,0,5,4,5,0,0,0,0.000,100.000,60.000,100.000,100.000,100.000,100.000
parliament.uk__members__v1__openapi.yaml,Members API,parliament.uk,3.x,43,903,0,0,0,42,40,0,0,0,0,0.000,95.349,86.379,0.000,100.000,100.000,100.000
parliament.uk__oralquestions__v1__openapi.yaml,House of Commons Oral and Written Questions API,parliament.uk,3.x,4,6,3,3,3,4,4,4,3,3,3,50.000,100.000,100.000,100.000,50.000,50.000,50.000
parliament.uk__search__Live__openapi.yaml,UK Parliament Search Service,parliament.uk,3.x,3,3,0,0,0,2,0,0,0,0,0,0.000,33.333,0.000,0.000,100.000,100.000,100.000
parliament.uk__statutoryinstruments__v1__openapi.yaml,Statutory Instruments API,parliament.uk,3.x,10,45,10,10,10,8,10,0,0,0,0,100.000,62.222,100.000,0.000,100.000,100.000,100.000
parliament.uk__treaties__v1__openapi.yaml,Treaties API,parliament.uk,3.x,6,15,6,6,6,4,6,0,0,0,0,100.000,40.000,100.000,0.000,100.000,100.000,100.000
parliament.uk__writtenquestions__v1__openapi.yaml,Written Questions Service API,parliament.uk,3.x,7,21,0,0,0,7,7,0,0,0,0,0.000,100.000,100.000,0.000,100.000,100.000,100.000
patientview.org__1.0__openapi.yaml,PatientView,patientview.org,3.x,15,105,15,15,13,11,13,15,10,10,10,100.000,52.381,74.286,100.000,57.143,57.143,57.143
patrowl.local__1.0.0__openapi.yaml,Swagger API-REST for Patrowl Engines,patrowl.local,3.x,12,66,12,12,12,4,2,12,1,1,1,100.000,9.091,1.515,100.000,100.000,100.000,100.000
pay1.de__link__v1__openapi.yaml,PAYONE Link API,pay1.de,3.x,4,6,4,4,4,3,4,0,0,0,0,100.000,50.000,100.000,0.000,100.000,100.000,100.000
paylocity.com__2__openapi.yaml,Paylocity API,paylocity.com,3.x,30,435,30,30,30,29,26,30,25,25,25,100.000,93.333,74.713,100.000,31.034,31.034,31.034
payments.service.gov.uk__payments__1.0.3__swagger.yaml,GOV.UK Pay API,payments.service.gov.uk,2.0,10,45,10,10,10,10,10,10,10,10,10,100.000,100.000,100.000,100.000,0.000,0.000,0.000
payrun.io__23.24.2.136__openapi.yaml,PayRun.IO,payrun.io,3.x,389,75466,389,389,389,389,389,389,389,389,389,100.000,100.000,100.000,100.000,0.000,0.000,0.000
pdfblocks.com__1.5.0__openapi.yaml,PDF Blocks API,pdfblocks.com,3.x,12,66,12,12,12,0,0,12,0,0,0,100.000,0.000,0.000,100.000,100.000,100.000,100.000
pdfbroker.io__v1__openapi.yaml,PdfBroker.io API,pdfbroker.io,3.x,7,21,0,0,0,0,7,0,0,0,0,0.000,0.000,100.000,0.000,100.000,100.000,100.000
pdfgeneratorapi.com__3.1.1__openapi.yaml,PDF Generator API,pdfgeneratorapi.com,3.x,11,55,11,11,11,9,4,11,3,3,3,100.000,65.455,10.909,100.000,94.545,94.545,94.545
peel-ci.com__1.0.0__swagger.yaml,Peel Tune-in API,peel-ci.com,2.0,4,6,4,4,4,4,0,3,0,0,0,100.000,100.000,0.000,50.000,100.000,100.000,100.000
pendo.io__1.0.0__swagger.yaml,Pendo Feedback API,pendo.io,2.0,31,465,0,0,0,30,18,13,0,0,0,0.000,93.548,32.903,16.774,100.000,100.000,100.000
peoplefinderspro.com__1.0.0__openapi.yaml,Self Service Developer API,peoplefinderspro.com,3.x,5,10,1,1,1,5,0,5,0,0,0,0.000,100.000,0.000,100.000,100.000,100.000,100.000
peoplegeneratorapi.live__v0__openapi.yaml,OpenAPI definition,peoplegeneratorapi.live,3.x,46,1035,23,46,27,2,6,0,0,0,0,24.444,0.097,1.449,0.000,100.000,100.000,100.000
personio.de__personnel__1.0__openapi.yaml,Personnel Data,personio.de,3.x,13,78,0,0,0,9,12,13,0,0,0,0.000,46.154,84.615,100.000,100.000,100.000,100.000
phantauth.net__1.0.0__openapi.yaml,PhantAuth,phantauth.net,3.x,10,45,0,0,0,8,0,10,0,0,0,0.000,62.222,0.000,100.000,100.000,100.000,100.000
pims.io__1.0__swagger.yaml,Pims,pims.io,2.0,28,378,28,28,28,28,22,0,0,0,0,100.000,100.000,61.111,0.000,100.000,100.000,100.000
pinecone.io__20230406.1__openapi.yaml,Pinecone API,pinecone.io,3.x,15,105,15,15,10,5,13,15,3,3,3,100.000,9.524,74.286,100.000,97.143,97.143,97.143
plaid.com__2020-09-14_1.345.1__openapi.yaml,The Plaid API,plaid.com,3.x,200,19900,200,200,200,0,200,200,0,0,0,100.000,0.000,100.000,100.000,100.000,100.000,100.000
pocketsmith.com__2.0__openapi.yaml,PocketSmith,pocketsmith.com,3.x,56,1540,0,0,0,53,47,56,0,0,0,0.000,89.481,70.195,100.000,100.000,100.000,100.000
polygon.io__1.0.0__swagger.yaml,Polygon,polygon.io,2.0,10,45,0,0,0,9,9,10,0,0,0,0.000,80.000,80.000,100.000,100.000,100.000,100.000
portfoliooptimizer.io__1.0.9__openapi.yaml,Portfolio Optimizer,portfoliooptimizer.io,3.x,94,4371,0,0,0,0,0,94,0,0,0,0.000,0.000,0.000,100.000,100.000,100.000,100.000
postmarkapp.com__account__0.9.0__swagger.yaml,Postmark Account-level API,postmarkapp.com,2.0,23,253,23,23,23,23,22,2,2,2,2,100.000,100.000,91.304,0.395,99.605,99.605,99.605
postmarkapp.com__server__1.0.0__swagger.yaml,Postmark API,postmarkapp.com,2.0,43,903,41,41,41,43,36,0,0,0,0,90.808,100.000,69.767,0.000,100.000,100.000,100.000
powerdns.local__0.0.13__swagger.yaml,PowerDNS Authoritative HTTP API,powerdns.local,2.0,32,496,32,32,32,31,24,12,9,9,9,100.000,93.750,55.645,13.306,92.742,92.742,92.742
presalytics.io__ooxml__0.1.0__openapi.yaml,OOXML Automation,presalytics.io,3.x,148,10878,148,148,69,133,146,148,131,131,64,100.000,80.695,97.306,100.000,21.723,21.723,81.467
presalytics.io__story__0.3.1__openapi.yaml,Story,presalytics.io,3.x,42,861,42,42,26,37,21,42,18,18,12,100.000,77.352,24.390,100.000,82.230,82.230,92.334
pressassociation.io__2.0__openapi.yaml,TV API,pressassociation.io,3.x,18,153,18,18,18,16,0,18,0,0,0,100.000,78.431,0.000,100.000,100.000,100.000,100.000
probely.com__1.2.0__openapi.yaml,Probely Developers,probely.com,3.x,147,10731,0,0,0,107,0,9,0,0,0,0.000,52.847,0.000,0.335,100.000,100.000,100.000
prss.org__2.0.0__openapi.yaml,ContentDepot,prss.org,3.x,36,630,0,0,0,28,25,13,0,0,0,0.000,60.000,47.619,12.381,100.000,100.000,100.000
ptv.vic.gov.au__v3__openapi.yaml,PTV Timetable API - Version 3,ptv.vic.gov.au,3.x,26,325,26,26,25,26,26,0,0,0,0,100.000,100.000,100.000,0.000,100.000,100.000,100.000
qualpay.com__1.7.0__swagger.yaml,Qualpay Payment Gateway API,qualpay.com,2.0,14,91,14,14,5,14,14,14,14,14,5,100.000,100.000,100.000,100.000,0.000,0.000,89.011
qualtrics.com__0.2__openapi.yaml,Qualtrics API,qualtrics.com,3.x,8,28,8,8,8,5,8,8,5,5,5,100.000,35.714,100.000,100.000,64.286,64.286,64.286
quarantine.country__1.0__swagger.yaml,Coronavirus API,quarantine.country,2.0,6,15,0,0,0,6,6,0,0,0,0,0.000,100.000,100.000,0.000,100.000,100.000,100.000
quickchart.io__1.0.0__openapi.yaml,QuickChart API,quickchart.io,3.x,4,6,0,0,0,2,0,4,0,0,0,0.000,16.667,0.000,100.000,100.000,100.000,100.000
quotes.rest__5.1__openapi.yaml,They Said So Quotes API,quotes.rest,3.x,45,990,0,0,0,42,6,45,0,0,0,0.000,86.970,1.515,100.000,100.000,100.000,100.000
randomlovecraft.com__1.0__openapi.yaml,Random Lovecraft,randomlovecraft.com,3.x,4,6,4,4,2,3,4,0,0,0,0,100.000,50.000,100.000,0.000,100.000,100.000,100.000
randommer.io__v1__openapi.yaml,Randommer API,randommer.io,3.x,25,300,0,0,0,25,3,0,0,0,0,0.000,100.000,1.000,0.000,100.000,100.000,100.000
rapidapi.com__1.0.0__openapi.yaml,Moon API,rapidapi.com,3.x,5,10,5,5,5,5,0,5,0,0,0,100.000,100.000,0.000,100.000,100.000,100.000,100.000
rapidapi.com__football-prediction__2__openapi.yaml,Football Prediction API,rapidapi.com,3.x,5,10,0,0,0,5,0,5,0,0,0,0.000,100.000,0.000,100.000,100.000,100.000,100.000
rapidapi.com__idealspot-geodata__1.0__openapi.yaml,IdealSpot GeoData,rapidapi.com,3.x,7,21,6,7,7,7,7,7,6,7,7,71.429,100.000,100.000,100.000,28.571,0.000,0.000
rawg.io__v1.0__openapi.yaml,RAWG Video Games Database API,rawg.io,3.x,30,435,30,30,30,30,30,1,1,1,1,100.000,100.000,100.000,0.000,100.000,100.000,100.000
rbaskets.in__1.0.0__swagger.yaml,Request Baskets API,rbaskets.in,2.0,20,190,0,0,0,19,16,20,0,0,0,0.000,90.000,63.158,100.000,100.000,100.000,100.000
readme.io__2.0.0__openapi.yaml,API Endpoints,readme.io,3.x,29,406,29,29,29,24,7,29,5,5,5,100.000,67.980,5.172,100.000,97.537,97.537,97.537
rebilly.com__2.1__openapi.yaml,Rebilly REST API,rebilly.com,3.x,184,16836,184,184,184,183,157,178,151,151,151,100.000,98.913,72.737,93.567,32.733,32.733,32.733
redhat.com__catalog_inventory__1.0.0__openapi.yaml,Catalog Inventory,redhat.com,3.x,38,703,38,38,38,36,35,37,34,34,34,100.000,89.616,84.637,94.737,20.199,20.199,20.199
redhat.local__patchman-engine__v1.15.3__openapi.yaml,Patchman-engine API,redhat.local,3.x,21,210,21,21,21,19,20,21,18,18,18,100.000,81.429,90.476,100.000,27.143,27.143,27.143
redirection.io__1.1.0__swagger.yaml,redirection.io,redirection.io,2.0,89,3916,87,87,87,87,81,0,0,0,0,95.531,95.531,82.737,0.000,100.000,100.000,100.000
refugerestrooms.org__0.0.1__swagger.yaml,Refuge Restrooms API,refugerestrooms.org,2.0,4,6,4,4,4,4,0,4,0,0,0,100.000,100.000,0.000,100.000,100.000,100.000,100.000
remove.bg__1.0.0__openapi.yaml,Background Removal API,remove.bg,3.x,3,3,0,0,0,0,3,3,0,0,0,0.000,0.000,100.000,100.000,100.000,100.000,100.000
rentcast.io__1.0__openapi.yaml,RentCast API,rentcast.io,3.x,10,45,10,10,8,10,0,10,0,0,0,100.000,100.000,0.000,100.000,100.000,100.000,100.000
restful4up.local__1.0.0__openapi.yaml,RESTful4Up,restful4up.local,3.x,4,6,4,4,3,0,2,4,0,0,0,100.000,0.000,16.667,100.000,100.000,100.000,100.000
rev.ai__v1__openapi.yaml,Asynchronous Speech-To-Text API Documentation,rev.ai,3.x,7,21,7,7,7,5,5,7,3,3,3,100.000,47.619,47.619,100.000,85.714,85.714,85.714
reverb.com__3.0__openapi.yaml,reverb,reverb.com,3.x,163,13203,0,0,0,108,0,149,0,0,0,0.000,43.763,0.000,83.511,100.000,100.000,100.000
reversepp.com__1.0__swagger.yaml,Reverse Planning Permission API,reversepp.com,2.0,8,28,0,8,4,8,0,8,0,0,0,0.000,100.000,0.000,100.000,100.000,100.000,100.000
ritc.io__1.0.0__swagger.yaml,Ritc,ritc.io,2.0,66,2145,66,66,65,53,51,66,40,40,40,100.000,64.242,59.441,100.000,63.636,63.636,63.636
ritekit.com__1.0.0__openapi.yaml,RiteKit API,ritekit.com,3.x,13,78,13,13,7,12,0,13,0,0,0,100.000,84.615,0.000,100.000,100.000,100.000,100.000
roaring.io__1.0__swagger.yaml,CompanyAPI,roaring.io,2.0,11,55,0,0,0,11,10,0,0,0,0,0.000,100.000,81.818,0.000,100.000,100.000,100.000
rottentomatoes.com__1.0__swagger.yaml,Rotten Tomatoes,rottentomatoes.com,2.0,18,153,18,18,18,15,0,0,0,0,0,100.000,68.627,0.000,0.000,100.000,100.000,100.000
royalmail.com__click-and-drop__1.0.0__swagger.yaml,ChannelShipper & Royal Mail Public API,royalmail.com,2.0,8,28,8,8,8,8,8,4,4,4,4,100.000,100.000,100.000,21.429,78.571,78.571,78.571
rubrikinc.github.io__v1__openapi.yaml,Rubrik REST API,rubrikinc.github.io,3.x,454,102831,454,454,454,369,412,449,328,328,328,100.000,66.027,82.335,97.807,47.848,47.848,47.848
rudder.example.local__17__openapi.yaml,Rudder API,rudder.example.local,3.x,149,11026,149,149,143,86,96,149,59,59,59,100.000,33.149,41.357,100.000,84.482,84.482,84.482
rumble.run__2.15.0__openapi.yaml,Rumble API (deprecated),rumble.run,3.x,116,6670,116,116,116,75,81,0,0,0,0,100.000,41.604,48.576,0.000,100.000,100.000,100.000
runscope.com__1.0.0__swagger.yaml,Runscope API,runscope.com,2.0,29,406,0,0,0,27,20,4,0,0,0,0.000,86.453,46.798,1.478,100.000,100.000,100.000
salesforce.local__einstein__2.0.1__openapi.yaml,Einstein Vision and Einstein Language,salesforce.local,3.x,45,990,27,45,42,26,44,44,13,25,24,35.455,32.828,95.556,95.556,92.121,69.697,72.121
salesloft.com__v2__openapi.yaml,SalesLoft Platform,salesloft.com,3.x,121,7260,0,0,0,98,112,121,0,0,0,0.000,65.468,85.620,100.000,100.000,100.000,100.000
schooldigger.com__v1__swagger.yaml,SchoolDigger API V1,schooldigger.com,2.0,6,15,6,6,6,6,6,4,4,4,4,100.000,100.000,100.000,40.000,60.000,60.000,60.000
schooldigger.com__v2.0__swagger.yaml,SchoolDigger API V2.0,schooldigger.com,2.0,7,21,7,7,7,7,7,4,4,4,4,100.000,100.000,100.000,28.571,71.429,71.429,71.429
scrapewebsite.email__0.1__swagger.yaml,Scrape Website Email API,scrapewebsite.email,2.0,3,3,3,3,3,2,0,1,0,0,0,100.000,33.333,0.000,0.000,100.000,100.000,100.000
seldon.local__wrapper__0.1__openapi.yaml,Seldon External API,seldon.local,3.x,12,66,12,12,10,6,12,0,0,0,0,100.000,22.727,100.000,0.000,100.000,100.000,100.000
semantria.com__4.0__swagger.yaml,Semantria,semantria.com,2.0,41,820,41,41,41,41,31,41,31,31,31,100.000,100.000,56.707,100.000,43.293,43.293,43.293
setlist.fm__1.0__swagger.yaml,setlist.fm API,setlist.fm,2.0,15,105,15,15,15,14,15,15,14,14,14,100.000,86.667,100.000,100.000,13.333,13.333,13.333
sheerseo.com__0.0.1__swagger.yaml,SheerSEO API,sheerseo.com,2.0,4,6,4,4,4,4,4,4,4,4,4,100.000,100.000,100.000,100.000,0.000,0.000,0.000
shipengine.com__1.1.202304191404__openapi.yaml,ShipEngine API,shipengine.com,3.x,90,4005,90,90,75,63,90,90,63,63,51,100.000,48.764,100.000,100.000,51.236,51.236,68.165
shop-pro.jp__1.0.0__openapi.yaml,カラーミーショップアプリストア API,shop-pro.jp,3.x,18,153,17,17,17,10,0,3,0,0,0,88.889,29.412,0.000,1.961,100.000,100.000,100.000
shorten.rest__1.0.0__openapi.yaml,Shorten.REST API Documentation,shorten.rest,3.x,7,21,7,7,7,6,6,7,5,5,5,100.000,71.429,71.429,100.000,52.381,52.381,52.381
shotstack.io__v1__openapi.yaml,Shotstack,shotstack.io,3.x,5,10,5,5,5,4,4,5,3,3,3,100.000,60.000,60.000,100.000,70.000,70.000,70.000
shutterstock.com__1.1.32__openapi.yaml,Shutterstock API Explorer,shutterstock.com,3.x,118,6903,117,117,115,99,111,110,86,86,85,98.305,70.274,88.440,86.846,47.052,47.052,48.283
signl4.com__v1__openapi.yaml,SIGNL4 API,signl4.com,3.x,101,5050,1,1,1,85,101,48,1,1,1,0.000,70.693,100.000,22.337,100.000,100.000,100.000
simplivpn.net__1.0__openapi.yaml,SimpliVPNAPI,simplivpn.net,3.x,7,21,7,7,5,0,5,5,0,0,0,100.000,0.000,47.619,47.619,100.000,100.000,100.000
simplyrets.com__1.0.0__swagger.yaml,SimplyRETS,simplyrets.com,2.0,4,6,0,0,0,4,4,4,0,0,0,0.000,100.000,100.000,100.000,100.000,100.000,100.000
skynewz-api-fortnite.herokuapp.com__3.1.5__swagger.yaml,FORTNITE REST API,skynewz-api-fortnite.herokuapp.com,2.0,9,36,0,0,0,5,0,0,0,0,0,0.000,27.778,0.000,0.000,100.000,100.000,100.000
slack.com__1.7.0__openapi.yaml,Slack Web API,slack.com,3.x,174,15051,174,174,0,159,174,174,159,159,0,100.000,83.456,100.000,100.000,16.544,16.544,100.000
slicebox.local__2.0__swagger.yaml,Slicebox API,slicebox.local,2.0,118,6903,0,0,0,107,81,118,0,0,0,0.000,82.153,46.936,100.000,100.000,100.000,100.000
slideroom.com__v2__swagger.yaml,SlideRoom API V2,slideroom.com,2.0,11,55,11,11,11,9,3,4,2,2,2,100.000,65.455,5.455,10.909,98.182,98.182,98.182
slmonitor.com__2.1__openapi.yaml,SafetyLine,slmonitor.com,3.x,16,120,16,16,13,16,16,16,16,16,13,100.000,100.000,100.000,100.000,0.000,0.000,35.000
smart-me.com__v1__openapi.yaml,smart-me,smart-me.com,3.x,64,2016,58,58,12,39,56,33,13,13,0,81.994,36.756,76.389,26.190,96.131,96.131,100.000
sms77.io__1.0.0__openapi.yaml,seven.io API,sms77.io,3.x,15,105,15,15,9,14,3,0,0,0,0,100.000,86.667,2.857,0.000,100.000,100.000,100.000
snyk.io__1.0.0__openapi.yaml,Snyk API,snyk.io,3.x,103,5253,100,100,94,91,4,32,1,1,1,94.232,77.955,0.114,9.442,100.000,100.000,100.000
solarvps.com__1.0.0__swagger.yaml,Solar VPS,solarvps.com,2.0,20,190,0,0,0,14,0,19,0,0,0,0.000,47.895,0.000,90.000,100.000,100.000,100.000
sonar.trading__1.0__swagger.yaml,Sonar Trading,sonar.trading,2.0,4,6,0,0,0,4,0,0,0,0,0,0.000,100.000,0.000,0.000,100.000,100.000,100.000
soundcloud.com__1.0.0__openapi.yaml,SoundCloud Public API Specification,soundcloud.com,3.x,59,1711,0,0,0,55,5,5,0,0,0,0.000,86.791,0.584,0.584,100.000,100.000,100.000
spacetraders.io__2.0.0__openapi.yaml,SpaceTraders API,spacetraders.io,3.x,40,780,40,40,30,37,0,40,0,0,0,100.000,85.385,0.000,100.000,100.000,100.000,100.000
spinbot.net__1.0__swagger.yaml,Article Rewriter and Article Extractor API,spinbot.net,2.0,5,10,5,5,5,5,0,5,0,0,0,100.000,100.000,0.000,100.000,100.000,100.000,100.000
spinitron.com__1.0.0__openapi.yaml,Spinitron v2 API,spinitron.com,3.x,9,36,0,0,0,8,9,6,0,0,0,0.000,77.778,100.000,41.667,100.000,100.000,100.000
spoonacular.com__1.1__openapi.yaml,spoonacular API,spoonacular.com,3.x,99,4851,99,99,95,95,0,99,0,0,0,100.000,92.043,0.000,100.000,100.000,100.000,100.000
sportsdata.io__cbb-v3-scores__1.0__openapi.yaml,CBB v3 Scores,sportsdata.io,3.x,20,190,20,20,9,20,19,3,2,2,1,100.000,100.000,90.000,1.579,99.474,99.474,100.000
sportsdata.io__cbb-v3-stats__1.0__openapi.yaml,CBB v3 Stats,sportsdata.io,3.x,26,325,26,26,12,26,25,3,2,2,1,100.000,100.000,92.308,0.923,99.692,99.692,100.000
sportsdata.io__cfb-v3-scores__1.0__openapi.yaml,CFB v3 Scores,sportsdata.io,3.x,22,231,22,22,10,22,17,3,2,2,1,100.000,100.000,58.874,1.299,99.567,99.567,100.000
sportsdata.io__csgo-v3-scores__1.0__openapi.yaml,CS:GO v3 Scores,sportsdata.io,3.x,16,120,16,16,7,16,16,16,16,16,7,100.000,100.000,100.000,100.000,0.000,0.000,82.500
sportsdata.io__csgo-v3-stats__1.0__openapi.yaml,CS:GO v3 Stats,sportsdata.io,3.x,18,153,18,18,8,18,18,18,18,18,8,100.000,100.000,100.000,100.000,0.000,0.000,81.699
sportsdata.io__golf-v2__1.0__openapi.yaml,Golf v2,sportsdata.io,3.x,15,105,15,15,7,15,15,0,0,0,0,100.000,100.000,100.000,0.000,100.000,100.000,100.000
sportsdata.io__lol-v3-projections__1.0__openapi.yaml,LoL v3 Projections,sportsdata.io,3.x,3,3,3,3,2,3,3,2,2,2,2,100.000,100.000,100.000,33.333,66.667,66.667,66.667
sportsdata.io__lol-v3-scores__1.0__openapi.yaml,LoL v3 Scores,sportsdata.io,3.x,16,120,16,16,7,16,16,16,16,16,7,100.000,100.000,100.000,100.000,0.000,0.000,82.500
sportsdata.io__lol-v3-stats__1.0__openapi.yaml,LoL v3 Stats,sportsdata.io,3.x,21,210,21,21,8,21,21,21,21,21,8,100.000,100.000,100.000,100.000,0.000,0.000,86.667
sportsdata.io__mlb-v3-projections__1.0__openapi.yaml,MLB v3 Projections,sportsdata.io,3.x,7,21,7,7,3,7,7,2,2,2,0,100.000,100.000,100.000,4.762,95.238,95.238,100.000
sportsdata.io__mlb-v3-rotoballer-articles__1.0__openapi.yaml,MLB v3 RotoBaller Articles,sportsdata.io,3.x,3,3,3,3,1,3,3,0,0,0,0,100.000,100.000,100.000,0.000,100.000,100.000,100.000
sportsdata.io__mlb-v3-rotoballer-premium-news__1.0__openapi.yaml,MLB v3 RotoBaller Premium News,sportsdata.io,3.x,3,3,3,3,3,3,3,0,0,0,0,100.000,100.000,100.000,0.000,100.000,100.000,100.000
sportsdata.io__mlb-v3-scores__1.0__openapi.yaml,MLB v3 Scores,sportsdata.io,3.x,21,210,21,21,12,21,20,2,1,1,1,100.000,100.000,90.476,0.476,100.000,100.000,100.000
sportsdata.io__mlb-v3-stats__1.0__openapi.yaml,MLB v3 Stats,sportsdata.io,3.x,34,561,34,34,15,34,33,2,1,1,1,100.000,100.000,94.118,0.178,100.000,100.000,100.000
sportsdata.io__nascar-v2__1.0__openapi.yaml,NASCAR v2,sportsdata.io,3.x,6,15,6,6,4,6,6,0,0,0,0,100.000,100.000,100.000,0.000,100.000,100.000,100.000
sportsdata.io__nba-v3-projections__1.0__openapi.yaml,NBA v3 Projections,sportsdata.io,3.x,9,36,9,9,5,9,9,3,3,3,0,100.000,100.000,100.000,8.333,91.667,91.667,100.000
sportsdata.io__nba-v3-rotoballer-articles__1.0__openapi.yaml,NBA v3 RotoBaller Articles,sportsdata.io,3.x,3,3,3,3,1,3,3,0,0,0,0,100.000,100.000,100.000,0.000,100.000,100.000,100.000
sportsdata.io__nba-v3-rotoballer-premium-news__1.0__openapi.yaml,NBA v3 RotoBaller Premium News,sportsdata.io,3.x,3,3,3,3,3,3,3,0,0,0,0,100.000,100.000,100.000,0.000,100.000,100.000,100.000
sportsdata.io__nba-v3-scores__1.0__openapi.yaml,NBA v3 Scores,sportsdata.io,3.x,23,253,23,23,12,23,22,6,5,5,3,100.000,100.000,91.304,5.929,96.047,96.047,98.814
sportsdata.io__nba-v3-stats__1.0__openapi.yaml,NBA v3 Stats,sportsdata.io,3.x,30,435,30,30,13,30,29,3,2,2,2,100.000,100.000,93.333,0.690,99.770,99.770,99.770
sportsdata.io__nfl-v3-play-by-play__1.0__openapi.yaml,NFL v3 Play-by-Play,sportsdata.io,3.x,3,3,3,3,1,3,3,1,1,1,1,100.000,100.000,100.000,0.000,100.000,100.000,100.000
sportsdata.io__nfl-v3-projections__1.0__openapi.yaml,NFL v3 Projections,sportsdata.io,3.x,16,120,16,16,11,16,16,3,3,3,0,100.000,100.000,100.000,2.500,97.500,97.500,100.000
sportsdata.io__nfl-v3-rotoballer-articles__1.0__openapi.yaml,NFL v3 RotoBaller Articles,sportsdata.io,3.x,3,3,3,3,1,3,3,0,0,0,0,100.000,100.000,100.000,0.000,100.000,100.000,100.000
sportsdata.io__nfl-v3-rotoballer-premium-news__1.0__openapi.yaml,NFL v3 RotoBaller Premium News,sportsdata.io,3.x,4,6,4,4,4,4,4,0,0,0,0,100.000,100.000,100.000,0.000,100.000,100.000,100.000
sportsdata.io__nfl-v3-scores__1.0__openapi.yaml,NFL v3 Scores,sportsdata.io,3.x,40,780,40,40,27,40,31,25,17,17,10,100.000,100.000,59.615,38.462,82.564,82.564,94.231
sportsdata.io__nfl-v3-stats__1.0__openapi.yaml,NFL v3 Stats,sportsdata.io,3.x,76,2850,76,76,52,76,69,28,21,21,17,100.000,100.000,82.316,13.263,92.632,92.632,95.228
sportsdata.io__nhl-v3-projections__1.0__openapi.yaml,NHL v3 Projections,sportsdata.io,3.x,5,10,5,5,2,5,5,2,2,2,0,100.000,100.000,100.000,10.000,90.000,90.000,100.000
sportsdata.io__nhl-v3-scores__1.0__openapi.yaml,NHL v3 Scores,sportsdata.io,3.x,21,210,21,21,12,21,20,1,0,0,0,100.000,100.000,90.476,0.000,100.000,100.000,100.000
sportsdata.io__nhl-v3-stats__1.0__openapi.yaml,NHL v3 Stats,sportsdata.io,3.x,30,435,30,30,14,30,29,2,1,1,1,100.000,100.000,93.333,0.230,100.000,100.000,100.000
sportsdata.io__soccer-v3-projections__1.0__openapi.yaml,Soccer v3 Projections,sportsdata.io,3.x,6,15,6,6,4,6,6,1,1,1,1,100.000,100.000,100.000,0.000,100.000,100.000,100.000
sportsdata.io__soccer-v3-scores__1.0__openapi.yaml,Soccer v3 Scores,sportsdata.io,3.x,24,276,24,24,11,24,24,0,0,0,0,100.000,100.000,100.000,0.000,100.000,100.000,100.000
sportsdata.io__soccer-v3-stats__1.0__openapi.yaml,Soccer v3 Stats,sportsdata.io,3.x,35,595,35,35,15,35,35,0,0,0,0,100.000,100.000,100.000,0.000,100.000,100.000,100.000
spotify.com__1.0.0__openapi.yaml,Spotify Web API,spotify.com,3.x,88,3828,88,88,77,82,0,88,0,0,0,100.000,86.755,0.000,100.000,100.000,100.000,100.000
spotify.com__sonallux__2023.2.27__openapi.yaml,Spotify Web API with fixes and improvements from sonallux,spotify.com,3.x,89,3916,89,89,78,83,0,89,0,0,0,100.000,86.900,0.000,100.000,100.000,100.000,100.000
stackexchange.com__2.0__openapi.yaml,StackExchange,stackexchange.com,3.x,124,7626,0,0,0,124,122,124,0,0,0,0.000,100.000,96.787,100.000,100.000,100.000,100.000
staging-ecotaco.com__1.0.0__openapi.yaml,api.ecota.co v2,staging-ecotaco.com,3.x,27,351,27,27,24,26,0,4,0,0,0,100.000,92.593,0.000,1.709,100.000,100.000,100.000
statsocial.com__1.0.0__openapi.yaml,StatSocial Platform API,statsocial.com,3.x,17,136,0,0,0,17,17,17,0,0,0,0.000,100.000,100.000,100.000,100.000,100.000,100.000
stoplight.io__api-v1__openapi.yaml,Stoplight,stoplight.io,3.x,5,10,5,5,0,4,1,5,0,0,0,100.000,60.000,0.000,100.000,100.000,100.000,100.000
storecove.com__2.0.1__openapi.yaml,Storecove API,storecove.com,3.x,29,406,29,29,24,21,24,29,16,16,16,100.000,51.724,67.980,100.000,70.443,70.443,70.443
stream-io-api.com__v80.2.0__openapi.yaml,Stream Chat API,stream-io-api.com,3.x,116,6670,111,115,108,76,116,115,71,74,70,91.529,42.729,100.000,98.276,62.744,59.505,63.793
stripe.com__2022-11-15__openapi.yaml,Stripe API,stripe.com,3.x,452,101926,452,452,452,389,451,447,383,383,383,100.000,74.040,99.558,97.797,28.229,28.229,28.229
superset.apache.local__superset__v1__openapi.yaml,Superset,superset.apache.local,3.x,120,7140,0,0,0,97,72,105,0,0,0,0.000,65.210,35.798,76.471,100.000,100.000,100.000
surevoip.co.uk__9dcb0dc8__openapi.yaml,The SureVoIP RESTful API,surevoip.co.uk,3.x,28,378,1,1,1,6,0,1,0,0,0,0.000,3.968,0.000,0.000,100.000,100.000,100.000
surrey.ca__open511__0.1__swagger.yaml,City of Surrey Open511 API,surrey.ca,2.0,4,6,0,0,0,4,0,4,0,0,0,0.000,100.000,0.000,100.000,100.000,100.000,100.000
svix.com__1.4__openapi.yaml,Svix API,svix.com,3.x,53,1378,53,53,34,53,53,53,53,53,34,100.000,100.000,100.000,100.000,0.000,0.000,59.289
swagger.io__generator__2.4.31__swagger.yaml,Swagger Generator,swagger.io,2.0,7,21,7,7,7,5,4,3,2,2,2,100.000,47.619,28.571,14.286,95.238,95.238,95.238
swaggerhub.com__1.0.66__swagger.yaml,SwaggerHub Registry API,swaggerhub.com,2.0,87,3741,87,87,87,87,45,24,9,9,9,100.000,100.000,26.464,7.378,99.038,99.038,99.038
symanto.net__1.0__openapi.yaml,Psycholinguistic Text Analytics,symanto.net,3.x,7,21,7,7,0,6,7,6,5,5,0,100.000,71.429,100.000,71.429,52.381,52.381,100.000
synq.fm__1.9.1__swagger.yaml,SYNQ Video,synq.fm,2.0,7,21,7,7,0,7,1,7,1,1,0,100.000,100.000,0.000,100.000,100.000,100.000,100.000
taggun.io__1.15.0__swagger.yaml,TAGGUN Receipt OCR Scanning API,taggun.io,2.0,18,153,18,18,18,18,18,0,0,0,0,100.000,100.000,100.000,0.000,100.000,100.000,100.000
taxamo.com__1__swagger.yaml,Taxamo,taxamo.com,2.0,36,630,36,36,36,33,36,0,0,0,0,100.000,83.810,100.000,0.000,100.000,100.000,100.000
taxrates.io__1.0.0__openapi.yaml,Taxrates.io API,taxrates.io,3.x,3,3,3,3,3,3,0,3,0,0,0,100.000,100.000,0.000,100.000,100.000,100.000,100.000
tcgdex.net__2.0.0__openapi.yaml,TCGdex API,tcgdex.net,3.x,33,528,2,2,1,17,20,2,1,1,1,0.189,25.758,35.985,0.189,100.000,100.000,100.000
telegram.org__5.0.0__openapi.yaml,Telegram Bot API,telegram.org,3.x,74,2701,0,0,0,0,50,74,0,0,0,0.000,0.000,45.354,100.000,100.000,100.000,100.000
telematicssdk.com__1.0.0__openapi.yaml,Quick start - Telematics SDK,telematicssdk.com,3.x,9,36,1,9,5,9,0,9,0,0,0,0.000,100.000,0.000,100.000,100.000,100.000,100.000
telnyx.com__2.0.0__openapi.yaml,Telnyx API,telnyx.com,3.x,361,64980,356,357,357,291,171,286,95,96,96,97.245,64.935,22.368,62.719,93.129,92.982,92.982
telstra.com__3.x__openapi.yaml,Messaging API v3.x,telstra.com,3.x,18,153,18,18,18,18,18,18,18,18,18,100.000,100.000,100.000,100.000,0.000,0.000,0.000
testfire.net__altoroj__1.0.2__swagger.yaml,AltoroJ REST API,testfire.net,2.0,12,66,12,12,9,11,6,12,6,6,3,100.000,83.333,22.727,100.000,77.273,77.273,95.455
text2data.org__v3.4__swagger.yaml,Text Analytics & Sentiment Analysis API | api.text2data.com,text2data.org,2.0,6,15,6,6,0,3,6,3,3,3,0,100.000,20.000,100.000,20.000,80.000,80.000,100.000
tfl.gov.uk__v1__openapi.yaml,Transport for London Unified API,tfl.gov.uk,3.x,84,3486,80,80,48,63,76,0,0,0,0,90.648,56.024,81.756,0.000,100.000,100.000,100.000
thebluealliance.com__3.8.2__openapi.yaml,The Blue Alliance API v3,thebluealliance.com,3.x,64,2016,64,64,64,64,50,64,50,50,50,100.000,100.000,60.764,100.000,39.236,39.236,39.236
thenounproject.com__1.0.0__swagger.yaml,The Noun Project,thenounproject.com,2.0,13,78,13,13,13,12,0,13,0,0,0,100.000,84.615,0.000,100.000,100.000,100.000,100.000
theracingapi.com__1.0.0__openapi.yaml,The Racing API,theracingapi.com,3.x,51,1275,51,51,32,50,51,51,50,50,31,100.000,96.078,100.000,100.000,3.922,3.922,63.529
thesmsworks.co.uk__1.8.0__swagger.yaml,The SMS Works API,thesmsworks.co.uk,2.0,18,153,1,1,1,15,18,18,1,1,1,0.000,68.627,100.000,100.000,100.000,100.000,100.000
thetvdb.com__3.0.0__swagger.yaml,TheTVDB API v3,thetvdb.com,2.0,31,465,0,0,0,23,31,31,0,0,0,0.000,54.409,100.000,100.000,100.000,100.000,100.000
threatjammer.com__1.2.27__openapi.yaml,ThreatJammer.com User API,threatjammer.com,3.x,97,4656,97,97,91,68,96,97,68,68,65,100.000,48.926,97.938,100.000,51.074,51.074,55.326
ticketmaster.com__discovery__v2__openapi.yaml,Discovery API,ticketmaster.com,3.x,13,78,6,6,5,13,12,13,6,6,5,19.231,100.000,84.615,100.000,80.769,80.769,87.179
ticketmaster.com__publish__v2__openapi.yaml,ticketmaster publish api,ticketmaster.com,3.x,10,45,10,10,10,10,10,10,10,10,10,100.000,100.000,100.000,100.000,0.000,0.000,0.000
tisane.ai__1.0.0__openapi.yaml,Tisane API Documentation,tisane.ai,3.x,6,15,6,6,6,6,0,6,0,0,0,100.000,100.000,0.000,100.000,100.000,100.000,100.000
tl-api.azurewebsites.net__2020-08-10_6-22__openapi.yaml,API,tl-api.azurewebsites.net,3.x,27,351,27,27,5,15,25,0,0,0,0,100.000,29.915,85.470,0.000,100.000,100.000,100.000
tokenjay.app__1.0.0__openapi.yaml,TokenJay API services,tokenjay.app,3.x,27,351,25,27,25,12,26,0,0,0,0,85.470,18.803,92.593,0.000,100.000,100.000,100.000
tokenmetrics.com__1.0.0__openapi.yaml,Endpoints,tokenmetrics.com,3.x,14,91,14,14,9,14,0,14,0,0,0,100.000,100.000,0.000,100.000,100.000,100.000,100.000
tomtom.com__maps__1.0.0__openapi.yaml,Maps,tomtom.com,3.x,10,45,2,2,2,10,0,10,0,0,0,2.222,100.000,0.000,100.000,100.000,100.000,100.000
tomtom.com__routing__1.0.0__openapi.yaml,Routing,tomtom.com,3.x,4,6,0,0,0,4,2,4,0,0,0,0.000,100.000,16.667,100.000,100.000,100.000,100.000
tomtom.com__search__1.0.0__openapi.yaml,Search,tomtom.com,3.x,19,171,0,0,0,19,0,0,0,0,0,0.000,100.000,0.000,0.000,100.000,100.000,100.000
traccar.org__5.6__openapi.yaml,Traccar,traccar.org,3.x,61,1830,0,0,0,42,49,17,0,0,0,0.000,47.049,64.262,7.432,100.000,100.000,100.000
tradematic.com__1.0.2__swagger.yaml,Tradematic Cloud API,tradematic.com,2.0,66,2145,0,0,0,50,53,66,0,0,0,0.000,57.110,64.242,100.000,100.000,100.000,100.000
trakt.tv__1.0.0__openapi.yaml,Trakt API,trakt.tv,3.x,183,16653,167,167,131,179,0,183,0,0,0,83.234,95.664,0.000,100.000,100.000,100.000,100.000
transavia.com__1.0__swagger.yaml,Airports API v2,transavia.com,2.0,5,10,5,5,5,4,5,5,4,4,4,100.000,60.000,100.000,100.000,40.000,40.000,40.000
transitfeeds.com__1.0.0__swagger.yaml,TransitFeeds API,transitfeeds.com,2.0,4,6,4,4,0,4,4,4,4,4,0,100.000,100.000,100.000,100.000,0.000,0.000,100.000
trashnothing.com__1.3__openapi.yaml,trash nothing,trashnothing.com,3.x,12,66,12,12,4,12,11,6,5,5,1,100.000,100.000,83.333,22.727,84.848,84.848,100.000
trello.com__1.0__openapi.yaml,Trello,trello.com,3.x,324,52326,324,324,324,324,133,7,1,1,1,100.000,100.000,16.776,0.040,100.000,100.000,100.000
truesight.local__11.1.00__openapi.yaml,Hardware Sentry TrueSight Presentation Server REST API,truesight.local,3.x,23,253,23,23,19,22,22,23,21,21,17,100.000,91.304,91.304,100.000,16.996,16.996,46.245
truora.com__1.0.0__openapi.yaml,Checks API,truora.com,3.x,25,300,24,24,24,17,21,25,12,12,12,92.000,45.333,70.000,100.000,78.000,78.000,78.000
tsapi.net__v1__openapi.yaml,TSAPI,tsapi.net,3.x,3,3,0,0,0,2,3,0,0,0,0,0.000,33.333,100.000,0.000,100.000,100.000,100.000
turbinelabs.io__1.0__swagger.yaml,Turbine Labs API,turbinelabs.io,2.0,44,946,0,0,0,42,37,41,0,0,0,0.000,91.015,70.402,86.681,100.000,100.000,100.000
tvmaze.com__1.0__openapi.yaml,TVmaze user API,tvmaze.com,3.x,42,861,0,0,0,35,30,9,0,0,0,0.000,69.106,50.523,4.181,100.000,100.000,100.000
twilio.com__api__1.55.0__openapi.yaml,Twilio - Api,twilio.com,3.x,194,18721,194,194,194,193,162,147,119,119,119,100.000,98.969,69.660,57.321,62.497,62.497,62.497
twilio.com__twilio_accounts_v1__1.55.0__openapi.yaml,Twilio - Accounts,twilio.com,3.x,16,120,16,16,16,10,12,16,7,7,7,100.000,37.500,55.000,100.000,82.500,82.500,82.500
twilio.com__twilio_autopilot_v1__1.53.0__openapi.yaml,Twilio - Autopilot,twilio.com,3.x,52,1326,52,52,52,50,43,4,4,4,4,100.000,92.383,68.100,0.452,99.548,99.548,99.548
twilio.com__twilio_bulkexports_v1__1.55.0__openapi.yaml,Twilio - Bulkexports,twilio.com,3.x,9,36,9,9,9,9,8,5,5,5,5,100.000,100.000,77.778,27.778,72.222,72.222,72.222
twilio.com__twilio_chat_v1__1.55.0__openapi.yaml,Twilio - Chat,twilio.com,3.x,40,780,40,40,40,38,32,1,1,1,1,100.000,90.128,63.590,0.000,100.000,100.000,100.000
twilio.com__twilio_content_v1__1.55.0__openapi.yaml,Twilio - Content,twilio.com,3.x,6,15,6,6,6,6,5,6,5,5,5,100.000,100.000,66.667,100.000,33.333,33.333,33.333
twilio.com__twilio_conversations_v1__1.55.0__openapi.yaml,Twilio - Conversations,twilio.com,3.x,101,5050,101,101,101,93,83,99,75,75,75,100.000,84.713,67.386,96.059,45.050,45.050,45.050
twilio.com__twilio_events_v1__1.55.0__openapi.yaml,Twilio - Events,twilio.com,3.x,22,231,22,22,22,20,19,22,17,17,17,100.000,82.251,74.026,100.000,41.126,41.126,41.126
twilio.com__twilio_fax_v1__1.29.1__openapi.yaml,Twilio - Fax,twilio.com,3.x,6,15,6,6,6,6,4,6,4,4,4,100.000,100.000,40.000,100.000,60.000,60.000,60.000
twilio.com__twilio_flex_v1__1.55.0__openapi.yaml,Twilio - Flex,twilio.com,3.x,50,1225,50,50,50,45,44,31,29,29,29,100.000,80.816,77.224,37.959,66.857,66.857,66.857
twilio.com__twilio_insights_v1__1.55.0__openapi.yaml,Twilio - Insights,twilio.com,3.x,17,136,17,17,17,16,17,16,15,15,15,100.000,88.235,100.000,88.235,22.794,22.794,22.794
twilio.com__twilio_intelligence_v2__1.55.0__openapi.yaml,Twilio - Intelligence,twilio.com,3.x,13,78,13,13,13,11,11,13,9,9,9,100.000,70.513,70.513,100.000,53.846,53.846,53.846
twilio.com__twilio_ip_messaging_v1__1.55.0__openapi.yaml,Twilio - Ip_messaging,twilio.com,3.x,40,780,40,40,40,38,32,0,0,0,0,100.000,90.128,63.590,0.000,100.000,100.000,100.000
twilio.com__twilio_media_v1__1.55.0__openapi.yaml,Twilio - Media,twilio.com,3.x,13,78,13,13,13,11,12,10,9,9,9,100.000,70.513,84.615,57.692,53.846,53.846,53.846
twilio.com__twilio_messaging_v1__1.55.0__openapi.yaml,Twilio - Messaging,twilio.com,3.x,50,1225,50,50,50,45,42,1,1,1,1,100.000,80.816,70.286,0.000,100.000,100.000,100.000
twilio.com__twilio_microvisor_v1__1.55.0__openapi.yaml,Twilio - Microvisor,twilio.com,3.x,27,351,27,27,27,25,22,27,20,20,20,100.000,85.470,65.812,100.000,45.869,45.869,45.869
twilio.com__twilio_monitor_v1__1.55.0__openapi.yaml,Twilio - Monitor,twilio.com,3.x,4,6,4,4,4,4,4,1,1,1,1,100.000,100.000,100.000,0.000,100.000,100.000,100.000
twilio.com__twilio_notify_v1__1.55.0__openapi.yaml,Twilio - Notify,twilio.com,3.x,15,105,15,15,15,13,12,0,0,0,0,100.000,74.286,62.857,0.000,100.000,100.000,100.000
twilio.com__twilio_numbers_v1__1.55.0__openapi.yaml,Twilio - Numbers,twilio.com,3.x,5,10,5,5,5,4,5,5,4,4,4,100.000,60.000,100.000,100.000,40.000,40.000,40.000
twilio.com__twilio_oauth_v1__1.53.0__openapi.yaml,Twilio - Oauth,twilio.com,3.x,5,10,5,5,5,0,5,5,0,0,0,100.000,0.000,100.000,100.000,100.000,100.000,100.000
twilio.com__twilio_preview__1.55.0__openapi.yaml,Twilio - Preview,twilio.com,3.x,99,4851,99,99,99,92,82,59,45,45,45,100.000,86.291,68.460,35.271,79.592,79.592,79.592
twilio.com__twilio_pricing_v1__1.55.0__openapi.yaml,Twilio - Pricing,twilio.com,3.x,7,21,7,7,7,7,7,0,0,0,0,100.000,100.000,100.000,0.000,100.000,100.000,100.000
twilio.com__twilio_proxy_v1__1.55.0__openapi.yaml,Twilio - Proxy,twilio.com,3.x,30,435,30,30,30,29,24,28,21,21,21,100.000,93.333,63.448,86.897,51.724,51.724,51.724
twilio.com__twilio_routes_v2__1.55.0__openapi.yaml,Twilio - Routes,twilio.com,3.x,6,15,6,6,6,6,6,4,4,4,4,100.000,100.000,100.000,40.000,60.000,60.000,60.000
twilio.com__twilio_serverless_v1__1.55.0__openapi.yaml,Twilio - Serverless,twilio.com,3.x,39,741,39,39,39,38,33,39,32,32,32,100.000,94.872,71.255,100.000,33.063,33.063,33.063
twilio.com__twilio_studio_v1__1.55.0__openapi.yaml,Twilio - Studio,twilio.com,3.x,20,190,20,20,20,20,17,20,17,17,17,100.000,100.000,71.579,100.000,28.421,28.421,28.421
twilio.com__twilio_supersim_v1__1.55.0__openapi.yaml,Twilio - Supersim,twilio.com,3.x,31,465,31,31,31,25,30,31,24,24,24,100.000,64.516,93.548,100.000,40.645,40.645,40.645
twilio.com__twilio_sync_v1__1.55.0__openapi.yaml,Twilio - Sync,twilio.com,3.x,48,1128,48,48,48,47,38,18,14,14,14,100.000,95.833,62.323,13.564,91.933,91.933,91.933
twilio.com__twilio_taskrouter_v1__1.55.0__openapi.yaml,Twilio - Taskrouter,twilio.com,3.x,60,1770,60,60,60,59,53,0,0,0,0,100.000,96.667,77.853,0.000,100.000,100.000,100.000
twilio.com__twilio_trunking_v1__1.55.0__openapi.yaml,Twilio - Trunking,twilio.com,3.x,24,276,24,24,24,23,19,3,2,2,2,100.000,91.667,61.957,1.087,99.638,99.638,99.638
twilio.com__twilio_trusthub_v1__1.55.0__openapi.yaml,Twilio - Trusthub,twilio.com,3.x,52,1326,52,52,52,45,44,52,37,37,37,100.000,74.661,71.342,100.000,49.774,49.774,49.774
twilio.com__twilio_verify_v2__1.55.0__openapi.yaml,Twilio - Verify,twilio.com,3.x,53,1378,53,53,53,51,45,52,42,42,42,100.000,92.525,71.843,96.226,37.518,37.518,37.518
twilio.com__twilio_video_v1__1.55.0__openapi.yaml,Twilio - Video,twilio.com,3.x,35,595,35,35,35,28,31,17,14,14,14,100.000,63.529,78.151,22.857,84.706,84.706,84.706
twilio.com__twilio_voice_v1__1.55.0__openapi.yaml,Twilio - Voice,twilio.com,3.x,32,496,32,32,32,25,26,7,3,3,3,100.000,60.484,65.524,4.234,99.395,99.395,99.395
twilio.com__twilio_wireless_v1__1.55.0__openapi.yaml,Twilio - Wireless,twilio.com,3.x,16,120,16,16,16,14,13,8,5,5,5,100.000,75.833,65.000,23.333,91.667,91.667,91.667
twinehealth.com__v7.78.1__openapi.yaml,Fitbit Plus API,twinehealth.com,3.x,62,1891,62,62,62,48,62,62,48,48,48,100.000,59.651,100.000,100.000,40.349,40.349,40.349
twitter.com__current__2.62__openapi.yaml,Twitter API v2,twitter.com,3.x,80,3160,80,80,80,75,79,80,75,75,75,100.000,87.816,97.500,100.000,12.184,12.184,12.184
twitter.com__legacy__1.1__swagger.yaml,Twitter API,twitter.com,2.0,83,3403,83,83,7,74,0,83,0,0,0,100.000,79.371,0.000,100.000,100.000,100.000,100.000
tyk.com__1.9__swagger.yaml,Gateway REST API,tyk.com,2.0,18,153,0,0,0,18,9,18,0,0,0,0.000,100.000,23.529,100.000,100.000,100.000,100.000
uebermaps.com__2.0__swagger.yaml,uebermaps API endpoints,uebermaps.com,2.0,56,1540,0,0,0,51,56,56,0,0,0,0.000,82.792,100.000,100.000,100.000,100.000,100.000
up.com.au__v1__openapi.yaml,Up API,up.com.au,3.x,18,153,0,0,0,16,17,18,0,0,0,0.000,78.431,88.889,100.000,100.000,100.000,100.000
uscann.net__1.0__swagger.yaml,Api Documentation,uscann.net,2.0,5,10,5,5,1,5,5,0,0,0,0,100.000,100.000,100.000,0.000,100.000,100.000,100.000
useapi.net__1.0__openapi.yaml,Midjourney REST API by useapi.net,useapi.net,3.x,8,28,0,0,0,2,8,8,0,0,0,0.000,3.571,100.000,100.000,100.000,100.000,100.000
uspto.gov__bdss__1.0.0__swagger.yaml,Bulk Data Storage System Services,uspto.gov,2.0,7,21,7,7,7,4,0,7,0,0,0,100.000,28.571,0.000,100.000,100.000,100.000,100.000
va.gov__benefits__1.0.0__openapi.yaml,Benefits Intake,va.gov,3.x,6,15,6,6,6,3,5,3,1,1,1,100.000,20.000,66.667,20.000,100.000,100.000,100.000
va.gov__facilities__0.0.1__openapi.yaml,VA Facilities,va.gov,3.x,5,10,5,5,5,5,5,4,4,4,4,100.000,100.000,100.000,60.000,40.000,40.000,40.000
vatapi.com__1__swagger.yaml,VAT API,vatapi.com,2.0,11,55,11,11,5,11,9,1,0,0,0,100.000,100.000,65.455,0.000,100.000,100.000,100.000
vectara.io__1.0.0__openapi.yaml,Vectara REST API,vectara.io,3.x,9,36,9,9,6,9,8,9,8,8,5,100.000,100.000,77.778,100.000,22.222,22.222,72.222
velopayments.com__2.35.57__openapi.yaml,Velo Payments APIs,velopayments.com,3.x,100,4950,98,98,95,82,98,99,77,77,75,96.020,67.091,96.020,98.000,40.889,40.889,43.939
vercel.com__0.0.1__openapi.yaml,Vercel API,vercel.com,3.x,112,6216,111,111,110,107,17,112,15,15,15,98.214,91.232,2.188,100.000,98.311,98.311,98.311
vestorly.com__1.0.0__swagger.yaml,Vestorly API,vestorly.com,2.0,51,1275,51,51,51,51,51,51,51,51,51,100.000,100.000,100.000,100.000,0.000,0.000,0.000
viator.com__1.0.0__openapi.yaml,Viator API Documentation &amp; Specification – Merchant Partners,viator.com,3.x,28,378,28,28,27,28,27,28,27,27,26,100.000,100.000,92.857,100.000,7.143,7.143,14.021
victorops.com__0.0.3__swagger.yaml,VictorOps,victorops.com,2.0,72,2556,0,0,0,72,68,69,0,0,0,0.000,100.000,89.124,91.784,100.000,100.000,100.000
vimeo.com__3.4__openapi.yaml,Vimeo,vimeo.com,3.x,326,52975,326,326,258,304,293,58,41,41,28,100.000,86.939,80.751,3.120,98.452,98.452,99.286
visagecloud.com__1.1__swagger.yaml,VisageCloud,visagecloud.com,2.0,52,1326,0,52,52,52,51,0,0,0,0,0.000,100.000,96.154,0.000,100.000,100.000,100.000
visiblethread.com__1.0__swagger.yaml,VisibleThread API,visiblethread.com,2.0,12,66,8,8,8,8,8,12,6,6,6,42.424,42.424,42.424,100.000,77.273,77.273,77.273
visma.com__1.0__openapi.yaml,Severa Public Rest API Documentation,visma.com,3.x,512,130816,512,512,509,428,512,98,93,93,92,100.000,69.852,100.000,3.633,96.730,96.730,96.800
visma.net__1.0.14.784__openapi.yaml,Visma.net.ERP.SalesOrders.Api,visma.net,3.x,19,171,19,19,19,18,19,19,18,18,18,100.000,89.474,100.000,100.000,10.526,10.526,10.526
visma.net__9.66.02.1023__openapi.yaml,Visma Net API,visma.net,3.x,490,119805,488,488,458,486,487,254,251,251,224,99.185,98.372,98.778,26.819,73.812,73.812,79.153
visualcrossing.com__weather__4.6__openapi.yaml,Visual Crossing Weather API,visualcrossing.com,3.x,5,10,0,0,0,5,0,5,0,0,0,0.000,100.000,0.000,100.000,100.000,100.000,100.000
visualstudio.com__v1__openapi.yaml,VSOnline,visualstudio.com,3.x,141,9870,4,4,4,125,112,0,0,0,0,0.061,78.521,62.979,0.000,100.000,100.000,100.000
vmware.local__vrni__1.0.0__openapi.yaml,vRealize Network Insight API Reference,vmware.local,3.x,161,12880,161,161,160,128,122,159,90,90,90,100.000,63.106,57.306,97.523,68.905,68.905,68.905
vocadb.net__1.0__openapi.yaml,VocaDbWeb,vocadb.net,3.x,129,8256,0,0,0,127,91,0,0,0,0,0.000,96.911,49.600,0.000,100.000,100.000,100.000
vonage.com__account__1.11.8__openapi.yaml,Account API,vonage.com,3.x,3,3,3,3,3,3,3,0,0,0,0,100.000,100.000,100.000,0.000,100.000,100.000,100.000
vonage.com__vgis__1.0.1__openapi.yaml,Vonage Integration Suite,vonage.com,3.x,20,190,20,20,20,15,19,1,1,1,1,100.000,55.263,90.000,0.000,100.000,100.000,100.000
voodoomfg.com__2.0.0__swagger.yaml,Voodoo Manufacturing 3D Print API,voodoomfg.com,2.0,11,55,0,0,0,8,11,11,0,0,0,0.000,50.909,100.000,100.000,100.000,100.000,100.000
vtex.local__Catalog-API-Seller-Portal__1.0.0__openapi.yaml,Catalog API - Seller Portal,vtex.local,3.x,16,120,16,16,16,16,0,16,0,0,0,100.000,100.000,0.000,100.000,100.000,100.000,100.000
vtex.local__Catalog-API__1.0__openapi.yaml,Catalog API,vtex.local,3.x,162,13041,64,64,61,162,55,162,26,26,25,15.459,100.000,11.387,100.000,97.508,97.508,97.700
vtex.local__Checkout-API__1.0__openapi.yaml,Checkout API,vtex.local,3.x,32,496,32,32,31,32,4,32,4,4,4,100.000,100.000,1.210,100.000,98.790,98.790,98.790
vtex.local__Customer-Credit-API__1.0__openapi.yaml,Customer Credit API,vtex.local,3.x,26,325,26,26,26,26,0,20,0,0,0,100.000,100.000,0.000,58.462,100.000,100.000,100.000
vtex.local__GiftCard-Hub-API__1.0__openapi.yaml,GiftCard Hub API,vtex.local,3.x,15,105,14,15,15,15,6,15,5,6,6,86.667,100.000,14.286,100.000,90.476,85.714,85.714
vtex.local__Giftcard-API__1.0__openapi.yaml,GiftCard API,vtex.local,3.x,11,55,11,11,11,11,11,10,10,10,10,100.000,100.000,100.000,81.818,18.182,18.182,18.182
vtex.local__Headless-CMS-API__0.31.2__openapi.yaml,VTEX Headless CMS,vtex.local,3.x,3,3,3,3,3,3,0,3,0,0,0,100.000,100.000,0.000,100.000,100.000,100.000,100.000
vtex.local__Intelligent-Search-API__0.1.12__openapi.yaml,Intelligent Search API,vtex.local,3.x,7,21,0,0,0,7,7,7,0,0,0,0.000,100.000,100.000,100.000,100.000,100.000,100.000
vtex.local__License-Manager-API__1.0__openapi.yaml,License Manager API,vtex.local,3.x,12,66,12,12,12,8,8,12,4,4,4,100.000,42.424,42.424,100.000,90.909,90.909,90.909
vtex.local__Logistics-API__1.0__openapi.yaml,Logistics API,vtex.local,3.x,53,1378,42,46,45,53,0,53,0,0,0,62.482,100.000,0.000,100.000,100.000,100.000,100.000
vtex.local__Marketplace-APIs-__1.0__openapi.yaml,Suggestions,vtex.local,3.x,15,105,15,15,15,15,7,15,7,7,7,100.000,100.000,20.000,100.000,80.000,80.000,80.000
vtex.local__Marketplace-APIs__1.0__openapi.yaml,Marketplace API,vtex.local,3.x,23,253,23,23,23,23,8,23,8,8,8,100.000,100.000,11.067,100.000,88.933,88.933,88.933
vtex.local__Marketplace-Protocol__1.0__openapi.yaml,Marketplace Protocol,vtex.local,3.x,15,105,15,15,15,15,6,15,6,6,6,100.000,100.000,14.286,100.000,85.714,85.714,85.714
vtex.local__Master-Data-API-__1.0__openapi.yaml,Master Data API - v2,vtex.local,3.x,26,325,26,26,26,26,16,26,16,16,16,100.000,100.000,36.923,100.000,63.077,63.077,63.077
vtex.local__MasterData-API-__1.0__openapi.yaml,MasterData API - v1,vtex.local,3.x,20,190,20,20,20,20,10,15,10,10,10,100.000,100.000,23.684,55.263,76.316,76.316,76.316
vtex.local__Orders-API-(PII-version)__1.0__openapi.yaml,Orders API (PII version),vtex.local,3.x,6,15,6,6,6,6,3,6,3,3,3,100.000,100.000,20.000,100.000,80.000,80.000,80.000
vtex.local__Orders-API__1.0__openapi.yaml,Orders API,vtex.local,3.x,28,378,28,28,28,28,18,28,18,18,18,100.000,100.000,40.476,100.000,59.524,59.524,59.524
vtex.local__Payments-Gateway-API__1.0__openapi.yaml,Payments Gateway API,vtex.local,3.x,22,231,22,22,20,22,17,22,17,17,17,100.000,100.000,58.874,100.000,41.126,41.126,41.126
vtex.local__Policies-System-API__1.0.0__openapi.yaml,Policies System API,vtex.local,3.x,6,15,5,5,2,6,5,6,4,4,2,66.667,100.000,66.667,100.000,60.000,60.000,93.333
vtex.local__Price-Simulations__1.0__openapi.yaml,Price Simulations API,vtex.local,3.x,7,21,0,0,0,7,0,7,0,0,0,0.000,100.000,0.000,100.000,100.000,100.000,100.000
vtex.local__Pricing-API__1.0__openapi.yaml,Pricing API,vtex.local,3.x,14,91,13,13,13,14,5,14,5,5,5,85.714,100.000,10.989,100.000,89.011,89.011,89.011
vtex.local__Profile-System__1.0__openapi.yaml,Profile System,vtex.local,3.x,27,351,27,27,27,27,6,27,6,6,6,100.000,100.000,4.274,100.000,95.726,95.726,95.726
vtex.local__Promotions-__1.0__openapi.yaml,Promotions & Taxes API,vtex.local,3.x,31,465,27,27,27,31,8,31,8,8,8,75.484,100.000,6.022,100.000,93.978,93.978,93.978
vtex.local__Recurrence-(v1-__1.0__openapi.yaml,Subscription (v1 - deprecated),vtex.local,3.x,11,55,11,11,11,11,5,11,5,5,5,100.000,100.000,18.182,100.000,81.818,81.818,81.818
vtex.local__Reviews-and-Ratings-API__1.0__openapi.yaml,Reviews and Ratings API,vtex.local,3.x,8,28,8,8,8,8,2,8,2,2,2,100.000,100.000,3.571,100.000,96.429,96.429,96.429
vtex.local__SKU-Bindings-API__1.0__openapi.yaml,SKU Bindings API,vtex.local,3.x,12,66,11,11,10,12,0,12,0,0,0,83.333,100.000,0.000,100.000,100.000,100.000,100.000
vtex.local__Search-API__1.0__openapi.yaml,Legacy Search API,vtex.local,3.x,15,105,12,12,12,15,0,15,0,0,0,62.857,100.000,0.000,100.000,100.000,100.000,100.000
vtex.local__Session-Manager-API__1.0__openapi.yaml,Session Manager API,vtex.local,3.x,4,6,4,4,4,1,2,4,0,0,0,100.000,0.000,16.667,100.000,100.000,100.000,100.000
vtex.local__Subscriptions-API-(v2)__1.0__openapi.yaml,Subscriptions API (v2 - DEPRECATED),vtex.local,3.x,31,465,31,31,31,31,7,31,7,7,7,100.000,100.000,4.516,100.000,95.484,95.484,95.484
vtex.local__Subscriptions-API-(v3)__1.0__openapi.yaml,Subscriptions API (v3),vtex.local,3.x,20,190,2,2,2,20,17,20,2,2,2,0.526,100.000,71.579,100.000,99.474,99.474,99.474
vtex.local__VTEX-Do-API__1.0__openapi.yaml,VTEX Do API,vtex.local,3.x,8,28,8,8,8,8,3,8,3,3,3,100.000,100.000,10.714,100.000,89.286,89.286,89.286
vtex.local__VTEX_TEMPLATE__1.0.0__openapi.yaml,Pets Api,vtex.local,3.x,3,3,3,3,3,2,2,0,0,0,0,100.000,33.333,33.333,0.000,100.000,100.000,100.000
walletobjects.googleapis.com__pay-passes__v1__openapi.yaml,Google Pay Passes API,walletobjects.googleapis.com,3.x,95,4465,95,95,49,95,95,95,95,95,49,100.000,100.000,100.000,100.000,0.000,0.000,73.662
walmart.com__inventory__1.0.0__openapi.yaml,Inventory Management,walmart.com,3.x,7,21,7,7,7,7,0,7,0,0,0,100.000,100.000,0.000,100.000,100.000,100.000,100.000
walmart.com__item__3.0.1__swagger.yaml,Item API,walmart.com,2.0,6,15,6,6,6,6,0,6,0,0,0,100.000,100.000,0.000,100.000,100.000,100.000,100.000
walmart.com__order__3.0.1__swagger.yaml,Orders API,walmart.com,2.0,9,36,9,9,9,9,0,9,0,0,0,100.000,100.000,0.000,100.000,100.000,100.000,100.000
walmart.com__price__1.0.0__openapi.yaml,Price Management,walmart.com,3.x,8,28,8,8,8,8,0,8,0,0,0,100.000,100.000,0.000,100.000,100.000,100.000,100.000
warwick.ac.uk__enterobase__v2.0__openapi.yaml,Enterobase-API,warwick.ac.uk,3.x,26,325,0,0,0,26,0,26,0,0,0,0.000,100.000,0.000,100.000,100.000,100.000,100.000
watchful.li__1.0.0__swagger.yaml,watchful.li,watchful.li,2.0,59,1711,46,46,44,50,36,56,26,26,26,60.491,71.596,36.821,90.006,81.005,81.005,81.005
waterlinked.com__1.0.0__swagger.yaml,The Water Linked Underwater GPS API,waterlinked.com,2.0,38,703,38,38,25,16,35,35,14,14,12,100.000,17.070,84.637,84.637,87.055,87.055,90.612
wealthreader.com__1.0.0__openapi.yaml,Wealth Reader API,wealthreader.com,3.x,3,3,0,0,0,1,3,3,0,0,0,0.000,0.000,100.000,100.000,100.000,100.000,100.000
weatherbit.io__2.0.0__swagger.yaml,Weatherbit - Interactive Swagger UI Documentation,weatherbit.io,2.0,47,1081,0,0,0,47,46,47,0,0,0,0.000,100.000,95.745,100.000,100.000,100.000,100.000
weber-gesamtausgabe.de__1.0.0__swagger.yaml,WeGA API,weber-gesamtausgabe.de,2.0,10,45,0,0,0,9,8,6,0,0,0,0.000,80.000,62.222,33.333,100.000,100.000,100.000
webflow.com__2023-03-23T154040Z__openapi.yaml,Lucidtech API,webflow.com,3.x,80,3160,0,0,0,80,80,0,0,0,0,0.000,100.000,100.000,0.000,100.000,100.000,100.000
webscraping.ai__3.0.0__openapi.yaml,WebScraping.AI,webscraping.ai,3.x,4,6,4,4,3,3,2,4,1,1,1,100.000,50.000,16.667,100.000,100.000,100.000,100.000
whapi.com__accounts__2.0.0__swagger.yaml,Accounts API,whapi.com,2.0,9,36,9,9,9,9,9,9,9,9,9,100.000,100.000,100.000,100.000,0.000,0.000,0.000
whapi.com__bets__2.0.0__openapi.yaml,Bets API,whapi.com,3.x,6,15,6,6,5,6,6,6,6,6,5,100.000,100.000,100.000,100.000,0.000,0.000,33.333
whapi.com__locations__2.0__swagger.yaml,Locations,whapi.com,2.0,5,10,5,5,5,3,5,5,3,3,3,100.000,30.000,100.000,100.000,70.000,70.000,70.000
whapi.com__sessions__2.0.0__swagger.yaml,Sessions API,whapi.com,2.0,4,6,4,4,4,4,4,4,4,4,4,100.000,100.000,100.000,100.000,0.000,0.000,0.000
whapi.com__sportsdata__2__swagger.yaml,SportsData API,whapi.com,2.0,15,105,15,15,15,15,15,15,15,15,15,100.000,100.000,100.000,100.000,0.000,0.000,0.000
whatsapp.local__1.0__openapi.yaml,WhatsApp Business API,whatsapp.local,3.x,53,1378,53,53,53,21,32,1,0,0,0,100.000,15.239,35.994,0.000,100.000,100.000,100.000
wikimedia.org__1.0.0__swagger.yaml,Wikimedia,wikimedia.org,2.0,35,595,0,0,0,33,32,35,0,0,0,0.000,88.739,83.361,100.000,100.000,100.000,100.000
wikipathways.org__1.0__openapi.yaml,WikiPathways Webservices,wikipathways.org,3.x,27,351,0,0,0,27,0,27,0,0,0,0.000,100.000,0.000,100.000,100.000,100.000,100.000
windows.net__batch-BatchService__2016-02-01.3.0__openapi.yaml,BatchService,windows.net,3.x,69,2346,69,69,69,69,69,69,69,69,69,100.000,100.000,100.000,100.000,0.000,0.000,0.000
windows.net__batch-BatchService__2018-08-01.7.0__swagger.yaml,BatchService,windows.net,2.0,73,2628,73,73,73,73,73,55,55,55,55,100.000,100.000,100.000,56.507,43.493,43.493,43.493
windows.net__graphrbac__1.6__openapi.yaml,GraphRbacManagementClient,windows.net,3.x,56,1540,56,56,43,56,56,54,54,54,41,100.000,100.000,100.000,92.922,7.078,7.078,46.753
winsms.co.za__1.0.0__swagger.yaml,WINSMS,winsms.co.za,2.0,11,55,11,11,11,8,11,11,8,8,8,100.000,50.909,100.000,100.000,49.091,49.091,49.091
wiremock.org__admin__2.35.0__openapi.yaml,WireMock,wiremock.org,3.x,33,528,0,0,0,7,0,15,0,0,0,0.000,3.977,0.000,19.886,100.000,100.000,100.000
wmata.com__bus-route__1.0__swagger.yaml,Bus Route and Stop Methods,wmata.com,2.0,12,66,12,12,12,10,0,12,0,0,0,100.000,68.182,0.000,100.000,100.000,100.000,100.000
wmata.com__incidents__1.0__swagger.yaml,Incidents,wmata.com,2.0,6,15,6,6,6,4,0,6,0,0,0,100.000,40.000,0.000,100.000,100.000,100.000,100.000
wmata.com__rail-station__1.0__swagger.yaml,Rail Station Information,wmata.com,2.0,16,120,16,16,16,14,0,16,0,0,0,100.000,75.833,0.000,100.000,100.000,100.000,100.000
wordnik.com__4.0__openapi.yaml,Wordnik,wordnik.com,3.x,16,120,16,16,15,16,14,1,1,1,1,100.000,100.000,75.833,0.000,100.000,100.000,100.000
worldtimeapi.org__20210108__openapi.yaml,World Time API,worldtimeapi.org,3.x,12,66,0,0,0,8,0,0,0,0,0,0.000,42.424,0.000,0.000,100.000,100.000,100.000
wowza.com__1__swagger.yaml,Wowza Streaming Cloud REST API Reference Documentation,wowza.com,2.0,104,5356,104,104,103,103,104,104,103,103,103,100.000,98.077,100.000,100.000,1.923,1.923,1.923
wyjyt-geo-calculate.azurewebsites.net__1.0.0__openapi.yaml,Wyjyt - Geo Calculate,wyjyt-geo-calculate.azurewebsites.net,3.x,4,6,4,4,0,0,4,4,0,0,0,100.000,0.000,100.000,100.000,100.000,100.000,100.000
xero.com__xero-payroll-au__2.9.4__openapi.yaml,Xero Payroll AU API,xero.com,3.x,29,406,29,29,29,29,29,5,5,5,5,100.000,100.000,100.000,2.463,97.537,97.537,97.537
xero.com__xero_accounting__2.9.4__openapi.yaml,Xero Accounting API,xero.com,3.x,224,24976,224,224,224,224,164,0,0,0,0,100.000,100.000,53.515,0.000,100.000,100.000,100.000
xero.com__xero_assets__2.9.4__openapi.yaml,Xero Assets API,xero.com,3.x,6,15,6,6,6,6,6,6,6,6,6,100.000,100.000,100.000,100.000,0.000,0.000,0.000
xero.com__xero_bankfeeds__2.9.4__openapi.yaml,Xero Bank Feeds API,xero.com,3.x,7,21,7,7,7,7,7,6,6,6,6,100.000,100.000,100.000,71.429,28.571,28.571,28.571
xero.com__xero_files__2.9.4__openapi.yaml,Xero Files API,xero.com,3.x,16,120,16,16,16,16,12,13,9,9,9,100.000,100.000,55.000,65.000,70.000,70.000,70.000
xtrf.eu__2.0__openapi.yaml,XTRF Home Portal API,xtrf.eu,3.x,284,40186,140,284,273,259,234,277,103,205,201,24.212,83.141,67.837,95.123,86.928,47.967,49.983
yodlee.com__1.1.0__openapi.yaml,Yodlee Core APIs,yodlee.com,3.x,70,2415,70,70,67,46,67,70,46,46,45,100.000,42.857,91.553,100.000,57.143,57.143,59.006
youneedabudget.com__1.0.0__openapi.yaml,YNAB API Endpoints,youneedabudget.com,3.x,31,465,31,31,31,30,31,31,30,30,30,100.000,93.548,100.000,100.000,6.452,6.452,6.452
zalando.com__v1.0__swagger.yaml,Zalando Shop,zalando.com,2.0,20,190,0,0,0,19,20,20,0,0,0,0.000,90.000,100.000,100.000,100.000,100.000,100.000
zapier.com__nla__1.0.0__openapi.yaml,Zapier Natural Language Actions (NLA) API - Beta,zapier.com,3.x,5,10,5,5,3,2,3,5,2,2,2,100.000,10.000,30.000,100.000,90.000,90.000,90.000
zappiti.com__4.15.174__swagger.yaml,Zappiti Player API,zappiti.com,2.0,7,21,0,0,0,7,7,2,0,0,0,0.000,100.000,100.000,4.762,100.000,100.000,100.000
zeit.co__v2019-01-07__openapi.yaml,ZEIT API,zeit.co,3.x,5,10,5,5,5,5,2,0,0,0,0,100.000,100.000,10.000,0.000,100.000,100.000,100.000
zeno.fm__0.6-99cfdac__openapi.yaml,Aggregators API Service,zeno.fm,3.x,18,153,17,18,18,9,16,18,7,7,7,88.889,23.529,78.431,100.000,86.275,86.275,86.275
zoom.us__2.0.0__openapi.yaml,Zoom API,zoom.us,3.x,373,69378,373,373,366,338,0,373,0,0,0,100.000,82.091,0.000,100.000,100.000,100.000,100.000
zoomconnect.com__1__swagger.yaml,www.zoomconnect.com,zoomconnect.com,2.0,54,1431,13,13,4,48,37,54,12,12,3,5.451,78.826,46.541,100.000,95.388,95.388,99.790
zuora.com__2021-08-20__openapi.yaml,API Reference: Billing,zuora.com,3.x,428,91378,428,428,398,428,419,357,349,349,321,100.000,100.000,95.834,69.542,33.544,33.544,43.794
